:020000022000DC
:1070000040D3002005AB020055DE0400F1AA0200C7
:10701000F1AA0200F1AA0200F1AA02000000000099
:107020000000000000000000000000003DAB020076
:10703000F1AA0200000000003DAD0200F1AA02002A
:10704000B9AD0200C5CD0300B9AD0200B9AD020073
:10705000B9AD0200B9AD0200B9AD0200B9AD020090
:10706000B9AD0200B9AD0200B9AD0200B9AD020080
:10707000B9AD0200B9AD0200B9AD0200B9AD020070
:10708000B9AD0200B9AD0200B9AD0200B9AD020060
:10709000B9AD0200B9AD0200B9AD0200B9AD020050
:1070A000B9AD0200B9AD0200B9AD0200B9AD020040
:1070B000B9AD0200B9AD0200B9AD0200B9AD020030
:1070C000B9AD0200B9AD0200B9AD0200B9AD020020
:1070D000B9AD0200B9AD0200B9AD0200B9AD020010
:1070E000B9AD0200B9AD0200B9AD0200B9AD020000
:1070F000B9AD0200B9AD0200B9AD0200B9AD0200F0
:1071000053B94AB9002908BF00281CBF4FF0FF310E
:107110004FF0FF3000F00CB8ADF1080C6DE904CE73
:1071200000F01AF8DDF804E0DDE9022304B070474E
:10713000704700BF10F8012B11F8013B012A28BF4E
:107140009A42F7D0D01A7047034613F8012B002A51
:10715000FBD1181A013870472DE9F0478C468E464E
:10716000089E154604461946002B40F0D080724513
:1071700047D9B2FA82F74FB1C7F120030EFA07FCE4
:1071800020FA03F3BD4043EA0C0CBC404FEA154E15
:10719000A8B2BCFBFEF8230C0EFB18CC08FB00F9D0
:1071A00043EA0C43994528D9EB1808F1FF3204D281
:1071B000994502D9A8F102022B44A3EB0903A4B21A
:1071C000B3FBFEFC0EFB1C330CFB00F044EA034453
:1071D000A04214D92C190CF1FF3304D2A04202D9D9
:1071E000ACF102032C44241A43EA02401EB1FC40D5
:1071F000002334607360BDE8F0874246DDE76346F4
:10720000F1E7002A79D0B2FA82F3002B3FD0194679
:10721000C1F1200302FA01F52EFA03F20EFA01FE83
:1072200020FA03F343EA0E034FEA154E00FA01F485
:10723000B2FBFEFCAFB20EFB1C201A0C0CFB07F8D5
:1072400042EA004290455AD9AA180CF1FF3004D204
:10725000904502D9ACF102002A44A2EB08029BB28D
:10726000B2FBFEFC0EFB1C220CFB07F743EA0243B9
:107270009F4246D9EB180CF1FF3204D29F4202D94B
:10728000ACF102022B44DB1B42EA004202E0AEEB0F
:10729000020301224FEA154EAFB2B3FBFEFC200CF5
:1072A0000EFB1C330CFB07F840EA034398452AD930
:1072B000EB180CF1FF3004D2984502D9ACF1020072
:1072C0002B44A3EB0803A4B2B3FBFEFC0EFB1C3360
:1072D0000CFB07F744EA0344A74216D92C190CF11A
:1072E000FF3304D2A74202D9ACF102032C44E41BC1
:1072F00043EA00400F46114678E71F2188E76046C1
:10730000ABE76246BFE76046DBE76346EFE77345FE
:1073100006D916B9002108466DE7C6E9000EF9E75F
:10732000B3FA83F787B9734501D3824207D8841A29
:107330006EEB030301209C461EB900215BE7384633
:10734000FAE7C6E9004CF8E7C7F1200CBB4022FA87
:107350000CF51D4320FA0CF12EFA0CF30EFA07FE81
:1073600041EA0E014FEA154900FA07F4B3FBF9F8B8
:107370001FFA85FE09FB18300B0C08FB0EFA43EAD6
:1073800000439A4502FA07F240D9EB1808F1FF30A2
:1073900004D29A4502D9A8F102002B44A3EB0A03B8
:1073A00089B2B3FBF9F809FB183308FB0EFE41EA7A
:1073B00003418E452CD9691808F1FF3304D28E455C
:1073C00002D9A8F10203294443EA0040A0FB029835
:1073D000A1EB0E014145CE46434602D306D14C45B2
:1073E00004D2B9EB020E68EB05030138002EA4D0DD
:1073F000B4EB0E0261EB030101FA0CFC22FA07F375
:107400004CEA0303F940C6E9003196E74046C5E778
:107410004346D9E700000000F7B50022114640F6C8
:10742000034005F03DFF0446002853D105F058FE07
:10743000214601AA41F2030005F032FF044600286C
:1074400048D1019A254DD168D1F80100D1F8051035
:1074500005F1880303C3104603F052FF214601AA39
:1074600041F2010005F01CFF044698BB0198C36877
:107470005A7885F880205A88A5F882201A7985F8EC
:107480008120B3F80720A5F88420B3F80530A5F8CB
:10749000863003F035FF214601AA41F2020005F0D3
:1074A000FFFE0446B0B9019FFA6805F19006531C2F
:1074B000413218685968344603C40833934226465B
:1074C000F7D1384603F01CFF95F88C305F0607D4DF
:1074D0006FF01204204603B0F0BD00BFA8000020EA
:1074E00001AA002142F2030005F0DAFE044600285A
:1074F000F0D1019BC44EDA68D2F80100D2F8051031
:1075000003C6184603F0FCFE214601AA42F202001F
:1075100005F0C6FE04460028DCD1019CE368B3F800
:10752000012091B249B1D97839B1A5F81421DA789E
:10753000114606F1280030F002FC204603F0E0FE80
:1075400095F88C601F2316F02006A5F8303119D16C
:107550004FF0FF304FF0FF3105F0EAFD0446002800
:1075600000F0698102210C3026F052FD01230370E6
:1075700046702146324640F66D4005F091FE0446C5
:107580000028A7D195F8AC301E0712D501AA00211A
:1075900042F21C0005F084FE044600289AD10198AE
:1075A000C368D3F80120D3F80530C5E93C2303F0C4
:1075B000A7FE95F8E8309C0625D50DF10201684636
:1075C00028F0F8F90446002884D14FF0FF304FF03E
:1075D000FF3105F0ADFD0646002800F02C810421A6
:1075E0000C3026F015FDBDF800300380BDF80230E8
:1075F00043802246314642F2240005F051FE044603
:1076000000287FF467AF95F8E83058062BD54FF087
:10761000FF304FF0FF3105F08BFD0446002800F0ED
:107620000A8102210C3026F0F3FCB5F8E03103802A
:107630002146002242F22E0005F032FE04460028C8
:107640007FF448AF014601AA42F22A0005F028FE65
:10765000044600287FF43EAF0198C3685B7885F844
:10766000323103F04DFE4FF0FF304FF0FF3105F0A7
:107670005FFD0646002800F0DE8008210C3026F071
:10768000C7FC95F8E84014F0400F40F2022308BF11
:107690000323A10795F8E9104CBF43F02C0343F0F6
:1076A0000C03A70648BF43F0400311F0090F18BFB1
:1076B00043F4006304F001040246002143EA04108D
:1076C00028F050F80022314642F2010005F0E8FDB2
:1076D000044600287FF4FEAE95F88C30B5F81411FE
:1076E000980600F18380C9B901AA41F2050005F0AE
:1076F000D7FD044600287FF4EDAEB5F81431019CA7
:107700004BB9E368B3F80120A5F814219A883F48E3
:10771000114630F014FB204603F0F2FD4FF0FF302D
:107720004FF0FF3105F004FD0446002800F083808F
:1077300008210C3026F06CFC95F8E830D907024699
:1077400059D433484FF0005128F00CF8214600225C
:1077500040F6014005F0A4FD044600287FF4BAAECF
:10776000014601AA4FF6014005F09AFD044620BBF0
:10777000019803F0C5FD214601AA4FF6024005F02D
:107780008FFD0446C8B90198C368B3F80130A5F865
:10779000D13003F0B5FD95F8D1305A070DD501AAC7
:1077A00021464FF6034005F07BFD30B90198C368D0
:1077B0005B7885F8D03003F0A3FD6B7D63BB06F0EA
:1077C000F9FC044600287FF485AE07F027FF044645
:1077D00000287FF47FAE6B7D002B3FF47BAE082149
:1077E0000C4827F0D4FE05F001FD73E6002995D181
:1077F0006FF004046EE602A1D1E90001A4E700BF26
:10780000908800020080002090010020C00100202C
:10781000108800028C0100202E78002ECFD195F820
:10782000D1309B061ED54FF0FF304FF0FF3105F0F1
:107830007FFC044610B96FF068044BE606210C305B
:1078400026F0E6FBD5F801300360084B9B88838067
:10785000214632464FF6064005F022FD0446002838
:10786000ADD037E66FF0850434E600BFA9000020F4
:107870002DE9F843D0E90738856903EB08042F3474
:10788000A5420F46164619D8DFF86C80A3FB080105
:1078900017A3D3E90023FFF733FC0346601BA0FBCB
:1078A000080123F07F4412A3D3E90023FFF728FC4B
:1078B00020F07F403C603060BDE8F883DFF838900E
:1078C0000BA3D3E90023A5FB0901FFF719FC20F066
:1078D0007F440A480A2106A3D3E90023E8FB0901F3
:1078E000FFF70EFC20F07F403C603060BDE8F8837D
:1078F0008D49FD1A0700000000CA9A3B00166BF183
:10790000002800F051812DE9F04FCB4C94F85E2017
:1079100012F001058DB040F03481607EFF2300F04D
:107920000300A37614F08EFE94F85E00420700F187
:107930002C81627F94F8293004EB820204EB8303EC
:10794000166AD3F82C8086B1BB4831460FF072FA24
:1079500033785B0605D506210BF058F9002800F0B6
:107960005581B54841460FF065FA337813F00E0F94
:1079700040F0918063691BB10C200DB0BDE8F08F21
:107980000DF058F98146002800F049810DF05EF9AC
:107990008246002800F040810FF06EFC054600286A
:1079A00000F05A81D0F888004FF6FF73AB8405F1E0
:1079B000100B002800F0358105F17C0205F17801FB
:1079C0000BF030F9B5F8763023F4EF6323F00703BA
:1079D00043F48C7343F00103A5F8763095F8373003
:1079E00003F03F0363F07F0385F8373095F88E305E
:1079F00023F0070385F88E3095F83C3023F00F0311
:107A0000002785F83C304FF4C023C5F88E31284656
:107A1000C5E91277C5F88870A5F88C7085F83970BB
:107A20006F85C5F82E702F65A5F86071A5F8947163
:107A3000A5F88A7111F0B6FB85F86471C5F86891F4
:107A40000FF0E2FE95F89C3160F3020385F89C315B
:107A50000FF0E0FE95F89C3160F3C50385F89C318A
:107A600095F8623167F34103012185F862312846B8
:107A700010F064FA05F1E00011F0B4F9C4E9159AC8
:107A8000C4F814B0C5E902772F702D6115F044FEDB
:107A9000002840F0BD80237E0121C3F342030DF195
:107AA0002B008DF82B300BF05FFA024600287DD0BA
:107AB000414630460EF0B6FF604A614BB4F85C8038
:107AC0000721E0FB023100251846C4E9025558A3FE
:107AD000D3E900232570FFF713FB60600CF0DAFB9D
:107AE00000F10907B8F1000F07D1357805F00F054F
:107AF000A5F10105B5FA85F56D09207E636865F38A
:107B0000000010F00105207657D04E4A099200205F
:107B1000106002254C4ADFF8348104930BAE0193C8
:107B200005920321CDE90200069400903B46CDF872
:107B30001C8008962A460B950CF0D0FA31460DF0C1
:107B40000FF998BB424905914AF2D8330093CDE929
:107B50000300CDE90100CDF81C80089606943B4651
:107B6000012203210B950CF09DFA31460DF0F8F837
:107B7000E0B994F85E300120034384F85E3014F0DD
:107B800043FD00200DB0BDE8F08F2A4604F15F01EF
:107B9000C0F3C00014F08EFEFF28A0763FF4C9AEFB
:107BA000284614F069FDC4E60EF0D4BE6369002BCC
:107BB0003FF4E2AE0EF0A4FEDEE6224A254804932E
:107BC00003F247130694029591211360A8FB00036A
:107BD00001FB08311D4B07931B4B05934FF6FF73B9
:107BE00009924FF0020803930BAE11A3D3E90023CF
:107BF000CDF82C800896FFF783FA3B46CDE900507C
:107C00004246284603210CF069FAAEE71220B4E69A
:107C10000EF076FE0320B0E648460DF011F807207E
:107C2000ABE605F18000C5F88800C5E6AFF300803B
:107C30008D49FD1A07000000CC46002000CA9A3B7F
:107C40008C49FD1AC04600209D6A03009143030041
:107C5000C1670300002AE78450460CF0FDFF484648
:107C60000CF0EEFFDBE700BF70B5037E8AB0C3F314
:107C700042030D46044601210DF1230016468DF8FE
:107C800023300BF071F93146024628460EF0CAFE49
:107C90001D4A1E4B0721E0FB0231184618A3D3E909
:107CA0000023FFF72DFA63689842054621D21B1A7C
:107CB00000220192164A0293164BA21AA3FB02322B
:107CC0000221520900230A4409AE09911249059183
:107CD000CDE9033303210696D2B2009318460CF087
:107CE00053FA31460DF03CF838B9656000200AB00F
:107CF00070BDFBD9C21A0023DBE70C200AB070BDAF
:107D00008D49FD1A0700000000CA9A3B8C49FD1AF4
:107D1000CC4600204FECC44E91430300000000000D
:107D20002DE9F04F05468BB08B4601200221994684
:107D3000144617F0D7FA00220221824601200AF0E9
:107D4000C5FF2F494FF4D47228460AF04BFFC61CDA
:107D50002C4B0093F6B201954B4632460121002090
:107D60000CF060FA10F0FD0F42D1274BA4FB034842
:107D7000204621A3D3E900234146FFF7C1F9089526
:107D800006956B680493214B20F07F47A7FB0331D6
:107D9000E01A1F4B07934FF007021E4B059302FB9F
:107DA00007114FF6FE7368EB010103934FF47A72EB
:107DB0000023FFF7A5F9CDF800B0CDE901704B46DF
:107DC0003246012100200CF06DF910F0FD0F0DD1AD
:107DD000BAF1000F02D10BB0BDE8F08F01220221F1
:107DE00010460BB0BDE8F04F0AF070BF00DEEFE7C1
:107DF00000DEBAE7AFF300808D49FD1A07000000EE
:107E0000C81700203571030000CA9A3B8D49FD1A3E
:107E10001D710300C1BA03002DE9F0418468A28CF2
:107E20004FF6FF739A428CB000F0C08005462046A2
:107E300011F034FC2B7D012B00F0E680022B00F0CA
:107E4000B88033B994F88E3003F01803182B00F083
:107E50001C8194F86471002F40F0AE802B8AE68D6F
:107E600094F93720CDE90A77002B00F0AC80002A86
:107E7000C0F221810023A4F89031AB7CA28D03F0E5
:107E80000303551C012BADB200F0BA80B4F8943155
:107E9000002B00F0BF80AB4240F237815B1B9BB2EE
:107EA000062BA4F894314FF000028CBF002301236D
:107EB000E2851F4694F83C2063F3820284F83C205C
:107EC00029460DF12702204611F0A8F9743000F080
:107ED0001681B4F88E312BB1AB4240F2BF805B1BF0
:107EE000A4F88E31B4F88A312BB1AB4240F2C6808F
:107EF0005B1BA4F88A31E58D17B9AE4200F0AC8067
:107F00000135ADB294F8D13013F0010609D1DDE9A5
:107F10000AC3B3BBBCF1000F00F0E9801E4619464E
:107F200030E094F9372023F00103002A84F8D1309F
:107F3000C0F28A8094F87600C0F3C00100F0070018
:107F400015F068FAB4F86E20B4F86C301344E28B84
:107F500003F23F13134418448D4A8E4B0721E0FB74
:107F60000231184688A3D3E90023FFF7C9F86168F6
:107F700020F07F408142DDE90AC380F0B280461ADA
:107F800060600021A28C24690694CDE90357033276
:107F9000814D0291CDE900C6D2B2012100200595A4
:107FA0000CF0F2F810F0FD0F40F0B4800CB0BDE81A
:107FB000F0813D2784F86471394620460CB0BDE855
:107FC000F0410FF0E1BC002AB8BF84F8D570AB7C5B
:107FD000A28D03F00303551C012BADB210D0B4F8F1
:107FE0009031002B3FF452AFAB4240F29A805B1BC2
:107FF000A4F89031B4F89431002B7FF44CAF59E7DA
:108000000023A4F8943155E70023A4F88E31A4F896
:108010008A311EE7E38C052B8BBF40F2E2424FF41E
:10802000FA725A4303FB0222B4F8923142F2107101
:1080300001FB0323013BB3FBF2F39BB2A4F89431A1
:10804000002B7FF428AF35E794F87700012100F08A
:10805000070015F0E1F975E73D4653E70CF03CFEEB
:108060000146002864D00023A4F88E31A38CC3807D
:108070001B23037100680CF001FE33E70023A4F812
:108080008A31204611F05CF935E7218DB4F88C2156
:108090008B1D9A42C4BF931F5B1AB4F88811CCBFE2
:1080A0009BB21346994256D0A4F88831A4F88A317D
:1080B000A4F88E21CDE694F8D530002B3CD0013BBE
:1080C00084F8D53004F1E008404610F0CDFE0028D9
:1080D00055D0404610F0C8FE002842D00023E3856A
:1080E000C8E6091A6060A3BB51EA0C021ED115B99B
:1080F000002F3FF45BAF00263146334642E79DF840
:10810000271020460FF040FC50E7082120460FF0D2
:108110003BFC4BE70CF04EFE84423FF447AF00DEE1
:1081200044E73E2120460FF02FFC3FE71E4629E79B
:108130000123A4F88E31D5E60AAA0BA92846FFF739
:1081400097FBDDE90A231343BCD0237884F8D530AC
:10815000B8E7002616E7B4F88E1100297FF479AE4F
:10816000A4E70246D4E91E010AF074FD0028B5D147
:1081700094F83C301B0744BF238DE3857AE6FF204B
:108180000FF0C4FBA5E700BF8D49FD1A07000000F2
:1081900000CA9A3B8C49FD1A75710300000000006B
:1081A0002DE9F04F87B0B0F86071BDF84C900091A8
:1081B000CDE90423B0F82431BDF840A01F44BFB27C
:1081C0000446A7EB090390F87600D4F81C819EB210
:1081D000BDF844300193C0F3C001BDF848300396A8
:1081E00000F00700029315F015F9E58C052D40F21B
:1081F000A38015FB06F5ADB240F2E24BBAF1050FD4
:1082000040F28E80B4F86E20B4F86C30134403F260
:10821000D5130344764A77480721E3FB02014FF068
:108220009613E361962323846FA3D3E90023FEF71B
:1082300067FF564620F07F4040F2E2430BFB05F219
:1082400003FB06F6531E3344B3FBF6F31FFA83FB1E
:1082500060600BFB06F082425D4653D26449801A8F
:10826000A0FB010160A3D3E90023FEF749FF20F042
:108270007F408044B4F82421B4F86031A9EB0709A9
:108280004D44ADB213442B44A4F86031638D1344C4
:108290001D4494F837306585DB0955D100DE002791
:1082A0003546019B2385029BA4F892313146204636
:1082B000A4F826A010F0DEFF4F4B218D3344881D1B
:1082C000B3FBF6F39AB29042A4F88C2104D2C1F524
:1082D0007F41FA310A4492B2009BA4F8882113B17D
:1082E0000023A4F8943143462A4639462046FFF736
:1082F00017FD94F8623143F0010384F8623107B04E
:10830000BDE8F08F121A3A48A2FB000136A3D3E968
:108310000023FEF7F5FE20F07F40A8EB0008A9E758
:108320004FF096130AF10106E36196232384B6B257
:108330000A204FF4FA7381E7039B013515FB03F51F
:10834000ADB24FF4FA7B59E7216CA36C284F01FBC7
:108350000233039A01FB1233A3640023C4F8DC3018
:1083600015F02CFA054694F8D400C0F3420015F03D
:1083700027FA054406FB05F5204B1E4805F5742534
:1083800005F23F25A3FB0535AD0CA36C25640BFB63
:1083900005FB72085B44963A934228BF1346C4E932
:1083A0001123049B40F2E24909FB03F307212365F3
:1083B000EBFB07010CA3D3E90023FEF7A1FE104B52
:1083C000059AA8EB0008A3FB0230800A09FB00F025
:1083D000A0FB070104A3D3E90023FEF791FE751B60
:1083E00020F07F475DE700BF8D49FD1A07000000C0
:1083F00000CA9A3B8C49FD1A7FC3C90183DE1B4327
:108400005917B7D1000000002DE9F04F0D4616684E
:1084100095F8118009681446027FD1F8009093B056
:108420008346C2F38012D0F81E008DF83720B8F1D1
:10843000FF0FBBF822201090ADF8442057D110ABAD
:1084400093E803000E90ADF83C105A46BBF82E108E
:1084500052F82EAB9278A2722181DBF82A2062605A
:10846000DBF83A20C4F8222004F122009BF83E20D9
:10847000027105210AF078FD94F8272000F03F00F2
:1084800060F3050284F827209BF83F20C2F3040123
:1084900084F82810BBF83410E182012802F01F0292
:1084A00089B20AD91B3202F01F020B2A05D80639FD
:1084B00089B240F67A42914225D90021C9F80810C4
:1084C00094F82C2061F3000284F82C20DBF80C4097
:1084D0000125504659468BF804500CF0C3FB206828
:1084E000257121460CF0CAFB13B0BDE8F08F0EAA2F
:1084F0000DF13701404613F0E5FD9DF837200232BB
:108500008DF83720A1E72A6800215160BBF836209A
:10851000E78A228340F2E24303FB07F73046BBF8C9
:1085200032300B9310F0BAFE9BF83F2096F8D4102F
:10853000520962F3430186F8D41015F03FF90A900E
:1085400096F8D400C0F3420015F03AF90A9A1044A4
:1085500007FB00F0AE4A00F5742000F23F20A2FBBA
:1085600000207A08800C963A206362639BF83120E1
:1085700040F2E24303FB02F26264BBF83820A6F843
:1085800092213946304610F075FEA24AA249C6F83B
:1085900098113A44B2FBF7F290B2A6F88C01218B05
:1085A00001F1060C604504DDC1F57F41FA3101445B
:1085B00088B25A46A6F8880112F81C3FC3F340134C
:1085C000D2070A9300F115814FF48072ABF81C209A
:1085D00099F81A0014F0A2FA002800F0EA80DBF8FB
:1085E0002420CBF82B20BBF82820ABF82F20B8F1A3
:1085F000FF0F00F0F880BDF844201098ABF8292058
:10860000CBF825009DF837208BF81E200E98BDF87A
:108610003C20CBF81F00ABF82320E28AABF83220D5
:10862000228BABF83420B6F89221ABF8362096F8BE
:10863000D420C2F342028BF8382030460EF028FED8
:10864000A082ABF80600D5F80480504659460CF0DD
:1086500009FB1C23A28A88F804300A9BD8F800A0E2
:10866000A8F80620002B40F0B180DDF828B088F88B
:108670001CB0414650460CF001FB94F86700B4F87A
:108680005CA0B4F85E80012100F0070014F0C4FE85
:10869000D04408F2D51808EB00038246DFF87C814D
:1086A0005F480721E3FB08014FF09613C4E9033349
:1086B00055A3D3E90023FEF723FD20F07F4070602F
:1086C000EB680B98226B40F2E24101FB003404F2AC
:1086D000B3440221A41A0120BF1A00220AF0F6FABC
:1086E00048460EF065FBA4EB0A0447A3D3E9002338
:1086F0008246A4FB0801FEF703FDCDF80490AB68A9
:108700004849009120F07F480AF10202363BD2B27C
:108710004344012100200BF085FD01286BD099F81E
:108720001830DB074AD430460EF0B2FD3B4CA7FBB5
:10873000044935A3D3E90023834649462046FEF782
:10874000DFFCAB68384A0792A3F1360A374B06962E
:1087500020F07F47A7FB0331E01A354B05934FF418
:10876000F8730893736804934FF0070303FB071132
:1087700069EB010100244FF47A7200230394FEF7A1
:10878000BFFC0BF10305EDB2CDE90170CDF800801F
:1087900053462A46012120460BF084FC10F0FD0FC1
:1087A0002FD10122022110460AF090FA13B0BDE841
:1087B000F08FCBF82B00ABF82F0018E70023012235
:1087C0000093184611460BF0F7FCACE794F82730FD
:1087D00043F0400384F82730201D13F05FFA4FF078
:1087E000010B208543E70021CBF82510ABF82910B9
:1087F00008E700DEE8E60CF0DDFA81458FD000DE08
:108800008DE700DECDE700BF8D49FD1A07000000AF
:1088100083DE1B437FC3C901404B4C0000CA9A3B17
:108820008C49FD1A49BB030099BA03008D49FD1A12
:10883000C1BA0300000000002DE9F04F8DB0484E92
:10884000484D82460BF026FDF16807460BF024FDEB
:108850007168F76040A3D3E900230446A1FB05013A
:10886000FEF74EFC20F07F439C4257D30DF12F01C1
:108870000DF12E000CF060FADFF8E8803568A5FBFA
:10888000085935A3D3E9002328464946FEF738FCAA
:10889000CDF818A004467068334B0593A0FB08017F
:1088A0002DA3D3E900234FF00008CDE90788FEF798
:1088B00027FC2E4BCDF80C8024F07F44A4FB033121
:1088C00020F07F40072202FB04110490E81A69EBB4
:1088D00001014FF47A720023FEF712FC9DF82FB0CD
:1088E0009DF82EA0CDF80080CDE901403B465A46C8
:1088F000504603210BF0D6FB10F0FD0404D06FF0BE
:108900008B000DB0BDE8F08F19481A4A002320F003
:108910003DFE90B930690DB0BDE8F08F30680EA310
:10892000D3E90023A0FB0501FEF7EAFB20F07F411D
:1089300038460BF0B1FC074698E79DF82F209DF8CC
:108940002E000094234603210BF036FC6FF07300D9
:10895000D7E700BFAFF300808D49FD1A0700000084
:10896000F81A002000CA9A3B5DCD03008D49FD1A1C
:10897000C44C0020447B0B0038B50F4D04460BF06F
:1089800089FCA9680BF088FC696803460B48B3FBB7
:10899000F4F4A1FB00011C4405A3D3E90023FEF776
:1089A000AFFB20F07F40844294BF0020012038BDFF
:1089B0008D49FD1A07000000F81A002000CA9A3BF2
:1089C000F0B5C468636883B00546002B54D115F038
:1089D000CFFF002015F0F0FF0021084615F0DEFF64
:1089E00000222521082016F045F8414B019301A8EB
:1089F00016F02CF83F4940F25B6016F0DDF8237A60
:108A0000C3F3420262F306132372204615F066F8A0
:108A100014F00CF9637A03F0030348BBFBB9276831
:108A20002E68384614F0B0FC06446A6806F1090165
:108A3000012016F009FA16F0C9FA20460EF0C4F922
:108A4000811C3246C9B2384614F0A0FC054600BB72
:108A5000204614F075FCD0B9002003B0F0BD012011
:108A600013F0C8FD4178821C007816F08DF9D6E726
:108A7000181E18BF0120F3E793F82C309B07A6D0EF
:108A80001D48214615F048FF16F040F8E4E700DEE7
:108A9000E2E71A4A1A491B4840F2114324F00EFA41
:108AA000194B0721A5FB030301FB05310EA3D3E9F5
:108AB0000023FEF725FB15490246154824F0FEF970
:108AC000002585F31188BFF36F8F0323184602DF5B
:108AD0001048214615F020FF16F018F86FF08B00B3
:108AE000BBE700BFAFF3008000CA9A3B0000000064
:108AF000D6BE898E55555500D1D40300ACAA0500C9
:108B0000F8AA050074AA05008D49FD1A40AC0500BD
:108B1000FCAA0500CDD703002DE9F043C468A28A62
:108B20004FF6FF739A4283B000F0FD80064615F0C1
:108B300089FA3389628B208C94F82710A3831A4416
:108B400092B2104480B2431C23840023638301F05B
:108B50003F034906E28300F1A48094F828100093B3
:108B600004F1290004F1220313F05AF80546D4E970
:108B70000C31A26BA08BA36303FB0022E36B8A4240
:108B800094BF9B185B188B4228BF0B46626CE36353
:108B9000236C94F867101A4494F82C3061F3061390
:108BA0000021C4E9101294F87E2084F82C3012F0D1
:108BB000040200F0898015F0DBFE002015F0FCFEB9
:108BC000201D15F043FF2389A17A40F25B6043EA40
:108BD000014115F0F1FF284614F0E8FB2146584802
:108BE00015F09AFEA08916F023F994F8662094F8FF
:108BF0006700C2F3C003002102F0070200F0070083
:108C000016F040F8204615F0B7FAD4F8008037681F
:108C1000404614F0B9FB0744726807F109010020CF
:108C200016F012F9814616F0A5F9002016F0BCF9ED
:108C3000E36B94F8670003F12F02636C012100F0ED
:108C4000070003EB420515F053FF4D44054494F82B
:108C5000670000F00700022834D004280CBF4FF44E
:108C6000BC73282301211D4415F044FF284416F04D
:108C700073F9A18A03313A46C9B2404614F086FB23
:108C80000546A8B1B37A13F002062BD000252D4873
:108C9000214615F041FE15F039FF284603B0BDE826
:108CA000F083218D04F1220212F0FCFF05465EE7FD
:108CB000204614F045FB00283CD10025284603B08F
:108CC000BDE8F0831823CDE7D4E91A0109F0C2FF0B
:108CD00000287FF470AF94F87E3043F0040384F8EA
:108CE0007E3068E7184A194919484FF4AC7324F0EC
:108CF000E5F818480721A5FB000301FB05310EA389
:108D0000D3E90023FEF7FCF913490246134824F087
:108D1000D5F886F31188BFF36F8F0323184602DF5F
:108D20006FF08B05B3E70E48214615F0F5FD15F001
:108D3000EDFEC2E700DEC0E700CA9A3B000000007B
:108D40009DE30300ADD4030028AB0500F8AA05009D
:108D500074AA05008D49FD1A4CAC0500FCAA05005B
:108D6000D1D40300034B04480A461978013124F09A
:108D700098B800BF6871002096B90500024B0348FF
:108D80001978013124F08DB868710020BFB9050051
:108D900030B5164D164C89B005F020FC1422002188
:108DA00003A830F02FFF29781248635C8DF80C304F
:108DB0000722A023CDE90423F0230F4A06930023C2
:108DC00052F82120009350F8211003A805F034FA3E
:108DD000014638B929780948625C013124F061F80C
:108DE00009B030BD064824F05CF8F9E7687100204E
:108DF00096090020B4A30500A8A30500E7B9050063
:108E000022BA050008B5094909480B780322013345
:108E1000B3FBF2F202EB42029B1A01220B7001F04B
:108E200005FABDE80840FFF7B3BF00BF6871002036
:108E300045BA050070B50C49064614461D46FEF7B6
:108E400079F928B9094901222846A047002070BDB8
:108E500007493046FEF76EF910B906490322F3E7D9
:108E60006FF00100F3E700BF49BA05006871002008
:108E70003ABC0500960900201FB507240294044C53
:108E80000194BDF81840009428F029FB04B010BDEF
:108E9000B0F7050038B52FF04AFA4FF47A72A0FB0C
:108EA000020302FB01310C4AC30BD2E9004043EA42
:108EB00041431C1B4FEAD13140F2E93561EB000020
:108EC000AC4270F1000006DBC2E900310348BDE8A6
:108ED000384020F031BD38BDA01000208C030020A8
:108EE00008B50A4823F0DDFF05F078FB084B186849
:108EF00038B1084B01221A70BDE80840132127F051
:108F000054B9BDE80840044820F016BD4CBA05002D
:108F100058210020677100207C03002038B50C4DDB
:108F20002B6883420C4603D105F0AAFE00232B6078
:108F30000848214623F0B5FF074B1A7832B10022CA
:108F400006481A70BDE8384020F0F6BC0448F9E73E
:108F5000582100207DBA0500677100207C030020A5
:108F60005C03002008B559B927F003F9054B1860D8
:108F7000054B06481978BDE80840013123F091BF40
:108F800008BD00BF58210020687100209DBA05006F
:108F9000F0B403460A461979DB88006813430A4A8D
:108FA0000669876834689A4308BF83F44023012523
:108FB0008D4023F48012DB074CBF2C43AC4334605C
:108FC0003B68F0BC184700BF010010002DE9F047D6
:108FD000ADF5567D11220221012016F0ABFA061ED6
:108FE000C0F2B4800121039104230093062203AB55
:108FF00016F0EEFB574B0020CDE90530082205A9FD
:10900000304616F0F7FA0028C0F2A080DFF8489149
:10901000DFF84881524F04AB08221A60019356AD25
:1090200007AB00934FF4007200232946304616F038
:1090300099FB002805DA4FF48040002123F021FD40
:10904000E9E7484B1B78002BE5D0EF28E3DD2B78D0
:10905000012BE0D1F02271E0352902F1010366D144
:10906000911C814264DAEC5C002C61D015F801A0FF
:109070000AF0FD03012BCED10BAC4FF49672002108
:10908000204630F0BFFD4FF4817323800623A37088
:109090006B6863605DAB0FCB12AD85E80F00BAF172
:1090A000010F40F23513A4F8F03014BF052302235A
:1090B00084F8F230362384F8F3302B4A2B4BC4F873
:1090C000EC70C4E93D232A4A332384F8FF3004239B
:1090D000116884F8003145F20113A4F80231CDF88B
:1090E00033114FF478635168A4F804311289CDF834
:1090F00037110A231F4984F806314FF6FF70ADF887
:109100003B2109AB4FF0FF32C4E90498A4F8FC00FE
:1091100084F81101C3E900120822CDE9003221468A
:1091200000234FF48972304616F0E6FA73E721B156
:10913000984208DDEB5C023313441A46824202DA9D
:10914000A95CFF2988D14FF0000A91E70DF5567D03
:10915000BDE8F08701000043C0A80402C0A80401D4
:10916000638253636671002004C0A804010104FFF8
:10917000B8BA05000100004438B52FF0D8F84FF414
:109180007A72A0FB020302FB01310D4AC30BD2E944
:10919000004043EA41431C1B4FEAD13140F2E9351C
:1091A00061EB0000AC4270F1000007DBC2E9003166
:1091B0000448BDE8384001212FF07EBA38BD00BF19
:1091C00090100020680C002038B52FF0B0F84FF454
:1091D0007A72A0FB020302FB01310C4AC30BD2E9F5
:1091E000004043EA41431C1B4FEAD13140F2DD55B8
:1091F00061EB0000AC4270F1000006DBC2E9003117
:109200000348BDE8384020F097BB38BD98100020D7
:109210006C03002010B5154823F043FE05F0DEF97D
:10922000134B186810B1132126F0BFFF114823F02B
:1092300038FE114C20462EF08AFB60B1A3689B6873
:109240004BB14FF400424FF46C212046984710B9BF
:109250000A4823F026FE0A4823F023FE4FF400407C
:10926000002123F00EFC012000F06CFCC3BA0500C5
:109270005821002003BB0500409F050040BB0500AE
:1092800072BB05002DE9F04781EAE174A4EBE174BB
:109290000A236425002107465B48B4FBF3F6B4FBC0
:1092A000F5F903FB164605FB1945B5FBF3FA23F068
:1092B000B1FB5648002123F0ADFB5548002123F0B7
:1092C000A9FB4FF00008B8454CDB4FF4803000217B
:1092D00023F0D7FB4FF00008C84558D14FF40040A9
:1092E000002123F0CEFB092D66DD4FF00008474832
:1092F000012123F08FFB43F23430002123F0C1FB26
:109300004248002123F086FB08F1010843F2343083
:10931000002123F0B6FBC245E9DC4FF400400021F8
:1093200023F0AFFB002E5CD04FF00008384801213D
:1093300023F070FB43F23430002123F0A2FB3448C9
:10934000002123F067FB08F1010843F234300021CB
:1093500023F097FB4645E9D14FF40030002123F07C
:1093600090FBAEE72848012123F054FB42F26760EE
:10937000002123F086FB2448002123F04BFB42F21E
:109380006760002123F07DFB08F101089BE71E4880
:10939000012123F03FFB43F23430002123F071FB25
:1093A0001948002123F036FB43F23430002123F02A
:1093B00068FB08F101088FE7632CAEDD134801213B
:1093C00023F028FB40F6CD40002123F05AFB0F4844
:1093D000002123F01FFB43F23430002123F051FB26
:1093E0009BE70B48012123F015FB40F6CD400021FF
:1093F00023F047FB3146064823F00CFB43F23430A0
:10940000002123F03EFBA7E7E8A40500E0A4050047
:10941000D8A405002DE9F04F0021ADF22C5D4FF4EA
:10942000C03023F02EFBA54823F03BFDA44823F0D9
:1094300038FDA44823F035FDA3482EF088FA20B16A
:10944000A2484FF4B011FFF7A3FD9F482EF07FFA1A
:1094500020B19F484FF4B011FFF79AFD9A482EF0C3
:1094600076FA20B19B484FF4B011FFF791FD964872
:109470002EF06DFA80B14FF480319748FFF788FDE8
:10948000954823F0DBFA954A954B53608E480823A4
:109490001146936023F0B8FA92482EF058FA88B13A
:1094A0004FF480319048FFF773FD8F4823F0C6FAE0
:1094B0008E4A8F4B53608B484FF400631146936084
:1094C00023F0A2FA87482EF042FA88B14FF4803197
:1094D0008848FFF75DFD874823F0B0FA864A874B3E
:1094E000536080484FF480531146936023F08CFA08
:1094F000834806F07BF805AD00204AAC04F078F80C
:1095000024F061FB294603232046059304F040FC28
:1095100005997C4D032908AF0AAE05D16A78FF2A68
:1095200002D0AB78FF2B5AD1774823F0BAFC012048
:1095300004F0A0FC022004F09DFC94E80300ADF8C8
:109540001C10090C0DF1180906908DF81E1099E8F1
:1095500003003860ADF82410C0F30720C1F30741C1
:109560004FF00108013061F03F017870B97187F860
:1095700000800021384604F01DFC0028B8BF40469A
:10958000687099E803003060ADF82C10C0F3072034
:10959000C1F30741023061F03F017070B17186F88C
:1095A00000800021304604F005FC0028B8BF0220EE
:1095B0005449A8700322554800F038FEAB786A7809
:1095C0002978534823F06DFCFFF7E2FB51495248DC
:1095D00024F09CFE014628B10120FFF753FE2978B4
:1095E0004E48EFE74E494C4824F090FE01460028D3
:1095F000F2D14C49484824F089FE01460028EBD1BD
:109600004949454824F082FE01460028E4D1474AF2
:10961000414825F062F9024610B101460320DCE71B
:1096200043493D48012325F032FA014608B10420A0
:10963000D3E74049384825F021FC014608B1052010
:10964000CBE7354824F095FD014608B10620C4E774
:1096500018F016F9804610B901210820BDE74FF037
:109660008052D2F8A430D2F8A81061700A0A62F0D1
:109670003F0222701A0EA2701A0C5BBAE270A3802D
:1096800018F092FC30232C490093424623460120D7
:1096900017F0C2FB011E01DA0A209EE727493A466D
:1096A000012018F0C9FD002303223946404618F076
:1096B000F5F9002844D1012109208EE79CBB050063
:1096C000C7BB05009DBB0500989E0500E8A40500EA
:1096D000E0A40500D8A40500D0A405007421002052
:1096E000958E02007C9E0500C8A40500682100201C
:1096F000C9910200C0A405005C21002079910200FC
:109700003403002096090020F3BB050036BC050099
:109710003EBC0500F0020020700F00207ABC05005E
:10972000D8020020C0020020A80200200803002068
:10973000C4BC0500C3C9040000009050CEBC0500A5
:10974000B0493246012018F077FD3246394640468E
:1097500029F0F7FD01210622084615F0EBFE031E55
:109760000293C0F2A9814FF0010AC7F800A00423B8
:10977000009302223B46514616F02AF84FF00009AA
:10978000A14BCDF82C90336008220298314615F099
:1097900031FF0A21029815F059FF01220023C4E984
:1097A0000023C4F808901023142200935146234646
:1097B0000298964D16F00CF84946954885F80090A9
:1097C00023F028F94946934823F024F9924823F0DE
:1097D00068FB924823F065FB4FF0FF334FF0FF32F8
:1097E000CDE9002351464A468D482EF070FF8C4843
:1097F00049462EF064FF8B4823F053FB8A4823F040
:1098000050FB884823F04DFB884824F0E2FC40469A
:1098100018F08EFB7E48514623F0FCF800214046AC
:1098200023F0E7F8002837D00821404623F0E1F87C
:10983000039088B37648002123F0ECF875480121A5
:10984000297023F0E7F87A4823F02BFB08230693CE
:10985000029806AA394615F023FF05460022002388
:10986000CDE900236E4801212EF031FF8046C8B1BA
:109870006B4800212EF023FF002D02DB284628F044
:109880008BFD6C4823F00DFB4FF48040002123F04A
:10989000F8F8002000F056F940F6CD40002123F002
:1098A000F0F8BBE7002DD1DB5948012123F0B2F8D5
:1098B0004FF480624146204630F0A4F9C1464FF48F
:1098C000FA7AC346C8F57F72CDE900BB4023033264
:1098D00004EB0801284615F045FF00283ADD8144D5
:1098E0005549204630F0E7F9002845D05349204635
:1098F00030F0E1F9002847D0514BD3F800804046C2
:10990000FDF722FC41460246284623F0C6F8DDF862
:109910000C800121284615F03FFE4FF0000940233E
:10992000CDE9009980223146284615F01BFF00281A
:10993000F5DC40F26760002123F0A3F8284628F008
:109940002BFD3348002123F065F8B8F1000F3FF4F8
:109950007DAF96E70AD040F267600021AAF1320A93
:1099600023F08FF8BAF1000FC846ABDCB9F1000F55
:10997000BCD14FF00008CCE740F2FE339945C84611
:10998000B4DC4FF4FA7A9DE72E49204630F093F983
:10999000804678B101211F4823F03CF8284BD3F8CA
:1099A00000804046FDF7D0FB41460246284623F0A2
:1099B00074F8DEE72449204630F07DF908B14146CD
:1099C000E9E72249204630F076F910B120492D22EE
:1099D000ECE72049204630F06EF9002840D01E4BBD
:1099E0000193A3F108024FF480710092103B1B4ACF
:1099F000304622F09DFC3046FDF7A6FB314602467C
:109A0000D4E700BFDABC05000100005066710020F9
:109A1000D8A40500E0A40500E8BC050019BD0500B8
:109A2000680C00209DBB050066BD0500700F00207E
:109A3000B8BD0500E6BE05008BBF050004BE0500ED
:109A4000A00200200EBE05001ABE050027BE0500BC
:109A500038BE050066BE0500A909002078BE0500D5
:109A60001849204630F027F928B91749204630F028
:109A700022F90028AAD0154BDFF854B0D3F80080A3
:109A80004046FDF761FB41460246284623F005F8B3
:109A90004FF0000843F20C0A43F20B09AAEB08024C
:109AA0000BEB0801284622F0F8FF00287FF761AF92
:109AB0008044C845F2DD5CE74FF0FF300DF22C5DCD
:109AC000BDE8F08FCFBE0500D6BE0500A402002081
:109AD0007BC70500014B1B68184700BF9C03002093
:109AE00030B5044685B00D4610220021684630F09E
:109AF00089F802238DF802302A46044B019321464F
:109B0000684622F019FD05B030BD00BFD59A0200AD
:109B100080B505460E461746984620F00DFB0346D5
:109B200001F05CF9DFF81890044649F8003042462D
:109B300030463946A84754F8090001F0E9F800BF5B
:109B40000800000008B50446EFF31183202383F3D7
:109B50001288BFF36F8F1EF07FF9204601F018FDC9
:109B6000024823F09EF924F08AF9FCE73AC0050088
:109B70002DE9F047058B0446280717460CD5012927
:109B80000CBF45F0100545F02005258387F31188AB
:109B9000BFF36F8FBDE8F087022905F0070540F09D
:109BA0009480204623F023FA052864D801A353F8B3
:109BB00020F000BF8D9B0200CB9C0200779C02002E
:109BC000399C0200539C0200659C020001F00703CF
:109BD0005A1F012A1FD8002221F00701062BD4F8B2
:109BE000008089B2C4E9002209D1434603E0628BB8
:109BF000013262831B68002BF9D141F002012183FD
:109C0000204623F0F4F94FF0000900286DD041F010
:109C10002001218369E0042B0AD121F0070189B2D8
:109C20002183204623F0E3F910B141F02001218384
:109C30004FF00008C14658E02369D3F80090238B09
:109C400023F0070343F0060323834FF00008464642
:109C50004BE02369D3F80490238B23F0070343F0F0
:109C60000403F1E72369D3F80890238B23F007035B
:109C700043F00503E8E74FF00008C146E7E701229B
:109C800043F00803238387F31188BFF36F8F002A03
:109C90003BD1B8F1000F4AD1B9F1000F02D02D49E4
:109CA0002046C847EFF31187202383F31288BFF3C0
:109CB0006F8F238B23F008039BB22383D9063FD5F4
:109CC00023F01002228303F007056669218B002E22
:109CD000BFF67CAF0023D4F8008021F00701C4E96F
:109CE000003341F0010121839946238B03F0070AD9
:109CF000AA4502D0A268002AC1D1B8F1000F02D152
:109D0000B9F1000FDAD00022BAE7A1680029C0D06B
:109D10000D680029BDD04F68334652462046B847EB
:109D20001DB12B6829461D46F3E72B46FAE741464D
:109D3000334652462046D8F8008023F084F9A8E73D
:109D40009A067FF523AF23F02002228303F0070554
:109D500027E700BF73D0040037B504460821C06A66
:109D6000124D23F06BFB00234FF6FF72ADF8043069
:109D70006368ADF800208DF80620E26819182B40C2
:109D80001344181A60606846ADF8021023F0AEFA6A
:109D90006946204623F071FB211D204623F080FAFE
:109DA00063682B40A36003B030BD00BF0000FFFF1D
:109DB0002DE9F7430F4681460821C06A144D23F070
:109DC0003DFB3C68241A80463C6004EA0506B44228
:109DD0001CD3A0B210B903B0BDE8F08308236A46D3
:109DE0002146484623F023FA0028F4D16946A0B260
:109DF00023F010FB38B1BDF80230BDF804203C6000
:109E00002E4013441E44A4EB0804E0E70020E2E7E0
:109E10000000FFFF2DE9F047044688B000F1140769
:109E200038462DF091FEA06A8368DB689847E062AF
:109E300028B96FF01505284608B0BDE8F087A06A7C
:109E40008368DB6898470368013B1F2BF1D8E36800
:109E5000B3F5803FEDD8A06A216805AA2CF0EFFD8C
:109E60000028E6D1E568002DE3D0069BB5FBF3F2B0
:109E700003FB1255002DDCD1238A012BD9D9E36ACB
:109E8000009593F805804FF0FF334FF0FF323846CE
:109E90001FF04EFAE06A082123F0D0FAA9460646E0
:109EA000238A1FFA85FA534544D8238A4B4500F08C
:109EB000FF809A450BD1009908234246891B204612
:109EC00023F0C3F918B96946204623F0E9F9694639
:109ED0002046FFF76DFF0546002840F0EB80009913
:109EE00061604FEA11494FEA0949C4F80890A36834
:109EF0008B420DD8082301AA204623F098F9B8B95F
:109F000001AB13F8012B904532D101300828F8D16C
:109F1000636869466FF30F032046009323F0C0F98E
:109F2000E36800994246204623F08FF900283CDA86
:109F30000546BFE0E1682B04891B13FA81F1424614
:109F400008232046009123F080F978B16946204625
:109F500023F0A6F909F10109009908234246204699
:109F60001FFA89F923F071F900289ED0013597E78F
:109F7000A08801A923F04EFA626810B9911B6160B4
:109F8000B5E7BDF808A0BDF80610E06AC4F808906F
:109F9000514423F053FA48448242A060EED1BAF112
:109FA000000FEBD06FF01C0584E05DD063684FF6C6
:109FB000FF7906EB0308E368CDF800801FFA88F20A
:109FC0009B1B9A421CD34FF000086168B8F1000F48
:109FD00030D06FF30F0100912046694623F060F9FD
:109FE0000099204623F069F90028A1D1E368A288EE
:109FF000A3EB46039A425DD1204623F05BFA97E734
:10A00000082303AA4146204623F011F900288FD1E6
:10A0100003A91FFA88F023F0FDF930B1BDF80C3028
:10A020004B4502D1BDF810300BB1B044C3E74FF03F
:10A030000108CAE7204623F040F900287FF478AFF2
:10A040006368214AE16813400B44A3EB4603636055
:10A050001340A3604146204623F0B0FAC4E7E26A09
:10A06000A36812681344A360D4E901318B4208D974
:10A070005B1A4246204623F0E8F80028FFF658AF66
:10A08000EDD16168E36801EB46029A42AED10E4B16
:10A09000A06801EA03029042A8D0204623F00DF9FF
:10A0A00000287FF445AF6268074B1A40A2609DE725
:10A0B0006FF02C0538461FF0ADF9002D7FF4BBAED4
:10A0C0000123A374B7E600BF0000FFFF014B03604C
:10A0D00000207047F0A4050070B5104B1C680D46B9
:10A0E000B4B10F4B196800238B4202DB6FF0010003
:10A0F00070BD224612F8106B864202D0013314461E
:10A10000F2E7E0682DF023FC28B12C600020EFE797
:10A110006FF00C00ECE76FF01200E9E7A0030020FD
:10A12000F0A4050010B588B0436802938368C06846
:10A13000CDE903320A680023CDE906230C4601AAC3
:10A14000044905932CF07FFC079808B9059B236010
:10A1500008B010BDB5DA040007B51B491B4824F050
:10A16000D5F870BB1A49194824F0D0F848BB1949F2
:10A17000164824F0CBF820BB1749144824F0C6F841
:10A18000F8B90146154A114824F0A7FBC8B90246A0
:10A1900013490E48012324F07AFC90B9012300935F
:10A1A000014602230948EF2223F0BAFF48B90748C5
:10A1B00023F0DFFF28B9054803B05DF804EB24F075
:10A1C00008B803B05DF804FB18040020F40E00206A
:10A1D00000040020E8030020D0030020A403002096
:10A1E00063C005001FB507240294044C0194BDF818
:10A1F0001840009427F073F904B010BDCC0900207A
:10A2000010B5DFF824C086B04FF42814CDE904C49B
:10A210000824029404AC0194BDF82040009427F077
:10A220005EF906B010BD00BF180028002DE9F0410E
:10A230000C4B1C6805460E4617467CB100F018F919
:10A2400063682046D3F8108032463B462946C04713
:10A25000044600F017F92046BDE8F0816FF00104D4
:10A26000F9E700BF8021002000230360044B5A68F7
:10A2700012B9C3E90000704710605860704700BF12
:10A2800084210020014B1860704700BF802100200E
:10A2900030B585B00023CDE902330546019000F0CA
:10A2A000E7F8094B1C6844B9284600F083F80446D7
:10A2B00000F0E8F8204605B030BD636820461B6812
:10A2C00001A998472468EEE7842100201FB5CDE955
:10A2D0000101039200F0CCF8074B1C6824B900F090
:10A2E000D1F8204604B010BD636820461B6801A960
:10A2F00098472468F2E700BF84210020024B002227
:10A30000C3E90022704700BF84210020024B0022D5
:10A31000C3E90022FFF7F2BF8C2100202DE9F743AB
:10A3200007460C4609B100230B601F4DDFF87C90F7
:10A3300000264D450FD31E4B1D6885B355F8188C6C
:10A3400001AA41463846183D23F044FC10B3D6B963
:10A3500014BB2E461EE0D5F8008001AA41463846BF
:10A3600023F038FC50B116B954B92E4606E03168D6
:10A370000022404623F02EFC0028F5D11835D8E7FE
:10A38000019B2360F1E731680022404623F022FC64
:10A390000028DDD1AD69D0E7019B2360D9E73046C5
:10A3A00003B0BDE8F08300BF60A2050008A305006C
:10A3B0008C2100202DE9F047DFF8A890DFF8A8A055
:10A3C00080464FF000470026284C3D464C450DD3B3
:10A3D000DAF80040002C40D0183CB8F1000F24D12E
:10A3E000226952BBA469F5E72F46EDE7B8F1000FEB
:10A3F00003D122694AB91834E8E7206800224146AF
:10A4000023F0E8FB0028F4D1F5E76368BB4206DDE2
:10A41000AF4202D0AB42A8BF2B461D46EBE7EAD1C4
:10A420009047002E08BF0646E5E720680022414617
:10A4300023F0D0FB0028D3D1D4E76368BB4206DD0C
:10A44000AF4202D0AB42A8BF2B461D46CAE7C9D1D6
:10A450009047002E08BF0646C4E7AF42C4D130463D
:10A46000BDE8F08708A305008C21002060A205004C
:10A4700003484FF0FF324FF0FF331EF059BF00BFCB
:10A48000A40B002001481EF0C5BF00BFA40B002094
:10A4900038B5094DFFF7ECFF2B785BB9FFF736FFB6
:10A4A00000F068F8044608B901232B70FFF7EAFFB3
:10A4B000204638BD0024F9E7697100202DE9F043FA
:10A4C000048F013499B006460F46A4B200F1080883
:10A4D000651EADB2B5F5004F47D04A2305AA2946FF
:10A4E000404623F0DFFA04F57F543F34A4B281469E
:10A4F000214601230DF10B02404623F0D3FAB9F1B6
:10A50000000F014610DC002810DC338FAB4209D16C
:10A5100032466B1E22F8383F4FF40041022340467A
:10A5200023F08BF92C46D3E7002808DC2946404667
:10A5300023F05FFA2146404623F05BFAE5E709F194
:10A5400060030DEB0309002309F84C3C084A00970F
:10A5500003AB05A8CDF80C80ADF8104023F070FBDC
:10A560000028DFD019B0BDE8F0830020FAE700BF73
:10A57000AFDC04007FB50123694602200193FFF799
:10A58000ABFD044660BB02AA01A9022023F0B4FA85
:10A59000044610B110F10C0F22D10399B1F5803FA0
:10A5A00023D2009A002394681846084484421AD3A0
:10A5B0000133082BF9D10E4D69612B835368AB60D1
:10A5C0002846D368EB6323F008FC044640B9094EE3
:10A5D0006E602846FFF748FE28466E60FFF752FE81
:10A5E000204604B070BD9BB2E5E76FF02004F7E7AA
:10A5F000942100204CA6050008B50348034A002119
:10A60000121A23F01FFC08BD081000204872002019
:10A610000748084A084908B5121A23F015FC0748EC
:10A62000074A0849BDE80840121A23F00DBC00BFD4
:10A63000000000200410002064FB05000000002042
:10A640000000002064FB050038B505460C4699B1B2
:10A65000D1E901230F48096822F023FCD4E904233F
:10A66000E1680D4822F01DFCE1690C4822F019FC5C
:10A67000A1690B4822F015FC012D05D1EFF30581EE
:10A680000848103922F00DFC21462846BDE8384024
:10A690001EF0EEBB8AC00500BAC00500EAC0050086
:10A6A000FAC0050029C1050030BFFFF7FDBF00BF9C
:10A6B0002DE9F0410B4EDFF8308006EB0807CC1B8C
:10A6C00005463246094920462FF075FAA019424640
:10A6D0000021083C2FF096FAEC6707F10800BDE86E
:10A6E000F08100BF000000000800000008A3050082
:10A6F0002DE9F843324D804632488946174622F00C
:10A70000D0FBAB6ADE0622D52F4822F0CAFB11240B
:10A71000AB6A1D0703D52D4822F0C3FB1224284D38
:10A72000AB6A980715D52A4822F0BBFB6E6BAB6A63
:10A73000190642D52748314622F0B3FBB9F1000F84
:10A7400003D0AB6A23F08003AB62132403E0102430
:10A75000DEE76FF015061A4DAB6ADA0703D51E481F
:10A7600022F09FFB1424AB6A9B0603D51B4822F002
:10A7700098FB1524124B9A6AD50602D49A6A900760
:10A780000AD55B68190507D54146304600F076FAD0
:10A7900010B180F309880224094B9A6A920642BFDD
:10A7A0005A6A22F400525A629A6A42F0FF029A628E
:10A7B00000233B702046BDE8F8836FF01506C4E720
:10A7C00000ED00E03DC1050054C1050088C1050051
:10A7D0009CC10500B5C10500CCC10500ECC1050058
:10A7E00010B51D4C1D4822F05CFBA36A990130D5C1
:10A7F0001B4822F056FB1E20A36ADA0103D5194834
:10A8000022F04FFB1F20144CA36A1B0303D51648EC
:10A8100022F047FB2120A36A590303D5134822F0F5
:10A8200040FB22200C4CA36A9A0303D5104822F067
:10A8300038FB2320A36ADB0303D50E4822F031FB4B
:10A840002420054A936A6FEA03436FEA1343936235
:10A8500010BD1D20D0E700BF00ED00E01CC20500C8
:10A8600035C2050049C2050064C2050083C2050067
:10A87000A9C20500C4C2050070B5244C0646244890
:10A880000D4622F00EFBA36AD90435D5214822F0EB
:10A8900008FB1720A36A1A0503D51F4822F001FB05
:10A8A00018201A4CA36A9B050FD51C4822F0F9FA10
:10A8B000A16BA36A180407D5194822F0F2FA1EB159
:10A8C000A36A23F40043A3621920104CA36A59051C
:10A8D00003D5144822F0E5FA1A20A36ADA050DD54B
:10A8E000114822F0DEFA1B20084A936A43F47F43A2
:10A8F000936200232B7070BD1620CBE7A36A9B04E4
:10A90000F2D50A4822F0CDFA1C20EDE700ED00E078
:10A91000F0C2050007C3050088C1050019C3050082
:10A9200033C3050049C3050065C30500ECC105003C
:10A930002DE9F0415D4B5F688AB00446C7F3080615
:10A94000002585F31188BFF36F8F02F07F43B3F1C9
:10A950007F4F06D102F00C03082B13D1544822F08C
:10A96000A0FA00252C464FF00008F31E8DF8078052
:10A97000092B00F28C80DFE803F00A80847C8A8A4D
:10A980008A8A8A8810074CBF0C460125EBE74948A4
:10A99000464E22F086FA8DF80780F36A9A0704D5AE
:10A9A000454822F07EFA00232AE0F36A002B01DA00
:10A9B0004248F6E7F36A5B00F5D5414822F071FAA8
:10A9C0007369A26943F480737361BFF34F8FBFF360
:10A9D0006F8F32F8023C726922F480727261BFF3A9
:10A9E0004F8FBFF36F8F03F47F42B2F55F4F27D1D4
:10A9F000DBB2022B24D12168324822F052FA2368BC
:10AA00009DF80720CAB902AE04F1200720686168EA
:10AA1000324603C20834BC421646F7D1099A002DCB
:10AA200041D0C2F3080121B96FEA52226FEA4222F3
:10AA3000099202A91846FFF707FE0AB0BDE8F081A7
:10AA40001A4B9A6AD2B232B10DF1070201212046A7
:10AA5000FFF74EFE0FE09A6A12F47F4F05D00DF11A
:10AA600007010120FFF708FF05E09B6AB3F5803F6F
:10AA700099D3FFF7B5FE0346C2E70DF107020021A7
:10AA8000E5E70DF107010020ECE70F4889E70F4BE0
:10AA90000F49104817F4F87FA6F1100208BF1946B5
:10AAA00022F0FFF97FE76FF30802C1E700ED00E055
:10AAB000ACC30500D8C30500F0C3050012C40500EF
:10AAC00021C4050041C405005EC405007EC3050025
:10AAD00093C3050083C40500044B5A6942F0100279
:10AAE0005A615A6922F008025A61704700ED00E08D
:10AAF000EFF30880EFF3098101B57246FFF718FF05
:10AB000001BD00BF0B4880F308881DF0C5F9202067
:10AB100080F3118808484FF40461401880F30988D5
:10AB2000EFF314800221084380F31488BFF36F8F82
:10AB300000F06CF840D3002080B900201EF0040F14
:10AB40000CBFEFF30880EFF30980816911F8021C54
:10AB50000229FFD001B5724623F078F901BD00BF8C
:10AB600040B2002807DB044A4109012300F01F001E
:10AB7000834042F82130704700E100E040B20028F5
:10AB80000CDB4309064900F01F00203301228240FC
:10AB900041F82320BFF34F8FBFF36F8F704700BF83
:10ABA00000E100E0054B420900F01F0053F82220AD
:10ABB000012303FA00F01040704700BF00E100E0FD
:10ABC00040B20028A8BF00F1604001F10101B8BF08
:10ABD000064B4FEA4111ACBF00F5614000F00F0099
:10ABE000C9B2B4BF195480F80013704714ED00E0E7
:10ABF000044B054A23F07F039360BFF34F8FBFF3ED
:10AC00006F8F70470070020000ED00E008B5FFF79D
:10AC1000EFFF0B4AD2F8883023F47003C2F8883073
:10AC2000EFF3148323F0040383F31488BFF36F8FCF
:10AC3000FFF7E2FCFFF7ECFC00F0B2F81EF0E0F9E1
:10AC400000ED00E042F8203C009B42F81C3C0A4921
:10AC5000019B42F8183C029B42F8143C21F0010190
:10AC60004FF0807342F8043C42F8081C0023203A5D
:10AC70000265C0F880307047119B0200094A034604
:10AC8000906870B113F1160FC06E05D0A0F14002AC
:10AC9000934205D3834203D2814228BF00207047EC
:10ACA000002070475C6A002008B515460B4A0C4B23
:10ACB0009060C26F1A600E4600F0A2F82C4686F330
:10ACC00009880020034B98472046002100220023DA
:10ACD000014C204771DE0400119B02005C6A0020D9
:10ACE000D4210020014B10221A61704700ED00E0D2
:10ACF000054B5A699B689A421FBF044A536843F048
:10AD000080535360704700BF5C6A002000ED00E094
:10AD1000084B9B6883420BD1EFF3058343B1064B8D
:10AD20005A6842F080525A605A6A22F400425A62CB
:10AD30001FF008BA5C6A002000ED00E015498A683F
:10AD40004FF030001044EFF3098C80E8F01F202012
:10AD500080F31288BFF36F8F0F4F4FF000664A6980
:10AD60008A603E60D06F0D4C2060D2F880000023D6
:10AD7000C2F8803080F3118804B5104600F040F826
:10AD8000BDE8044002F1300090E8F01F8CF3098820
:10AD9000704700005C6A002004ED00E0D421002030
:10ADA000044800232021C2180133302B82F80013FD
:10ADB000F9D1704700E100E008B5EFF30583064ADA
:10ADC000103B02EBC30152F8330049688847BDE8E5
:10ADD0000840FFF78DBF00BF789F0500014800685D
:10ADE00070470000D4210020024B034A0348012190
:10ADF00000F076B8000004200000002068A60500DE
:10AE0000C36E054A403B1360044B4021C2E9011365
:10AE10001046012100F06EB8D821002000000B156B
:10AE2000084AC2F898000B6823F01F03034343F05D
:10AE30001003C2F89C308B6843F00103C2F8A030C5
:10AE4000704700BF00ED00E02DE9F043DFF86080BF
:10AE500085B00E461F4604464FF00009B14523DA7F
:10AE60006068D8B13FB1411E08421BD11F2819D9D3
:10AE70002368194216D12368019323F01CF8A368B4
:10AE800003430393D8F89050C5F30725D0B2013D92
:10AE9000A84207D801A9FFF7C3FF421C09F1010925
:10AEA0000C34DBE76FF01502104605B0BDE8F08307
:10AEB00000ED00E0044B0522C3F89420BFF34F8F50
:10AEC000BFF36F8F704700BF00ED00E0BFF35F8FEF
:10AED000024B0022C3F89420704700BF00ED00E051
:10AEE00010B5034C01232278FFF7AEFF207010BD90
:10AEF0006A71002008B50B4A00231278FFF7A4FFFF
:10AF000010F1160F07D0084A0021D2F89030C3F391
:10AF10000723984200DB08BDC2F89800C2F8A010D1
:10AF20000130F2E76A71002000ED00E02DE9F04306
:10AF30005A4B5B4DD3F890302C68C3F307239C42E7
:10AF400085B000F2A780FFF7C1FF00200C268442E5
:10AF50001AD1544EDFF8449134706846FFF7B6F8C2
:10AF6000514C524D80460027B84514D133784B4997
:10AF70000020D1F89020C2F307229342C0F28480CF
:10AF8000FFF798FF002045E0696806FB0011FFF716
:10AF900047FF0130DBE7009800EB07114FEA071C81
:10AFA000CB682340B3F5000F4DD00AD8B3F5001F8E
:10AFB00033D0B3F5800F3BD0B3F5801F13D00137EA
:10AFC000D2E7B3F1007F47D0B3F1805F4DD0B3F14A
:10AFD000807FF4D150F80C3088684A6822F06BFF0B
:10AFE00040F0887009E050F80C3088684A6822F018
:10AFF00062FF40F0885040F43020CDE901230390F7
:10B00000D9F890303078C3F30723013B984234D904
:10B010006FF0150005B0BDE8F08350F80C3088687B
:10B020004A6822F048FF40F0885040F40020E4E7EE
:10B0300050F80C3088684A6822F03DFF40F00070FC
:10B0400040F40030D9E750F80C3088684A6822F0A4
:10B0500032FF40F08270D0E750F80C3088684A68C0
:10B0600022F029FF40F48020C7E750F80C308868B0
:10B070004A6822F020FF2843BFE701A9FFF7D0FE6E
:10B080003378013333709AE7C1F89830C1F8A000E3
:10B0900001336EE74FF0FF30BCE700BF00ED00E08A
:10B0A00074A605006A7100200000F0FF0000021184
:10B0B00008B50649064821F00701C1F1005202F522
:10B0C000802221F0ABFE002008BD00BF7BA1012043
:10B0D000E421002003484FF0FF324FF0FF331EF011
:10B0E00027B900BF6004002001481EF093B900BFDB
:10B0F0006004002038B50546FFF7ECFF08482A46F3
:10B10000082121F01AFE044628B925B1FFF766FE92
:10B11000044B0C221A50FFF7E7FF204638BD00BF52
:10B12000E42100200C00000010B50446FFF7D2FF18
:10B130002146034821F07BFDBDE81040FFF7D4BF56
:10B14000E421002070B5A0FB015434B92846FFF774
:10B15000D1FF064640B9304670BDFFF73FFE054BB4
:10B160000C221A500026F6E72A4621462EF04AFD08
:10B17000F1E700BF0C00000070B54169867A0B4D05
:10B18000044659B1437ADB0706D42C2303FB06534C
:10B190005B6A1B689B689847002363612C202146EB
:10B1A00000FB0650BDE870402CF0A8BD940C0020B8
:10B1B000024B2C2202FB0030704700BF940C002091
:10B1C000827A064B2C2101FB02339A6A1B7F1B33C8
:10B1D000801A23F00303B0FBF3F07047940C0020B7
:10B1E00038B5074B827A2C2404FB02335B6AD3E91F
:10B1F00001240C601568FFF7E3FF04FB005038BD25
:10B20000940C00202DE9F04385B005466846039173
:10B2100090461C462DF08DF8DDE90067EFF31189AB
:10B22000202383F31288BFF36F8F6B8B002B41D0E9
:10B230002A8B9A4225D90022002328461EF03AF98B
:10B240000446F0B189F31188BFF36F8F039B002B85
:10B2500041D032463B4668462DF090F8A27A264B04
:10B260002C2101FB023320465B6A1B6803A91D6881
:10B27000DDE90023A847606170BB2046FFF77CFF33
:10B2800024E0698B4B1E6B8389F31188BFF36F8FAA
:10B290002B7F2A8BAC6A1B3323F00303521A02FB69
:10B2A0000344154B154AEB1A9B105343A3722B7F93
:10B2B000E372CBE789F31188BFF36F8F23464246D1
:10B2C00028461EF0F7F804460028BFD10024204687
:10B2D00005B0BDE8F0836361012300252381039B52
:10B2E0006382E27A6560294604F118002EF08AFC38
:10B2F00063692582E360EAE7940C0020A38B2EBAF1
:10B3000070B50D4C2C2500B970BD037A4668002B32
:10B31000FAD0013BDBB20372002BF5D1C36043606E
:10B32000837A05FB03431B6A13B198473046EAE76B
:10B33000FFF722FFFAE700BF940C0020202800B599
:10B3400008D9FFF74BFD094B09221A504FF0FF3087
:10B350005DF804FB30235843054BBFF35B8F1B584C
:10B36000BFF35B8F002BECD00020F1E70C00000056
:10B37000F821002030B530231049434308330B44F3
:10B38000BFF35B8F1A68BFF35B8FB2B1BFF35B8F04
:10B39000541E53E8005F954204D143E8004CBCF1D1
:10B3A000000FF6D1BFF35B8FEAD1012A05D130231C
:10B3B00058430A1800230B50536030BDF021002081
:10B3C00038B504461546FFF7B9FF01300DD0084ADD
:10B3D00030236343D0184068086015B10C33134420
:10B3E0002B6030235C43105938BD0020FCE700BFC0
:10B3F000F021002070B54FF0FF331D484FF0FF32B1
:10B4000022F06EFE1B4B0025BFF35B8F1A68BFF363
:10B410005B8F82B10135212D03F13003F4D1FFF7A9
:10B42000DDFC154B17221A504FF0FF35104822F063
:10B4300059FE284670BD30246C43BFF35B8F53E840
:10B44000000F013043E800010029F8D1BFF35B8F02
:10B450000A4E331932515A609A6204F10C0030449A
:10B460002CF072FB04F1200030442CF0A9FDDDE744
:10B47000400B0020F82100200C000000F0210020EB
:10B480002DE9F041164630240F4A4443101911515A
:10B490004660C362B6B1F368A3B1FFF79FFC0B4FE0
:10B4A0000C3450F807801319054640F20512304657
:10B4B00022F007FEB8F15F0F04D0EB595F2B08BFF5
:10B4C00045F80780BDE8F081F02100200C00000065
:10B4D0002DE9F0410546FFF731FF431C044621D01A
:10B4E0003026DFF84C806E4306F10C0747444FF0DE
:10B4F000FF324FF0FF33384622F0F2FD08EB06032F
:10B500005A68946844B1DB6A58F8060013F4404F57
:10B510000BD02946A0470446384622F0E3FD2846D2
:10B52000FFF728FF2046BDE8F081A047F3E700BF02
:10B53000F02100200C4B0122C3F840254FF080433E
:10B540004FF08051C3F87825D1F83001082805D193
:10B55000D1F83411022908BFC3F838260122C3F8F4
:10B5600080250020704700BF00E0014048B1054B36
:10B57000054A1B68B3FBF2F35843044B43F0010345
:10B58000184770474409002040420F00A0A305005F
:10B59000BFF34F8F0549064BCA6802F4E0621343BC
:10B5A000CB60BFF34F8F00BFFDE700BF00ED00E0B1
:10B5B0000400FA0508B5054A054B136010463C2304
:10B5C00053601CF03FFD002008BD00BF2028002074
:10B5D0003FC00F00F7B506460D461446124F3846D9
:10B5E0002CF0B5F9E0B1BB68AAB21B683146384609
:10B5F0009847002802DB002003B0F0BD002CFBD1EF
:10B60000AC42F8D22F1B042F28BF04272BF0DBFD00
:10B610003A46019001A930192EF0CDFA3C44EFE7EB
:10B620006FF01200E8E700BFB49E05002DE9F0417D
:10B6300090F8283003F01F03012B04460F4600F159
:10B6400028062FD0022B18D08BB394F8291020464F
:10B6500022F002FE024678B3304622F0E7FE1D4D8E
:10B66000002834D113693BB33A4631462046984707
:10B670000346FFF7B3FB2B5024E0818DC9B223F0C2
:10B68000CCF905460028E0D0304622F0CFFE024635
:10B6900068688368CAB99B6873B13A463146BDE8A9
:10B6A000F0411847818DC9B223F09EF9E9E790F87F
:10B6B000291023F0D5F9E4E7FFF790FB054B6FF075
:10B6C00085021A500020BDE8F081DB68E4E7D3680A
:10B6D000C9E700BF0C0000002DE9F04F0B7E33F0EE
:10B6E000800893B004460D46164640F08E847AB129
:10B6F0000846FFF705FE6B7EDF0703D49E0711D5D2
:10B700002B7E7BB9204613B0BDE8F04F22F0BABEC5
:10B710004A7E00F12809900708D5802B0CD12846D5
:10B72000FFF7EEFD404613B0BDE8F08F910700F043
:10B730002784002B40F02484D2072FD52B8A082B96
:10B7400040F00684EA681368A3625368C9F80430BD
:10B750002946002022F01AFC054610B1FFF7D0FD63
:10B76000EFE0484622F062FEE28D70B9B2B12946A0
:10B77000A0692AF067FF0146002800F02D842046CA
:10B7800013B0BDE8F04F23F0EEBA3AB111462046AF
:10B7900023F0E4FA0546002800F01E84FFF71EFBA4
:10B7A00094F82880B14F002318F0600FC351C8F3FC
:10B7B000411307D0032B40F0BD81FFF70FFB6FF063
:10B7C000850337E0484622F031FE94F829300028FE
:10B7D00040F04E81013B0A2BEFD801A252F823F032
:10B7E00057B90200BBB70200E3B90200BBB70200C1
:10B7F0000DB80200BBB70200BBB70200BBB7020026
:10B800007DB80200BBB70200DFB80200618D7F295E
:10B81000D3D8A38D002BD0D1E38D002BCDD118F040
:10B820001F0FCAD194F83030022B05D1FFF7D6FA9A
:10B830004FF0FF333B5076E0A069036993F8803006
:10B840001B0707D5C9B222F053FE804628B1002D50
:10B850006CD167E7012384F8393094F83030012B3C
:10B860000AD1638D43B984F83030FFF7B7FA3B58FB
:10B87000002B00F0858056E00123F4E7204622F0FB
:10B880004AFC628DFF2A014697D8E38D002B94D1A4
:10B8900094F82830D80690D194F83030002BC5D0D9
:10B8A0002AB1D2B2204622F0C5FF0028BED0618D59
:10B8B00094F838308B42D8D0C9B2204622F0C1FF6C
:10B8C00080460028C3D1628D002A14BF02230123C1
:10B8D00084F830300521204623F0E6FAC5E708F069
:10B8E0001F08B8F1010F7FF468AFE38D002B7FF4E0
:10B8F00064AF628DFF2A3FF660AFA18DFF293FF64E
:10B900005CAF94F83030022B90D1D2B2C9B220464D
:10B9100023F0A7F910F1020F804640F01081FFF7E5
:10B920005DFA47F8008065B14FF000082846FFF740
:10B93000E7FCB8F1000F7FF4F5AEFFF74FFA3B5884
:10B94000F3B1484622F072FD0346A069002B00F0D7
:10B950004F83802155E3E38D002B7FF42EAF94F8C5
:10B960003030002B3FF462AF012BA18D02D10029B2
:10B970007FF45CAF18F01F080CD0B8F1020F16D09E
:10B98000E38D002B40F0D782204622F065FD002891
:10B99000D7D1B7E600297FF449AF638D012BEFD1F2
:10B9A00094F86C3061F3C30384F86C30E8E7B4F8C2
:10B9B0002AA0BAF1000FE3D15FFA81F84146204690
:10B9C00023F042FA0346FFF709FA3B50013302D154
:10B9D0004FF0FF383BE752464146204622F02CFD0F
:10B9E00043E7E38D002B7FF4E8AE628DA38D022A3E
:10B9F0005FFA83FA11D108F01F085AEA08087FF4A9
:10BA0000DCAEA0690122190A22F04FFD00287FF464
:10BA1000D4AE012384F8393027E794F83010002998
:10BA20003FF404AF012902D1002B7FF4FFAE18F0E0
:10BA30001F0811D0B8F1020FA2D1002AA0D151469F
:10BA4000204623F0ECF90346FFF7C8F93B500133D9
:10BA5000BED001225146C0E7002B7FF4E7AE012A99
:10BA60008ED194F86C3043F008039DE70C00000081
:10BA70000A2B3FF6A2AE01A252F823F0A9BA0200A7
:10BA8000BBB70200BBB70200BBB70200BBB70200E6
:10BA9000BBB7020023BB0200BBB70200B3BE02006B
:10BAA000BBB70200DDBE0200E38D022B7FF485AE42
:10BAB00094F83030002B3FF4B9AE012BA18D02D1A8
:10BAC00000297FF4B3AE18F01F0811D0B8F1020FAF
:10BAD0001CD04FF0000805F10C0A504622F09EFCE5
:10BAE000E38D984218D2FFF779F96FF00B03A1E6C6
:10BAF00000297FF49BAE94F86C304FEA930808F06D
:10BB00000208C3F3001348EA0308E4E7C9B2204679
:10BB100023F0A9F98046DEE74146504622F08FFA2D
:10BB2000A3E6B4F82AA018F01F0F4FEA1A235FFA11
:10BB30008AFA09D029462046FFF778FD8046B8F1F9
:10BB4000000F7FF484AE90E6013B0E2B3FF635AE3E
:10BB500001A252F823F000BF95BB0200D5BB020042
:10BB60007FBC0200BBB70200BBB7020077BC02007B
:10BB700077BC0200BBB70200BBB70200BBB7020034
:10BB8000BBB70200BBB70200BBB70200BBB70200E5
:10BB9000C1BD020005F10C08404622F03FFC83467F
:10BBA0002046B4F82EA022F0B6FA20B101287FF486
:10BBB00004AE616F00E0216F002900F02A820A784C
:10BBC000DA4528BFDA46524528BF5246404622F0A1
:10BBD00025FA4AE6204622F09EFA0AF10102019077
:10BBE0000146D2B2204622F0FFFD804600283FF4F5
:10BBF000E4AD05F10C0AD0F804B0504622F00EFC7A
:10BC00009BF80020824228BF02465946504622F047
:10BC100005FAD8F80CB0BBF1000F09D1298AE38DE1
:10BC200099427FF622AEC91A504622F012FA1CE65B
:10BC3000DBF8040083681B6B13B9DBF800B0EAE79C
:10BC4000019998470028F8D0A0F1040858F8041F7B
:10BC50000029F2D00A78002AEFD05046CDE902211F
:10BC600022F0DCFB029A0399904238BF82B2504620
:10BC700022F0D4F9EAE7204622F04DFA9DE552463B
:10BC80000321204622F028FB824600283FF495AD90
:10BC900022F0BFFBB4F82EB09AF81530C8B99AF864
:10BCA00014808DF828808DF82930DAF8103005F1ED
:10BCB0000C0A1B88ADF82A30504622F0AFFBC34572
:10BCC0005A4628BF4246824228BF02460AA9504629
:10BCD0007DE7DAF808208DF81530C14B1340C14AD2
:10BCE0004FF0000893428DF8148058D1102106A817
:10BCF0002BF074F9021EFFF660AD0AA9102ADFF8D6
:10BD0000E8E20DF1180C084628BF1022424501F167
:10BD1000020133D8920002325FFA82F88DF8148063
:10BD2000034605F10C0A5046029322F077FBD845F2
:10BD3000424628BF5A46904228BF104602288346F2
:10BD4000804628BF4FF0020B5A46A8EB0B0805A906
:10BD5000504622F063F94FEA58030193029B9B4639
:10BD600003EB5802934521D118F0010F3FF47DAD4C
:10BD7000019A995C504622F05AF976E51CF8013B8D
:10BD80004FEA131A03F00F031EF80AA01EF803303F
:10BD900001F802AC01F8013C08F10108B6E79AF895
:10BDA0001480DAF810308DF81480BAE71BF8011B04
:10BDB0005046CDE9023222F042F9DDE90232D1E704
:10BDC000204622F0A8F938B101282CD0FFF706F858
:10BDD0006FF085033B5048E5236F002B00F019817D
:10BDE0005B88B3F5007FF1D9804B0A9300238DF86F
:10BDF0002C30E36C04F14C0B9B4508BF0023BDF8CD
:10BE00002A10A3B15A7D0F2A08D11A7D0A44ADF831
:10BE10002A209DF82C2001328DF82C20226D93428F
:10BE200003D01B68EBE7636FD7E7BDF82A100191D9
:10BE300005F10C0A504622F0F1FAB4F82E8001996F
:10BE4000884528BF8846804528BF80464246052A47
:10BE500028BF05220AA95046019222F0DFF8019A74
:10BE6000B8EB02083FF401ADE36C5B453FF4FDAC79
:10BE7000002B3FF4FAAC5A7D0F2A14D11A7D1969B0
:10BE80000193424528BF4246504622F0C7F8019B25
:10BE90001A7D424594BFA8EB0208A8EB0808B8F148
:10BEA000000F3FF4E2AC226D93423FF4DEAC1B681E
:10BEB000DEE794F83030002B3FF4B8ACE38D012B73
:10BEC0007FF47BAC05F10C08404622F0A7FA00286D
:10BED0003FF409AE94F8381040464CE708F01F08CC
:10BEE000B8F1010F7FF4A2AC204622F091FC0028AB
:10BEF0003FF49CACB4F82CA0BAF1FF0F3FF65DAC58
:10BF000043681B795345FFF458AC5FFA8AF30F2B53
:10BF10003FF653ACE38D012B7FF44FAC05F10C08D9
:10BF2000404622F07BFA00283FF4DDAD04EB0A0323
:10BF300093F83A10D0E7484622F078FA18B9284624
:10BF4000FFF7DEF920E52946204622F00CFF08B174
:10BF5000284603E4A069036993F8801011F00401F6
:10BF60007FF4D0AB2AF082FB054600283FF4E9AC11
:10BF70000146204622F0F7FE00283FF4C3ABE7E776
:10BF800052077FF5DEAC002B3FF4C9AB2846FFF724
:10BF9000B7F994F83930002B3FF4C4AB94F829304A
:10BFA000052B05D1618DA069C9B222F0A1FA064620
:10BFB00094F82930032B09D1638D022B06D1A18D72
:10BFC000A0690022090A22F070FA0646002384F8CC
:10BFD0003930B046FFF7A6BB6FF00B06B1E400BFE7
:10BFE00000FF020000030200EEF70500050F050048
:10BFF000E38D002B3FF4ADAC16F10C0118BF01210D
:10C00000C9012AF036FAFFF77DBB6FF00408FFF78D
:10C0100089BB6FF015081AE40B78062B10B414D105
:10C020000369D3F89C20EFF31184202383F3128853
:10C03000BFF36F8F4B6800201860506A58B9C2E98F
:10C04000083384F31188BFF36F8F044810BC0022BB
:10C0500000232BF06ABD03605362F2E7FC0B002063
:10C060002DE9FF4120264FF0FF335E484FF0FF32AD
:10C0700001A91DF0F9F8039B1B69D3F89C40236AC2
:10C0800093B1EFF3118286F31288BFF36F8F216AA9
:10C0900029B1606A0B682362814208BF636282F340
:10C0A0001188BFF36F8FC9B99DF80430062BDAD021
:10C0B000072BD8D801A252F823F000BF0FC102000D
:10C0C00003C102002FC1020015C1020053C10200CA
:10C0D00049C1020067C00200DDC102000B7ED1F839
:10C0E0001E205D06204609D1FFF7F6FA0246002819
:10C0F000C5D00721204622F0D7FEC0E722F084FCFD
:10C10000F4E700220121204622F0CEFEABE7002218
:10C110001146F8E794F86C3043F0040301A984F861
:10C120006C30204622F00CFA00220321EBE794F851
:10C130006C3023F0040301A984F86C30204622F00F
:10C14000FFF900220221DEE701A9204622F0F8F9DA
:10C1500089E794F86C30A76923F0040384F86C3005
:10C16000D7F808803B69BFF35B8FD3F8A030BFF3EB
:10C170005B8F9A072FD5D8F83C3038469847D8F8C7
:10C180002430002138469847D8F8403005463846D4
:10C190009847ADB92946204622F053FB054678B9A9
:10C1A000A0692AF082FA831E5842584194F86C30F4
:10C1B00084F8305023F0680343EA401384F86C306D
:10C1C00000220421204622F06FFE002D3FF44BAFE9
:10C1D0002A46072197E74FF0FF35F1E7029A06213B
:10C1E00091E700BFFC0B002030B589B0002200238E
:10C1F000CDE9062300246FF00703CDE90334CDE930
:10C2000001441A4B1A4900944FF4806219481DF0FA
:10C2100019FD194917482BF0DDFE184B18498B42C0
:10C2200007D3184B184900208B4210D3002009B0C7
:10C2300030BD03F11402BFF35B8F52E8000F42E8F8
:10C240000045002DF9D1BFF35B8F1833E7E703F109
:10C250001402BFF35B8F52E8004F42E80005002D47
:10C26000F9D1BFF35B8F1833DEE700BF61C0020076
:10C27000C07A0020A810002013C00500EC0F002099
:10C2800004100020041000200410002038B50246DD
:10C290000949054680692AF06EFA044648B985F8CE
:10C2A0003800284622F0A3F9044610B1A8692AF004
:10C2B00095FA204638BD00BF19C0020070B5084C81
:10C2C000084E0546B44202D30024204670BD636880
:10C2D00028461968FAF72EFF0028F6D01834F1E73F
:10C2E000EC0F00200410002070B50646EFF311811A
:10C2F000202383F31288BFF36F8F1B4D2A6881F3CD
:10C300001188BFF36F8F526892F86C20D20705D462
:10C31000BDE87040212200231DF0B2BBEFF3118273
:10C3200083F31288BFF36F8F2C682CB16968236880
:10C330002B608C4208BF6B6082F31188BFF36F8F54
:10C3400044B1606804F10801C36998470748214671
:10C350002BF09BFB2B6833B130460022BDE87040C8
:10C3600000231DF059BB70BD28280020FC0A0020C6
:10C3700030B585B0CDE900120546002214480023EF
:10C3800003A91CF0D7FE0246E8B9039BDDE90001D2
:10C390005D60083383E80300EFF31180202383F30B
:10C3A0001288BFF36F8F039B1A600A4A516861B904
:10C3B000C2E9003380F31188BFF36F8F0648002273
:10C3C00000231DF029FB05B030BD0B605360F1E781
:10C3D000FC0A002028280020000000200B7803F031
:10C3E0001F03012B00B506D14B78432B09D003F076
:10C3F000FD03842B05D0FEF7F1FC034B6FF08502A3
:10C400001A5000205DF804FB0C00000010B500225B
:10C4100004460023024821F064FD00B1047610BDFB
:10C42000EC0C002010B504690B4904F148002BF016
:10C430006EFDD4F81A10228B52EA31424FF00003FD
:10C4400008D16376A37602232376032104F11B002F
:10C4500021F04CFE002010BD5DC402002DE9FF411B
:10C4600050F8483C0446002128381E6922F056FD49
:10C47000002844D0356995F8247077BB2B6858683C
:10C4800021F049FE224B234A3946002814BF90462A
:10C490009846102268462DF0B5FB42F6A123ADF870
:10C4A0000030AB6830699B7AADF804301022082365
:10C4B0006946CDE90288ADF8063022F026FE002854
:10C4C00002DB032385F8243040F6CD4200232046CA
:10C4D00004B0BDE8F0411DF0D3BA042F07D101210B
:10C4E000304622F044FE0028EEDB0123EAE7022F6B
:10C4F00002D1052385F8243004B0BDE8F08104F8AA
:10C50000240C304622F033FE0028F5D0DCE700BFD3
:10C51000001BB70000389C1C70B50B7803F060035B
:10C52000202B88B0154605D0FEF758FC134B862209
:10C530001A501FE04B78802B08D0852BF4D1104A7D
:10C54000D069116A01AB03C308220EE00C4B01ACA9
:10C5500003F1180618685968224603C20833B3422B
:10C560001446F7D1186810601C2201A905F10C00CF
:10C5700021F054FD002008B070BD00BF0C00000089
:10C5800040A305002DE9F04F03691C690B7E90461E
:10C59000A268814692F85700984285B00F4640F055
:10C5A000BC80B8F1000F40F09280098A0B2940F25C
:10C5B0008E80FE68B3880C2B40F089803268714B06
:10C5C0009A4240F08480F3881B2903F101032385FC
:10C5D0007DD9338999427AD1B1F5006F77D87389C3
:10C5E0000B2B74D9A1F11002934270D8F518AA88C8
:10C5F0000F2A6CD9F058DFF890C120F080706045A8
:10C6000065D1E888002862D19208901E083303287B
:10C6100033445CD802F18042033A03EB820033F8E2
:10C620002220002A53D14288002A50D11A8812B100
:10C630005888002844D140F6CD40002116F024FC53
:10C640000546002843D0394627F0CFFF95F837300C
:10C6500043F0010385F8373073891E44083636F8F5
:10C66000043C083BC3F38F030393039B984521DAF3
:10C6700033880293B6F802A0E3B1BAF1000F19D0E3
:10C680004FF0FF324FF0FF336069CDE90023002304
:10C690001A46514616F0F6FC834658B1284627F054
:10C6A0009EFF0299284627F0E9FF002821DA584624
:10C6B00027F002FF0023AB60284627F0FDFE06E0CE
:10C6C000914204D302448A4203F10403AEDD3846AA
:10C6D000FEF716FE032104F1200022F04FFC012199
:10C6E00022F01CFC08B3484605B0BDE8F04F22F02C
:10C6F00083BD52462946584627F0DFFF0028D6DB87
:10C700006069594626F035FB002802DA584627F0C2
:10C71000D3FE08F101080436A7E792F850009842CA
:10C7200007D104F12C001CF0F7FE002005B0BDE895
:10C73000F08F92F830209A421CD1B8F1000F06D049
:10C74000002384F824303846FEF7DAFDEDE794F84C
:10C750002430032B08D1042384F824302122002321
:10C7600004F148001DF08CF994F82430012BEAD133
:10C770000223E6E7D9F8040005B0BDE8F04F22F047
:10C780004BBB00BF4E434D484E434D30F7B5284C90
:10C79000054616461F46BFF35B8F2368BFF35B8FCA
:10C7A000DA0726D518B96FF0010003B0F0BD01A972
:10C7B00021F034FA0228024622D11E4928462DF0E3
:10C7C00029FA0028EFD1BFF35B8F2368BFF35B8F9B
:10C7D000C3F3C0051B070CD4E43C152221463846A0
:10C7E000B047062807D81522294620462DF00AFA18
:10C7F00065750020D9E70723B0FBF3F06075F8E713
:10C800000328D0D128460C492DF004FA054600280B
:10C81000C9D1302204F19C013846B0470F28E8D82E
:10C820003022294604F19C002DF0ECF9E1E700BF2D
:10C830008C01002044BF0500A6C405002DE9F0438B
:10C8400089B09D79DDF840905E791F7993F803C037
:10C8500093F802E093F801801B780C46B9F1000FC1
:10C8600015D0CDE90639CDE904E81346CDE9027CBF
:10C87000CDE900560D4A1FF05BFD002813DBA042F6
:10C880002CBF6FF01500002009B0BDE8F083CDE9A2
:10C890000583CDE903CE1346CDE90167044A00952F
:10C8A0001FF046FDE9E76FF01500EDE7AAC40500AB
:10C8B000CEC4050070B504468CB01E461546AAB11C
:10C8C00029B10A4602A8042120F005FB02A9009123
:10C8D0002B462246242103A8FFF7B0FF70B9109A17
:10C8E000314603A8FDF7A2FC0CB070BD0346054A13
:10C8F000242103A81FF01CFD2328F0D96FF0150098
:10C90000F2E700BFEFC4050007B5064B06485A7DA5
:10C91000C2EBC202009200221146FFF7CBFF03B028
:10C920005DF804FBA800002044BF050007B5074BD5
:10C930000748A3F5C07300225B7D1B0100931146DD
:10C94000024BFFF7B7FF03B05DF804FB280200209D
:10C95000A6C4050030B504468DB015469AB129B17C
:10C960000A4602A8042120F0B6FA02A900912B463B
:10C970002246242103A8FFF761FF60B903A821F034
:10C9800025F90DB030BD0346044A242103A81FF049
:10C99000CFFC2328F2D96FF01500F2E7EFC40500B1
:10C9A00007B5009313460A4601460348FFF782FF86
:10C9B00003B05DF804FB00BF4DC605000A46014602
:10C9C0000148FFF7C7BF00BF4DC6050007B500937C
:10C9D00013460A4601460348FFF76CFF03B05DF8B3
:10C9E00004FB00BF47C605000A4601460148FFF7A1
:10C9F000B1BF00BF47C6050007B5009313460A46FE
:10CA000001460348FFF756FF03B05DF804FB00BF83
:10CA100038C605000A4601460148FFF79BBF00BF24
:10CA200038C6050007B500220346009103481146A9
:10CA3000FFF740FF03B05DF804FB00BF3FC60500F1
:10CA400008B502481CF078FF002008BDD40500207E
:10CA500008B502481CF070FF002008BDC405002086
:10CA600070B51B4CBFF35B8F2368BFF35B8F13F074
:10CA7000010F25461FD014F8CF3CA4F1E406E3B122
:10CA8000BFF35B8F2368BFF35B8F5A0701D400F0BD
:10CA9000ADFBBFF35B8F55E8003F23F4006245E830
:10CAA00000210029F7D1BFF35B8F1B0503D5FFF7EA
:10CAB000C7FFFFF7CDFF002009E001F061FA30B9B0
:10CAC000737D002BDCD101F09BFA0028D8D070BD1B
:10CAD0008C01002007B5009313460A46014603481F
:10CAE000FFF7E8FE03B05DF804FB00BF53C6050086
:10CAF0000A4601460148FFF72DBF00BF53C6050097
:10CB000010B586B0094B0A4803930024CDE90444CC
:10CB10002BF0F7F903AB0093064905480A234FF4BD
:10CB2000B0621CF00FFF204606B010BDF8C405002F
:10CB300030110020007F0020014601481CF042BF58
:10CB400030110020014601482BF0B0B9301100200F
:10CB500030B50378012B11D0022B21D06BB9154BC6
:10CB60000A4603F1100453F8045B42F8045BA34245
:10CB7000F9D143881A0A8A70CB7030BD0D4B0A4632
:10CB800003F1100453F8045B42F8045BA342F9D1AB
:10CB900043681A0C180E4A700870C3F30722EAE7BC
:10CBA00000F11003013913F8012901F8012F98420F
:10CBB000F9D1E2E726F8050010B522F061FC2BF070
:10CBC00003FA044608B91DF0F3F9BFF35B8F064B77
:10CBD0001B68BFF35B8F0BB10A2098471CB9BDE8F7
:10CBE00010401DF0F9B910BD4C38002038B504468E
:10CBF000084821F076F9054648B1631EDBB21F2BC9
:10CC000096BF054A0021D15C0C3021F010FA28466D
:10CC100038BD00BF9C0D002036F805000F2810B568
:10CC20000CD80D280CD90A4821F05BF9044618B13C
:10CC300004210C3021F0FBF9204610BD1328F2D05E
:10CC400009B10448F0E7BDE810400220FFF7CEBF6D
:10CC5000F40D0020180D0020F8B506460F4602F02E
:10CC6000DDFB044690B93946304605F0BDFD05466A
:10CC700000BB3946304604F00DFD174B1B6823B14D
:10CC800053F80C4904B10C3CC3B9F8BD8378012BAF
:10CC90004FF0000304BFD0F8A450C0F8A4304FF008
:10CCA000130118BF1D4623F080FA204601F0E8FF6B
:10CCB000002DD8D0284625F0C3FADAE79B6813B1D7
:10CCC0003946304698472CB1E26802B10C3A234607
:10CCD0001446D9E72246FAE7C438002038B5C568BB
:10CCE0002B7893B9B5F801400F21204602F0B0F837
:10CCF000EB78054650B90A4A118831B96FEA0450F9
:10CD00006FEA10501080074A137038BD0373012179
:10CD100002F006F82846BDE8384001F0B1BF00BF78
:10CD2000247100206B71002010B586B003AB002485
:10CD300000930749074805944FF0FF334FF4806292
:10CD4000CDE903441CF0FEFD204606B010BD00BF37
:10CD5000C0840020D811002010B5084C01460622DE
:10CD600094F87F0002F074FB38B994F87F0004490E
:10CD7000BDE81040052202F06BBB10BDA8000020EA
:10CD80000CF8050010B5012104460C3021F081F9A2
:10CD90002146034A0078BDE81040002322F05ABC27
:10CDA000C0A7050010B5012104460C3021F071F92F
:10CDB0002146034A0078BDE81040082322F04ABC0F
:10CDC00080A7050070B5314821F0A4F8044600287A
:10CDD0005AD000F10C05284621F063F9022805D04D
:10CDE00004282FD02046FEF78BFA21E0238A032B5C
:10CDF000F8D90421284621F04CF9FF2243880688FF
:10CE00002276228AC6F30B009A426083EAD10F2170
:10CE100002F01EF805460028E4D002F035F8320B87
:10CE200020762146284623F054F9284601F028FFB1
:10CE3000174BD3F85C313BB3BDE870401549164839
:10CE40002BF034B82846022121F023F9054600785A
:10CE50003E2812D022F089FB10F002060DD10F4AB5
:10CE60000F49104840F69A4320F028F886F31188BD
:10CE7000BFF36F8F0323184602DF0B4A287806237F
:10CE8000214622F0E7FBADE770BD00BF04020020A1
:10CE9000A8000020F40500208012002001C5050034
:10CEA00035C5050063C5050050A7050010B5012173
:10CEB00004460C3021F0EDF82146034A0078BDE825
:10CEC0001040022322F0C6BB40A705002DE9F04721
:10CED0000C461DF06DF8E5682B78022B67D0042B0B
:10CEE00005D02046FEF70CFA6FF0150408E0B4F800
:10CEF0001080B8F1020F08D82046FEF701FA00248E
:10CF00001DF06AF82046BDE8F08768783E2809D110
:10CF1000B8F1030FF0D0EB78012B01D00A2B46D1EA
:10CF2000032704E022F021FB0746F8073FD504F170
:10CF30000C0601213046D4F814A021F0A2F80221F9
:10CF4000304621F0A6F8814600783E2807D1E368F4
:10CF50001B78012B01D00A2B06D1032614E022F006
:10CF600004FBC10706460FD4174A1849184841F276
:10CF700068131FF0A3FF002383F31188BFF36F8FA3
:10CF80000323184602DF0226124A99F800000623FE
:10CF9000214622F05FFBB20712D56369A4F8108026
:10CFA000A5EB0A0513FA85F5E560BB07A7D5214671
:10CFB000094820F09AFF094909482AF077FF9EE7BF
:10CFC0002046FEF79DF9F0E701C5050080C5050084
:10CFD00063C5050010A7050004020020F405002029
:10CFE000801200202DE9F047884616468246002828
:10CFF00070D0BFF35B8FDFF8E090002359E8004F5B
:10D0000049E80032002AF9D1BFF35B8F002C61D0D0
:10D010002046FEF7D5F8314D0C2303FB0050274680
:10D020004388534511D0BFF35B8F59E8003F49E86F
:10D030000072002AF9D1BFF35B8F002B4AD01F4644
:10D040003846BDE8F047FEF75BB9A64208D0204657
:10D0500020F042FF328AF16804F10C0020F0DEFF7C
:10D060002046FEF7ADF80C2606FB00504368ABB136
:10D07000B8F1000F12D12046FEF7A2F806FB0050CF
:10D0800001214268536803F01F00814010685B096A
:10D0900000EB8300137ACBB122F079FA2046FEF739
:10D0A0008FF80C2606FB00508368002BC8D0204662
:10D0B000FEF786F8704305F800802046FEF780F8FA
:10D0C00006FB0055A8681CF027FAB9E7C94322F00F
:10D0D000D8FAE3E7BDE8F0870002002050380020CE
:10D0E000094BBFF35B8F1A68BFF35B8F02F00B0233
:10D0F000BFF35B8F53E8001F43E800200028F9D1FD
:10D10000BFF35B8F704700BF8C01002010B5C1E9F1
:10D1100000239DF808300B720C46FEF751F8034BC4
:10D120000C2202FB00335C6010BD00BF50380020B1
:10D13000F8B502460B46104820F0D3FE0446C0B1B5
:10D1400004210C3020F059FF2046FEF739F80B4D32
:10D150000C2707FB0050002646802046FEF730F8DB
:10D1600007FB005086602046FEF72AF807FB0055B3
:10D170006E602046F8BD00BF700D002050380020C2
:10D1800037B502280C468DF80700C5B214D829B16E
:10D190000B49072220462CF03DFD40B909490DF10D
:10D1A0000702284605F068FA002003B030BD21468A
:10D1B0002846FFF751FDF7E76FF01500F5E700BFD0
:10D1C00013F80500ADF5040029289ABF014B185C3F
:10D1D0000920704756F80500034B0146D3F87C013F
:10D1E00082689268104700BFA8000020014804210F
:10D1F00022F0CDB98C0100200048704799C5050088
:10D20000014902482AF052BEE4050020D81100204E
:10D2100070B505460C4639B1CB684A699B1A032B99
:10D220000ED86FF0150509E04FF0FF304FF0FF31D9
:10D23000FFF77EFF044618B96FF06805284670BDF9
:10D240002046FDF7BDFF144B0C2202FB0033A6184D
:10D25000032130465D8020F003FF0580238A033BD5
:10D2600083700121304620F003FF40F635439D4294
:10D2700009D12046FFF7B0FF05460028DED0204642
:10D28000FEF73EF8DAE7054821462AF02CFD002596
:10D29000FFF7B6FFD2E700BF503800200C02002095
:10D2A0002DE9F043064687B017460C4669B94FF0A2
:10D2B000FF304FF0FF31FFF73BFF044658B96FF0E6
:10D2C0006805284607B0BDE8F083887AFDF770FF4F
:10D2D000304B834258D10122002168462AF02FFDAD
:10D2E0002046FDF76DFFDFF8B0900C2303FB0090A4
:10D2F000C0F808D0204620F023FE01463046FFF754
:10D3000087FF054618B12046FDF7FAFFD9E74FF42D
:10D31000A022002368461CF039F9804690B14FF4F2
:10D32000F1731E4A1E491F481FF0C8FD1E484246A1
:10D3300031461FF0C3FD85F31188BFF36F8F0323C0
:10D34000184602DF2046FDF73BFF0C23584319F82F
:10D350000060AEB12046093EFDF7D2FF092E0CD881
:10D36000DFE806F0050B0B08150B0B0B0B126FF02B
:10D370006E05A6E76FF00C05A3E76FF00405A0E7C4
:10D38000002FC0D03C609CE76FF0150599E76FF067
:10D390000B0596E7700D00205038002001C50500F0
:10D3A000A4C5050063C50500ADC505002DE9F04322
:10D3B000624BB0F80180198848F4704291424FF0F6
:10D3C000000685B0054602BF1E805D4B1E7800F04A
:10D3D000B1FBEB78012B08BF5A4B05F10404204642
:10D3E0000CBF93F87F904FF0000922F045F802AF90
:10D3F0002146B0B1384622F034F8D5F81130CDF8D6
:10D400000130B5F81530ADF805304FF00109EB7873
:10D41000012B1BD01321404622F0E4FA05B0BDE8F1
:10D42000F083484622F0FCFC0346006802909A888C
:10D430009B796868BA80BB71A288A37995F804903B
:10D440000090ADF804208DF80630E0E73846FFF78D
:10D4500083FC04460028DDD00346B5F8012023F8FC
:10D46000702B0298BA79B98820679A719980B5F8BB
:10D47000173040F2E2425343C4F88830B5F819300F
:10D48000A4F89030B5F81B30A4F89230EF78E7702C
:10D490000023012F237328D18DF800900098BDF848
:10D4A00004209DF80630C4F87700A4F87B2084F8A7
:10D4B0007D3000F0BDFEBFF35B8F0369BFF35B8F70
:10D4C000DB042BD484F87E7005F10B071E4906227D
:10D4D00038462CF09FFB04F17F03B8B1D5F80B2040
:10D4E000C4F87F20B5F80F209A800721204601F06C
:10D4F00017FC26B126730121204601F011FC2046BD
:10D5000001F0F4FC204601F0BBFB87E70D4AD2F89E
:10D510007910C4F87F10B2F87D20E5E7237A094935
:10D52000C3EBC3035A18CB58C4F87E309388A4F8D1
:10D530008230937984F88430D7E700BF24710020CB
:10D540006B710020A800002020F8050000B5C3681A
:10D550001A7889B032B13C2A37D109B05DF804EBB2
:10D5600022F017B98DF80020B3F80120ADF80120A2
:10D57000DA788DF80320B3F80B20ADF81720B3F854
:10D580000D20ADF81920B3F80F20ADF81B205A7C00
:10D590008DF81D20586801901A899B7A8DF80A3001
:10D5A0000B4BADF80820D3F87920B3F87D30ADF8F7
:10D5B0000F30084BCDF80B2068461A689B88CDF8D1
:10D5C0001120ADF81530FFF7F1FE09B05DF804FB4E
:10D5D000A800002020F8050010B5F9F71DFF034B47
:10D5E0001B6813B1BDE81040184710BD7438002007
:10D5F00073B5274D0646D5F87C012AF0A8F9002816
:10D600003FD06FF0020105F1E40022F03AF8012169
:10D6100021F0BDFFC30737D421F0B8FE044668BB34
:10D620001C4B1E600122114605F5A0702AF087FBF5
:10D6300005F5B2702AF019FB17482AF062FC174969
:10D64000154800946FF007034FF480521CF07AF9EC
:10D65000134911482AF0BEFCD5F87C0111498368B2
:10D660001B689847044648B926B902B0BDE8704027
:10D67000F9F7D2BE05F1D4001CF05EF9204602B0E5
:10D6800070BD6FF01204F9E76FF07704F6E700BFA2
:10D69000A80000207438002080120020008900209B
:10D6A000F2C50500CDCE020038B5032104460C308A
:10D6B00020F0EFFC0346B0F8010040F635429042FE
:10D6C0000DD01D78E36822461978FFF78BFC35B141
:10D6D00003481BF021FFBDE83840FFF791BD38BD7E
:10D6E000E801002038B51CF063FC284DD5F8643102
:10D6F000002B48D00022002305F5A0701BF046FF48
:10D70000002840D10022002305F5B2701BF0D2FEA4
:10D71000044668B91E4A1F491F4840F6AA431FF035
:10D72000CDFB84F31188BFF36F8F0323184602DF0C
:10D73000D5F8580120B1FDF7E3FD0023C5F85831B5
:10D74000204620F0FDFBC5F858012046FFF744FDB8
:10D7500098B112481BF0E0FE2046FDF731FD104B5A
:10D760000C2202FB00301F2140882246FFF73AFCC2
:10D770002046FDF7C5FDFFF743FDFFF741FDBDE87E
:10D7800038401CF029BC01F0C1FBF8E7A8000020DC
:10D7900001C50500FBC5050063C50500E8010020C3
:10D7A0005038002038B5042104460C3020F071FCBC
:10D7B0004578017840882246FFF714FC35B10448CB
:10D7C0001BF0AAFEBDE83840FFF71ABD38BD00BF08
:10D7D000E801002070B54FF0FF320D464FF0FF33E7
:10D7E00000210646FFF71AFA044660B90A4A0B49B7
:10D7F0000B481A231FF062FB84F31188BFF36F8F6D
:10D800000323184602DF022104F10C0020F000FC83
:10D8100006704570204670BDFFC50500FBC50500BC
:10D8200063C50500F8B50A4D6F7D06460024E3B2D6
:10D830009F4202D86FF0010007E02946304622F0EF
:10D8400010FA0735631C08B12046F8BD1C46EEE708
:10D85000A800002070B50D4DB5F8E0414FF47A7383
:10D860005C434FF4004C40F2E73000214FF47A72F1
:10D870000023E4FB0C01F9F743FC02460B4605F5D7
:10D88000D870BDE870401CF0C7B800BFA8000020E9
:10D8900002282DE9F04106468846144632D84FF05A
:10D8A000FF304FF0FF31FFF743FC074670B32721ED
:10D8B0000C3020F0ADFB414622F0DBF90546224654
:10D8C000C31D04F1100152F8040B43F8040B8A4203
:10D8D000F9D1104A183602EB061205F1170302F1CE
:10D8E0001005144603CCAC4218605960224603F17F
:10D8F0000803F6D139460022BDE8F04142F2270084
:10D90000FFF7CEBC6FF01500BDE8F0816FF0680046
:10D91000FAE700BFA80000207FB5054614460E4672
:10D9200071B32F49304622F09CF948BB2D4BC5EB13
:10D93000C5003146184422F09CF9102200216846A7
:10D940002CF060F9274B183503EB051574B3102242
:10D95000694620462CF05EF940B32B4604F11005D1
:10D96000206861681A4603C20834AC421346F7D1F6
:10D970001D4822F085F943072CD4002004B070BD67
:10D98000684621F060FD0028F8D16846FFF74AFF9D
:10D990000028F5DA134BC5EBC5001844694622F0A0
:10D9A00068F9002EC9D001463046C4E71021284648
:10D9B0000FF044F90028E1D1002CD9D02B461035C6
:10D9C0001A4603CAAA4220606160134604F10804A3
:10D9D000F6D1CDE7FFF734F8FFF73AF8CDE700BF0F
:10D9E00013F80500A80000208C01002070B5144E2B
:10D9F0000622314604462CF00DF9E0B14FF0FF301D
:10DA00004FF0FF31FFF794FB0546A8B106222146EF
:10DA10000C3020F003FB0022294642F20500FFF7FC
:10DA20003FFC40B93346226843F87929A288B28086
:10DA3000012283F8782070BD6FF06800FBE700BF1B
:10DA40002101002098B5114BBFF35B8F00AF53E865
:10DA5000002F22F4807243E800210029F7D1BFF3A0
:10DA60005B8F13F8CF2C6C466AB1D31D03F4FC73A3
:10DA7000ADEB030D012168462CF0C4F8694604485B
:10DA800000F0D0FBA546BD4698BD00BF8C0100202C
:10DA9000EDFD0400022837B5034623D8134822F0D1
:10DAA000EFF8C2051CD4124D03F11800694605EBCE
:10DAB000001021F030FC044620B1FFF7CBFE2046D9
:10DAC00003B030BD6846FFF791FF04460028F4D14B
:10DAD0004FF4807105F1E40022F039F9FFF7BAFE46
:10DAE0000024ECE76FF01504E9E700BF8C0100208B
:10DAF000A800002007B5002306488DF807300DF177
:10DB0000070100F08FFBFFF79DFF03B05DF804EB0A
:10DB100022F09BB99BFC040038B505460C4604482E
:10DB20004FF4806122F013F92B7A1C432C7238BD1C
:10DB30008C0100200A4BBFF35B8F53E8002F22F4C7
:10DB4000806143E800100028F7D1BFF35B8F5305D5
:10DB500004D504490022022004F0B0BD704700BF84
:10DB60008C010020F1FE040007B50023CDE900037D
:10DB700004496A46022004F0A1FD019803B05DF853
:10DB800004FB00BF91FD0400F7B5044670B1404DA1
:10DB900095F8322195F833310AB19A4208D201330F
:10DBA00085F83331237A43F00403237203B0F0BDC8
:10DBB00000210222084601F04BFC064648B12046EF
:10DBC0000121FFF7A9FF304603B0BDE8F04001F0A6
:10DBD00057B801462F4800F025FB95F83331B3B90B
:10DBE00095F8332195F832319A421CD10022114622
:10DBF00042F22900FFF754FB70B995F83331013335
:10DC000085F83331237A43F00403237204E030466D
:10DC100022F084F80028E3D01F48002103B0BDE8BB
:10DC2000F04000F0FFBA2246671C12F82E0B39466E
:10DC3000FFF72EFE064630BB95F83331013385F8E9
:10DC40003331237A43F00403237295F8B7305B072E
:10DC500019D53946684622F00CF801234FF0FF3001
:10DC60004FF0FF318DF80730FFF762FA044650B1EC
:10DC7000082269460C3020F0D1F93246214642F2A2
:10DC80004E00FFF70DFB012022F048F8C4E700BF6B
:10DC9000A800002067FD0400D9FC04002DE9F04134
:10DCA000044600B3364D95F8322195F8333192B1E0
:10DCB0000132934210DC00210222084601F0C8FB29
:10DCC000064690B120460221FFF726FF3046BDE808
:10DCD000F04100F0D5BF13B1013B85F83331237A11
:10DCE00023F004032372BDE8F0810146254800F0CB
:10DCF00099FA304622F012F8074688B995F8333180
:10DD000095F832219A4217D2013B85F83331237AB4
:10DD10001D4923F0040302462372022004F0CEFCC6
:10DD200095F8333113B1012021F0F8FFBDE8F0413F
:10DD30001648002100F076BA4FF0FF304FF0FF3167
:10DD4000FFF7F6F904F1010806460028E8D007219C
:10DD50000C3020F05DF9414621F08BFF3A46314608
:10DD600042F22800FFF79CFA0028D9D195F8333108
:10DD7000013B85F83331237A23F004032372CFE784
:10DD8000A800002067FD040007FD0400D9FC040082
:10DD900038B50D4606494C7D38B12B689C4228BFEA
:10DDA0001C46C4EBC4022BF006FF2C6038BD00BF3C
:10DDB000A8000020F0B50E4685B0044600B32B49FC
:10DDC00021F04FFFE0B92046FFF72CFD002846DA8E
:10DDD00023785BB92648427D002A40D1214621F0B4
:10DDE00048FF01234375104605B0F0BD012B04D157
:10DDF000A37903F0C003C02B02D06FF01500F3E746
:10DE00001B4D6B7D032B2DD005F1E40021F038FF75
:10DE100010F0010114D1102268462BF0F3FE002C03
:10DE2000EBD01249204621F01CFF0028E5D1002E3E
:10DE3000E3D01022694630462BF0ECFE0028DCD0FF
:10DE40006F7D32467B1C214638466B75FFF764FDBB
:10DE500008B93846C8E76B7D013B6B75C4E76FF0C6
:10DE60007700C1E76FF00B00BEE700BF13F80500B5
:10DE7000A8000020F7B5044600283CD0214E737D51
:10DE8000834238D9C0EBC00737441F49384621F0D8
:10DE9000E8FE98BB8DF8050001A91C488DF80440E8
:10DEA00000F0C0F99DF8051021B16FF00F0528466C
:10DEB00003B0F0BD2046FFF763F905460028F6D110
:10DEC00004F118002946102206EB00102BF09AFEF0
:10DED00038460D4921F0CDFE737D0D48013B9C4233
:10DEE00008BF747521F0CCFE4307E0D5FEF7A8FD0E
:10DEF000FEF7AEFDDBE76FF01505D8E76FF07705AD
:10DF0000D5E700BFA800002013F80500BDFC040001
:10DF10008C0100202DE9F3410446D8B101AA00216B
:10DF200041F20900FFF7BCF9054698B9019E124974
:10DF3000D6F80C8008F10107062238462BF06AFE5D
:10DF400028B10E49062238462BF064FE30B930461F
:10DF5000FDF7D6F9002002B0BDE8F081D8F8013015
:10DF6000C4F80130BB88A4F8053030462570FDF7B1
:10DF7000C7F90120EFE700BF20F805001AF80500F7
:10DF800070B58AB06846FFF7C5FF1B4C607570B36B
:10DF90001022002106A82BF035FE94F8D2309B0702
:10DFA00016D502AA00214FF60A40FFF779F978B991
:10DFB000029EF26806AD531C1132186859682C464F
:10DFC00003C4083393422546F7D13046FDF798F94C
:10DFD00002A906A823F05DFF58B108484FF400617C
:10DFE00021F0B5FE002269460020FFF795FC0AB03B
:10DFF00070BD02AAF7E700BFA80000208C01002036
:10E000002DE9F041384D6C7D98B0002C5FD195F82A
:10E01000D230DB0713D503AA21464FF60940FFF79C
:10E020003FF9024658B90398C3685C78032C28BFAF
:10E03000032407AE0233A2420DDBFDF761F96C75D4
:10E0400000274FF016086B7DFEB2B34213D8002BA9
:10E050003DD0002036E01946374603F1140C51F844
:10E0600004EB47F804EB6145F9D1098839800132A6
:10E0700016361633DFE708FB06F404F160030DEBF8
:10E08000030003A93E3823F004FFF0B117484FF412
:10E09000006121F05CFE002204F160030DEB03043B
:10E0A00001A954F8443CCDF8053034F8403CADF8B3
:10E0B0000930304601238DF80430FFF72DFC01377D
:10E0C0000028C0D018B0BDE8F08103AAE4E70748F3
:10E0D0004FF4006121F03BFE0021084618B0BDE876
:10E0E000F041FFF767BE00BFA80000208C010020B0
:10E0F000F8B516460D461C460246002852D0002BA5
:10E1000050D0290307D56B074CD421F0C7FE68BB5C
:10E11000012323702AE0AF07037828D036B1A80680
:10E1200004D5234991F8E81049063ED56F070BD472
:10E13000104621F0B3FEC8B926B1A80602D50323C4
:10E14000237012E00123FBE71949C3EBC303CF5C43
:10E15000012F07D101331944104621F06EFE28B972
:10E16000277001E0002FFBD09EB90020F8BD6A07A0
:10E1700015D50F49C3EBC303CE5C012E07D1013384
:10E18000194421F05AFE0028F0D1267001E0002E3B
:10E19000FBD0A906E9D5237843F00203D0E721F0AC
:10E1A0007DFEB5E76FF01500E0E76FF08500DDE775
:10E1B000A800002008B50349034829F0A8FE002064
:10E1C00008BD00BFF5DA020058020020F7B5CDE91E
:10E1D0000001694642F208009DF8207016461D466F
:10E1E00021F096FE044668B97FB9BFF35B8F0C4BF4
:10E1F00053E8001F41F0040143E80012002AF7D160
:10E20000BFF35B8F204603B0F0BD694642F20900C0
:10E21000CDE9006521F07CFE0028E6D00446F1E758
:10E22000E000002003460148184700BFD00000204E
:10E2300000487047D00000202DE9F04FD0F8109032
:10E24000DFF89CA289B0B9F100040546029193461B
:10E25000039318BF0124BFF35B8FDAF80030BFF3DC
:10E260005B8F5A0740F19781466873050CD56FF0B4
:10E270001504029B002240F20110934540F0948166
:10E28000204609B0BDE8F08FD0F81080B8F1000F3B
:10E2900005D0B707EBD006F02403242BE7D0914F2D
:10E2A00028787B7D8342E2D9C0EBC0008E490722EB
:10E2B00038442BF0AFFC0028D9D0B00706D197F82E
:10E2C0008030082B02D8AB689F2BD0D916F0300FC6
:10E2D0007FD0B8F1000FCAD0F1067DD406F46036C5
:10E2E000B6F5603FC3D0284621F0FEFD80460028E9
:10E2F000BDD07E4EBFF35B8F3368BFF35B8FDA0513
:10E3000000F14C81BFF35B8FD6F8AC30BFF35B8F6D
:10E310005B0501D5FFF70EFC6A680023CDE90533E4
:10E32000CDF81B30AB68ADF8103012F4004FEB683D
:10E33000ADF8123014BF06230723D00348BF03F003
:10E340000503910348BF03F0FB038DF81D30BFF3B5
:10E350005B8F5AE8003F23F480734AE80032002ABA
:10E36000F7D1BFF35B8F2B7887F8283087F87F30A1
:10E37000224669685E480DF11503FFF7B9FE0446B1
:10E3800000287FF476AF5B4BB9F1000F31D02A69DA
:10E3900011684AF8B31C9188998092799A716B68D8
:10E3A0009A0728D0B9F1000F2CD013F0100F0CBF32
:10E3B000012304238DF814302B691A68CDF8162038
:10E3C0009A88ADF81A209B798DF81C304FF0000820
:10E3D0001BE0B8F1000F81D1D5E902239A423FF644
:10E3E00046AF1F2A7FF643AFB3F5804F7FF676AF77
:10E3F0003DE73D4ACCE79B0502D4039B002B37D079
:10E40000022300E04B468DF814304FF0FF304FF000
:10E41000FF31FEF78DFE0446002800F0C2800F2277
:10E4200004A90C301FF0FAFD2146002242F206003A
:10E43000FEF736FF044600287FF41BAFB9F1000F4A
:10E440001AD0686810F0030022D10746284801213D
:10E4500021F0B8FD0446002850D0002F3FF409AF4A
:10E460003846002100F05CFC384600F009FC00E76B
:10E4700003238DF81430A9E7129B039A0298CDF874
:10E4800000805946FFF7A2FE04460028D9D0F0E6E6
:10E4900097F828401449174887F87F4007222BF047
:10E4A000B9FB60B91449204600F08CFF074610B94B
:10E4B0006FF00B04DDE6052100F032FCC6E70D49E4
:10E4C000204621F004FF00287FF4D1AE97F8280001
:10E4D000084900F077FF07460028E9D00621EBE75E
:10E4E0008C010020A800002013F80500E0000020A7
:10E4F000D0000020D90000200CF8050017B13846E4
:10E5000000F0BEFB6B68BFF35B8F9F0728D056E817
:10E51000003F43F4007346E80032002AF7D1BFF30E
:10E520005B8FBFF35B8FB8F1000F22D056E8003F3E
:10E5300043F4806346E80032002AF7D1BFF35B8FD3
:10E540006B68BFF35B8F58071CD556E8003F43F458
:10E55000805346E80032002AF7D1BFF35B8F88E68C
:10E5600056E8003F23F4007346E80032002AD6D074
:10E57000F6E756E8003F23F4806346E80032002ABD
:10E58000DCD0F6E756E8003F23F4805346E800323B
:10E59000002AE2D0F6E76FF00A046AE66FF077042B
:10E5A00067E66FF0680464E61988814204D159680F
:10E5B00011B10978C90702D4013208335DE6054973
:10E5C000054829F0A4FC4FF47022002302481BF0F8
:10E5D00057FA55E61B000500E800002010B51B4C5B
:10E5E000204621F017FDBFF35B8F2369BFF35B8FDC
:10E5F000DA05C3F3002027D5BFF35B8F2369BFF390
:10E600005B8F9B0516D504F10900114907222BF0F9
:10E6100001FB034614F8280993B90E49052200F0BE
:10E6200017FF044630B10021017300F079FB20464A
:10E6300000F026FBBDE810400448002121F0C2BCD8
:10E64000062204F13101EAE710BD00BFD00000202E
:10E6500013F805000CF8050070B59AB014220021DB
:10E6600004A82BF0CFFA47F21213ADF80C304FF498
:10E670008073ADF80E30354B44F2010201A903A8B6
:10E68000CDE905231CF01EFB10B31F25304BBFF353
:10E690005B8F53E8001F21F0010143E80012002ABC
:10E6A000F7D1BFF35B8F2B4E1BF082FC346804B1B3
:10E6B000043C002D284D18BF0025002C3FD02368B6
:10E6C0000BB1284698476468002C38D0043CF6E724
:10E6D000019802AB412209A92AF021FA0028D4D1DD
:10E6E0001E4A0DF125030DF1650153F8040B42F8A4
:10E6F000040B8B42F9D11A49019802AB20222AF06F
:10E70000B6F90028C1D101982AF069F90546002818
:10E71000BBD11249104821F082FC1248203121F06F
:10E720007EFCBFF35B8F104B53E8001F41F01001DC
:10E7300043E80012002AF7D1BFF35B8FA6E700235E
:10E74000C6E900331BF048FC1AB070BD0000020996
:10E750007838002080380020CC7100208C71002097
:10E760006C710020EC7100208C01002030B5A7B046
:10E770001422002108A82BF045FA04233D22002191
:10E7800016A815932BF03EFA47F21213ADF81C3081
:10E790004FF48073ADF81E30264B274944F2010236
:10E7A000CDE9092307A805AB20222AF0E2F9D8B168
:10E7B0006FF004041BF0FCFB204B1D6885B10020AA
:10E7C00018601F4BBFF35B8F53E8001F21F002015D
:10E7D00043E80012002AF7D1BFF35B8F24B3A847A8
:10E7E0001BF0FAFB27B030BD164B0DF1550203F1BB
:10E7F0004000194653F8044B42F8044B8342F9D1C8
:10E8000006AB02932023CDE900130A480599412362
:10E8100015AA2AF012FB0028CAD105982AF0DFF8C1
:10E8200004460028C6D0C3E70DA8064921F0F7FB2F
:10E830000DA8D4E7000002096C7100207C3800208C
:10E84000783800208C71002008B5044940222BF054
:10E85000E1F9B0FA80F0400908BD00BF80F805007A
:10E8600010B598B004461422002102A82BF0CAF972
:10E8700044F21213ADF804304FF48073ADF8063053
:10E88000124B4FF48042CDE90323214604230DF1BE
:10E890001D008DF81C3021F0C2FB04F120010DF1A8
:10E8A0003D0021F0BCFB6B46412207A901A82AF0DC
:10E8B00060F9044601A82AF0E6FB2CB900982AF07A
:10E8C0008EF8012018B010BD0020FBE700000209FF
:10E8D00010B5002837D0204A136823B1043B834287
:10E8E00034D05B68F9E71D4BBFF35B8F1968BFF34A
:10E8F0005B8F89072DD414684460011D5068116036
:10E9000000B95160BFF35B8F53E8002F42F0010163
:10E9100043E800100028F7D1BFF35B8FD30701D580
:10E92000002010BD0E4BBFF35B8F53E8001F21F09A
:10E93000100143E80012002AF7D1BFF35B8F0948AA
:10E94000FEF700F9ECE76FF01500EAE76FF07700EB
:10E95000E7E76FF00F00E4E7803800207838002008
:10E960008C01002014060020054BBFF35B8F1B6851
:10E97000BFF35B8F13F0100F024808BF00207047F1
:10E980008C010020CC71002070B505461E4803683C
:10E990008B4232D0BFF35B8F1C4B1B68BFF35B8F86
:10E9A000DA062DD5036813B16FF00F0070BD184A59
:10E9B000BFF35B8F1368BFF35B8FDB07F4D4BFF348
:10E9C0005B8F52E8003F43F0020442E80046002E0D
:10E9D000F7D1BFF35B8F13F00204E5D101600D485E
:10E9E000294621F01CFB0C4805F1200121F017FB02
:10E9F0000A48FEF7A7F82046D8E76FF07700D5E77A
:10EA00006FF07C00D2E700BF7C3800208C01002032
:10EA1000783800208C710020AC71002004060020A2
:10EA200070B50C4B1C68054644B154F81C3C1C3CAA
:10EA300013B1297B28469847E469F5E7064C074E51
:10EA4000B44200D370BD236813B1297B2846984790
:10EA50002034F5E7BC38002000A2050040A20500E4
:10EA600010B50446FCF7ACFB044901EB001120464D
:10EA700020F043FDBDE81040FEF7C2BB88380020FF
:10EA800070B5D1E9015600220446C1E901220648C9
:10EA900029F029F93DB1314620462B466FF06D0231
:10EAA000BDE87040184770BD740C002013B5437B5F
:10EAB000072B044628D14FF48061043021F0D3FAAB
:10EAC000410521D4BFF35B8F6368BFF35B8FDA032B
:10EAD00002D4204620F0ACFF637B072B14D10B4BF4
:10EAE00093F8E8309B060FD520F0C9FE60B10DF118
:10EAF000060101A820F05EFF30B9BDF80620BDF880
:10EB00000410204620F0AFFF02B010BDA800002086
:10EB100070B505460F48002200231AF037FDB8B93A
:10EB20000D4B1C6834B154F8143C1C3C03B198479D
:10EB3000E469F7E7094C0A4EB44204D32846BDE81D
:10EB400070401AF0F9BEA36803B198472034F3E788
:10EB500070BD00BF440C0020BC38002000A205009E
:10EB600040A205002DE9F041044620270025EFF3DF
:10EB7000118287F31288BFF36F8FE16929B1206A90
:10EB80000B68E361814208BF236282F31188BFF3FF
:10EB90006F8F71B1D1E901680748C1E9015529F0CA
:10EBA000A2F81EB1002241462046B047FEF728FBDE
:10EBB000DDE7BDE8F08100BF740C00200448B0F828
:10EBC0001431002B00F58C7008BF0020704700BF87
:10EBD000A800002030B50446FCF700F90D4A0D46A8
:10EBE0000D490858D2F8881088428BB005D12046CC
:10EBF0000BB0BDE83040FFF7B5BF243421461046C6
:10EC000029F054F91DB16946204629F05FF90BB08F
:10EC100030BD00BFF01F00200800000038B5002202
:10EC200004468A4202D10024204638BD04F1C803BC
:10EC30000120BFF35B8F53E8005F002D04D143E850
:10EC4000000CBCF1000FF6D1BFF35B8F02D0D034C3
:10EC50000244E6E7002CE6D0C822002120462AF034
:10EC6000D1FF04F14000044929F051F9034904F1AE
:10EC7000240029F0F0F8D7E701F50200850005002F
:10EC800008B500F1C803BFF35B8F53E8002F013ACA
:10EC900043E800210029F8D1BFF35B8FAAB90B4BE1
:10ECA000984212D303F1D00290420ED2C01AD02360
:10ECB000B0FBF3F203FB120038B905481AF02CFC44
:10ECC000BDE8084003481AF037BE08BD28130020ED
:10ECD000440C00203406002010B5044621F049FA07
:10ECE0001BF066F90C4BD3F8343104F1BC0143B985
:10ECF0000A4821F09EF91BF06FF9BDE81040FEF7BD
:10ED00007FBA994201D01B68F1E71BF065F92046F4
:10ED1000FFF7B6FFF1E700BFA8000020DC010020EC
:10ED200070B5457B8D42044613D041730DB921F077
:10ED300020FA637B012B09D1344D05F58C7661698E
:10ED4000002950D1BDE87040FEF75ABA072B01D018
:10ED5000ABB170BD0023C4E90D33E378012BF8D1CA
:10ED6000A378012B04BF032384F8983004F14000FA
:10ED70004FF42032BDE8704000231AF04DBE082D3C
:10ED8000E7D801A353F825F053ED0200ADED0200E2
:10ED9000D3ED0200DDED0200DDED0200DDED02004D
:10EDA000D3ED020053ED020053ED020004F14005E3
:10EDB000284629F0BAF820460121FFF70BFF20462C
:10EDC00021F07EF928460022BDE8704000231AF0A9
:10EDD00057BE237B13B12046FFF722FE2046BDE835
:10EDE0007040FFF74DBFA2690B686361914208BF95
:10EDF000A3612046FFF744FEB5F81431002B14BF81
:10EE0000304600201AF088FB99E700BFA8000020D8
:10EE1000F8B5074609480D46164621F0AAF90446FA
:10EE200050B183781F4203D1BDE8F840FFF728BFF7
:10EE30003146A8472046F7E7F8BD00BF2813002059
:10EE4000024900220120FFF7E3BF00BFADEA020044
:10EE500038B505460B480C4621F08BF9034670B1D6
:10EE6000427B012A02D0073A012A06D81A88AA4210
:10EE700002D19A78144203D11846FFF701FF00230C
:10EE8000184638BD28130020034BC01A034B00114D
:10EE90005843C0B2704700BF28130020C54EECC4D1
:10EEA00070B51C46144305460E4608D0FBF796FF86
:10EEB0000B4908580B49D1F88810884201D100222B
:10EEC00013460949002D14BF284608461FF009F8CB
:10EED000044618B1711D0C301FF08FF8204670BD2C
:10EEE00008000000F01F0020940C002010B504461C
:10EEF00005481AF021FD204600F048FC2046BDE8F8
:10EF00001040FFF78DBD00BF240600202DE9F04F13
:10EF100087B0002303930593AB4B5A8B32B1AB4DB3
:10EF2000D5F8344134B907B0BDE8F08F1B68002B29
:10EF3000F5D1F8E754F8BC3903B1BC3BA44900262D
:10EF400001E01C461346B5F81421002A00F039816F
:10EF5000D5F820214AB904F1BC06002BE3D0D3F840
:10EF6000BC20002AEDD0BC3AEBE70A68002AF2D0B8
:10EF7000D4F8A820002AEED0D4F8AC20002AEAD099
:10EF8000D4F8B020002AE6D0637B072B68D1204656
:10EF90009047002864D0BFF35B8FD4F8C030BFF334
:10EFA0005B8F022B5CDC204621F0E3F8044600284E
:10EFB000B9D0637B072B40F0FB80D4F8A830B5F8BC
:10EFC000141104AA204698470746002800F0D38071
:10EFD000B5F81421049B9A4206D30146D4F8AC60DC
:10EFE00005AB03AA2046B047059B01933B8ADDF899
:10EFF0000C90002B00F0DF803846DDF810A020F0E8
:10F0000092FA8046002840F0D980B5F81431DFF834
:10F01000C4B1002B14BF58460020002200231AF070
:10F02000B5FA78B96A48002200231AF043FA064676
:10F0300000283BD1B5F81431002B18BF5E4630468E
:10F040001AF06AFA6FF00B053846FCF759F9B9F176
:10F05000000F00F08C8001992A462046C84786E0C0
:10F06000D4F8BC3004F1BC02C6B9D5F83811C5F8E3
:10F0700034318A4201D1C5F838310023C4F8BC309C
:10F080002046D4F8B0309847002892D0637B072BF5
:10F0900040F08E802046FFF71FFE8AE73360D5F8E8
:10F0A00038319A4208BFC5F83861E6E7019BC0F8DD
:10F0B00004908360B5F814B14348DA454FF000027C
:10F0C0004FF000034FF0000198BF1FFA8AFBFCF7D6
:10F0D00099F8814650B1FCF773F83F4B5A4603EB61
:10F0E00000133946484620F0E3F98146B5F814315B
:10F0F00094F8C4709A458CBF4FF00108023784F829
:10F10000C48098BFFFB204F1C008BFF35B8F58E81A
:10F11000003F013348E80032002AF8D1BFF35B8F8B
:10F1200004F1140A3146504620F083FFA378012BE6
:10F1300025D0BFF35B8F58E8003F013B48E8003221
:10F14000002AF8D1BFF35B8F3146504620F09DFF77
:10F150004846FCF7D5F820463146FFF791FCB5F854
:10F1600014311C48002B08BF00201AF0D5F91321D8
:10F17000204621F01AF82046FFF782FDD3E609F178
:10F180000C0B042158461EF06BFF238807F0FD0787
:10F1900043EA07330380B9F81030043B438002216F
:10F1A00058461EF065FF4846FEF716F80028C0D105
:10F1B000FEF726F8DFE76FF0790545E76FF0040505
:10F1C00042E79368FFDE00BF440D0020A800002046
:10F1D000740C0020C0010020883800202DE9F04187
:10F1E00040F2E243D0F88860B6FBF3F60446B6B2CC
:10F1F000031DBFF35B8F4268BFF35B8F920417D58B
:10F20000B0F88C20B24213D8B0F88E20B2420FD39F
:10F21000D0E9241291420BD1BFF35B8F53E8001F5A
:10F2200021F4005143E80012002AF7D1BFF35B8FAD
:10F23000104B1D6865B155F80C7C1C3D37B1B4F816
:10F240009230B4F8902031462046B847ED69F1E796
:10F25000094DDFF82880454501D3BDE8F0812F69CD
:10F2600037B1B4F89230B4F8902031462046B84710
:10F270002035F0E7BC38002000A2050040A20500C0
:10F280002DE9F041074608460D4620F0FAFA0646F9
:10F2900018B900263046BDE8F081144B1C6884B1D3
:10F2A00054F8103C1C3C0BB9E469F8E72946384691
:10F2B00098470028EDD0284620F0E3FA0028F3D143
:10F2C000E7E70B4CDFF82C804445E3D2E3680BB949
:10F2D0002034F9E72946384698470028D9D02846EF
:10F2E00020F0CFFA0028F3D1D3E700BFBC380020CC
:10F2F00000A2050040A205002DE9F041C3780446B4
:10F300008BB900F17E06114B1D687DB11C3D04F1E7
:10F3100070076B691BB13A46314620469847ED6944
:10F3200025B11C3DF5E700F17706ECE7084D094FE4
:10F3300004F17008BD4201D3BDE8F0816B691BB1D7
:10F3400042463146204698472035F3E7BC38002036
:10F3500000A2050040A20500F8B5437A8372044676
:10F36000164621F072F8144B1D684DB155F8043C57
:10F370001C3D1BB1617A324620469847ED69F4E79F
:10F380000E4D0F4FBD420DD3A6B9637A012B11D993
:10F39000A378012B0ED1207A04F17001BDE8F8406A
:10F3A00003F0EABAAB691BB1617A3246204698474E
:10F3B0002035E7E7F8BD00BFBC38002000A20500FB
:10F3C00040A2050038B505460C460F480121FFF75D
:10F3D00025FCC0B1057223680367A388A0F87430C8
:10F3E000A37980F876300123437283728370074BD0
:10F3F000C0F8A830064BC0F8AC30064BC0F8B030AF
:10F40000054BC0F88C3038BD28130020B9F6020037
:10F4100053000500470005001800280070B5054698
:10F420000A480E4620F0A5FE044620B18378012B41
:10F4300004D0FFF725FC0024204670BD3246294643
:10F4400020F025FF0028F7D12046F2E728130020FE
:10F45000F8B505460E480E46174620F08AFE0446CB
:10F4600020B18378012B03D0FFF70AFC00240DE0C4
:10F4700036B13246294620F00AFF08B92046F3E7A4
:10F48000637BBB42FAD1237AAB42F7D12046F8BD69
:10F490002813002038B5044608460D4620F0F1F93F
:10F4A00048B3164B93F8E830990707D4E37883B153
:10F4B00029462046BDE8384000F0BEB994F899309E
:10F4C0009A07F3D5BFF35B8F6368BFF35B8F5B0471
:10F4D000ECD42946204620F008FF58B92B88A4F820
:10F4E0008C306B88A4F88E30AB88A4F89430EB880D
:10F4F000A4F8963038BD6FF01500FBE7A800002097
:10F50000F7B510F8333C0446A0F140060BBB30467B
:10F5100020F03EFF314B1D684DB155F8183C1C3DA5
:10F520001BB114F8341C30469847ED69F4E72C4DB4
:10F530002C4FBD4205D3304603B0BDE8F040FFF785
:10F540009FBB6B681BB114F8341C304698472035BC
:10F55000EFE710F83E3C012B3DD1BFF35B8FA0F1EC
:10F560003C0555E8003F23F4005245E800210029FE
:10F57000F7D1BFF35B8F9B041CD5E36C0093694606
:10F58000636D01933046FFF785FF58B9BFF35B8F7A
:10F5900055E8003F23F4805345E80032002AF7D1B4
:10F5A000BFF35B8F4FF40061284603B0BDE8F04025
:10F5B00020F059BD0C4A106851686B4603C3694678
:10F5C0003046FFF767FF0028ECD14FF48051284602
:10F5D00020F049FDE6E703B0F0BD00BFBC380020D5
:10F5E00000A2050040A2050038A3050008B568B1D7
:10F5F000094B1A6800F10C0122B9074820F019FDE7
:10F60000104605E0914204D01268F5E76FF015004E
:10F6100008BD6FF07700FBE7C438002010B50E4836
:10F6200028F023FB0D490C4828F05DFB0C490A48E3
:10F6300028F059FB0B49084828F055FB21F028FC1D
:10F6400002F08CF8044628B902F074FF044608B9A9
:10F6500020F0BEFF204610BD740C0020983800201A
:10F66000A4380020B0380020044B186818B9044AA8
:10F670005A600B6070476FF00B007047D038002065
:10F68000FCA7050070B5044652EA030008D0FBF75A
:10F69000A5FB074D074ED5F888503058854201D15B
:10F6A0000022134620460431BDE87040FFF7F8BB46
:10F6B000F01F0020080000002DE9F047D0F8B4400A
:10F6C0000F46904644B1483C236B5BB92068B43088
:10F6D00020F054FEA46CF5E7FDF792FD00263046BD
:10F6E000BDE8F08704F13009484628F020FB0546C4
:10F6F0000028F1D01FF017FF0028EFD128461EF098
:10F700001FFCE56C06469DB9A38C058A403B9BB265
:10F710003F2B03D8238D9D4228BF1D46042106F1AF
:10F720000C001EF09DFC0580A38C43800435E5642D
:10F73000BD4220D8B6F810A0554506D100220023BE
:10F74000484619F0B7FEFBF7DBFDA38CA3F140029E
:10F750003F2A07D8554514BF00220B4AB26118BF93
:10F760001346F3612068B43020F008FE236B13B118
:10F77000204620F0E4FDE36CC8F800309F4234BF1F
:10F78000DF1B0027E764AAE7F7040500F7B5284D5B
:10F79000284F04460026BD4201D303B0F0BD29889E
:10F7A000204620F09EFE6B68019001A920469847F4
:10F7B000002838DB019B2A889A829A8403F1100280
:10F7C000BFF35B8F52E8001F42E800600028F9D1C8
:10F7D000BFF35B8F9E64DE649E60A16B03F1080241
:10F7E00019BBC4E90D221C60DE6003F1300028F073
:10F7F0003CFA019843681B6803B19847019BBFF32B
:10F800005B8F103353E8001F41F0010143E8001201
:10F81000002AF7D1BFF35B8F01984368DB6913B10E
:10F8200000F1100198470835B5E70A60A263DAE7EE
:10F83000E8A1050000A2050070B5144A1378013351
:10F840000C4613F0FF010CBF01230B461370064654
:10F8500008BF19460822122020F00FFE054688B185
:10F8600008210C301EF0D4FB22880280628842807E
:10F87000A2888280E288C28029463046BDE8704076
:10F8800020F046BE6FF00B0070BD00BF0C72002070
:10F8900023281FD81A2804D8431E182B0ED9062057
:10F8A0007047A0F11B03082B1ED8DFE803F0051DED
:10F8B0001B231D19251D0500032070470F4A012336
:10F8C00083401A40C2B90E4A1A40002A0CBF0620D3
:10F8D0000120704700F07F03522B05D100207047B4
:10F8E000012070470520704710F0400F14BF002022
:10F8F000062070470420704702207047AAAA8A0297
:10F90000545545012DE9F74F054608468946FBF752
:10F9100057FC274FD9F80C6018234343FA180446C4
:10F9200091680191BFF35B8F686DBFF35B8FC10777
:10F930003BD5D9F80C00007810710022FA503378CA
:10F94000D22B0ED12B684946186822F09FFA40B19D
:10F9500001904846FBF7D4FC019B184603B0BDE874
:10F96000F08F18235C4307EB040800231A4649462E
:10F97000281DD9F80C60D9F814B0B9F810A0C8F84F
:10F98000085020F090FD03460028E6D0D9F8142056
:10F99000A9F810A0A6EB0B0612FA86F6019AC9F890
:10F9A0000C603851C8F80820D7E76FF01503D4E78A
:10F9B0002839002070B50E46438D418B8B4202F1F1
:10F9C000010228BF0B469A42054632D83046FFF75F
:10F9D0005FFF6FF01403034113F0010310D0FBF736
:10F9E000FDF9154B1958154BD3F8883099421ED0A4
:10F9F000134B1B685A1A18BF4FF0FF32134601E031
:10FA00004FF470220F480021FFF73CFE044660B11E
:10FA1000FBF7D6FB0C4B182202FB0033012104F14B
:10FA20000C009D601EF0F4FA0670204670BD0022A6
:10FA3000E4E70024F9E700BF08000000F01F002001
:10FA400070390020C00C002028390020011F014817
:10FA500028F01BB8700A0020F8B54FF47022074652
:10FA600000230D480E461EF03CFA044690B100F10A
:10FA70000C05092128461EF0C0FA2046FBF7A0FB22
:10FA8000064B182202FB0033012128469F601EF01E
:10FA9000BFFA06702046F8BDC00C002028390020AF
:10FAA00008B5EFF31181202383F31288BFF36F8F22
:10FAB000002303600C4B5A689AB9C3E9000081F334
:10FAC0001188BFF36F8F094819F036FF002807DA55
:10FAD000002383F31188BFF36F8F0323184602DFDF
:10FAE00008BD10605860EAE7203900206C0600204D
:10FAF0007FB5CB681D8804468DB15E8876B1AE4275
:10FB00000DD31022002168462AF07CF805212046FA
:10FB1000FFF7A2FF019058B9112007E035460123F5
:10FB20002A460421204620F0E4FE002004B070BDE7
:10FB30006B463146084A0094284620F0F7FEDDE97E
:10FB4000011323B90846FBF7DBFB0A23E8E720464D
:10FB500020F0F9FDE9E700BF6307050010B500F1EB
:10FB600050030446BFF35B8F53E8001F41F00101CF
:10FB700043E80012002AF7D1BFF35B8F201F20F06B
:10FB80004CFE04F17400044928F0C1F92068BDE876
:10FB9000104001F00BBD00BF950E0500F0B51D46ED
:10FBA000036885B004460E4618680121174621F007
:10FBB00062FE38B904F1540020F0DCFE50BB122084
:10FBC00005B0F0BD65B31022002168462AF01AF88E
:10FBD00039462046FFF740FF029018B3BDF82830A1
:10FBE000ADF8043001238DF80C3029466B460E4ADF
:10FBF0000094284620F09AFE9DF80C3002995BB1E3
:10FC00000846FBF77DFB9DF80C302A46314620461E
:10FC100020F06FFE0020D3E7204620F094FDF9E7A6
:10FC20000120CDE71120CBE7110D05002DE9FF41A3
:10FC3000036804460D461868012121F01CFE40B9F6
:10FC400004F1540020F096FEA0BB122004B0BDE8E1
:10FC5000F08110220021684629F0D4FF0F212046B0
:10FC6000FFF7FAFE029038B3009405F10C074FF04D
:10FC700001082B8A012B04D80299204620F063FD4D
:10FC800018E038461EF015FA6B460C4A8DF80C80C9
:10FC90000146064620F04AFE9DF80C30002BE8D0C5
:10FCA0000298FBF72DFB9DF80C3032460E212046C2
:10FCB00020F01FFE0020C9E71120C7E7110D050045
:10FCC0002DE9FF41036804460D461868012121F023
:10FCD000D2FD40B904F1540020F04CFEA0BB12202C
:10FCE00004B0BDE8F08110220021684629F08AFFA7
:10FCF00021212046FFF7B0FE029038B3009405F1B1
:10FD00000C074FF001082B8A012B04D802992046DA
:10FD100020F019FD18E038461EF0CBF96B460C4A6E
:10FD20008DF80C800146064620F000FE9DF80C3050
:10FD3000002BE8D00298FBF7E3FA9DF80C3032462E
:10FD40002021204620F0D5FD0020C9E71120C7E77B
:10FD50008D0C05002DE9F0430F4687B004460621BF
:10FD600007F10C001EF095F90588EDB1B0F802809E
:10FD7000B8F1000F17D0A84516D3002382888DF85C
:10FD800000308DF8043001A94FF420536846D7F8AD
:10FD90000C90ADF80220ADF806301FF0F9FA0646D7
:10FDA00060B10A2301E0454601232A460621204688
:10FDB00020F09FFD002007B0BDE8F083014614222B
:10FDC00001A83F7C29F01EFF07212046FFF744FED3
:10FDD0000290D8B10A238DF81530414601AB0C4A88
:10FDE00001942846CDE903698DF8147020F09EFD3A
:10FDF0009DF8153002992BB10846FBF781FA9DF862
:10FE00001530D2E7204620F09EFCD3E71120D2E740
:10FE1000410A05002DE9F0410E8A043EF6B2022E99
:10FE200004468CB0084601D0102E76D104210C3047
:10FE30001EF02FF90DF1040805884788011D324690
:10FE400040461FF0D2FA002869D085B377B3BD428F
:10FE50002DD86068012121F00EFD064678BB8DF893
:10FE6000000042F6020369464046ADF802301FF03A
:10FE70008FFA20B342F6030306A940468DF81860B6
:10FE8000ADF81A301FF084FAC8B1012D03D14FF636
:10FE9000FF739F4213D004F1540020F06BFD002843
:10FEA00014BF002012200CB0BDE8F0813D460123B4
:10FEB0002A460821204620F01CFD0020F3E71822E6
:10FEC00000210DEB020029F09DFE09212046FFF7DD
:10FED000C3FD0890F8B101210C30CDE906481EF0B1
:10FEE00097F80023099003700A238DF82C303946C7
:10FEF00006AB0C4A284620F019FD9DF82C300899D5
:10FF00002BB10846FBF7FCF99DF82C30D0E72046D2
:10FF100020F019FCD1E71120C5E70420C3E70E202B
:10FF2000C1E700BF250203002DE9F0410E8A043E1F
:10FF3000F6B2022E04468CB0084601D0102E64D1D1
:10FF400004210C301EF0A5F80DF10808058847883B
:10FF5000011D324640461FF048FA002857D0A5B38D
:10FF600000268FB3BD4230D84FF4205301A940463C
:10FF70008DF80460ADF806301FF00AFA48BB142271
:10FF8000002107A829F03EFE11212046FFF764FD5D
:10FF90000990002837D001210C30CDE907481EF028
:10FFA00037F800230A90394603701A4A0B93284603
:10FFB00007AB20F0BBFCDDE909131B78FBB9084651
:10FFC000FBF79EF90A2301E03D4601232A46102152
:10FFD0000EE042F6010307A940468DF81C60ADF81B
:10FFE0001E301FF0D5F90028C9D010232A46194623
:10FFF000204620F07EFC00200CB0BDE8F0812046B9
:020000023000CC
:1000000020F0A1FBF7E71120F6E70420F4E70E202B
:10001000F2E700BF6D010300F0B51D4603680E4610
:10002000003987B0044618BF01211868174621F02F
:1000300022FC40B904F1540020F09CFC002844D07C
:10004000002007B0F0BD002D41D0182200216846E5
:1000500029F0D8FD47BB23681E4A1B680093002384
:10006000ADF812300C9B0393BDF83430ADF810306E
:1000700001238DF8143029466B4628468DF8086018
:1000800020F054FC9DF81430C3B1002FD8D0019853
:10009000FBF736F9002ED3D09DF814302A461221F2
:1000A000204620F026FCCBE7002213212046FFF754
:1000B00081FC01900028CED11120C2E701990029CE
:1000C000BED0204620F03FFBBAE71220B9E701205E
:1000D000B7E700BFD50605002DE9F0410B8A0446BD
:1000E0000D46002B3AD00668012105F10C001DF0E9
:1000F000D0FF737B072B074630D154F8043C6BB319
:100100000178194E043C002316F8330088424FEA68
:10011000C30806EBC30211D1298A5378994220D330
:10012000536829462046984703464644B278012A38
:1001300014D19BB1397889B100220CE001330C2B2A
:10014000E2D10846FFF7A4FB2122C24012F00102CF
:1001500004D119B10623204620F0CBFB0020BDE8D6
:10016000F0810423E1E700BF24A805002DE9FF4149
:1001700005460E464FF000084FF4205300681768FC
:100180008DF8088002A91446ADF80A301FF000F976
:10019000A0B142F6010328688DF80C8003A9ADF8E0
:1001A0000E301FF0F5F848B123691BB15A88B242EE
:1001B00000D25E80012004B0BDE8F081616828684B
:1001C0001FF0E6F810B100232361F3E7E368A068AD
:1001D0001A786AB1B7F82AC0798B038A8C4594BF24
:1001E000C3EB0C03C3EB0103934201DA0020E2E707
:1001F00004210C301DF00CFF2061068023695E8015
:10020000074B00930194A26800232946384620F04A
:10021000B4FC0028EADB2069003818BF0120CAE7D7
:10022000D30805002DE9F34717680546894600689D
:100230005168D7F804A014461FF0AAF88046002899
:100240004BD195222946504621F010FA06462075DA
:1002500040B1E3681B780BB184F81480002002B031
:10026000BDE8F0872946504621F03FFB10B908232E
:100270002375F3E7A06826751DF066FE02210C3099
:100280001DF0C6FE164B2061A0F80090009301946B
:10029000A26833462946384620F06FFC002807DA6A
:1002A00010F1FF0F26BF4042C0B20E202075D5E7E7
:1002B0002369002BD2D0A06820F095F97B8B7A8D32
:1002C0009A4294BFC0EB0200C0EB0300E3681B78C6
:1002D000984294BF00200120C1E70120BFE700BF82
:1002E000F7050500F7B5002304460E462B4800220B
:1002F000694618F01FFF0546D0B9FAF76FFD284B85
:100300001A58284B00981A6029462C2229F07AFCAA
:10031000009B25481C60009C0195C4E90155C4E977
:1003200009550022002301A918F004FF054620B159
:100330006FF00B05284603B0F0BD0146B0220198CE
:1003400029F060FC0198194B83605C3027F08DFC2C
:10035000019BBFF35B8F543353E8002F43E80051F8
:100360000029F9D1BFF35B8F019B1C60636A019F79
:100370001BB904F10C0027F078FC626AC7F8A820CA
:10038000A26A07F1A803636202B9A362019B172264
:100390005A855A8304333360CCE700BF540A0020E7
:1003A0000800000070390020700A00204406002078
:1003B0002DE9F74F0646EFF31187202383F31288C8
:1003C000BFF36F8F434D284620F003F92B6800934D
:1003D000044687F31188BFF36F8F002860D0FAF7C7
:1003E000EFFE3D49182202FB00F3C81851F803B094
:1003F000036901930021D0E9025790F80480B0F816
:1004000006A029F0FFFBA07AFAF7D2FE61698146C7
:1004100051B1627AD00705D4D9F824201268204659
:1004200092689047002262612146484627F066FCA8
:10043000B8F1000F24D01DB32B680BB31B68FBB1C0
:10044000BBF1000F1CD1281D20F092FC4046FFF7A5
:100450001FFA052814D8DFE800F02603132613033B
:10046000BFF35B8F6B6DBFF35B8FDA0708D5AB6DA6
:1004700033B14FF47022002305F1780019F000FB2E
:10048000009B6BB13146002027F010FD002807DAF1
:10049000002383F31188BFF36F8F0323184602DF15
:1004A00003B0BDE8F08F2B68D3F80080BFF35B8FFB
:1004B0006B6DBFF35B8FDB07E2D5002FE0D000242C
:1004C00003E001994046B8470134A3B25345F8D33D
:1004D000D6E700BF203900202839002007B50B4699
:1004E00002460021FAF77AFC01910E4909580E489C
:1004F0000068884204D00D48D0F88800884201D1B5
:100500000022134601A90A4818F014FE014638B922
:1005100001981C2229F076FB019803B05DF804FBDA
:100520000020FAE70800000070390020F01F0020CA
:100530008C0A002010B50446806818B1FAF7E0FE76
:100540000023A36021460248BDE8104027F09DBA71
:100550008C0A00202DE9F743044678300F46904678
:100560001E4627F0E2FCA06D48B9201D00F028F8D7
:100570006068132103B0BDE8F0431FF016BE0F4BB7
:1005800098424FF0000317D045684360A06DD0F843
:100590001890FFF7CFFF00232068A36520F06AF8CA
:1005A0003DB12068CDF80090006843463A46314698
:1005B000A84703B0BDE8F0831D46ECE7743900207E
:1005C000F7B550F8044C0546002C59D000F1A401B1
:1005D00004F1240020F0B5F92E1F05F15807002280
:1005E0000023384618F066FF024678BB6B6D2BB1CE
:1005F00001466FF067033046FFF7ACFF002345F874
:10060000043C05F15003BFF35B8F53E8001F21F05A
:10061000010143E80012002AF7D1BFF35B8F636A40
:1006200073BB04F10C0600220023304618F042FF91
:1006300078B9666886B913482660214627F025FAFE
:10064000286803B0BDE8F04001F04CB8FAF758FE56
:10065000C5E7FAF755FEE6E7A2683368636096429D
:1006600008BFA36077683FB1B36900930023206897
:100670001A466FF06701B8473046FFF75BFFD8E7CF
:1006800003B0F0BD540A0020F8B51D460F461646CB
:10069000FAF796FD044C182303FB0040C0E90376EB
:1006A0000123C3800575F8BD2839002010B5044921
:1006B000144618461022A04700EAE07010BD00BFA3
:1006C00068140020F8B50B4D06460F46002415F8B7
:1006D000013CB34207D12946384620F0C0FC10B196
:1006E00005482044F8BD1034402C05F11005EED12A
:1006F0000020F7E7A9390020A8390020F8B50B4DF4
:1007000006460F46002415F8013CB34204D12946A1
:10071000384620F0A4FC30B90C34302C05F10C051F
:10072000F1D10020F8BD02482044FBE7F913002076
:10073000F8130020F8B50B4D06460F46002415F8B7
:10074000013CB34207D13946284620F088FC10B15D
:1007500005482044F8BD0C34302C05F10C05EED1D1
:100760000020F7E72B7100202A71002038B50E4BCE
:10077000144682689A420D4611D122792168C068D8
:1007800020F075FC58B1D4F8C8302F2B09D804EBF1
:1007900083020133158101895181C4F8C8300120D9
:1007A00038BD0020FCE700BF790B030070B5204B7B
:1007B000144682689A420FD1A568C66875B9227935
:1007C0002168304620F053FC024628B11949013017
:1007D00020F07AFC15701581012070BDE0680028BA
:1007E000FBD02B888B420AD0F6D2E068A368013890
:1007F0000433E0600038A36018BF0120EDE72568EE
:1008000022792946304620F032FC024660B9094977
:10081000304620F02CFC02460028E6D02946013064
:1008200020F052FC23791370A3685B881381DCE706
:10083000790B030013F80500F8B50C4C05460026AB
:100840002746621C65B90A49104620F008FC28B901
:100850000136042E04F11004F2D100273846F8BD09
:10086000217828461FF013FDF1E700BFA8390020CA
:1008700013F8050010B54A1C0C4628B109781FF082
:1008800006FD30B1204610BD0349104620F0E7FBBD
:10089000F7E70020F7E700BF13F805002DE9F04166
:1008A00006460F4690461FF07CF850B33946304656
:1008B000FFF724FF054678B9134A0446104620F096
:1008C0000AFCC0B90C225443104A601C394610443B
:1008D00020F0FAFB1655A518012101FA08F105F1DF
:1008E000080020F0D3FBBDE8F04109484FF4004276
:1008F000002319F0C5B80134042C02F10C02DDD13B
:10090000EAE7BDE8F08100BF00140020F8130020E2
:10091000281400202DE9F04180460F4616461D465A
:10092000FFF708FF044648B91649FFF703FF0446DE
:1009300030B300F8018B394620F0C6FB23899BB900
:1009400062899AB926816581254615F8010B2946E9
:100950001FF027F8A0B12246294612F8080BBDE87F
:10096000F0410423FCF71CB89E4204D36289AA42DA
:1009700006D29E42E7D263892681AB42E4D2E2E707
:10098000BDE8F08113F805002DE9F043894685B0F4
:1009900017469846044628B96FF01505284605B055
:1009A000BDE8F08302A91EF0CDFC05460028F3D176
:1009B00001A920461DF032F9019808B30A22294600
:1009C0001BF054FD0228E7D8C6B202A93046FFF753
:1009D000B1FE0446B0B9B9F1000FDFD01049FFF7FE
:1009E000A9FE0446C0B100F8016B02A920F06CFB1F
:1009F000042204F108014046B84700EAE075CDE75B
:100A00002E46E2E7B9F1000FF2D1C0F80090C0F82D
:100A10000490C0F80890C1E76FF00B05BEE700BF77
:100A200013F8050038B5094B154682689A420AD179
:100A3000C46829680134204620F011FB18B16968A8
:100A4000204620F041FB012038BD00BF790B030098
:100A500008B513468168074A914209D11A79196885
:100A6000C06820F004FB18B10023036043600381D9
:100A7000012008BD790B030002484FF4A472002343
:100A800018F0FEBFF014002008B50421084820F03B
:100A9000FDFA07486FF0020120F007FB044820F040
:100AA0001AFBC30701D5FFF7E7FF002008BD00BF11
:100AB00020150020024608B50849013020F004FB4B
:100AC000002313720C32BFF35B8F52E8001F42E821
:100AD00000300028F9D1BFF35B8F08BD13F8050083
:100AE0002DE9F041214B154682689A42074602D112
:100AF000C4686389E3B90120BDE8F08105F170089D
:100B0000287A41461EF04DFF68B9194B9C4202D12C
:100B1000284620F071FB1749304620F0D5FA002313
:100B20002370238119E04146304620F0CDFA14E0CD
:100B3000238993B12646284616F8011B32461FF03A
:100B4000A6FB0028DAD120783146FEF767FC20B1F9
:100B5000457BFEF795F8072DCDD0E3680021618134
:100B6000002BC8D038469847C5E700BF790B030073
:100B7000A406002013F805002DE9F0471F46BDF834
:100B80002030D1F80C9006468846002B46D17B1EBB
:100B9000012B46D8012F49460CBF15781588FFF761
:100BA00069FE044678B915B93846BDE8F08749466C
:100BB000FFF760FE0446B8B306F17001013020F083
:100BC00083FA337A2370D9F81030DBB9B4F808A06F
:100BD0002581B9F80A30AB4203D04946404620F09F
:100BE00080FAAA4505D0307A002206F17001FFF79D
:100BF00055FE002DD8D10E49601C20F065FA2570F5
:100C00002581D1E72A464146304698470028CCDB6B
:100C100001380128DAD96FF00D00C6E76FF0060041
:100C2000C3E76FF00C00C0E76FF01000BDE700BF36
:100C300013F8050008B51248012120F027FA10F03A
:100C4000010F104B0AD1104A9A610D4820F043FA67
:100C5000830713D4BDE80840FFF70EBF1A8B588BEB
:100C6000012A4FF6FF7205D8904207D04FF6FF7267
:100C70005A83EAE790421983E7D0F7E708BD00BF3F
:100C800020150020D01400200100FFFF70B50B4C90
:100C90000025661C0A49304620F0E1F9014630B9CA
:100CA000204620F03FFB2078314620F0CBFA01357A
:100CB000042D04F11004ECD170BD00BFA839002050
:100CC00013F8050010B56FF0020104460E4820F03D
:100CD000ECF90D4820F0FFF9C20704D50B480022BB
:100CE000002318F0CDFE204620F071F958B12046BF
:100CF000FFF7A2FD38B1037ADB0704D5BDE8104049
:100D0000012120F01FBB10BD20150020F014002091
:100D100010B51B48012120F0B9F9C3072ED40221D8
:100D2000174820F0B3F9084007D11649164A0B8836
:100D3000164CA2421CD300B10B801549154827F070
:100D4000E6F84FF4A47200231248FBF7F5FE1249AF
:100D5000124827F0DCF80221114820F097F91148D9
:100D6000114927F0D4F8BDE810401048FEF73EBC0A
:100D7000506803449BB208320120DAE710BD00BF7F
:100D8000E83900205A71002040A2050060A2050049
:100D9000BB1505007814002075130300F014002023
:100DA0002015002028140020531605007C06002082
:100DB0002DE9F041034648B1008A38B91249DFF8FD
:100DC0004CE001244FF0140C714501D3BDE8F081D3
:100DD000D1E90076BB4204D30CFB0672143A93426D
:100DE0000ED93444A2B208311446EDE70CFB057865
:100DF000434507D001356219AE4292B2F6D1F2E70F
:100E00000025F8E71046E1E740A2050060A20500D2
:100E10002DE9F74FBDF83050009199464FF6FF731A
:100E2000002D08BF1D46244B1B8883420746904671
:100E30003CD203B0BDE8F08F73682344BB4232D28A
:100E40009CB208361D4B9E42F6D3F2E789580193B7
:100E500040461EF09DFA019B90B101340AF1010A4F
:100E6000A4B273685345ECD9009B9C42E1D8BC42C4
:100E7000F3D331680BFB0AF28B18B8F1000FE5D100
:100E8000B9F1000F0BD1013DADB218460E9A0D9B82
:100E900021469847002DCCD00028DED1C9E7DA687A
:100EA0009145DAD1EFE74FF0000ADAE7044E01246A
:100EB0004FF0140BC6E700BF5A71002060A2050076
:100EC00040A2050010B59EB010220021684628F00F
:100ED00099FE142200210DEB020028F093FE4FF43E
:100EE0001053ADF810301F4C8023ADF81230102293
:100EF0004FF48063CDE9063469461CAB0DEB02006C
:100F000027F037FE014658BB48220AA828F07AFE8F
:100F10001C9922460AA827F02BFF08BB124A0AABED
:100F20004FF6FF71012020F03DFB104904AB102269
:100F30000AA827F03BFF04461C9827F050FD7CB917
:100F40000A4B082203F11001187811F8014D03F83B
:100F5000014B013A0870F7D10548082120F096F8B6
:100F60001EB010BD0002C0037F12050058140020FF
:100F7000201500202DE9F0411949BDF818700446EC
:100F8000A1F1300015461E4626F0E2FF154820F07C
:100F9000A2F8010707D4FFF795FFFFF777FE124885
:100FA0001021FBF73FFD2046FFF746FC68B1037AAE
:100FB000DA070AD500F10C04204620F08CF8C307AC
:100FC00003D40221204620F061F8102306933A460C
:100FD00031462846044BBDE8F04120F09AB800BFE6
:100FE000A8140020201500205814002010B51B481C
:100FF00020F071F8C0F3C00080F0010408B9FFF7D9
:1010000061FF164820F067F80346144820F063F8A3
:10101000DA0621D5830608D5F4B1FFF737FEBDE81F
:1010200010400F481021FBF7FDBC20210B4820F099
:101030002DF80B491022881828F0ECFD48B9094812
:1010400026F073FFBDE8104004486FF0010120F066
:101050002CB8FFF7EFFDE0E710BD00BF2015002022
:1010600058140020F014002008B51021034820F087
:101070000DF8FFF7BBFF002008BD00BF20150020C2
:101080002DE9F041B8B00C46164621493E986A4613
:101090001F461CF09FFD002836D0009D01A9284660
:1010A0001CF0BCFD65B3019830B10A2200211BF091
:1010B000DDF9022824D8C0B20DF108088DF814001B
:1010C000414628461EF03EF90546C8B9CDF81080C5
:1010D000A4B1C02208A93846B047041E12DBA408F8
:1010E00008ABCDE906340B4A04AB4FF6FF71012083
:1010F00020F058FA284638B0BDE8F0812346F0E7E2
:101100006FF015042546F5E76FF01505F2E700BF0F
:1011100035C60500AD07030030B5B5B00023019119
:101120008DF8080033930A4A01AB04460D460120AE
:101130004FF6FF7120F036FA339B3BB19B0003AAB8
:1011400029462046FBF758FC35B030BD1A46F7E774
:101150006D0703002DE9F34100F17008CDE900129D
:1011600004460F46007A414616461EF01AFC0F4A06
:1011700005466B464FF6FF71012020F013FA1DB1B2
:10118000207A4146FFF7C8FF207A3946FFF79AFADE
:1011900040B1314601301FF097FF1DB1207A414622
:1011A00020F050F802B0BDE8F08100BF250A03002E
:1011B00007B500230193FFF7FBFD411C89B20846E8
:1011C000034A01AB20F0EEF9019803B05DF804FB8F
:1011D0001F1005002DE9F8431546894694226968D9
:1011E000064620F043FA8046002842D16968022270
:1011F000304620F076FA00283ED04FF470200021CF
:10120000AF8AFFF76BF90237044680B11C4B476188
:101210001D214174C0F80C80436085613A46304618
:101220001FF011FE074638B92046FFF783F96FF02B
:101230000B052846BDE8F883012342464146FFF7E7
:1012400023FAA98A07F10C0002311CF0E1FE20F814
:10125000029BAA8A296928F0AEFCA7602146304685
:101260001FF098FE05460028E3D02046FFF762F9FC
:10127000DFE74FF0FF35DCE76FF01505D9E700BF7A
:101280002510050070B504468AB037481FF023FFCB
:1012900042070D4661D514B1637B072B60D16E68A0
:1012A00005963046FFF784FD2A68ADF8180032B382
:1012B00005A902912D4901910121002300914FF6CA
:1012C000FF710593FFF7A4FD059E1EB96FF00100A5
:1012D0000AB070BD6E60002330688DF8103004A92C
:1012E00042F60303ADF812301EF052F870B90598BB
:1012F000C3689B799B0605D46FF01500E8E70028CA
:10130000E9D1E3E720F007F9ADF81800BDF81800BF
:101310003CB101230146AB752A462046FFF75AFF30
:10132000D6E76FF07F0307930223ADF8203042F633
:101330000213ADF8123005ABAC7502930C4B019360
:101340000123009304AA23464FF6FF7109958DF8F7
:101350001040FFF75DFD0798BAE76FF00A00B7E7A6
:101360006FF07F00B4E700BF8C0100205310050030
:10137000A514030073B500F13005044650F8083C8D
:101380000193A0F120066FF0010128461FF08DFEA9
:101390000D4B44F81C3C0D4B44F8183C01AB0020AD
:1013A00044F8103C042324F8080C24F8060C24F814
:1013B0000C3C3146FFF766FF18B9022128461FF0A2
:1013C00065FE02B070BD00BFC0A80500C50C0300DB
:1013D0002DE9F0412D4B164682689A42054623D1ED
:1013E000C76834683B89FBB13A46204612F8011BB6
:1013F0001EF04DFFC0B14FF495722946204620F0F3
:1014000035F9A0B103280FD0052820460CBF4FF0B6
:1014100003084FF002081EF034FF804507D93379E6
:10142000434501D286F804800120BDE8F0813946A9
:1014300028461FF056FE164B9F42F5D1207A04F144
:101440007001FFF777F905460028EDD0038913B93D
:101450004389002BE8D02046FDF716FD0D4B2A8965
:1014600023F8202003EB80036A890B495A80182255
:1014700002FB0011094A4A600B61094A8A60042391
:1014800020468B82FFF7FEFECEE700BF790B0300FC
:10149000A40600202671002090390020C0A8050075
:1014A000E91305002DE9F0413C4B154682689A424C
:1014B000074603D001273846BDE8F081D0F80C80FC
:1014C000374B984512D0B8F80820AB899A42F1D131
:1014D000414611F8010BFDF7A1FF06460028E9D0AF
:1014E000437B072B22D0FDF7CBFBE3E72D4C0026F7
:1014F0002D4920461FF0B3FD78B914F8010C0722DE
:101500002146FDF7A5FF70B92B6914F8010C1A6983
:10151000214653881288FFF7FDF90136042E04F1A5
:101520000C04E5D1CFE7FDF7ABFBF6E7D8F81430B4
:1015300023B13946984708B93046D4E73946942252
:10154000304620F093F807460028F5D1AB89022BEE
:1015500015D1B8F808309A071ED52A69A9883046EF
:10156000FFF738FE044618B92A69937D0133937555
:101570003046FDF785FB002CAC609CDB9AE7012B25
:101580000AD1B8F80830DB0706D52A69A9883046A1
:1015900020F03AF90446EBE73C46E9E7790B030013
:1015A000A40600202B71002013F8050070B58EB042
:1015B00000F17005044603900123007A8DF8103085
:1015C00029461EF0EEF990B1227A1AB302AE042138
:1015D00030461BF080FC00960F4A24212B4605A8BC
:1015E000FBF72CF905AA0D491046F8F76FFE4FF6E8
:1015F000FF710B4A03AB01201FF0D4FF20461EF001
:1016000040FE9DF81010884202D220461EF004FED3
:101610000EB070BD0092DFE738C6050081100300F0
:10162000D11303002DE9F0410D4B1B6806460F4610
:10163000904623B153F8044904B1043C0BB9BDE80A
:10164000F0811B681BB142463946304698472CB1A1
:10165000656805B1043D23462C46EFE72546FAE7C9
:10166000EC39002013B50A4A009004464FF6FF718A
:1016700001206B468DF804001FF094FF00212046E6
:1016800020F0F9F808B9FFF7D5FA02B010BD00BF95
:10169000D113030037B5124A009104460D468DF868
:1016A00004006B464FF6FF7101201FF07BFF2946B7
:1016B0002046FBF7AFF9002810DB294620461FF033
:1016C0008CFD29462046FEF7FDFF08B1FFF7F2F931
:1016D00029462046FBF788F900EAE07003B030BDE8
:1016E000510A030073B5044603461A4A4FF6FF71C8
:1016F000012004F170061FF055FF207A31461FF0DB
:101700006EFF207A31461EF04CF950B1237A8DF8E5
:101710000430114A00966B464FF6FF7101201FF00E
:1017200041FF2046FFF788F8054688B1207A314608
:101730001EF037F928B9284602B0BDE87040FFF71F
:10174000B9B93146681C02B0BDE870401FF0BCBC9E
:1017500002B070BDE10A0300510A03007FB54FF4E7
:101760002052ADF8162004AA02920B4A0023012051
:10177000CDE900324FF6FF7105AA04938DF81430BD
:10178000FFF746FB049B012B14BF6FF015000020F0
:1017900007B05DF804FB00BFF3180500064BD3F853
:1017A000EC0028B9054AC3F8F020EC330B60704711
:1017B0006FF00B00704700BF2815002038A9050006
:1017C00008B501460448044B20F0B1F8043B00285A
:1017D00014BF1846002008BD2C15002010B50C4A77
:1017E00011680C4ABFF35B8F00F5B87353E8004FE4
:1017F000944204D143E8001CBCF1000FF6D1BFF3C2
:101800005B8FBFF35B8FD0F87001BFF35B8F10BDB0
:10181000CC3800202815002008B5FFF7DFFFB8B14D
:10182000036843B1426832B1826812B90B4A127838
:101830003AB904200BE0094A127812B10BB1826860
:1018400042B9426842B9002B14BF0020032008BDF2
:101850000320FCE70120FAE70220F8E70D720020E0
:1018600038B5051D04460821284620F0C0F8064971
:1018700004F15700FDF788F820B12846082120F030
:101880008FF8082038BD00BF691F050038B5EC226D
:101890000546002128F0B6F9102105F127000BF0CC
:1018A000CDF9044648B90521284620F0A0F8FDF7F7
:1018B0005BF8034B1860204638BD0824FBE700BFE7
:1018C000F439002070B50E4686B00446FFF786FF57
:1018D000F36804F137020546114603F1100053F88E
:1018E000046B41F8046B8342F9D1237A052B40D86D
:1018F000DFE803F0172323033F6502AB454900935C
:10190000096804F1270304F1570001F0B1F880BB26
:101910000A21201D20F06BF8AB680299D4F8EC0086
:10192000984720460D2120F062F8201D102120F05C
:101930005EF8204620F0B3F819E094F8DC10D4F8F3
:10194000D83002ADCB403349009503F0010309685C
:1019500043F0800304F1570020F0A5FC48B91022A1
:10196000294604F1170028F055F920B1042006B0EB
:1019700070BD0820FBE70321204620F038F820F056
:101980008EF80028F5D194F8DC300133DBB2142B4B
:1019900084F8DC3009D10D21204620F028F81021F0
:1019A000201D20F024F80020E1E7102104F1270099
:1019B0000BF044F9003818BF0120C000D7E7102110
:1019C00004F127000BF03AF90028D2D105B3EB68F7
:1019D000F3B1114BE27A1B88ADF80830A37C12F00A
:1019E000010F08BF0320DB0703D5002814BF012027
:1019F00002200023C4E938338DF809000C21201D92
:101A00001FF0F5FFEB68D4F8EC0002A99847CAE78D
:101A10000220ACE7F439002064A3050073B5047A12
:101A2000022C054623D844B190F8DC30D0F8D840D9
:101A3000DC4004F0010444F080040321284620F037
:101A40000FF80646A8B110210C301CF0E1FA009006
:101A500010482346006805F1270205F1570120F0E0
:101A600022FC044650B13046F9F74AFC01E0032C51
:101A700002D0082002B070BD0024DEE702463146E5
:101A800028461FF09EFF281D21461FF089FF204693
:101A9000F0E700BFF4390020F7B50446FFF79EFEDB
:101AA000261D05460E2130461FF041FF38B9484B30
:101AB0002022196804F1570028F0ACF898B30C21E3
:101AC00020461FF0CDFF074668B340210C301CF0C4
:101AD0009FFA3F4B1B680246014603F1200053F872
:101AE00004CB41F804CB8342F9D1203203F1200129
:101AF00053F8040B42F8040B8B42F9D1002239460B
:101B000020461FF05EFF237A052B0CD8DFE803F098
:101B1000033D0E030B5A042120461FF068FFFFF718
:101B20007DFF002840D0082003B0F0BD2046D4F847
:101B3000EC70FFF753FE042105464FF0FF330DEB29
:101B4000010001930BF07AF80028ECD1019B214AA7
:101B5000B3FBF2F102FB11330193C4F8D83084F8DF
:101B6000DC0055B12B6843B10B2130461FF03FFF1D
:101B70002B68D4F8D81038469847032120461FF028
:101B800036FF0E211FF033FF0EE0204603211FF029
:101B90002EFF0E211FF02BFF30460A211FF027FFDA
:101BA0006B68D4F8EC009847304607211FF01FFF00
:101BB0000820FFF705FE40B9204603B0BDE8F0401D
:101BC000FFF74EBE04212046DCE70020ACE700BF53
:101BD000F439002040420F0070B50E460546FFF76D
:101BE000FDFDF36805F15704224603F1200153F887
:101BF000040B42F8040B8B42F9D105F1770203F193
:101C0000200153F8040B42F8040B8B42F9D1204613
:101C1000FCF71AFE18B3281D0E211FF0E8FED5F8B8
:101C2000EC40D4F8A40080B9207A04F1700100F0EF
:101C30008FFCC4F8A40040B9104B1C68B4B9281D2F
:101C400006211FF0D4FE204608E0438A03F0240357
:101C5000002BF1D0437C9B07EED4032070BD2046BF
:101C6000FCF7FEFD0028E7D10B20F7E72846FFF739
:101C700013FF003818BF0120C000EFE7F43900203F
:101C800038B512490446A0F1EC05543026F03FF96E
:101C9000284620F047F8BFF35B8F0D4A04F1840318
:101CA00053E8001F43E800200028F9D1BFF35B8F01
:101CB000BFF35B8F88344FF0FF3354E8002F44E8C4
:101CC00000310029F9D1BFF35B8F38BDA720050093
:101CD0002815002038B5174B1B78054623B301F0B3
:101CE0000F042846FFF798FD134A03280CBF04F0A1
:101CF0000B0444F0040405F5BA731278BFF35B8F4C
:101D000053E8001F013103D143E800200028F7D138
:101D1000BFF35B8FBFF35B8FD5F87431BFF35B8F7D
:101D20002BB144F0010038BD01F00704D9E704F0FD
:101D3000FE00F8E70D7200203F0A0020F8B50D46BE
:101D4000D0F8EC700446FFF749FDED68EB78102BF6
:101D500001D00620F8BDD7F8A430002B73D0261D83
:101D60000F2130461FF0E3FD20B92046FFF78EFD1E
:101D7000002871D1012363722B68C4F80A30AB8844
:101D8000E38102232374A9782046FFF7A3FFE074C0
:101D90002046FFF741FD1023607423752B7903F073
:101DA000030363756B7903F00303A375E37C1A07E0
:101DB00054D4052130461FF0BAFD00285ED0584BA0
:101DC0001B78A374E37C980606D5AB78990603D5F7
:101DD000142130461FF00BFEE37CDA0750D5AB78B8
:101DE000DB074DD50D2130461FF001FEA37D84F8A1
:101DF000E830637D84F8E930032130461FF0F7FDB9
:101E0000237BE17C2D7803EA0102100704D5E27AF6
:101E1000A07C0243D20737D4042D37D80B4313F0EC
:101E2000040307D02046FFF7F7FC3E4B05EB850582
:101E30002B441B5C2372D7F8A41020461FF080FDB2
:101E400030BB032086E7387A07F1700100F080FB91
:101E5000C7F8A400002882D108207BE7AB781B07D5
:101E6000A7D5052130461FF0C2FD637D03F00203B4
:101E70006375A37D03F00203A3759AE72A4B9FE7DE
:101E800000236375A375B1E70523D3E70023D1E7EA
:101E9000D4F8EC309B7A032B34D023D8013B012BB0
:101EA000DAD8052130461FF042FD0028C9D00C21A8
:101EB00020461FF09CFD02211FF0D2FD05460028A0
:101EC000CAD006210C301CF0A3F8D4F811300360FE
:101ED000B4F8153083800022204629461FF071FD9A
:101EE000002037E7042BB7D1237D627B934228BFC4
:101EF0001346102B7FF42DAF052130461FF017FD40
:101F000000289ED0237A002B9BD0052130461FF05D
:101F10000EFD0028C5D1237A013B012BC1D890E7E3
:101F20000F720020E0F805000E7200202DE9F0414C
:101F3000C778012F044604D06FF015042046BDE891
:101F4000F0811FF0EDFC0546002800F0A980061D79
:101F5000042130461FF0EBFC002840F0A480032150
:101F600030461FF0E4FC10B16FF00F04E6E739468D
:101F700030461FF0DCFC0028F6D12846FFF72EFC87
:101F8000D5F8EC309B7A032B074640D030D8013B84
:101F9000012B46D90F21201D1FF0C9FC0028CBD1F1
:101FA000D4F8A40090B904F17007217A3A462020B1
:101FB00000F0A4FBC4F8A40040B9217A3A460420FA
:101FC00000F09CFBC4F8A4000028B5D0438A13F0AD
:101FD000240FB1D0A27A022A23D9417CC907ABD5FC
:101FE000032A1ED09B06A7D5037C102BA4D118E092
:101FF000042BCFD12846FFF70FFC032804D1002F74
:10200000C8D0FB68002BC5D0284B1B7807E02846BA
:10201000FFF702FC032804D1002FBBD0FB68002B84
:10202000B8D0D4F8A4303BB12846FFF72FFC0446C3
:1020300070B16FF0680481E7207A04F1700100F05C
:1020400087FAC4F8A4000028EED16FF00B0475E7FE
:102050000B2128461FF004FD07460028E9D0012186
:102060000C301BF0D5FF092180462846FFF732FED1
:10207000234688F800002246394605F1EC001EF0A0
:1020800012FA044618B13846F9F73AF956E73046DD
:102090000F211FF0ACFC012128461FF0A8FC4DE7E2
:1020A0006FF07F044AE76FF0040447E70D720020E9
:1020B000F8B5D0F8EC40D4F8A4300546061D002B46
:1020C00073D079BB0D2130461FF031FC074620B19B
:1020D000D4F8A40008B120F0C6F8364B1B6823B131
:1020E00053F80C6906B10C3E73B928461FF01AFE6E
:1020F000637B072B5DD1627AA37A9A4259D020463E
:10210000BDE8F840FFF712BF1B6813B139462046FF
:1021100098472EB1F26802B10C3A33461646E3E70F
:102120003246FAE70139C9B20E2998BF224A1B7C10
:1021300094BF575C0927002B30D1D4F8A40020F0BD
:102140007FF80023C4F8A430022130461FF0EFFBD3
:1021500040B9072F96BF194B1F21D95D3A4620463B
:10216000FDF7FAF8032130461FF0E1FB0028BCD050
:10217000104B1B68002BB8D053F80C6906B10C3E0D
:10218000002BB2D05B6813B139462046984776B130
:10219000F26802B10C3A33461646F1E702213046A6
:1021A0001FF0C5FB0028C8D1CEE70927CCE732468F
:1021B000F1E7F8BDC4380020D1F80500C0F80500EB
:1021C000124B10B5044618604FF0FF324FF0FF334A
:1021D0000F4817F0ADF80F4817F07EFC0C4817F0C9
:1021E00019F904B910BD0C4CBFF35B8F2368BFF322
:1021F0005B8F5B06F6D5201FFFF74EFC0028F1D061
:102200000821201F1FF069FEECE700BFF439002011
:10221000BC060020D00600202C1500202DE9F0413E
:102220000B8A04460E46B3B3012106F10C001BF0E5
:1022300030FFA4F1EC05E83C0746042120461FF0DE
:1022400076FB40BB39780E2925D8DFF8508058F846
:10225000313023B9072128461FF03FFE1BE02846F6
:102260001FF049FD30B9032120461FF060FB90B1FB
:102270000821F0E73B78318A08EBC30212799142DA
:1022800001D00A21E7E7314658F83330284698470D
:1022900001460028DFD10020BDE8F08160A90500DB
:1022A0002DE9FF4190F8E930CF68D0F8EC6023F0D9
:1022B000020380F8E9303B78044623B1BB7903F090
:1022C000C003C02B71D106F1700807223946404681
:1022D00027F0A0FC88B1307A394600F085FA05462F
:1022E00058B1014620461FF02BFB18B9082004B056
:1022F000BDE8F08128461FF0A3FF0D21201D1FF02F
:1023000016FB00283DD0317A424602201FF084FFA0
:1023100005460028EAD0F378002B3FD106F17E0372
:102320001878012827D19A7902F0C002402A22D1D8
:10233000D3F80120C5F83E20B3F80530A5F84230A7
:1023400096F87030BBB196F8763003F0C003C02B1E
:1023500011D01749039501AACDE90187FCF758FD73
:102360003B68C5F80130BB88A5F80530BB79EB7137
:102370003046FCF7C1FF2846FBF7F6FB2846FBF783
:1023800003FC94F8E9305B0703D50A2120461FF0CF
:102390002EFBB4F8E81021B10020A8E706F177037E
:1023A000BEE72046FFF784FEF6E70A209FE700BF5E
:1023B0006B1D05002DE9F0410546A0F1E806044635
:1023C0000F463046012155F8EC891FF094FC002897
:1023D00000F09F80D7B1032130461FF0A8FA0028F3
:1023E00000F097803846FAF7EFFE0138C0B20828AF
:1023F0009ABF4D4B1C5C0024022130461FF0F7FAB7
:1024000021462846BDE8F041FFF752BE98F80B3050
:10241000002B7ED0032130461FF089FA20B92846D0
:10242000BDE8F0411FF07EBC052130461FF07FFA69
:10243000B8B114F8043C1B0707D514F8033C1F0778
:1024400003D5112130461FF0D2FA14F8043C23F0D2
:10245000080304F8043C14F8033C23F0080304F8D0
:10246000033C14F8033CD80755D5062128461FF035
:10247000BEFA304602211FF0BAFA2668D6F8A43018
:10248000002B46D014F8043C9B073DD50821284674
:102490001FF0E6FA074600283BD010210C301BF055
:1024A000B7FD337ADFF88480183308EB0313024654
:1024B00003F1100E9C46BCE80300F4451060516027
:1024C000634602F10802F5D13946002228461FF082
:1024D00078FA092128461FF0C3FA0746C8B1072138
:1024E0000C301BF095FD337AC3EBC30308EB0302FA
:1024F00058F80330036093888380937983710C4A82
:10250000394628461FF05DFA34F8041C00293FF4D0
:1025100078AFBDE8F081990701D50821A6E75A07F1
:10252000A7D50A21A2E700BFC8F80500A80000202F
:10253000C320050008B5044B044801221A70FCF7BB
:10254000C7F9002008BD00BF0D720020D80600208A
:102550002DE9F74FDFF8048107460E4600250324D6
:1025600018F8013CBB420BD1314640461FF049FEF2
:1025700030B13B48482303FB050003B0BDE8F08FB2
:10258000032C06D1374940461FF03BFE002818BFF8
:102590002C460135032D08F14808E1D1032C304DBC
:1025A0003FD14FF00008A9464446C346EA462E49AB
:1025B0008DF800B0524601208DF80180FCF728FC10
:1025C0009DF8003033B93CB3D9F84420636C9A428B
:1025D00038BF4C4608F10108B8F1030F09F148096A
:1025E000E5D1BCB1D4F80100B4F80520E37900903E
:1025F00051462078AAF8042004F101088AF8063030
:10260000FAF7BEFD174940461FF0FBFD10B1641BF1
:10261000902C03D90020B0E74C46DBE7134BE410C5
:102620005C4348235C43621C2F553168A950AB18AA
:10263000B2889A80B2799A71281911230D340373E4
:1026400006222B192A550022A3F80120084A1368F4
:10265000013313604364074B18608EE7013A002092
:10266000003A002013F8050021280300398EE338D2
:10267000FC390020F83900202DE9F3410E4C0546C5
:102680000E46174604F1D808638A7BB12378AB4223
:102690000CD1D4F80100B4F80510E2790090ADF83F
:1026A0000410684639468DF80620B0474834444542
:1026B000EAD102B0BDE8F081003A00202DE9F041F6
:1026C000084C05460E46174604F1D808638A2B428B
:1026D00002D039462046B04748344445F6D1BDE8DB
:1026E000F08100BF003A002008B503490022022013
:1026F000FFF7E4FF002008BD132205002DE9F0419B
:102700000E4D06460F4690460024B5F81130334270
:102710000CD015F8013CBB4208D1414628461FF0B9
:1027200070FD18B106482044BDE8F0814834D82C2B
:1027300005F14805E9D10020F6E700BF013A002085
:10274000003A00202DE9F0410B78012B07460D4699
:1027500002D00020BDE8F0818B7903F0C003402B4C
:10276000F7D11E4E002401F1010836F82C3C9A07DF
:102770000CD516F83E3CBB4208D1062231464046F5
:1027800027F048FA10B916482044E3E74834D82C1B
:1027900006F14806E9D1134E002436F81C3C9B078D
:1027A00016D516F82E3CBB4212D105F10108414660
:1027B00030461CF09DFD58B1094BD5F8010004F1DD
:1027C0003E02D1189850B5F805208A80E018C1E77C
:1027D0004834D82C06F14806DFD1BAE73E3A00204B
:1027E000003A00202E3A0020F8B50B4D06460F4661
:1027F000002415F8013CB34207D1394628461FF0A2
:1028000000FD10B105482044F8BD4834D82C05F12E
:102810004805EED10020F7E7013A0020003A0020F9
:1028200038B5427B072A0C4610D1057A1DF057FDBA
:1028300001462846FFF7D8FF40B16278044B482193
:1028400001FB0233984204BF0123237038BD00BF4F
:10285000003A0020F0B5064693B014461846002E04
:1028600072D03C2203A9A047051E6DDB01A93046AA
:102870001CF068FD0446002866D1694630461BF00E
:10288000CDF90098A0B10A22214619F0EFFD0228E7
:102890005AD8C0B275B9014601AA3F20FFF72EFFF2
:1028A00018B14822294627F0ADF9204613B0F0BDF3
:1028B0002046EFE701A9FFF74BFE0346002856D05C
:1028C0003C2D44D09DF80C20112A28D0382D38D129
:1028D00040F21162C26003AE00F1100511AF324642
:1028E00003CABA4228606960164605F10805F6D1A8
:1028F000D97BB3F80D2042EA0142062A21D15A7C45
:10290000D10705D512F0300F04BF22F001025A742E
:102910005A6C184B19688A42C7D91A60C5E7382D16
:102920000FD103AE00F10C0511AF324603CABA4213
:1029300028606960164605F10805F6D11A7B112A50
:10294000D6D018461FF07CFC6FF01504ADE703AA43
:1029500000F10C0511AF164603CEBE422860696037
:10296000324605F10805F6D130682860E6E76FF0D9
:102970000B049AE7FC39002008B5FFF735FF48B192
:10298000054A1368834205D0044910600B6801337F
:102990000B60436408BD00BFF8390020FC390020FB
:1029A0002DE9F0439BB0304CDDE923871D4684467A
:1029B000894616460CAB04F1300E206861681A4651
:1029C00003C2083474451346F7D120681060227999
:1029D0001A716146202204A81FF04DFC23486B4663
:1029E000202204A900F072F80446C0BB1022494618
:1029F0000DF135001FF03FFC102231460DF145006E
:102A00001FF039FC2946062211F8013B8DF855309C
:102A10000DF156001FF02FFC2299062211F8013B00
:102A20008DF85C300DF15D001FF025FC434635222A
:102A30000CA9684600F04AF8044680B940461FF0E9
:102A400024FC01238DF8303035223B460CA9684622
:102A500000F03CF8044610B938461FF016FC20463A
:102A60001BB0BDE8F08300BF66A30500F9F80500C0
:102A700070B598B00E4614460146202204A81D46A3
:102A80001FF0F9FB202231460CA81FF0F4FB1022A6
:102A9000294614A81FF0EFFB1022214668461FF0BC
:102AA000EAFB6B46502204A9684600F00FF840B9D3
:102AB000039B054A1BBAB3FBF2F102FB11331C9ACC
:102AC000136018B070BD00BF40420F002DE9F04107
:102AD0008CB007460C4615460021142207A81E4656
:102AE00027F090F84FF41053DFF85080ADF818300D
:102AF0008023ADF81A304FF44063CDE90838102236
:102B000004AB394606A826F034F820B16FF0040073
:102B10000CB0BDE8F08105AB029310232246CDE94D
:102B2000006341462B46049826F074F90446049845
:102B300025F055FF2043EBD0E8E700BF0002C003BB
:102B400000F1070C2CF0030C10B4541E1860A4B252
:102B5000ACF80020023A93B201FB04F24FF0000CF3
:102B600040F802C074B103FB011403FB01F22044DE
:102B7000121B4FF6FF7C013B9BB263458050A0EBDC
:102B80000100F8D110BC70470346006810B102681C
:102B90000AB91A60704700F1070C2CF0030CD11D24
:102BA000BCF800C021F003010CF1FF3CA1F800C00B
:102BB000EFE700BF0B687BB1073323F003031A88EC
:102BC000013292B20346D1F800C043F807CB23F09C
:102BD00003031A80086070470122F3E702FB01003B
:102BE000704700BF401A90FBF2F080B2704700BF00
:102BF000531E11449BB242B1DB430138CA1811F88D
:102C0000013D00F8013F9142F9D17047014402E0D3
:102C100010F8013B1BB98842FAD10020704701200F
:102C2000704700BF10600860704700BF0A68034625
:102C30000068904205BF00220A6000201A607047B9
:102C4000D2F800C0CCF80000D2F800C0CCF80410D4
:102C500010607047884203D01AB143681360704710
:102C6000002070470B68834209D02AB15868106071
:102C70001A680A6018467047002BF9D1FAE700235A
:102C8000F8E700BF2DE9F8430E4EDFF83C904FF017
:102C900090080C2706F1200409EB08052A1D294697
:102CA0002046083CFFF7BEFFB442A5F10C05F5D164
:102CB000043F3B1DA8F13008A4F12006EAD1BDE88D
:102CC000F88300BF343B0020803B002010B4034653
:102CD0008C469AB101EB4101144803EB430409010E
:102CE00001EB84010144487A0C7AA04204BF013010
:102CF000087210BC614618460CF0E8BA01EB4102BC
:102D00000A4C120100EB400302EB830323449C7A3C
:102D1000DA7AA24201D010BC704701329A72044B99
:102D200001225A5410BC0CF001BB00BF5C3B0020D8
:102D3000D83A0020F8B506461C460D4602B3227864
:102D40006378D21A12F0030229D1294F71004FEA99
:102D5000450C3144AC44890001EB0C1101330431C2
:102D6000DBB27A18606823702146FFF769FF214BB8
:102D70000122294630465A550CF0D8FA0020F8BDF9
:102D80000CF0BEFA0028DAD0294630460CF0AAFA38
:102D9000637860B92278D21A12F00302D5D0012AE2
:102DA00003D00133DBB22370E1E71046F8BD05EB39
:102DB000450206EB46010E4F120102EB81023A4436
:102DC0007100907AD27A90424FEA450C05D0207873
:102DD000C01A10F00302E2D1BBE72278D21A9207A0
:102DE00002D00233DBB22370D4E902039847C5E76F
:102DF0005C3B0020D83A00202DE9F04FDFF86091CD
:102E000019F8003089B0002B59D0DFF858A1C0EB79
:102E100000134FF0000B00EB40079B000324CDE9AB
:102E200004BB09F800B00AEB07170393029483462A
:102E3000B8460023B96A58F8240F079307AAFFF78A
:102E400009FF044607AAB4B1079D2E786978761A5F
:102E500006F00306012E35D02B78591A01F0030134
:102E60000129DBB23DD1D7E90901FFF7F3FE0446A2
:102E700007AA002CE8D197F82E3097F82F209A4215
:102E800003D087F82F300123049397F82C3097F85C
:102E90002D209A4203D087F82D3001230593029B01
:102EA0005D1EEBB2FF2B0293A7F10C07C0D1049972
:102EB000D846DDF814B011B1BBF1000F45D009B010
:102EC000BDE8F08F01396970079BD3E90202904792
:102ED000079D2A786978D3B2521A02F00302012AB8
:102EE00021D0B86A019300224146FFF7BBFE6C6017
:102EF000019B6A786B702B789B1A03F00303012BFC
:102F000008D0D7E9090107AAFFF7A4FE012E04465D
:102F100098D10EE0039B6A701A1D29462046524440
:102F2000FFF78EFEEDE7D7E9090107AAFFF792FE4A
:102F30000446029B8BB101235946584609F80B30D1
:102F40000CF0F4F909B0BDE8F08F5A46414640460E
:102F500009B0BDE8F04F0CF0B9B9002C8BD0EAE70E
:102F6000D83A00205C3B00204B1EDBB271B1411E01
:102F700000EB030C002011F8013F23B15A1E013071
:102F80001340C0B2FAD16145F5D170470846704789
:102F900070B5057E0468FF2D2AD02A464FF0000C3C
:102FA00007E09E6814F80E30FF2B1546B4441FD07E
:102FB0001A4602EB420391424FEA031E04EB03134D
:102FC000EFD18D4202D114F80E20027614F80E20B3
:102FD000986805EB45052D01FF2A625506D002EBE6
:102FE000420204EB0212936803449360604470BD94
:102FF000002070BDA2EB010C1CF4000F10B483681C
:1030000044690AD12CF07F4C6344A3420DD8E41AE2
:1030100000234461836010BC7047891A21F07F410E
:103020008B4208D95B1AA342F1D91B1B00244461CF
:10303000836010BC70470C44E41AE9E72DE9F041C5
:10304000244DBDF824708E462C2101FB0055696883
:1030500001EBCE0011F83E60C478417804F1010C18
:103060005FFA8CFC664598BF4FF0000C61452DD08F
:10307000466804EB4404210106EB04144FF00408F5
:1030800006F801806360069BA360079BE360089BD2
:1030900023610A9BA3610F9B63620B9BE3610C9B03
:1030A00023620D9BA3620E9BE36202236270A782E0
:1030B000A37080F803C0D5E90836704698472B46C0
:1030C00041460022B047A078BDE8F0810120BDE86C
:1030D000F08100BF1C3C00202DE9F04F87B0034673
:1030E000427A019000685F680290002A00F0EF8049
:1030F000531EDBB207EBC3038A4603930597039B7A
:103100005A6893F801B00492BAF1FF0F57D00AEB56
:103110004A04029BCDF800A04FEA0419002513F8D9
:1031200009A003EB0414019BFF2727701E681B7E78
:1031300006EB0908BB42D8F808100DD1C1E0091A06
:1031400005D1B8F81E90BEF81EE0F1457AD8B25C01
:10315000FF2A1F4665D0134603EB430206EB021E0F
:103160004FEA430CDEF8080088424FEA0212E6D923
:10317000FF2FC8F8081088F800305DD1DDE9002085
:103180000276634406EB03139A68521A9A60A37896
:1031900001336370002DB7D0AB6A4FF000022A7084
:1031A000AA7013B1E96A002098476368002BABD17D
:1031B000AB6A2362EB6A6362BAF1FF0FA7D1039B8C
:1031C000049E99780BEB4B030BF1010059454FEA34
:1031D00003125FFA80FB06EB031569D0039B187896
:1031E000B35C584508BF4FF0000B042BEAD1697857
:1031F000029801EB410300EB03144FEA03196078D6
:10320000A378984220D04FF00003B354AB6A4FF03C
:1032100001020120AA700BB1E96A9847039B9978D3
:10322000D0E79C444FEA0C1C009BC8F8081088F8B3
:10323000002006F80C30AAE707EB47073F01009A89
:10324000F2559EE7014693E7019AAB8A00915169D6
:103250004FF6FE72934207D04FF6FF729B1AB3FAF5
:1032600083F35B0984F82C306B6AA362EB686360BC
:103270002B69236200226262AB8A4FF6FD708342A3
:1032800088BF1346A383AB69A361EB69E3602B6A34
:103290002361AB68A36062616A682046FFF7AAFEFB
:1032A0004FF00003E383E37843F00103E3703AE770
:1032B000039A517005999142A2F1080307D0039334
:1032C0001DE706F80930DDE9003213765FE707B045
:1032D000BDE8F08F2DE9F04F447E01238FB0837657
:1032E000002C40F0BA80037EFF2B814600F0B480B2
:1032F0000BF0F4FAD9F81420D9F81C3099F818809A
:10330000D9F80060801A20F07F4B5B4594BF002302
:103310000123B8F1FF0F0393A2467CD0049408EB7D
:10332000480806EB08144FEA0818A3685B4571D8F3
:10333000A27816F80880ABEB030B9A4463789B1ACB
:10334000DDB2012D63D1A06AA3690293002800F0C9
:1033500019810168002900F08380002B00F02A8188
:10336000039B002B00F04A81037A5A0700F03B814F
:10337000037A23F007030372E78BE27822F001025D
:103380007B1CE27094F82C209BB2E383002A00F0AF
:10339000E080A28B9A4280F0DC80A06A002800F0D6
:1033A0006581037A03F00703012B00F0D280002728
:1033B00041684760A36A1A7A67F302021A72A27818
:1033C000E768013AA27017B36369D9F8142094F83A
:1033D00003C0AAEB0303134423F07F40626A23690E
:1033E0000CF0010C002D40F0DF80B4F81EE0CDE9B8
:1033F00000C37346B847DDE90223002A18BF43F033
:1034000001030393E378E58365F30003E370B8F108
:10341000FF0F84D1049C99F80B3099F80A209A4246
:1034200008D10132D2B2022A1ABF14462346002321
:1034300089F80B4009EB83030022C3F80CA0D9F8EC
:10344000244089F81A204B46012204210320A44677
:103450000FB0BDE8F04F604784760FB0BDE8F08F45
:10346000029B002B00F08C80039B002B80D1D9F8AD
:103470001C309A45FFF47CAFB8F1FF0F7DD0029B62
:10348000E78B09939C46A38B6168CDF818B0BB42CB
:103490009ABFFB1A9BB23B4603FB0113CDE907A879
:1034A00005934FF0000E43460B92DDF824800C95F7
:1034B000CDF824C0A3468A4684460D97CDF82890BF
:1034C00003EB430306EB03121B0191688E44F045A6
:1034D00048D3906A946900283FD0006800283CD007
:1034E000D58B978B5068AF4240F29380002840F014
:1034F0009780BCF1000F32D08146DCF8000028B183
:10350000029919B97444A04280F0BD80AF4226D818
:10351000D0789BF8032000F0010402F00105A542D9
:1035200005D34240D1071AD4B9F1000F17D0604635
:103530005C46DDF820800C9DDDF824C00D9FDDF891
:103540002890DDE906BA002840F09680CDF808C042
:1035500013E7A378013BA37059E7002CC0D1F35CBB
:10356000FF2BADD16046DDE9088C5C46DDE906BA8B
:103570000B9ADDF82890CDF808C0002800F0908064
:10358000002514E7029B5BB3039B002B7FF4F4AE92
:10359000D9F81C309A45FFF4EFAEB8F1FF0F7FF475
:1035A0006EAF03990D460BE7CDE900C34FF6FF73ED
:1035B000B8472CE7039B63B9D9F81C309A4508D368
:1035C000B8F1FF0F54D04FF0040CE78BCDF824C0B6
:1035D00059E704230293037A5A077FF4C9AE02E045
:1035E000029D0021ECE6A18BE28B91423FF6C0AE3A
:1035F000012262F302030372E78BBEE6D9F81C30A6
:103600009A45FFF4B1AEB8F1FF0F7FF438AF039DD8
:10361000CDE668B9BCF1000F7FF46EAFE14677E705
:10362000BAF1000F20D1BCF1000F98D0D14664E769
:10363000BAF1000F12D0A5EB07091FFA89F9411A58
:1036400000FB0911059888422CBF4FF000094FF08C
:103650000109BCF1000F7FF450AF57E7D146BCF130
:10366000000F7FF44AAF51E7A946E8E7A278B8E730
:103670000423039D02939AE60168CDF808C000294F
:103680003FF476AE70E65C460146DDE906BA604678
:10369000DDF820800C9DDDF82890DDF824C0ECE7F3
:1036A000054601468CE600BF837E002B40F0348344
:1036B0002DE9F04F477E8DB08346002F76D1837A77
:1036C000C27A012141769A424169079100F025832F
:1036D0000133DBB2022B12BF1A463A463B4600EBDF
:1036E00082028372D268079B0592134423F07F43C2
:1036F000436101259BF8183008930BF0EFF89BF815
:103700000920DBF800300193531EDBF804600490BD
:10371000DBB2002A00F01F84CDE90A7506EBC30A6C
:10372000FF2303930696D946DAF804704FF0000B96
:103730009AF803109AF8025005EB45046B1CA94255
:103740004FEA0418DBB207EB041460D09AF80020AB
:103750009A4208BF00238AF8023017F80820042A8A
:103760003AD9082A2CD86178019801EB410300EB83
:1037700003161B01B078029373781B1A13F0FF0332
:103780002CD1062A1CD199F81B308B4250D007F857
:1037900008B0A36A84F802B0002BC9D0E16A002007
:1037A00098479AF803109AF80250C5E7446A042132
:1037B000034601220420A4460DB0BDE8F04F604747
:1037C00007F808B04FF00103A370A36A002BAFD035
:1037D000E16A01209847ABE71D46ADE7052A1ED1F7
:1037E00062684AB9A2683AB9E2682AB922691AB984
:1037F000626932F07F42E3D0012B29D00421D9F84D
:1038000024404B4601220846A0478AF80250069AF7
:103810005245AAF1080300F0E0809A4684E7012BA4
:1038200000F0A480062AE9D199F81B308B42AED172
:103830006168D9F814208B1A1D0240F1BD80059BE8
:10384000521A22F07F4293428CBF9B1A0023B7E0AA
:103850004846FFF79DFBB060D9F814E0049B059A39
:10386000A3EB0E0323F07F431344984240F2AF8052
:10387000C01A7368002B46D0A38A002B43D0013BAB
:103880009AB2A2827568F38BA84218D81BE0726ABC
:10389000DFF8A4C28BB2A94951186145A0EB05001D
:1038A00006D902F1E87202F5D43202F5A5720138A8
:1038B000316AF383521A72628542A28A03D293421A
:1038C00003F1FF31E3D89A421CD9316A099706E027
:1038D000726201339BB2F383A28A9A4211D9726A4F
:1038E000DFF858C2944F0A449444BC452844EFD8AA
:1038F000A2F1E872A2F5D432A2F5A572726201308B
:10390000E7E7099FB2836368B16A0344B360A268C2
:1039100073691344736129B10B681BB1D4E9013297
:103920009B1A4B60049A71463046FFF763FBE268CE
:10393000B3691344B361226993428CBF9B1A00237D
:10394000B361A37D1BB1F27863F30002F270E37DF3
:1039500013B1013B86F82C30DDE90121039B535460
:103960007378627803920133737010E7062A3FF48C
:103970000AAF4846FFF70CFBB378B060737099F854
:103980001B2063789A427FF402AF17F80830062BA9
:103990003FF44EAFFF2389F81B3017F80830062B91
:1039A0003FF446AF082B3FF443AF0499D9F81420F5
:1039B0008B1A1D023FF543AF059A23F07F43134452
:1039C000D9F81C209A4288BFC9F81C30DFE672691A
:1039D00013441B1A736100204BE7DDE90A75CB46DF
:1039E0009BF81860002D00F01781049B079ADBF804
:1039F00000809B1A23F07F4A089BF51A18BF012507
:103A0000FF2E08BF2C465FD04FF00009CDF8049080
:103A10000497DDF81490059506EB460508EB0514B0
:103A20002D01A2684A4500F26882019BA178E08BD3
:103A30001344019363785B1ADBF81C108A4234BF8D
:103A4000891A0021A9EB0209AAEB020A24BF4FF050
:103A5000FF328BF81B20CBF81C10A16AA769DBB2E0
:103A6000002900F0CC800A68002A00F0B480002F02
:103A700040F0B480022B00F03B820022A26018F8D4
:103A800005208BF818206168A26A002974D122B140
:103A9000127A02F00702012A52D03BB1012B00D06A
:103AA00020B1236A13B1616A01209847A37863703B
:103AB0009BF81860FF2EAFD1DDE90475089BFF2B42
:103AC0000CBF2C4645F0010403995846FFF704FB50
:103AD000CDE90247DBF800A0CDF804B04FF0000CB0
:103AE000019B187EFF2800F0398204464FF0FF0842
:103AF00000E01C4604EB44030AEB03151B01A96A12
:103B00008E4629B10A7A02F00702012A00F00B81E1
:103B10001AF80330FF2BA046EBD1DDE90247DDF8B0
:103B200004B0BCF1000F40F09280089B834240F04B
:103B30008E80002C7BD08EE0592B177F5A2B17FFDD
:103B4000A378C4F808906370079B019ADBF81410FF
:103B50009A1822F07F422046FFF74CFA039B08F8A0
:103B60000530637803960133DBB263709BF818600D
:103B7000FF2E7FF451AF9FE722B1137A03F00703C2
:103B8000012BDDD0B4F81EE0BEF1000F40D1B4F837
:103B90001CE07046D4E908C300220294BC4FBD4C1F
:103BA0006344DF19A74200F1FF300A4406D8A3F1AD
:103BB000E873A3F5D433A3F5A5730132441CEDD10A
:103BC000029C94F82C706362002F00F08480A26045
:103BD000A4F81EE0B8E7002F3FF44FAF022B7FF4AC
:103BE0004CAF00287FF449AF0A7A02F00702012A9D
:103BF0003FF443AFCBF81C708BF81B603DE7002F00
:103C00003FF43BAF022B7FF438AF0028F2D034E70B
:103C1000A37863700020BDE758460399FFF75CFA6C
:103C20009BF81800089B83420ED19E420CD10023C2
:103C30008BF819309BF81A30002B49D0DBF8244060
:103C40005B4601220321B5E5FF2800F09281089B25
:103C5000FF2B00F06B81DBF8003000EB400003EB42
:103C60000013D3F80880B8F1000F59D00AF036FEDF
:103C70000A260446DBF81430E21A22F07F4290450F
:103C800006F1FF3602F103011AD941452CBF5B183A
:103C9000434423F07F452846DBF8283098470AF054
:103CA0001DFE031B2D1B23F07F43023325F07F45B0
:103CB000AB4206D90EB10446DCE700DE0446D9E784
:103CC000012700238BF819309BF81A303B43B5D1FC
:103CD0000DB0BDE8F08F92457FF679AF6C48CDF816
:103CE000088006946B4C634403EB00080137A04541
:103CF0000A44BFB206D8A3F1E873A3F5D433013266
:103D0000A3F5A5739245EDD8069CDDF808806362A3
:103D100077441FFA87FE5AE770473D460597E9E466
:103D20008BF819808AE7AA68002A40F03A81D5F812
:103D300018B0BBF1000F06D10A68002A00F03D81DF
:103D40008E464FF0040BDEE90029914580F0E380B8
:103D5000A2EB090C1AF80320FF2A00F0DC8001997D
:103D6000CDF81C80C969ACEB0B000E1D0021CDE91C
:103D70000594049099460F460846344613460BEBCB
:103D80000708C4453FD303EB43030AEB03121B01AF
:103D90009668304404287FD9061F3E44664528BFF4
:103DA00066460BEB04018C450ED3B0450CD8A969CF
:103DB000002900F08C809EF80810090700F1878028
:103DC000B6EB0B0140F0BD80916A21B1097A01F098
:103DD0000701012971D0916900296ED05268002A2B
:103DE0006BD0AA6907440431CC19002A63D09EF82D
:103DF00008201207ACEB0B0100F1AA801AF803307F
:103E00000020FF2BBBD14B46DDE90648DDF81490BE
:103E10008944CEF804901AF803B0BBF1FF0F5A465C
:103E200018BF4FF0FF0C01D1CDE0024602EB42007B
:103E30000AEB00174FEA4209BE688E424FEA0010B3
:103E400080F0C3801AF80000FF289446A1EB060119
:103E5000EBD1A960B8F1FF0F00F09F8008EB48019B
:103E600009010AF801B04A4412011AF802100AF8CE
:103E700003100AF80240EB8B013BEB839EF80830FD
:103E8000022262F302038EF808304FF0010C27E69D
:103E90005A2B17FF592B177FAE6996B19EF8086011
:103EA00016F008063FF47DAF9469049A0744043481
:103EB0003C44A242A2D32146A0E71AF803300021D5
:103EC0009FE791690744043139440C4696E7002C7A
:103ED0003FF47AAFA6EB0B06A642FFF475AF4B4654
:103EE000DDF8149022469144DDE90648114690E73A
:103EF00000287FF4C2AD042776E64B46D21AA260B2
:103F0000059D9BF81830089A049F93420CBF2C46DD
:103F100045F00104D8E5CEF804901AF80330FF2BE1
:103F200008BF00214FD00023AB60A4E70AF0D6FC05
:103F300004460AF0AFFC40B99BF81800CBF81440D7
:103F400089E6A142FFF440AF5DE79BF8180082E6E6
:103F50000A460021ADE7FF23039341E5029C9B46FF
:103F6000BCF1000F05D1089BFF2B02D1002C3FF4C0
:103F70005EAE0AF09FFC044600287FF458AECBF8F2
:103F80001C000AF0ABFC8BF81940CBF814009BF82E
:103F90001A30002B3FF49CAE50E6019981F818B01E
:103FA00061E700DEA96AD5F818B08E46BBF1000FB4
:103FB0007FF4C9AE00297FF4BFAE00DE4FF0040BE2
:103FC000D5F828E0BFE6A96055E7761ABCF1FF0FE7
:103FD000BE60A9603FF44FAF1AF803B062464FEAE3
:103FE0004C0937E7F8B5069E9DF81C50089CB8B9F7
:103FF000144F3A605A1E39727B727E60D2B273B12E
:1040000006EBC2025460114612F808398E4203EBE7
:104010004300A5EB030304EB0014DDB2F2D10DB1B4
:104020000120F8BD099B3B620A9B7B62FF240B9B2E
:10403000BB623C760AF052FC7D817861FC76FD61C2
:104040002846F8BD1C3C002040B9064B1A7EFF2ACA
:1040500001D1187270476FF00F0070476FF01500B4
:10406000704700BF1C3C0020044B2C2202FB003395
:10407000187A003818BF0120704700BF1C3C002090
:1040800010B4074B2C2202FB00335C6A2CB1A4460F
:10409000012210BC03210220604710BC704700BF02
:1040A0001C3C002010B58AB00C9C00940D9C01941F
:1040B0000E9C0294BDF83C400394109C0494119C07
:1040C0000594129C0694139C0794149C0894002455
:1040D0000994FEF7B3FF0AB010BD00BF10B4BDF8DD
:1040E0001040049410BCFEF7A9BF00BF2DE9F047B3
:1040F000244DBDF82C809DF830709DF83CE02C24B8
:1041000004FB00556C6804EBC10014F83190C478CE
:10411000467804F1010C5FFA8CFCE14598BF4FF042
:10412000000C66452AD0466804EB44044FEA0419A3
:1041300006EB04144FF0050A06F809A06360089B1B
:10414000A360099BE3600A9B23610D9BA3620E9B06
:10415000E36202236270A4F81480A77584F817E064
:10416000A37080F803C02B6A6E6A084698472B46F6
:1041700000220421B047A078BDE8F0870120BDE807
:10418000F08700BF1C3C002010B588B00A9C00944A
:104190000B9C01940C9C0294BDF8344003949DF850
:1041A000384004940F9C0594109C069400240794B6
:1041B000FFF79CFF08B010BDF8B5194E2C2404FB86
:1041C0000066746804EBC10014F831E0C4784578E7
:1041D00004F1010C5FFA8CFCE64598BF4FF0000C2F
:1041E00065451BD0456804EB44044FEA041E05EB0B
:1041F0000414072705F80E70A362069BE3620223EE
:104200006270A37080F803C0336A756A08469847E5
:10421000334600220421A847A078F8BD0120F8BD4C
:104220001C3C0020F8B51A4E2C2404FB0066746870
:1042300004EBC10014F831E0C478457804F1010CB6
:104240005FFA8CFCE64598BF4FF0000C65451DD029
:10425000456804EB44044FEA041E05EB04140827E8
:1042600005F80E706360069BA362079BE36202235E
:104270006270A37080F803C0336A756A0846984775
:10428000334600220421A847A078F8BD0120F8BDDC
:104290001C3C00200AF022BB401A20F07F407047EF
:1042A00001480021704700BF7F410100022801D072
:1042B0000120704738B5044608461D4602F0FCFF51
:1042C00010B10020287038BD204638BD002303708F
:1042D0000B70704738B5054600200C4602F08EFD85
:1042E00070B93DB9074B44B120681860A2889A8024
:1042F000002038BD044B002CF6D11C609C80F7E7F1
:104300000C2038BD503C0020483C0020012804D837
:1043100008B903487047034870470020704700BF42
:10432000503C0020483C0020012809D830B9064BF9
:10433000186808609A888A8018467047034BF7E728
:1043400000231846704700BF503C0020483C002026
:1043500010B5044608F0AAFF50B909F0F5FA60B9A3
:1043600009F06CFE70B92046BDE8104015F0D4B8D5
:1043700000DE09F0E9FA0028F2D000DE09F05EFE66
:104380000028F0D000DE2046BDE8104015F0C4B88B
:104390000860014815F0C0B8A842002015F0BCB86C
:1043A0002DE9F84F0B78072B84BF2C4B93F8403046
:1043B0009A428946834692464DD0284D5C1CE4B211
:1043C00035F833200280082C08BF0024002605EBB6
:1043D000C30301274FF0120819E0012838D0C3F8B1
:1043E0000480072C89F8004088BF95F84040A2451A
:1043F00023D023B2013435F83310BBF80020E4B2E7
:10440000082C08BF0024914205EBC30315D158685E
:10441000B0B1FF28E1D9027902F00302013A012A82
:1044200012D912225A6002F05FFF072C89F800406F
:1044300088BF95F84040A245DBD13046BDE8F88FF3
:1044400001365F60F6B2CCE70136F6B20122E9E749
:104450000136F6B2C5E70026EFE700BF843C002036
:104460002DE9F041324F3B88984253D913F0FF05B4
:1044700024D0DFF8C08098F8154098F814302E4802
:104480000134E4B2052C08BF0024A34218D0FEF783
:104490007BFB064629488EB1FEF776FB00283BD011
:1044A000066098F8153048F823003B8888F81540D6
:1044B000013D013B15F0FF053B80DED1BDE8F081F9
:1044C0003B88002BFAD0DFF8788098F80D40002662
:1044D0000134E4B2032C98F80C30174808BF0024CC
:1044E000A342EBD0FEF750FB05461448002DE5D063
:1044F000FEF74AFBB0B16E60056098F80D3048F8E1
:1045000023003B8888F80D40013B9BB23B80002B89
:10451000DED1D3E70546ACE730460749BDE8F041B8
:10452000FEF748BB28460449BDE8F041FEF742BB10
:10453000EC3C002068400020F03C0020443D00207E
:10454000CC3C00202DE9F8432F4B304F181D05229D
:1045500024214FF00008A7F81880FEF7F1FA2C4B41
:1045600005220821181DFEF7EBFA97F818907C7EBB
:1045700005260134E4B2062C08BF0024A1452448D6
:1045800013D0FEF701FB05461F4875B1FEF7FCFA94
:10459000002834D0C5F8048005607B7E47F82300EE
:1045A000013E16F0FF067C76E3D11A4B0822181D57
:1045B0006421FEF7C5FA184B0A22181D0821FEF7E0
:1045C000BFFA1548FEF7E0FAA8B1144A111FFEF72A
:1045D00029FB1148FEF7D8FA78B1114A111FFEF7EE
:1045E00021FB104B0622FF201A80FFF739FFBDE8A0
:1045F000F84307F005BB00DEE7E700DEEDE704491E
:104600002846FEF7D7FAD0E7AC40002064410020EE
:1046100080400020443D0020F03C0020E83C002089
:10462000E03C0020EC3C00202DE9F0417B4D7C4E2D
:1046300086B004AA02A90DF1070003F069FA044646
:10464000D5E9000103AAFEF705FB074650B3039B1B
:10465000002B6AD0187804AA02A903F071FA039B10
:104660000446002840D0049ABDF808101F78ADF821
:104670000A10059203F076FA2146059ABDF80A0061
:1046800003F0A4FA204603F037FA05AA0DF10A0157
:10469000384603F055FA04460028EBD1306814F090
:1046A0003BFFC6E7002C3DD0049B05939DF80770A7
:1046B000BDF80830ADF80A3003F054FA2146059AE7
:1046C000BDF80A0003F082FA204603F015FA05AAA5
:1046D0000DF10A01384603F033FA04460028EBD105
:1046E000306814F019FFA4E705931B79013B2C2BCC
:1046F0001ED8DFE803F01F32741D1D1D1D1D1D1D7A
:104700001D1D1D1D1D1D1D1D1D1D1D1D6A1F1D1D8A
:104710001D1D1D1D1D1D1D1D1D1D1D1D1D1D1D1DC9
:104720001D1D1F0006B0BDE8F08100DE039B91E770
:1047300000DE7EE7394968680022FEF793FA394BBC
:10474000059993F8413038460B70374AFEF778FAEE
:10475000334B186814F0E0FE6BE7304968680022BC
:10476000FEF780FADDF81480D8F8084034B12378D9
:10477000002B50D02378013BDBB2237098F80C302B
:1047800013B1012B41D000DE284A002388F80C30F9
:10479000537E117E0133DBB2062B08BF0023994202
:1047A00037D0C8F80070517E42F821805376002C33
:1047B0003FF43FAF2378002B7FF43BAFA368002B7F
:1047C0003FF437AFE068984733E714496868002240
:1047D000FEF748FA0599384603F022F829E705A9BB
:1047E000384603F039F80D4968680022FEF73AFAB6
:1047F000059900293FF41DAF0B792E2B3FF419AF1B
:10480000084B384693F841309EE74046F3F704FBE7
:10481000BAE700DECBE700DEACE700BFE43C0020F7
:10482000A4420020843C0020E03C002064410020A1
:1048300030B5284B284C87B018600AF01DF8237853
:10484000002B40D02549264A264D05954FF0050CF2
:1048500081F808C0244C0492244A0220CDE90224A5
:1048600004230D24CDE90014214A087408760B7046
:1048700000200621FFF7B6FB50BB012200211D4896
:1048800023F05DFA08F09EFC044610B1204607B004
:1048900030BDFFF757FE09F03FF804460028F5D178
:1048A00002F06AFA04460028F0D109F0BBFB044686
:1048B0000028EBD102F05CFF04460028E6D101207D
:1048C00007F022FEE2E7FEF7DDF901232370B9E7E6
:1048D00000DED2E7A4420020107200203045002004
:1048E00081F3030021F4030061F30300C0420020C0
:1048F00050450020A842002030B587B002F042FAAF
:1049000098BB02F03BFF002834D100241C4B20460A
:10491000A3F8404007F0F8FD1A491B4A1B4BA1F8C9
:10492000204194829C8101222146684623F007FAA7
:10493000174B2246214603206D46C3F808D0FEF7E8
:10494000F9F9C8B94FF0FF324FF0FF33284614F0A1
:104950001DFE02F01DFA88B9FFF7F4FD00210120C9
:1049600007B0BDE83040FFF7B5BC00DE02F006FF3F
:104970000028CAD000DEC8E700DEE3E700DEEBE790
:10498000843C00208041002068400020CC3C002076
:104990002007002008B5FFF7AFFF08F049FC00B181
:1049A00008BDBDE80840FFF74FBB00BF2DE9F0434D
:1049B0002A4D2B4F83B0804689460023C8F800302B
:1049C00095F84140D7E9000101AAFEF743F90646F0
:1049D00090B3019B23491A784846FFF7E1FC80BB5E
:1049E00095F840308DF8013095F8412004460DF1DE
:1049F00001010DF10200FFF7D3FC44EA000212F0BE
:104A0000FF02F1D1019B1979012920D1394678683B
:104A1000FEF728F914493046FEF7CCF8134A1388FC
:104A2000052B11D80198124901331380FEF7C2F803
:104A30000120FFF715FDC0E70A4922464846FFF767
:104A4000AFFC03B0BDE8F08300DE1388EAE7104650
:104A5000C8F8003003B0BDE8F08300BF843C0020FC
:104A6000DC3C0020C43C0020F03C0020EC3C00205A
:104A7000443D002030B5354983B000234868019398
:104A800001AAFEF7EFF8002858D03149FEF792F856
:104A9000019A13792D2B19D8DFE803F0171818178E
:104AA0001818181818181818181818181818181886
:104AB0001818181B17171717171718181818181879
:104AC0001818181818181818181703B900DE03B0AA
:104AD00030BD137F3C2B1CD0537FC3B193681C683F
:104AE000A06D20B100231B49A365FEF763F894F87D
:104AF0005E3023F0010384F85E30002002F07EF97E
:104B000010F0FF00E3D107F07FFD03B030BD00DE01
:104B1000F3E79368D3E9004595B100225A60AB6F83
:104B200093B905F16C0105F16800FEF77FF80346C3
:104B300040B12868AB6702F0A5FBD8E700DEA4E728
:104B400000DEEAE700DEF4E700DEEAE7DC3C002016
:104B5000F03C0020443D0020F8B5046806460CB344
:104B6000324D2046246803792D2B18D8DFE803F056
:104B700027171727171717171717171717171717A5
:104B8000171717171717172133272727272717173F
:104B9000171717171717171717171717172700DEE5
:104BA000002CDED100233360BDE8F840FF20FFF782
:104BB00057BC037F3C2B27D013B100DE037963B3CE
:104BC0002B88052B26D8013319492B80FDF7F2FFDE
:104BD000002CC6D1E6E7C0880028E1D102F060FBD6
:104BE0000746E0B1D7F88830DBB907F17C0107F15F
:104BF0007800FEF71BF8B0B1C7F88800384602F01D
:104C000041FB002CADD1CDE70949FDF7D3FF002CC6
:104C1000A7D1C7E700DE2B88D5E700DED0E700DEAE
:104C2000E0E700DEE1E700DEE6E700BFEC3C002065
:104C3000443D00200148FDF7A7BF00BFF03C002025
:104C40000149FDF7B7BF00BFF03C00200148FDF768
:104C50009BBF00BF443D00200149FDF7ABBF00BF33
:104C6000443D0020034B044A93F841300B70FDF79C
:104C7000E7BF00BF843C0020E03C002008B5064BA5
:104C8000064A93F841300B70FDF7DAFF044B1868C1
:104C9000BDE8084014F040BC843C0020E03C00200B
:104CA000A44200200B490A7B4B7B9A420AD8A3EB13
:104CB000020C5FFA8CFC604509D89A4207D051F883
:104CC0002200704703339B1ADBB29842F7D90020C9
:104CD000704700BFCC3C0020074A117B537B8B42BE
:104CE00008D04B1CDBB2032B08BF002352F8210075
:104CF0001373704700207047CC3C002000B50D4A6C
:104D000092F841C092F840E00CF10103DBB2082BAD
:104D100008BF00239E4509D022F83C0002EBCC0CD2
:104D2000CCF8041082F841305DF804FB00DE00236B
:104D30001B80FFDE843C00200022042302700B70E5
:104D4000704700BF002208B51146044B0120FDF753
:104D5000F1FF00B908BD00DE08BD00BF100700204C
:104D6000022810B50C4602D00B68022B07D004486D
:104D70004FF0FF324FF0FF3314F008FC206810BDF5
:104D8000A842002004490A680AB11046704702464A
:104D900008601046704700BF803C0020044A13683A
:104DA00023B1984206BF00211160002318467047C6
:104DB000803C0020014B1868704700BF803C0020F9
:104DC00004490A680AB11046704702460860104656
:104DD000704700BFC83C0020044A136823B19842C2
:104DE00006BF00211160002318467047C83C002010
:104DF000014B1868704700BFC83C002070B50568BB
:104E00002B7886B0EBB1044601220021684622F0DF
:104E100096FF0D4B6E46C5E902362B788BB10B4BD6
:104E20000022114603209C60FDF784FF38B94FF43F
:104E300000420023304614F0A9FB06B070BD00DE2E
:104E4000F5E76FF07700F8E79D43030000070020C7
:104E5000F0B5244E336885B00C461746002B36D08B
:104E6000994215D10223039303AB02460093032119
:104E70001D4B0020FFF7A0F9022805460CD0039B2C
:104E8000022B09D195B133680BB19C4221D014B3E8
:104E90006FF02D0005B0F0BD14484FF0FF324FF019
:104EA000FF3314F073FB039D002DECD13846FFF760
:104EB000A5FF33680BB19C4210D0002CE8D100282C
:104EC000E8D010F1780F08BF002005B0F0BD3160C8
:104ED000C8E7002333606FF07700DBE73560002818
:104EE000D8D0EEE7803C002091430300A842002088
:104EF0000B490A7D4B7D9A420AD8A3EB020C5FFA5C
:104F00008CFC604509D89A4207D051F822007047BE
:104F100005339B1ADBB29842F7D90020704700BFD7
:104F200068400020074A117D537D8B4208D04B1CFE
:104F3000DBB2052B08BF002352F821001375704720
:104F4000002070476840002038B50C46054602F046
:104F5000D9FD207021462846024ABDE83840FDF7B9
:104F60006FBE00BFE83C00200122024B114600202A
:104F7000FDF7E0BEF006002070B50C46054602F0D5
:104F8000C1FD21462070064A2846FDF759FE012240
:104F9000BDE87040034B11460020FDF7CBBE00BFBB
:104FA000E83C0020F00600202DE9F0431A4D9DF862
:104FB0001C8095F821C10CF1010E5FFA8EFEBEF146
:104FC000090F994695F8203108BF4FF0000E734540
:104FD0001DD0144605EB4C1CE36807460E461068CE
:104FE0005168926864460FC49CF81C30CCF8186075
:104FF00008F0010823F0030343EA0803CCE904970F
:105000008CF81C3085F821E16046BDE8F0834FF054
:10501000000C6046BDE8F08380410020054890F810
:10502000203190F821219A4214BF00EB4310002058
:10503000704700BF8041002001460B480A7890F875
:105040002131082A84BF90F820210A70934208D0A9
:10505000531CDBB2092B08BF002300EB42100B707E
:1050600070470020704700BF804100202DE9F04FBD
:105070003D4E96F8203196F8212187B09A42029051
:105080003ED04FF00008CDE9048806EB43130B2413
:10509000CDF80C80C346C2461D7FD3F80090DF6870
:1050A000C5F3400205F00105002C4DD0013CE4B2EF
:1050B0004AB396F8211196F82031994220D0013355
:1050C000DBB2092B08BF0023994286F8203117D0A4
:1050D000590106EB4313002ADED1D86805BBBAF1AB
:1050E000000F33D0BBF1000F36D01A7F9707D3D112
:1050F0005045725834D05845CED105998A42CBD10B
:1051000007B0BDE8F08F194902988B600B46114635
:105110000192FDF70FFE019A0028CAD000DEC8E711
:10512000039ABAB1B8F1000F08BFB8461A7F9507C5
:10513000B2D4D207DCD5BBF1000FADD1039A8242C5
:10514000DED08045A8D1DBE700DEAFE7BA46CDF878
:105150001090EBE70397E9E7BB46CDF81490E5E73D
:1051600004998A42C7D1CBE780410020E0060020A5
:10517000054B1A7E597E914204D053F8220010B19B
:105180000C307047002070476441002070B5134A0E
:10519000117E537E8B421ED04B1CDBB252F8214055
:1051A000062B08BF002313769CB102230025266836
:1051B00023712560A06002F0A5FC094A20702146F9
:1051C0003046FDF73DFD0122064B11462846FDF70E
:1051D000B1FD204670BD0024FBE700BF6441002004
:1051E000E83C0020F006002010B582B00024049BAB
:1051F00093F80AC02CF0020C83F80AC0CDE90044F1
:1052000008F088F902B010BD10B50346007F1A6996
:105210009969012482B02040CDE90004586908F062
:1052200079F908B902B010BD7730FBD000DEF9E79C
:1052300010B4CB6804691A78042A02D0236810BC21
:1052400018475B78052BF9D1002010BC704700BFD0
:105250000B8A002B38D030B5054683B001F10C0025
:105260000C4618F01EFF012810D0022802D06FF063
:10527000150009E001A9204600F000FF019911B1D5
:105280002846FFF7D5FFC8B103B030BD002301A900
:105290002046019300F07CFA014678B12846FFF7DA
:1052A000C7FF0028F0D1019D45B1284601F052FA10
:1052B00003466B710648019922F015FD2046F6F76A
:1052C0001FF8002003B030BD6FF01500704700BF1D
:1052D0007446002010B50469FFF75CFB40B905482F
:1052E000F5F716FD0448F5F713FD0020206010BD0A
:1052F00000DEF4E7A0160020281700202DE9F04179
:10530000076982B006464FF0000836484FF0FF327A
:105310004FF0FF3314F0CEF80028F6D04379019017
:10532000042B30D8002B45D0022B4BD04FF0FF324E
:105330004FF0FF330220F7F759FC04460198002C88
:105340004AD0214600F04AFF019B01A8C3F8008023
:10535000FFF702FC204618F0F3FD05462146002029
:1053600018F014FE2B8A012B04462946304606D934
:105370003B68984714F062FE002CEBD1C5E7284645
:10538000F5F7BEFFF6E7052B14D14FF0FF334FF0D2
:10539000FF320820F7F72AFC04462146019800F066
:1053A000F5FE019B01A8C3F80080FFF7D5FB002C98
:1053B000D0D1AAE700DE019B01A8C3F80080FFF767
:1053C000CBFBA2E70022002301210020F7F726FCF7
:1053D00004460198002CB4D1046001A8FFF7BCFB7F
:1053E00093E700BF74460020F0B5064683B014E092
:1053F0004FF0FF324FF0FF3300211320F7F70EFC80
:10540000BDF802100546224601F08CF929463046C7
:10541000FFF70EFF40BB14F011FE0DF1020101A8D1
:10542000FFF7C4FA04460028E2D1019BA3B1FFF7BD
:1054300021FB019F384601F08DF9019D78716B7950
:10544000032B02D12B79182B10D01848294622F0B3
:105450004AFC019B002BE0D14FF0FF324FF0FF33AD
:10546000134814F093F8D8E700DED4E721464FF054
:10547000FF324FF0FF330520EF88F7F7CFFB3946B7
:105480000446024605F11C0000F058FE384600F0C4
:1054900075FE3CB121463046FFF7CAFE20B92046D2
:1054A000F5F72EFF019DD0E700DEF8E774460020F7
:1054B0008C460020F0B50546076989B00E461F48A6
:1054C00022F0D3FB4FF0FF3200211D4822F037FCC1
:1054D0001B48FFF7ADF9044660BB3E6001F050F990
:1054E000002600276FF00903CDE90334CDE90667F4
:1054F000CDE90144134B144900954FF4E072134871
:1055000014F0A0FB1249114822F064FD6FF007026D
:10551000CDE90324CDE90667CDE901440D4B0E49E1
:1055200000954FF460720D4814F08CFB0C490B4849
:1055300022F050FD204609B0F0BD00BF74460020A7
:105540008C460020E953030040990020A01600205B
:10555000D8A90500FD520300409B00202817002019
:10556000E8A9050008B514F023FD054822F089FBE1
:10557000034822F07AFBBDE8084014F02DBD00BFBF
:10558000744600202DE9F0411A4C6468A40004D54B
:105590001646194A1268120701D4BDE8F08103F1DA
:1055A0000C0405460F462046022118F031FD40F656
:1055B0003E4303800121204618F02AFD03460422C1
:1055C00020461A700B2118F023FD0570A0F8016029
:1055D0003DB97B68BA68C0F80720C0F80330BDE861
:1055E000F0814FF00008C0F80380C0F80780BDE8E4
:1055F000F08100BF9802002090020020F0B5013831
:1056000087B0144611280AD8DFE800F02340560975
:105610000968097A99AC090909090909090D6FF0A6
:10562000150007B0F0BDCB68DA789978188806F0D5
:10563000D3FA554B0646012118881AF0EEFA0121DB
:1056400005460C3018F0E4FC06702560002007B019
:10565000F0BD4D4B0D2118881AF0DFFA0D212060A6
:105660000C3018F0D5FC4FF4806200234FF0021488
:105670000421A0F8052001220370C0F80140C17187
:10568000037242728372C3720373DFE73E4B4121A0
:1056900018881AF0C2FA412120600C3018F0B8FCCA
:1056A000002104463E2200F8031B24F0ABFA40F22E
:1056B000A733A4F80130C9E7334B092118881AF041
:1056C000ACFA092120600C3018F0A2FC034600223D
:1056D00003F8012BC0F801205A60B7E7C968002021
:1056E000FEF7F8FD284B012118881AF096FA0121DF
:1056F00005460C3018F08CFC002303702560A5E7EC
:10570000224E214F0FCE01AD0FC5336838882B7064
:1057100012211AF082FA122120600C3018F078FC65
:105720000446002301AE04F8013B84460FCE2D78D9
:10573000CCF801006160A260E360257486E7124B3B
:10574000182118881AF069FA182120600C3018F016
:105750005FFC00230446012100F8023B09F012F827
:10576000607073E7084B212118881AF056FA21213E
:1057700020600C3018F04CFC0146002301F8113B6E
:10578000013009F04FF861E75C71002008AA0500BC
:105790002DE9F041038A8CB00022022B079235D903
:1057A000044603210C3018F074FC228A83789A4254
:1057B0002CD30088D94EC0F38523082B30801FFAE4
:1057C00080FCC0F309050DD8CBB1013B072B16D8DF
:1057D000DFE813F0FD001500DE00C4001500150021
:1057E000150021003F2B0AD1214607AA2846FFF7C2
:1057F00005FF163018BF079C09D1B6F800C001217B
:1058000060460CB0BDE8F0411AF019BA00242046F9
:105810000CB0BDE8F081681E4D28F0D801A353F804
:1058200020F000BF755F0300535F0300095F0300B2
:10583000FF570300FF5E0300E35E0300C95E030041
:10584000BD5E0300B15E0300A75E0300FF570300C7
:10585000FF570300FF570300FF570300875E030055
:10586000815E0300795E0300715E03004F5E0300FA
:10587000FF570300255E0300175E0300DD5D030094
:10588000BD5D0300FF570300B35D0300A35D03008C
:10589000835D0300FF570300FF570300FF5703001A
:1058A000635D0300495D0300395D0300055D03008E
:1058B000F95C0300FF570300FF570300EB5C030094
:1058C000E35C0300DD5C0300655C0300315C030006
:1058D000FD5B0300F35B0300E55B03009B5B0300E0
:1058E000855C03007D5B0300315B0300FF57030011
:1058F000FF570300FF570300FF570300FF57030044
:10590000FF570300FF570300FF570300FF57030033
:10591000FF570300FF570300FF570300FF57030023
:10592000FF570300FF570300FF570300FF57030013
:10593000FF570300FF570300FF570300FF57030003
:10594000FF570300FF570300FF570300F95A0300F6
:10595000FF570300FF570300D95A0300681E0828A9
:105960003FF64DAF01A353F820F000BFAF5A03003C
:10597000635A03003D5A0300FF570300FF5703001B
:10598000FF570300FF570300FF5703001D5A030092
:10599000632D00F0FF8227D8032D00F02F832D2DDB
:1059A00000F01383012D7FF42AAFE2685C4B11688D
:1059B00052681960604629465A601AF02EF9012192
:1059C00004460C3018F024FB002303701FE7062D5B
:1059D00000F0D8821D2D7FF412AFE368188801F023
:1059E00093FD014630880CE77B2D00F0D6827C2D9C
:1059F0007FF405AFE3681F885988B8B201F088FECC
:105A00000546032130881AF008F9032104460C30BA
:105A100018F0FEFA0570A0F80170F8E6604607215C
:105A20001AF0FBF8072104460C3018F0F1FA014691
:105A3000002001F8010BFEF777FCE8E6092160463B
:105A40001AF0EBF8092104460C3018F0E1FA03468D
:105A5000002203F8012B6021C0F801205A60417137
:105A6000D5E6604641211AF0D8F8412104460C30B1
:105A700018F0CEFA002105463F2200F8021B24F060
:105A8000C1F80423274AEB72EB7520232649C5F899
:105A90001A20C0204FF490626B704FF40A73A87103
:105AA000C5F82110A5F82720A5F80F30AFE6092189
:105AB00060461AF0B2F8092104460C3018F0A8FA32
:105AC0004FF450610023194A01800D218370C37087
:105AD0000171C0F805209AE6E068C17906F0D0FCB3
:105AE0000546012130881AF098F8012104460C304F
:105AF00018F08EFA05708AE6604603211AF08DF8D8
:105B0000032104460C3018F083FA0146002301F803
:105B1000023B0130FEF7DAFB79E600BF5C71002042
:105B200098020020F7C3F70E30F0F97FF105FFFF70
:105B3000E2689578D1781088B2F805401379EF07BC
:105B400044BF41F00301D170AD0740F17B8243F0C7
:105B50000303137143EA0102032A40F07F824F07D7
:105B600000F0798214F003021CBF04F1FF3404F04A
:105B7000010201F067FD0146308842E6E3681A78C9
:105B8000D1074ABF07205878587092074ABF0721AB
:105B90009978997001F04CFDA2E7604609211AF04E
:105BA0003CF8092104460C3018F032FA08AB0546DF
:105BB0000DF11A0206A90DF1160001F009FDBDF85C
:105BC0001620A5F80120BDF81820A5F80320BDF87F
:105BD0001A20A5F80520BDF82020A5F807200023ED
:105BE0002B7014E6E368188806F040FC3088012129
:105BF000E3E6E368187806F025FC71E7E3681868C7
:105C000008909A889B798DF8263060460721ADF878
:105C100024201AF002F8072104460C3018F0F8F995
:105C200008AE0546411C304606F0DAFB2870EEE56A
:105C3000E368186808909A889B798DF8263060464A
:105C40000721ADF8242019F0E8FF072104460C30A5
:105C500018F0DEF908AE0546411C304606F086FB1A
:105C60002870D4E56046022119F0D7FF02210446CE
:105C70000C3018F0CDF9054606F048FA002368709C
:105C80002B70C4E5E368604605211E8819F0C5FF46
:105C9000052104460C3018F0BBF9B7B20546021DC9
:105CA000E91C384601F0A4FCEB782A792870002B17
:105CB00093FAA3F3B3FA83F308BF4FF0FF33013332
:105CC000EB70002A92FAA2F3B3FA83F308BF4FF005
:105CD000FF330133A5F801602B7198E506F018FA3F
:105CE000FEE6E06806F052FAFAE6E06800F1170214
:105CF000C11D06F035FEF3E6E3685988188801F007
:105D00005DFCEDE66046052119F087FF052104469C
:105D10000C3018F07DF908A905460DF11A0001F0C4
:105D200041FCBDF81A20A5F80120BDF82020A5F8F7
:105D3000032000232B706AE5E3681F889A8859883E
:105D4000B8B201F003FC5BE6E268178892780023A2
:105D5000CDE90233CDE900330221B8B201F014FBE2
:105D60004EE6E16800220F884B8803920889029072
:105D7000C888019089880091B8B2022101F004FB23
:105D80003EE60921604619F048FF092104460C301F
:105D900018F03EF9B349B44A01600023426003722F
:105DA00035E5E3681F8800220621B8B205F002FF3E
:105DB00026E6E268002132F8027BF6E76046092118
:105DC00019F02BFF092104460C3018F021F90023AB
:105DD00000F8013B082107F03BFA18E5E0680023D2
:105DE00008AA00F1100109F06DFB3088112119F0AB
:105DF00014FF112104460C3018F00AF9064600235E
:105E000006F8013B08AD07460FCDC7F801007160E9
:105E1000B260F360FBE4E368188801F053FB0146CD
:105E20003088EEE4E368604608211E8819F0F5FE2C
:105E3000082104460C3018F0EBF8B7B20546C11C37
:105E4000384601F0E5FAA5F801602870DFE4E16862
:105E500000224B88088803920C890294CC88019414
:105E600089880091114601F08FFA01463088C8E414
:105E7000E06806F0DFF833E6E06806F027F82FE682
:105E800005F0FEFF2CE66046022119F0C6FE022155
:105E900004460C3018F0BCF800230370054605F0EA
:105EA000EDFF6870B3E4E3681878F1F729FD17E6B1
:105EB000E16811F8010B01F0BFF811E6E16811F893
:105EC000010B01F04BF80BE60221604619F0A5FE2C
:105ED000022104460C3018F09BF800230370437035
:105EE00095E4E468A57BA3796279217920880295FD
:105EF000657B01950734009400F072FEF0E5E168DF
:105F00000120FEF7E7F9EBE56046092119F085FE6F
:105F1000092104460C3018F07BF80346002503F8ED
:105F2000015BC0F801505D600646FEF7B9F92B46EB
:105F300061F30703C1F3072262F30F23090C61F336
:105F40001743090A61F31F63C6F80100C6F805305C
:105F50005DE40421604619F060FE042104460C3023
:105F600018F056F800231B21032203704170837040
:105F7000C2704CE4E2683D4B11685268196060469B
:105F8000012119E5E3689978188801F065FA01465E
:105F9000308836E4E268364BEEE7E3681F8808A9EC
:105FA000B8B201F083FB05210546308819F035FEB3
:105FB000052104460C3018F02BF80570A0F801708C
:105FC000BDF82030A0F8033021E4E36860460421E6
:105FD0001E8893F8028019F020FE042104460C303C
:105FE00018F016F8B7B20546C31C424639460220DF
:105FF000FEF75CF9A5F80160287008E41D4B1C4A07
:106000004FF0FF3041F6FF71C3E90001174B00204C
:106010000021C2E900011F200021C3E90001FEF7B1
:106020006BFC3088012119F0F8FD012104460C3089
:1060300017F0EEFF0023104A03701360FFF792FA87
:10604000FFF7E5BB41EA0302032A07D84D0702D058
:106050005A077FF487AD1221FFF7D2BB1121FFF75A
:10606000CFBB00BF008FCC30ECC0010090020020FD
:10607000B017002098020020A446002000230B60E7
:10608000038A032B55D92DE9F047054688460C3085
:10609000042117F0FEFF2B8A4688B0F80090B34227
:1060A00025D31B2E23D801F019F94FEA1937BA4628
:1060B0000446F8B15FEA9A0A19D19FB1012F16D1AF
:1060C0002379667167F301032371E9683246E01DA5
:1060D00023F071FD2146C9F30B0001F00BF918B94B
:1060E000BDE8F0870227EBE7204601F0FDF86FF0EE
:1060F0001500F5E7104B1B689B0117D54FF0FF32D9
:106100004FF0FF330220F6F771FD0221C8F80000BE
:106110000C3017F07DFF4FF48D730380D8F800002A
:1061200001210C3017F074FF012303706FF0680039
:10613000D6E76FF01500704798020020F8B50E4BB7
:106140001B68DB0600D4F8BD02F10C0406460D46C0
:106150002046022117F05CFF034640F205421A80F8
:106160002046042117F054FF00270770A0F80150C3
:106170003278C270F8BD00BF98020020024A13684E
:10618000013B1360704700BFA4460020037F03F06B
:106190000303013B012B01D900DE704770B50446B3
:1061A00001F10C0528460421E68817F031FF237F12
:1061B00003F00303022B0CBF46F4005646F480564E
:1061C0000680637F4380617F284617F021FF627F4E
:1061D00004F11F01BDE8704023F0EDBC2DE9F04152
:1061E00090F804C0C688BCF1030F84B004460D4685
:1061F00000F11C070ED0ACF1170CBCF1060F00F239
:106200002781DFE81CF02B0087008F002100BB00F6
:10621000CE00EE00C37F033B122B00F21981DFE8B2
:1062200013F00002170117018B01AD011701BB012B
:10623000170117011701C0011701DC0117011A002E
:106240001701170119011901C84B5B6818044FF0B9
:10625000000400F1258104B0BDE8F081F80700F1E9
:106260005682277F002F00F00382C04B5B689900A5
:10627000F1D5BF4B1B6803F4007813F0010340F025
:106280001F8158EA0303E6D0002F40F02682B94A66
:10629000136801330C3513600221284617F0B8FE4D
:1062A00041F63E7303800121284617F0B1FE0A2310
:1062B00003701E21284617F0ABFE00230370A0F8E0
:1062C0000160637FC370A37F0371D4F81F30C0F8EF
:1062D0000530B4F82330A0F80930D4F82B30C0F8DA
:1062E0000B30B4F82F30A0F80F30D4F82530C0F8B8
:1062F0001130B4F82930A0F81530638EA0F81730AB
:10630000A38EA0F81930E38EA0F81B3094F8383033
:106310004377A0E70A463846314604B0BDE8F0416D
:10632000FFF70CBF914B5B689A0094D5904B1B68AC
:106330005B0790D50C350221284617F069FE40F620
:106340003E2303800121284617F062FE0346032204
:1063500028461A70092117F05BFEFD0700F1D9816C
:10636000237F0370A0F80160E38BA0F80330238C37
:10637000A0F80530638CA0F807306CE77E4B1B68F3
:1063800019027FF568AF0C350221284617F040FE50
:1063900040F2572303800221284617F039FE068079
:1063A00059E7724B5B689A007FF555AF704B1B68DD
:1063B0001B037FF550AF0C350221284617F028FE4D
:1063C00040F23E4303800121284617F021FE1423AA
:1063D00003700321284617F01BFE0680237F83707D
:1063E00039E7624B5B689F007FF535AF604B1B68F8
:1063F00018057FF530AF0C350221284617F008FE4E
:1064000040F23E6303800121284617F001FE0C2371
:1064100003700521284617F0FBFD237F0370A0F8C9
:106420000160627F002A92FAA2F3B3FA83F308BFF5
:106430004FF0FF330133C370A27F92FAA2F3002A18
:10644000B3FA83F308BF4FF0FF330133037102E760
:1064500000DE00E7454B5B689A007FF5FCAE444BDD
:106460001B685B067FF5F7AE0C350221284617F056
:10647000CFFD40F63E3303800121284617F0C8FDCA
:10648000072303700A21284617F0C2FD0680A38C5B
:106490004380E38C8380238CC380638C0381DAE6A2
:1064A0000C350221284617F0B3FD4FF44C730380DE
:1064B0000321284617F0ACFD0470A0F80160CAE67D
:1064C000002F40F0E9802B4A136801331360B8F1C4
:1064D000000F40F020810C350221284617F098FD6E
:1064E00041F23E3303800121284617F091FD034617
:1064F00001221A702846122117F08AFD0770A0F8B1
:106500000160637FC370A37F03F001030371D4F8BC
:106510001F30C0F80530B4F82330A0F80930638E7E
:10652000A0F80B30A38EA0F80D30E38EA0F80F304A
:1065300094F8383043748EE60C4B1B681B064FF002
:1065400000047FF588AE0C350221284617F060FD67
:106550004FF4816303800421284617F059FD01237D
:106560000470A0F80160C37075E600BF98020020B7
:1065700090020020A4460020B017002090F82030A0
:106580000E2B7FF468AE0B46324600211A2004B071
:10659000BDE8F041FEF7F6BF0B4632463946002013
:1065A000F5E75E4B1B681F067FF555AE0C350221E3
:1065B000284694F8204017F02BFD4FF481630380A8
:1065C0000421284617F024FD002C08BF1F240023B7
:1065D0000470A0F80160C3703DE6504B5B68980002
:1065E0004FD54F4B1B6899064BD50C3502212846D9
:1065F00017F00EFD40F63E3303800121284617F0C8
:1066000007FD062303700A21284617F001FD0680C6
:10661000238C4380638C8380A38CC380E38C0381B1
:1066200019E63E4B5B6899007FF515AE3C4B1B6845
:10663000DA067FF510AE0C350221284617F0E8FC8B
:1066400040F63E5303800121284617F0E1FC052364
:1066500003700C21284617F0DBFC034623F8026B7D
:10666000216A626AC0F802105A60238D4381F2E504
:10667000A07F04F12503FF2204F11F0105F032FE83
:10668000F3E50023CDE90233CDE900331A220221DC
:10669000304600F079FEDEE5B8F1000F1DD10C3573
:1066A0000221284617F0B4FC41F23E330380012159
:1066B000284617F0ADFC012303701221284617F07D
:1066C000A7FCC0F80180C0F80580C0F80980C0F8B8
:1066D0000D8080F811800770BDE50C350221284639
:1066E00017F096FC41F63E7303800121284617F00F
:1066F0008FFC0A2303701E21284617F089FC0446EC
:106700001D220021601C23F07DFA2770A3E500DE26
:10671000A7E500DE24E60C35BEE500BF98020020A8
:106720009002002070B500F10C040E4620460221B4
:10673000154617F06DFC40F21353038005212046E7
:1067400017F066FC01230370A0F80160A0F8035065
:1067500070BD00BF0379032B09D0172B05D0183B60
:10676000052B8CBF00200320704701207047037F5A
:1067700003F00303032B14BF05200420704700BF60
:106780000B4B0C4A0C4930B44FF0FF3441F6FF7507
:10679000C3E9004500240025C2E900451F24002567
:1067A000C1E90045054B00221A6030BCFEF7DABE95
:1067B00098020020B017002090020020A44600207C
:1067C00000B583B00D4A05990D4B8A1AA3FB02321E
:1067D000C2F347126AB9023200910A4BD2B20121C8
:1067E0000020FDF7E9FC10F0FD0F04D103B05DF8C7
:1067F00004FB00DEEFE700DEF8E700BFCC46002038
:106800004FECC44E9D68030070B503685E6D05468D
:10681000C6B19C6D00225A65DCB100219965172331
:1068200023714FF6FF73E38004F11C001E2223F056
:10683000E9F93C232377A56021463046BDE8704046
:10684000FEF71CBA00DE9C6D5E6D00225A65002CBE
:10685000E3D100DE9C6DE0E70E4A0F4B12781A7010
:1068600000B9704710B54B7F01EB830382B01B6A00
:1068700001911C78FEF79EFA0199814201D102B084
:1068800010BD14F00E0F02D14B69002BF7D000DEC3
:10689000F5E700BF127200201172002000B17047AE
:1068A000064B10B502460C46022001219C60FCF705
:1068B00041FA00B910BD00DE10BD00BF5007002036
:1068C00003788BB110B50C4B00F110019960826810
:1068D0007AB90A4C084B0022C0E902411146012056
:1068E000FCF728FA18B910BD1030FFF78DBF00DE95
:1068F00010BD00DE9968ECE740070020096803003E
:1069000038B5134C6569AB6FB3B905F16C0105F18E
:106910006800FCF78BF90346C0B1AB67286800F04C
:10692000B1FC0025A06D6561FEF796F9606DA56567
:10693000FEF786F9656538BD00DE05F16C0105F1ED
:106940006800FCF773F903460028E6D100DEE4E7AF
:10695000CC46002030B5304C94F85E30D90785B075
:1069600037D5636953B193F82C2042F0020283F8C3
:106970002C20636993F82C30DA0740D42648FEF7C0
:1069800001FA84423ED1237EDB0703AD24D40222E8
:106990000321224B009500200392FDF70DFC2946B0
:1069A000FEF7DEF930BB1E48FEF728FA60BB1A4836
:1069B000FEF7F4F984422BD163690BB1FFF7A0FF16
:1069C00094F85E30002023F0010384F85E3005F077
:1069D0001BFE002005B030BD022103910F4B009536
:1069E000032101220020FDF7E7FB2946FEF7B8F955
:1069F0000028CCD00848FEF7D1F984420AD10C20F7
:106A000005B030BD00DEBEE77830D0D000DECEE786
:106A100000DED1E700DEF2E7CC4600209143030020
:106A2000DC46002000B50378497802F1FF3C1031C4
:106A300003F00F03C9001FFA8CFC062B13D8DFE804
:106A400003F0042717121212040043781033DB00FE
:106A500003F21B32881803F5B37313FB0CF31844CD
:106A600080B25DF804FB40F253204FF4F373F4E777
:106A700041780CEB8C03C3EB0310400001F11003D1
:106A8000DB0000F23B1003FB020290B25DF804FB56
:106A900040F2E33040F21623DFE700BF30B54FF697
:106AA000FF718BB08B429DF838500F9C19D0217824
:106AB0000131C9B2217000294CD02849C1E9000236
:106AC0008A7A0B8165F30002254B8A7204F110006B
:106AD0000022C860996001201146FCF72BF90028BC
:106AE0003AD1207E10F0010505D11E4A1E4B1178C7
:106AF0001B788B4201D00BB030BD0133042109A8B3
:106B0000137006F0C1FB099B184A0694A2FB0321EF
:106B1000174A0095A21A174CA4FB02425C1A01EB1B
:106B2000540140F2471C090A52090CFB113302328E
:106B3000114905910133CDE90355CDE901552846A9
:106B4000D2B201210993FDF71FFB10F0FD0FD2D047
:106B500000DED0E700DEB0E700DEC2E7B8170020B5
:106B600030070020127200201172002021F1D49011
:106B7000CC4600204FECC44E5968030010B5174CAA
:106B8000204606F0F9FE04F10C0006F0F5FE34F89C
:106B9000043C627823F4437304EB8202204623F022
:106BA000020394F8424052684FF0020C43F00E0387
:106BB00020F8043C06216CF3420400234FF4006CDF
:106BC000A0F840C080F8424013705170437B00EB46
:106BD0008300042203691A70597010BDE846002032
:106BE0002DE9F04F604C9846604B94F85E708446F7
:106BF0000E4693E8030083B017F001071546DDF851
:106C000030909DF834309DF8382000908DF80410B5
:106C10007AD1218B03F0070302F003025B0021F419
:106C2000437143EA022321F002010B432383637F74
:106C3000012E04EB83036E4408BF4FF0000C327842
:106C40001E6AA4F85CC096F800A002F00E032AF0B9
:106C50001F0102F00F02B3FA83F35B090A4363F3E7
:106C60004512327002F00F02012A0AF00F0A43D0D7
:106C700094F85E3065F3420384F85E30DAB25B0765
:106C80000CD5134668F3C30384F85E30D9F800309E
:106C9000C4F85F30364BB9F804209A80337803F09B
:106CA0000F02012A05F0010B33D07278E2B1BAF17C
:106CB000010F4AD033786BF3861323F080033370CF
:106CC00094F82930246104EB8304AD01E36A05F0F4
:106CD00040055A7845F004051D700AB906225A701D
:106CE000384603B0BDE8F08F6BF3861362F3C71329
:106CF000337006237370E3E7BAF1010FB8D07278EE
:106D0000BAB984F83470B3E70C27384603B0BDE84D
:106D1000F08F32466BF3861368F3C71302F8083B13
:106D2000D9F80010B160B9F8041091800C23737089
:106D3000C6E7052A15D9063AD2B206F108010D4870
:106D400084F8342022F037FF92E794F83420094980
:106D500006F1080022F02FFF94F8343006337370E8
:106D6000A8E700DE7278E6E7CC46002010A3050015
:106D70002B4700200147002008B5FFF7FFFE002049
:106D800008BD00BF08B5FFF7E5FD002008BD00BF46
:106D900008B5064806F000FE044B03F10C0006F0AF
:106DA000FBFDFFF7EBFE002008BD00BFE84600201A
:106DB000034A044B801AA3FB0030C0F34F10704706
:106DC000CC4600204FECC44E044A0068044B801AA5
:106DD000A3FB0030C0F34F10704700BFCC4600202B
:106DE0004FECC44E30B9044890F85E3013F0010304
:106DF00000D0704700207047CC46002028B9044BD3
:106E000093F85E0000F0010070470020704700BF5B
:106E1000CC46002048B9064B93F85E0010F0010004
:106E200004D0587E00F0030070470020704700BF78
:106E3000CC46002070B50546807E0C4605F00EFD60
:106E400010B3237843F04003237023780268C4F81A
:106E5000022003F00F038288E280012B04F1020676
:106E600001D0304670BDA87E05F010FD0028F8D096
:106E70002278234642F0800203F8082B0268A260C1
:106E800082889A80304670BD2078C0F38010FDF76C
:106E90003DFADAE71F2956D82DE9F041437F00EB90
:106EA000830382B01F6A3B7803F00F03012B0E4669
:106EB0000546904649D00DF107011C3006F0B6FD9D
:106EC0003A78037802F00F0223F01F031343037094
:106ED0003B780278C3F3401363F3451202703B78AA
:106EE000D2B2C3F38013394663F38612027011F8ED
:106EF000023BD2B2DB0963F3C712044600F8022B4F
:106F0000062222F066FE3246414604F108000636AB
:106F100022F051FE667095F85E30DB0706D49DF8CE
:106F200007306B77002002B0BDE8F08195F829307A
:106F300005EB83032146DA6A2846F0F795FE002820
:106F4000EDD00C20EFE71220704780F834100A468D
:106F50003530414622F02FFEE4E700BF03460A46E3
:106F600001481946FFF796BFCC4600201F295FD87D
:106F70002DE9F04190F8293000EB830382B0DE6AFE
:106F80000F460446904600F12805002E41D02846C1
:106F90000DF1070106F04AFD037823F03F03314667
:106FA00043F00403037011F8022BDBB2C2F380122A
:106FB00003F03F0343EA82130370BB1D4370054691
:106FC0000622023022F005FE3A46414605F108004D
:106FD00022F0F1FD94F85E30DA0707D49DF807300F
:106FE00084F82930002002B0BDE8F081627F04EB14
:106FF00082024123116A0A7802F00F02D340DB07B4
:10700000ECD52A462046F0F72FFE0028E6D00C20CB
:10701000E9E7284606F0B0FCC0B258B994F8293028
:1070200004EB8303DE6A0423337006237370AEE738
:10703000122070470720D6E703460A460148194642
:10704000FFF794BFCC46002008B5054B002298609E
:1070500011460120FBF76EFE00B908BD00DE08BD39
:107060006007002083685A6892F82730DB090146E0
:1070700001D100DE70470831F1F7C6B92DE9F041C2
:107080000768244982B005464FF4D4723846FBF7AE
:10709000A9FD05F16806294606F0D2FFE86E01AAAF
:1070A0003146FBF7DFFD00B31B4C4FF6FF7894F839
:1070B000412094F84010531CDBB2082B08BF00237A
:1070C000994223D004EBC20124F83280019A4A602D
:1070D00012680260019A1060E86E84F8413001AADB
:1070E0003146FBF7BFFD0028E1D1D7F8680107F56D
:1070F000B47138B10023C7F86831FDF73DFF02B025
:10710000BDE8F08100DED7F86801F3E700DE002378
:107110001B80FFDEC81700200448002010B50C4675
:1071200030B92046FDF758FE844200D000DE10BD85
:1071300000DEF6E710B50C4630B92046FDF740FEFC
:10714000844200D000DE10BD00DEF6E710B50C462C
:1071500040B9074B0246012102209C60FBF7EAFD83
:1071600020B910BDFDF726FE8442FAD000DE10BD26
:107170008007002000B9704700B583B00191FDF78A
:1071800037FE0199814202D103B05DF804FBFDF79F
:1071900011FE01998142F7D000DEF5E738B51848B5
:1071A000184B194D194C01224FF4D471FBF7C8FC50
:1071B00000224FF4D4711248FBF710FD4FF6FF7315
:1071C0008384134B0322181D2421FBF7B9FC114BB8
:1071D0000722181D0821FBF7B3FC01F0C7FF0E487A
:1071E0000E490F4A03234FF01B0C2B70A0F800C070
:1071F00000254FF4A47025600880137038BD00BFCF
:10720000C817002054470020147200206C4800204A
:107210009447002058470020607100205E710020D4
:107220001372002010B5037883B1104B00F11001E8
:1072300099608268BAB90E4C0C4B0022C0E9024139
:1072400011460120FBF776FD58B910BD03F0FF028F
:10725000084B1030986011460120FBF76BFD0028A9
:10726000F3D000DE10BD00DE9968E4E7700700206F
:1072700049700300600700200148FBF785BC00BF90
:10728000544700200149FBF795BC00BF544700203C
:1072900002494FF4D472FBF7A5BC00BFC817002009
:1072A000024620B903484FF4D471FBF797BC002085
:1072B000704700BFC817002060B908B502464FF4F8
:1072C000D4710548FBF78AFC10B1838C03B908BD63
:1072D000002008BD00207047C81700200148FBF7B8
:1072E00053BC00BF944700200149FBF763BC00BFBB
:1072F0009447002000283DD138B502460D461F486E
:107300004FF4D471FBF76AFC0446F0B1828CE2B909
:107310001B4890F821C090F820100CF10103DBB25B
:10732000042B08BF0023994221D020F83C2000EB19
:10733000CC0CCCF8045080F82130237843B994F970
:107340003730002B0EDB002038BD6FF0150038BD44
:107350000C4B012103209C60FBF7ECFC94F93730C7
:10736000002BF0DA0021204604F0FEFBEBE76FF083
:10737000680038BD6FF01500704700BFC8170020C7
:1073800048480020900700202DE9F04782B0BDF862
:107390002870BDF82C80BDF8309098B90C46154681
:1073A0004FF4D471024619481E46FBF717FC82467B
:1073B00040B1838C33B96CB1022C07D0012002B0EC
:1073C000BDE8F087022002B0BDE8F087ADB902F059
:1073D00019F90EE00D9B0193CDF8009043463A4613
:1073E000314602F099F80028EDD19AF93730002B98
:1073F00007DB002002B0BDE8F087294602F012F951
:10740000F7E70146504604F0AFFBF2E7C81700204B
:10741000E8B938B502460C460E484FF4D471FBF774
:10742000DDFB054650B1838C43B902F007F838B153
:107430000368236003792371002038BD022038BD22
:10744000D5F83230236095F836302371F4E7022006
:10745000704700BFC817002038B510B1022420467D
:1074600038BD02460C4615484FF4D471FBF7B6FB05
:10747000054600B3838CF3B91A2C15D8042C17D900
:107480000F4BE340DB0713D52146284601F0BCFF34
:1074900004460028E3D195F93730002BDFDA0146A6
:1074A000284604F061FBDAE7292CEDD03B2CEBD029
:1074B0001224204638BD0C24204638BDC8170020B1
:1074C0002000380438B5A0B902464FF4D4710D48F5
:1074D000FBF784FB054660B1838C53B9012101F0B1
:1074E00041FF044618B995F93730002B04DB2046DC
:1074F00038BD0224204638BD0146284604F034FB3E
:10750000204638BDC817002038B598B902464FF458
:10751000D4710D48FBF762FB054658B1838C4BB91B
:1075200001F038FF044618B995F93730002B04DB19
:10753000204638BD0224204638BD0146284604F0C6
:1075400013FB204638BD00BFC817002070B5D8B95E
:107550000D4616464FF4D47102461148FBF73EFB28
:10756000044688B1838C7BB9D0F840319B060ED598
:107570002946324601F074FF054618B994F93730B0
:10758000002B07DB284670BD0225284670BD1A2552
:10759000284670BD0146204604F0E6FAF2E700BF37
:1075A000C8170020034A044B12881B8802800B80F6
:1075B000704700BF607100205E710020024A034BDB
:1075C0001080198000207047607100205E710020DB
:1075D0004FF01B0CA0F800C04FF0450CA2F800C003
:1075E0004FF4A4704FF4267208801A80704700BFD1
:1075F000C8B938B50D4614464FF4D47102460B484D
:10760000FBF7ECFA034660B1808C50B993F8762012
:10761000C2F302022A7093F87730C3F30203237097
:1076200038BD022038BD0220704700BFC8170020B7
:10763000024A034B1070197000207047147200202A
:1076400013720020F0B583B000BB0F4616464FF40E
:10765000D471024614481D46FBF7C0FA0446A8B18F
:10766000838C9BB9D0F84031DB0513D52B4601251F
:1076700000953246394601F09FFE054618B994F947
:107680003730002B0ADB284603B0F0BD0225284620
:1076900003B0F0BD1A25284603B0F0BD01462046D0
:1076A00004F062FAEFE700BFC817002048BB10B52E
:1076B00002460C4614484FF4D471FBF78FFAF0B130
:1076C000838CE3B9C28CB0F88C311049052A0BD8F1
:1076D00002FB03334FF4FA7202FB03F3A1FB031323
:1076E0005B0B2380002010BD02FB03F340F2E2425B
:1076F00002FB03F3A1FB03135B0B2380F2E70220E1
:1077000010BD0220704700BFC81700205917B7D11D
:1077100050BB10B502460C4614484FF4D471FBF729
:107720005DFAF8B1838CEBB9C38C42F2107202FBA4
:1077300004F1052B01F1FF310AD84FF4FA7203FB73
:1077400002231944B1FBF3F1A0F88C11002010BD05
:1077500040F2E24202FB03F31944B1FBF3F1A0F85B
:107760008C11F3E7022010BD02207047C8170020DB
:1077700008B5FFF713FD002008BD00BF38B51B4852
:1077800000224FF4D471FBF729FA044658B304F1F0
:10779000100221460320FDF75BFB054610B110F1F6
:1077A000780F0BD10025124A124BC4F8885015846B
:1077B000A3F84050FFF7F2FC284638BD40F24D7365
:1077C0000D4A0E490E4815F079FB0E482A46002155
:1077D00015F074FB002383F31188BFF36F8F03232D
:1077E000184602DFDEE700DED1E700BFC817002041
:1077F00048480020044800201CAA05005CAA050097
:1078000074AA050094AA0500014B1878704700BFC0
:1078100014720020014B1878704700BF13720020CB
:107820000B46896818600A68107828B1916851B9C8
:107830000849C2E9021370474A6892F82710C9093B
:1078400003D100DE704700DEF2E703F108011846BD
:10785000F0F7DABD657003000B68DA889ABB70B583
:107860000C4606464FF4D4711848FBF7B7F90546A5
:10787000D0B1838CC3B901F011FF2268137F03F0EC
:107880000303032B08D101231371226831462846D4
:10789000BDE8704001F016BF53B195F862319A0708
:1078A00005D53D2385F86431236801221A7170BD26
:1078B00095F862319B0703D53D2385F86431226832
:1078C0000123137170BD01221A717047C81700207F
:1078D00010B5B0F824C004464FF6FF7084450CD0B4
:1078E000A4F824312046C4E9471201F0CDFC94F8F5
:1078F000623113F0010002D110BD00DEF0E723F089
:10790000010384F862316FF08B0010BD70B51C4C20
:10791000064694F821201BE0FBF760F903466968EE
:10792000E0301BB39B8C0BBB01F080FA94F8201065
:1079300094F821204B1C8A4206F1FF30DBB204D0C0
:10794000042B08BF002384F8203010F0FF0616D067
:1079500094F820300B4893424FF4D4710FD034F890
:10796000332004EBC305002AD6D069680B7923F0D5
:1079700003034FF6FF700B71FDF7C0F9D6E770BD3A
:1079800048480020C8170020F0B5314B1A689042D3
:1079900008BF002283B008BF1A60828CA0F86E2155
:1079A000182380F86C31054680F88411012101F01C
:1079B00075FC05F1E006284601F084FC304601F034
:1079C0001DFA304601F052FA044628B3037903F059
:1079D0000303032B0CBF0346002303601D4805F17E
:1079E0007C07FBF7D1F8A8B121463A46FBF728F906
:1079F000304601F03BFA044670B1037903F003030B
:107A0000032B0CBF0346002303601248FBF7BCF8AE
:107A10000028E9D100DEE7E7AA8C0F4B009503327E
:107A2000D2B201210020FCF7C7FB10F0FD0F08D1F6
:107A30004FF6FF73FF20AB8403B0BDE8F040FFF7C3
:107A400065BFFDF7B7F98542F2D000DEF0E700BF71
:107A50006C480020584700204D71030038B505469A
:107A60000120FFF753FF05F1E00001F0FFF9A8B195
:107A7000037903F003030446032B0CBF23460023C2
:107A800007482360FBF780F830B105F17C022146FE
:107A9000BDE83840FBF7D4B800DEF6E738BD00BFDC
:107AA0005847002021B3F8B54D1EEDB200F1E007B4
:107AB00000F17C0612E0237903F00303032B0CBFD3
:107AC000234600232360FBF75FF878B1013D32467F
:107AD0002146EDB2FBF7B4F8FF2D06D0384601F091
:107AE000C5F904460348002CE5D1F8BD00DEEDE7FA
:107AF000704700BF584700200149FBF75BB800BF43
:107B000058470020014B93F841007047044800207B
:107B100000B50A4B93F840C093F841E0F4450BD010
:107B200080F800E033F83C00088003EBCC035B688E
:107B3000136018685DF804FB0020FBE70448002090
:107B4000074B93F840C0844508D003EBCC0033F8D2
:107B50003C300B8043681360186870470020704702
:107B600004480020094A92F8401092F841308B42B4
:107B700009D04B1CDBB2082B08BF002352F83100A0
:107B800082F8403070470020704700BF0448002052
:107B900000B50D4A92F841C092F840E00CF10103A3
:107BA000DBB2082B08BF00239E4509D022F83C0019
:107BB00002EBCC0CCCF8041082F841305DF804FBE9
:107BC00000DE00231B80FFDE0448002070B55379DF
:107BD000144605460E46002B39D0237903F00302E4
:107BE000032A0CD04FF6FF72954204BF23F0030323
:107BF000237121462846BDE87040FDF77FB84FF657
:107C0000FF739D4206D13368A3421AD0002BF0D0F7
:107C100000DEEEE7EDB913482A464FF4D471FAF7C7
:107C2000DDFFE0B1214601F01BFD3368A342EDD139
:107C30000C4800224FF4D471FAF7D0FF08B1838CBE
:107C400003B100202146BDE8704001F0E1BA00DE3A
:107C5000C3E700DE0020214601F002FDD3E700DE8D
:107C6000E0E700BFC817002090F86620B0F85C304D
:107C7000C2F30212022A14BFDB089B0890F87E2090
:107C8000B0F8580014BF0A3B0B3B9BB2D20644BF6E
:107C9000043B9BB2984228BF18467047704700BF0C
:107CA00090F8623143F0020380F86231704700BF00
:107CB00090F8623123F0020380F86231704700BF10
:107CC000B0F86031B0F82421981880B2704700BF36
:107CD0000278038E12B1581E80B27047418DB0F801
:107CE00024215818104480B2704700BF10B50446D4
:107CF0000B68C4F8323032300B7903710521FBF781
:107D000033F994F8373060F3050384F8373010BD49
:107D10004FF426704FF4A47308801380704700BF9F
:107D200000B5B0F86020B0F85A1003468A4290F8C7
:107D30007700B3F85EC028BF0A4600F00700B3F82A
:107D400064101B2A38BF1B22042814BF4FF4A470F0
:107D50004FF42960614528BF61468142B3F86EC087
:107D600038BF01468C45B3F86A0044D08242A3F87C
:107D70006E1001D0A3F86A2093F8D12042F00202DD
:107D8000012083F8D120B3F858C0B3F8622093F8EB
:107D90007610B3F85CE0624528BF624601F0070147
:107DA0001B2A38BF1B220429B3F8661014BF4FF4F6
:107DB000A47C4FF4296C714528BF71466145B3F826
:107DC0006CE038BF61468E45B3F868C017D0624595
:107DD000A3F86C1001D0A3F8682093F8D12022F00A
:107DE000020283F8D12093F8D1200120024383F8C6
:107DF000D1205DF804FB8242BCD10020C3E762457C
:107E0000E9D193F8D11041EA510202F0010221F0C8
:107E100003010A4383F8D1200028E4D15DF804FB74
:107E2000B0F86020B0F85A1003468A4290F8770004
:107E3000B3F85EC028BF0A4600F00700B3F864102C
:107E40001B2A38BF1B22042814BF4FF4A4704FF420
:107E50002960614528BF61468142B3F86EC038BFD2
:107E600001468C45B3F86A000DD09042A3F86E101D
:107E700001D0A3F86A2093F8D12042F00202012039
:107E800083F8D12070479042F3D10020704700BFA3
:107E9000B0F86220B0F8581003468A4290F8760095
:107EA000B3F85CC028BF0A4600F00700B3F86610BC
:107EB0001B2A38BF1B22042814BF4FF4A4704FF4B0
:107EC0002960614528BF61468142B3F86CC038BF64
:107ED00001468C45B3F8680014D08242A3F86C10B8
:107EE00001D0A3F868204FF0010C93F8D110604640
:107EF000C1F3400242EA0C0221F003010A4383F875
:107F0000D12070478242ECD193F8D110002001F0CB
:107F1000010CEDE71B2928BF1B21B2F5A47F064BFE
:107F2000A0F8721028BF4FF4A472A0F87020C365A7
:107F3000A0F85810704700BF48019802F8B5002219
:107F40008266C266A0F87420314A324D12882D88AC
:107F50001B2A28BF1B22A0F87220B5F5A47FA0F829
:107F600058204FF0450201F0030328BF4FF4A475D9
:107F7000A0F85A204FF01B120266A0F8705090F83B
:107F8000772003F1280703F15205C1F34001FF00F8
:107F9000ED0002F0070290F8D130CF40CD40BEB2E4
:107FA000042AADB214BF4FF4A4724FF4296243F017
:107FB0000203AE4280F8D130334628BF2B469342AD
:107FC00038BF1346A0F86E304FF4A4730446A0F8EF
:107FD0005C301B23A0F86A30A0F85E50A0F8646003
:107FE000A0F86660FFF754FF94F8D130AE4243F03A
:107FF000010384F8D13003D0012384F87430F8BD34
:10800000B7F5A47FF8D1A36DB3F11B1FF4D1F8BD70
:10801000607100205E71002008B50022D0E91E01C9
:10802000FAF718FEB0FA80F0400908BDF8B5064628
:108030000C4600F0F9FF054688B32F1D384602F0C4
:10804000FDFAEB7963732946304601F003F83046B8
:1080500003F000FBAB68EA68C4F84720C4F843307B
:108060002B69C6F8AC30A5690023A361ADB1032329
:108070002F792B71B38CEB8005F11C01204602F0A7
:10808000C5FA2E2F02D00423A372F8BD2868294612
:10809000FCF7F4FD0423A372F8BD00DEE7E700DE81
:1080A000CBE700BF70B504460D4600F0B5FF10B930
:1080B0000623AB7270BD04F18F063346002205F132
:1080C0003B0105F12B0007F0FDF9D4F89710C4F837
:1080D000B810D4F8A810D4F88F00C4F8C910D4F898
:1080E000AC10D4F89B20C4F8B000C4F8CD10002028
:1080F0000021C4E93001D4F8933094F8C810C4F8D2
:10810000BC2094F8A720C4F8B430002363F3000126
:1081100084F89F3084F8A03084F8A13084F8A2302D
:1081200084F8A33084F8A43084F8A53084F8A6300D
:1081300042F0010384F8C81084F8A730294620468D
:1081400000F072FF0646A8B1301D02F08FFAF379F5
:108150006B733146204600F07DFF204603F07AFA2B
:108160004FF4C1636B8194F88E3043F0080384F8B8
:108170008E3070BD00DEE7E770B50C46897A82B0BC
:1081800005460D2900F22E81DFE801F05F676A9B4A
:108190009F07070C1836393E5053002A00F0A7807D
:1081A00002B070BD002AFBD12146284600F034FF02
:1081B000002840F0F1800723A372F1E7022AEFD1F3
:1081C000A0690023A361002800F029810323037123
:1081D000AB8CC380237A052B00F00981062B00F0BD
:1081E000038100DE2146284600F016FF002840F0FB
:1081F000AA800923A372D3E7002AD1D1F2E7002A8B
:10820000CED10B23A372CBE7072AC9D1284601217F
:1082100000F024FF2846FFF743FD2146284600F0E2
:10822000FBFE002871D10C23A372B9E7002AB7D155
:10823000F3E7082AB4D140F20233638195F88E3017
:1082400023F0100385F88E30AAE7002AA8D1237AFC
:10825000062BD6D00223A372A2E7002AFAD09FE70A
:10826000012A9DD111462846019300F0F7FE2846C9
:10827000FFF716FD284601F045FF019B5A689968F3
:10828000C4F82510C4F821201A7B84F829205A7BD1
:1082900084F82A20D3F80E20D3F81210C4F83F1027
:1082A000C4F83B20D3F81630C5F8A830214628463C
:1082B00000F0B2FE10BB204600F0F0FE0323A372D4
:1082C0006EE7002A7FF46CAFF0E7032A0CD0042A93
:1082D0007FF466AF062140F20362072384F8201082
:1082E000A4F84D20A3725BE70523A37258E721464B
:1082F000284602B0BDE87040FFF7D4BE21462846AC
:1083000002B0BDE87040FFF791BE2146284600F05C
:108310008BFE0646002800F08480301D02F0BAF97A
:10832000F37963733146284600F094FE284603F043
:1083300091F940F60D33638195F88E3023F00803F0
:1083400085F88E302CE72146284600F06DFE064663
:10835000002868D0301D02F093F9F3796373314639
:10836000284600F077FE284603F074F9284603F00B
:10837000C9FA0023A3720121284600F083FE284693
:10838000FFF796FC284601F0C1FE95F88E3043F0C9
:10839000100385F88E3003E72146284600F044FE9E
:1083A0000646002841D095F8303194F84E10301D23
:1083B0001BB1D5F840315B071DD402F075F9F37994
:1083C00063733146284600F045FE284603F042F923
:1083D000284603F097FA94F82030062B11D0242B6E
:1083E0003FF4DEAE00DEDBE61A230371FAE61C3052
:1083F00002F046F9F6E60A4694F84D1002F060F9EC
:10840000DDE70121A172284600F03CFE2846FFF777
:108410004FFC284602B0BDE8704001F077BE00DE98
:10842000D4E600DE79E700DE94E700DEBBE700BFBC
:1084300092F81FC0ACF1030C02F11C03BCF1080F51
:1084400006D8DFE80CF01205050F0505050C09003C
:108450003D2380F8643170470822FFF78DBE072264
:10846000FFF78ABE0222FFF787BE0122FFF784BE14
:108470008B7A042B06D002D9053B082B00D8704715
:1084800000DEFCE705238B72704700BF8B7A042B5C
:1084900006D002D9053B082B00D8704700DEFCE768
:1084A000062040F20362072381F82000A1F84D2046
:1084B0008B727047887AA0F10400B0FA80F040090E
:1084C000704700BF13460022FFF756BE70B591F803
:1084D0002C30042B0C460ED991F82D20112184F854
:1084E00028100125134313F0070312D184F8283014
:1084F0000125284670BD032B07D091F82D20042AB2
:10850000ECD8032A01D00025ECE7112384F82830A9
:108510000125668DFFF7DCFB801B0304E9D42823CB
:10852000E4E700BFF0B50E4683B00DF1060201A9E5
:10853000B0F86C50B0F86E700446FFF7E9FB96F89F
:108540002D201ABB96F82C30002B5CD1B4F86C307F
:10855000AB420ED3BDF806209A420AD3B4F86E306F
:10856000BB4206D3BDF804209A4202D3002003B0D8
:10857000F0BD94F8D130A4F86C5043F00103012011
:10858000A4F86E7084F8D13003B0F0BD94F93700D0
:10859000002802DB96F82C30EBB194F8761094F8B2
:1085A000685001F003032B440D33DB00C1F340019D
:1085B000CB409BB2BDF80650B3F5A47F38BF4FF453
:1085C000A4739D4228BF1D4612B3002803DA96F813
:1085D0002C30002BBAD094F8772094F86A10BDF8AC
:1085E000047002F003030B440D33DB00C2F34002BE
:1085F000D3409BB2B3F5A47F38BF4FF4A4739F421E
:1086000028BF1F46A2E794F937000028C5DAE2E741
:1086100096F82C30002B99D0002897DADBE700BFC2
:1086200010B50C4689690023A36131B394F8213059
:10863000DB071DD50B792E2B1DD11D230B71838CD0
:10864000CB8094F828300B7790F87730C3F302038F
:108650008B7790F87630C3F302034B770868FCF70A
:108660000DFB94F8213023F0010384F8213010BD74
:1086700001230B71F2E700DEDFE700DED6E700BF83
:1086800038B591F821304D6A9B070C4603D4BDB133
:1086900001232B7108E0A5B103232B71838CEB80A0
:1086A00005F11C0102F05CF928682946FCF7E6FA9E
:1086B00094F82130002223F00203626284F8213012
:1086C00038BD00DEE8E700BF70B50C46054600F097
:1086D000BFFC6062C0B1637BE66966610022172B54
:1086E000E26109D000DE2846314600F0B3FC28469E
:1086F000BDE8704002F0AEBF311D284602F01AF806
:1087000041F603036381EEE700DEE4E770B5CB6971
:108710000C460646002B4CD0637B162B2ED196F9C7
:108720003730002B2ADBE56965610023E36194F8AB
:10873000203096F89C21C3F3C20363F3C50286F888
:108740009C2194F8202096F89C3162F3020386F86D
:108750009C3194F8203096F87620C3F3801363F3AD
:10876000C30286F87620291D204601F0BFFF0221B2
:10877000304600F073FC0223A37211E000F060FCAD
:1087800010B90723A37270BD00F062FC606290B163
:10879000637BE56965610022162BE261C7D000DECC
:1087A0003046294600F056FC3046BDE8704001F0E6
:1087B000B1BC00DEB0E700DEEAE700BF38B5054631
:1087C0000C4601F097FC10B10123A37238BD284676
:1087D00002F02EFF0028F7D12146284600F01CFCAD
:1087E0000028F1D0284602F021FF0728ECD02846C7
:1087F000012102F015FF28460D2102F015FF162376
:1088000021466373284600F00FFCE06121462846AC
:10881000BDE83840FFF77ABF38B505460C4602F090
:1088200011FF10B10223A37238BD2146284600F083
:10883000F3FB0028F6D0284602F0F8FE0728F1D016
:108840000D21284602F0F0FE1723637321462846C7
:1088500000F0EAFBE06158B100F0F2FB10B9072329
:10886000A37238BD21462846BDE83840FFF72CBF2B
:1088700000DEF1E770B50C46897A82B006461546EF
:10888000092906D8DFE801F0080D454805056B8B7E
:1088900097B800DE02B070BD002DFBD10123A3729A
:1088A000F8E71946204601F037FF94F8202096F8A3
:1088B0009C31C2F3C200C3F3C2010140C2F3020003
:1088C000034043EAC10322F03F02134384F82030FF
:1088D00096F93730002B0BDB94F8203013F0380F6B
:1088E00040F09E8094F8203023F03F0384F820303D
:1088F0000221304600F0B2FB012DCBD196F8373083
:10890000DB09C6D02146304602B0BDE87040FFF713
:1089100083BF002DBED1F5E7022DBBD190F93730D2
:10892000002B80F2C380644B96F8762093E8030016
:1089300094F8203002AD134305E9030003F0070368
:108940006B4402211B78304663F30612062386F837
:108950007620A37202B0BDE8704000F093BB032DF7
:1089600098D11946204601F0FBFE21463046FFF71C
:10897000ADFD0546204600F091FB002D5BD094F83C
:10898000283096F87620282B08BF86F864311346E5
:10899000092162F3061386F87630A1727AE7002D7A
:1089A0007FF478AFE369002B74D000F049FBD8BBAB
:1089B0000723A3726EE7002D7FF46CAFFFF780F9F9
:1089C000638DC01A03043FF565AF84F8285096F90B
:1089D0003730002B35DB002294F8213062F300039E
:1089E00084F8213096F876201346092162F30613A5
:1089F00086F87630A1724DE7042D7FF44BAF214607
:108A0000FFF70EFE21463046FFF73AFE304602F0F1
:108A100079FF0021304602F007FE0023A37239E7F8
:108A20005A077FF465AF5DE72146304602B0BDE8E6
:108A30007040FFF749BE304602F012FE0823A372D1
:108A400028E794F82D1096F8772094F82C3011F040
:108A5000030102F007051FD096F87600844661F303
:108A6000020C13F0030386F876C000F007001FD055
:108A700063F30202884286F8772014D021463046FC
:108A8000FFF750FD94F8213060F34103012284F890
:108A90002130A1E700DE88E713F003039BD063F3E6
:108AA000020286F877209D42E8D194E700DE3AE79B
:108AB0008842E3D18FE700BF18A3050070B5D37FCC
:108AC000112B05460C4602F11C0625D0182B09D0A7
:108AD000072B10D0242380F8643101F0C1FB002360
:108AE000A37270BD8B7A062B3DD088BF073B022B4B
:108AF000F7D900DE70BD8B7A062BF6D1002102F08B
:108B00008FFDD5F840311A2223F48073C5F8403127
:108B1000204684F828200FE08B7A062BE5D13146D9
:108B2000204601F0DBFD94F84E3084F828302846CA
:108B3000002102F075FD204600F0B0FA94F82130D3
:108B400043F0010384F8213095F876201346092676
:108B500062F3061385F87630A67228460221BDE836
:108B6000704000F08FBA90F93730002B3FDA0221C5
:108B7000284602F055FD3146204601F0F1FD214620
:108B80002846FFF7A3FC0646204600F087FA9EB968
:108B900094F82D302BB195F8762063F3061285F802
:108BA0007620284601F0C0FA0823A3722846022145
:108BB000BDE8704000F066BA0021284602F030FDA2
:108BC00094F828300BB185F8643194F8203094F88B
:108BD0002120DB0963F3000284F8212095F8761048
:108BE0000A4661F30612092385F87620DDE700DEE8
:108BF000BDE700BF38B58B7A0C460546092B06D871
:108C0000DFE803F0070706050505060B0F0600DE83
:108C100038BDBDE83840FFF7D1BDBDE83840FFF7AB
:108C200075BDFFF74DF8638DC01A0304F0D495F9B4
:108C30003730002B19DB0021284602F0F1FC94F8B4
:108C40002030002284F82820DB0994F8212063F3E7
:108C5000000284F8212095F876201346092162F35A
:108C6000061385F87630A17238BD94F82D1095F86A
:108C7000772094F82C3011F0030102F0070C24D077
:108C800095F87600864661F3020E13F0030385F82B
:108C900076E000F0070022D063F30202884285F8F4
:108CA000772019D021462846FFF73CFC94F8213064
:108CB00060F3410384F821300021284602F0B0FC23
:108CC0000022012384F82820BFE713F00303B2D069
:108CD00063F3020285F877206345E3D1ABE788426E
:108CE000E0D1A8E791F80AC0BCF1020F08D000D883
:108CF0007047ACF1060CBCF1030FF9D900DE7047E8
:108D00000B4690F83710C9090246F7D030B5104924
:108D100090F8764093F820E003C983B044EA0E0E41
:108D200002AD05E903000EF0070EEE4461469EF821
:108D3000000041F6060C60F30614104682F87640F7
:108D4000A3F80AC003B0BDE8304000F09BB900BFF3
:108D500018A3050038B58B7A082B04D8033B022BE7
:108D600000D800DE38BD092BFBD105460C46FFF7C5
:108D700057FC21462846FFF783FC284601F070FA8D
:108D80000021284602F050FC0023A37238BD00BF2A
:108D900010B592F81FE0BEF1160F02F11C0310D0BF
:108DA000BEF1180F08D024230C4680F8643102F07D
:108DB000A9FD0023A37210BDBDE810400322FFF7F8
:108DC00059BDBDE810400122FFF754BD13460022F3
:108DD000FFF750BD13460222FFF74CBD00230422CB
:108DE000FFF748BD0023C0E90133C0E90333037036
:108DF000704700BF037801330370704703785BB995
:108E0000C3687BB102691AB1816861B10B6082608D
:108E10000023C0E903337047013BDBB20370002B32
:108E2000EED0704770474360F1E700BF03783BB175
:108E300000230C300B60436843B1196041607047F8
:108E4000002304300B604368002BF6D1C0E9001109
:108E5000704700BF00230B60836813B11960816005
:108E60007047C0E901117047406870470346406889
:108E700028B1996802685A60884208BF9A607047B2
:108E80004078A0F10C00B0FA80F04009704700BFB4
:108E90004078A0F10800B0FA80F04009704700BFA8
:108EA0004078A0F10200B0FA80F04009704700BF9E
:108EB0004078A0F11700B0FA80F04009704700BF79
:108EC0004078A0F10100B0FA80F04009704700BF7F
:108ED0004078A0F10900B0FA80F04009704700BF67
:108EE0004078A0F10600B0FA80F04009704700BF5A
:108EF0004078A0F11800B0FA80F04009704700BF38
:108F00004078A0F10300B0FA80F04009704700BF3C
:108F10004078A0F10500B0FA80F04009704700BF2A
:108F2000F8B5064608460D46F9F72EFE044680B110
:108F30000027C0E90577456006722C2239462030AB
:108F400020F060FE4FF47F43FF2262726381A381B1
:108F5000A7732046F8BD00BF4078A0F10200B0FA28
:108F600080F04009704700BF4078A0F10200B0FADD
:108F700080F04009704700BF4078A0F10200B0FACD
:108F800080F04009704700BF4078A0F10100B0FABE
:108F900080F04009704700BF4078A0F10100B0FAAE
:108FA00080F04009704700BF4078A0F10100B0FA9E
:108FB00080F04009704700BF4078A0F10900B0FA86
:108FC00080F04009704700BF4078A0F10900B0FA76
:108FD00080F04009704700BF4078A0F11800B0FA57
:108FE00080F04009704700BF4078A0F10300B0FA5C
:108FF00080F04009704700BF4078A0F10300B0FA4C
:1090000080F04009704700BF416809B1F9F7D2BD4F
:1090100000DE4168F9F7CEBD024B1868003818BF72
:1090200001207047B007002010B50448F9F7ACFDE7
:1090300004460430FEF732FE204610BDB007002083
:1090400008B50120FBF72EFE003818BF012008BD2F
:10905000FBF742BEE030FFF7FDBE00BF38B590F829
:10906000563105460C461BB11C4385F8564138BDA8
:10907000E030FFF7BFFE95F856311C4385F85641A6
:1090800038BD00BF90F8563123EA010180F856112F
:1090900001B17047E030FFF7B1BE00BF836943B153
:1090A0001A792E2A04D02E221A71836902691A6055
:1090B000704700DE8369F3E783694BB11A792E2A82
:1090C00000D0704701221A7181690868FBF7D6BD8C
:1090D00000DE8369F2E700BF8B6913B11A792E2A8B
:1090E0000BD00B7A072B15D0CB692BB1D0F85C21B4
:1090F0001A60CB69C0F85C3170471B68D0F8582102
:109100005A608B6901221A718B69C0F858310B7A49
:10911000072BE9D14B6A002BE6D01B68D0F8582109
:109120005A604B6A01221A714B6AC0F85831DBE76A
:1091300070B505460C48F9F727FD044688B10A4B7F
:1091400043600026C0E9056605722C2231462030B6
:1091500020F058FD4FF47F43FF2262726381A381A8
:10916000A673204670BD00BFA007002010B50A4BB3
:10917000062258685021F9F7E3FC084B0122586891
:109180005021F9F7DDFC064BBDE810405868042279
:109190002C21F9F7D5BC00BFA8070020A0070020AC
:1091A000B007002038B50446002501F02DF8204610
:1091B000C4E93E5584F8045102F086FBC4F82851F6
:1091C000C4E9425584F81651A4F81451A4F8185172
:1091D000C4F82B51A4F84851C4F83051C4F83451A4
:1091E000C4F83851C4F83C51C4F84051C4F8445153
:1091F000FBF756F894F88E3084F85651C4E95001C4
:10920000C4E9565523F0180384F88E30258638BDFE
:1092100008460149F9F7CEBCB007002010B5B0F8F8
:10922000024182B0034624B1A1420FD2641AA0F8D1
:109230000241B3F8120120B181420FD2401AA3F8C3
:10924000120100231846137002B010BD019200F005
:1092500003FF019A58B1037A0A2B03D022236FF03F
:109260007300F0E790F820306FF07300EBE700DE5A
:10927000F1E700BF034B0B44B3FBF1F3A0F8183147
:10928000704700BFFF59620210B5044602F024FB8C
:109290002046BDE8104000F0BFBF00BF10B5044637
:1092A00049B1012900D010BD02F060FB2046BDE8A5
:1092B000104001F007B802F045FB2046BDE8104021
:1092C00000F0F2BF38B5D0F85841054634B12068F7
:1092D00021464468FBF7C6FC002CF8D1D5F85C4168
:1092E0000023C5F8583134B1204624680449F9F701
:1092F00061FC002CF8D10023C5F85C3138BD00BFFB
:10930000B007002090F93730002B14DA70B504460E
:109310000E46032009491546FFF702FE014640B1FB
:1093200080F8206080F82150204600F065FE002083
:1093300070BD0C2070BD0C20704700BFA807002036
:1093400010B5074904460120FFF7EAFD28B10146A0
:10935000204600F051FE002010BD0C2010BD00BFC3
:10936000A807002038B504460D4602200849FFF73B
:10937000D7FD58B190F8203065F30003014680F81E
:109380002030204600F038FE002038BD0C2038BDCB
:10939000A807002010B5074904460420FFF7C0FDC8
:1093A00028B10146204600F027FE002010BD0C2009
:1093B00010BD00BFA80700202DE9F04105468846F2
:1093C000072010499DF8186017461C46FFF7A8FDB6
:1093D000A8B1E30008F0070803F03803BF0143EA2F
:1093E000080307F040073B4343EAC613014680F8F1
:1093F0002030284600F000FE0020BDE8F0810C205F
:10940000BDE8F081A807002038B504460D4600F0FD
:109410009DFF204602F034FB07490A20FFF780FD3C
:1094200038B1014680F82050204600F0E5FD0020CC
:1094300038BD0C2038BD00BFA807002008B590F942
:109440003730002B08DB00F007FE20B1037A0B2B2E
:109450000CBF2230002008BD02F0F0F8F5E700BF95
:10946000F8B5D0F840319B0601D40020F8BD044681
:109470000D460C2008491646FFF752FD074648B135
:10948000294620463246FEF745FD3946204600F083
:10949000B3FDEAE70C20F8BDA807002070B506462A
:1094A0000D4602F0CBF820B1037A053B012B0446B0
:1094B00001D90C2070BD01463046FEF7FBFF0028A5
:1094C000F7D029686A68AB68ED68C4F83750304651
:1094D000C4F82B10C4F82F20C4F833302146FEF70F
:1094E000C7FF002070BD00BF38B5054602F0A6F8E2
:1094F00020B1037A053B012B044601D90C2038BD6D
:1095000001462846FEF7D6FF0028F7D02846214618
:10951000FEF7BCFF002038BD2DE9F8430546D0F822
:109520004001BDF820801E4683070F46914617D4A0
:1095300095F93730002B1FDB2A490820FFF7F0FC94
:109540000446002C42D0237A082B0FD0092B16D0CA
:1095500000DE2846214600F04FFD0020BDE8F883DC
:1095600020490920FFF7DCFC0446EAE7A4F828902C
:109570006685A4F82C80ECE71A20BDE8F883099BE7
:10958000E784A4F828906685A4F82C8003B31B8890
:109590002387099B5B886387099B9B88A387099B1B
:1095A000DB88E387099B1B89A4F84030099B5B8912
:1095B000A4F8423095F93730002BCADA2846FDF777
:1095C00067FE0146284602F0CFFAC2E70C20C5E745
:1095D000054A4FF0FF33C4E90E23A4F840304FF69C
:1095E000FF73E5E7A80700200000FFFF08B502F0C1
:1095F00025F828B1007AA0F10C00B0FA80F04009FB
:1096000008BD00BF10B5044602F018F810B1037A87
:10961000092B00D010BD01462046BDE8104001F0E6
:10962000D3BE00BF38B504460D4602F007F810B1AE
:10963000037A092B00D038BD80F82050014620461F
:10964000BDE8384001F0C4BE08B501F0F7FF28B10D
:10965000007AA0F10900B0FA80F0400908BD00BF0F
:1096600038B505460C4600F0F7FC10B14369A3423B
:109670000ED0284601F0E2FF10B14369A34200D0AA
:1096800038BD224601462846BDE8384002F0F0B811
:1096900001462246284600F081FDEAE710B504465F
:1096A00000F0DAFC18B10146204600F09BFD204690
:1096B00001F0C4FF014620B12046BDE8104002F091
:1096C000F1B810BD2DE9F041537F144605460E4612
:1096D000002B3AD0D37F1E2B24D9284600F0BCFCA7
:1096E0000746284601F0AAFF0146002F68D0FA7A03
:1096F000E37F002843D09342C07A52D03A7B002ABD
:109700004FD1072B65D0112B74D00D2B40F08680E4
:109710000D2802D00B7B002B3BD01F2385F8643132
:10972000BDE8F081474A52F8232022B104F11C0021
:10973000904760B1E37F022BCFD10123224631460F
:109740002846BDE8F04102F02DB9FF23D377284623
:1097500000F082FC30B1E27FC37A9A42E0D0037B12
:10976000002BDDD1284601F069FF002840D0E27FC0
:10977000C37A9A42D4D0037B002BD1D1DEE7934247
:1097800007D03A7B2AB9072B3CD0112B3AD00D2BAE
:10979000D3D12346324639462846BDE8F04100F091
:1097A000C7BC8342B9D00A7B002AB6D1072B2FD081
:1097B000112BEED14B7B94F820209A42E9D1ACE7F3
:1097C0000028BAD0234632462846BDE8F04101F0D1
:1097D000E9BF94F820307A7B9A4225D00728F1D04F
:1097E0000A7B002AEED14A7B9A42EBD0242395E7EC
:1097F0000346A3E794F820307A7B9A421FD01128C1
:10980000EED1DFE77A7B94F820309A4295D1C0E719
:109810004A7B94F820309A42BBD17EE78342D1D074
:109820000B7B002BCED1E1E707283FF476AF0B7B13
:10983000002B7FF472AF4B7B9342AAD16DE71128C6
:10984000F5D16AE77CAB0500F8B58D6900270C46B9
:1098500006468F617DB3012703232B71B38CEB8008
:10986000237A042B05F11C0118D00C2B0BD0022BF2
:1098700017D1637A072B16D0092B12D1304600F08E
:10988000FDFD2FB1F8BD304601F06AF8002FF9D187
:1098900028682946BDE8F840FBF7F0B9637A0C2B3D
:1098A00005D000DEEDE7204600F094FDE9E7304604
:1098B00000F086FEE5E7FFF7CBFB05460028CBD19D
:1098C00000DE0071FFDE00BF70B506460C46FFF7F4
:1098D000ABFB0546002855D0237A013B291D0B2BF5
:1098E00007D8DFE803F0151B212806060606062E1A
:1098F000063500DEEB79637329463046FFF7AAFB95
:10990000237A0A2B2AD03046BDE8704000F002BC12
:10991000084600F039FD1323E372EBE7304600F010
:1099200067FD0923E372E5E7204600F015FEFF23FB
:109930006561E372DEE7084600F030FE0C23E37257
:10994000D8E7204600F01AFEFF236561E372D1E7F5
:10995000304600F0D5FF1523E372CBE7F38CB6F861
:10996000921140F2E24202FB03F342F2107202FB58
:10997000013101393046B1FBF3F1BDE8704089B2E5
:1099800000F0CEBB00DEA7E72DE9F04107460C460C
:10999000164601F057FE28B10323A372002528467E
:1099A000BDE8F08121463846FFF736FB0546002822
:1099B000F2D021463846FFF737FB804600283CD0DE
:1099C000237A013B08F104010B2B07D8DFE803F0F1
:1099D0001B210627060606060606062D00DE98F859
:1099E0000730637341463846FFF734FB384601F0D1
:1099F00031FE0423A372002ED1D0384601F082FF3D
:109A00000023A372CBE7084600F0C8FCFF23E372F3
:109A1000E5E7384600F010FDFF23E372DFE7084674
:109A200000F0BCFDFF23E372D9E7384600F080FF69
:109A3000FF23C4F81480E372D1E700DEC0E700BF63
:109A400038B50B7A013B0C4605460B2B0CD8DFE8EA
:109A500003F006060B1B0B0B0B0B0B0D0B16BDE8D7
:109A600038400122FFF790BF00DE38BD01F04AFF09
:109A700094F820300022A27285F8643138BDBDE828
:109A800038400022FFF780BF90F8283143B9012207
:109A9000FFF77AFF0028E8D0012385F8283138BD88
:109AA00001F030FF0023A37238BD00BF38B50B7A38
:109AB000013B0C4605460B2B15D8DFE803F00616D4
:109AC0000E24141414141433143B4B7A072B04D0B3
:109AD000132B02D0242385F86431284600F0C0FB04
:109AE0000023A37238BD00DE38BD4B7A072B01D0AE
:109AF000092BEFD194F82030DB07EED5214628461C
:109B0000FFF7A2FEE9E74B7A0C2BE3D18B6993B305
:109B100021462846FFF798FE284600F0A1FB0023C7
:109B2000A37238BD00F09CFB00221623A27285F8B8
:109B3000643138BD4B7A152B16D0072BCAD1D0F81B
:109B4000403123F02003C0F8403100F089FB0023AE
:109B5000A3722846FFF74AFD0028C3D128460421F6
:109B6000BDE83840FFF78EBAFEF7DAF868B9284644
:109B700000F076FBEBE7FFF763FA0028C8D1284630
:109B800000F0C8FA0423A37238BD21462846FFF727
:109B90005BFEECE770B50E7A731E0C4605460B2B88
:109BA00007D8DFE803F0080F23370606060606533A
:109BB000066100DE70BD00F09DFA00287FD0012311
:109BC000A37270BD00F096FA0028F8D1214628460D
:109BD000FFF722FA0028F2D021462846FFF774FE4C
:109BE0006369002B08BF0326A67270BD00F082FADD
:109BF0000028E4D121462846FFF70EFA0028DED0DF
:109C000021462846FFF760FE6369002B18BF022635
:109C1000A67270BD90F828319BBB00F06BFA00284B
:109C2000CDD121462846FFF7F7F90028C7D02146B5
:109C30002846FFF749FE6269002A4FF001030CBF76
:109C400003220222A27285F8283170BDFFF7E4F9E1
:109C50000028B4D021462846FFF736FE16220223FC
:109C600084F82020A37270BDD0F840319B0602D545
:109C7000FFF7BCFC68B1284600F0F2FA0023A3729B
:109C800070BD0C2200234A728B61BDE87040FFF763
:109C90000DBF284600F02EFA002890D12146284614
:109CA000FFF7BAF900288AD004212846FFF7D6F931
:109CB00021462846FFF708FE0323A37270BD214604
:109CC0002846FFF7A9F900283FF479AF2146284636
:109CD000FFF7FAFD6369002B0CBF03230223A37275
:109CE00070BD00BF8B7A022B06D002D9033B012B3B
:109CF00000D8704700DE70470B7A032B01D00A2B87
:109D0000F7D1FFF7D3BE00BF38B58B7A032B05D050
:109D100001D9042B00D138BD00DE38BD0546D07F07
:109D20000C46831E02F11C016072172B0DD8DFE870
:109D300003F00C0C0C0C0C1F0C1B0C0C170D0C0C5A
:109D40000C130C0D0C230C0C0C0D00DE21462846C8
:109D5000BDE83840FFF7AABE204600F0BFFCF5E79B
:109D6000284600F043FCF1E7284600F0CFFBEDE782
:109D7000204600F02BFBE9E7284600F031FEE5E73E
:109D800038B58B7A032B05D8012B0AD8BDE83840AB
:109D9000FFF700BF042B03D10B7A042B0C4601D034
:109DA00000DE38BD0546FFF74BF90028F9D0214603
:109DB0002846FFF749FD284600F052FA0023A37217
:109DC00038BD00BF38B58B7A012B06D002D9023BD3
:109DD000022B00D838BD00DE38BD0546D07F0C46CA
:109DE000831E02F11C016072122B20D8DFE803F001
:109DF000291F1F1F1F1F251F1F1F211F1F1F1F1F61
:109E0000191F0A00284600F0C3FD04212846FFF769
:109E100025F92846FEF704F884F820002046FFF7CD
:109E20003DF921462846BDE83840FFF709BE00DE6F
:109E3000F7E7284600F0DAFBF3E7284600F03CFBA2
:109E4000EFE7204600F0A6FB08212846FFF706F9B9
:109E5000E7E700BFF8B58D7A032D00D8F8BD042DD3
:109E600023D10B7A0C2B0C46F8D10646FEF710F8DE
:109E700094F82030294640EA03073046FFF702F9FC
:109E8000A5690023FFB2A36105B32B792E2B0ED158
:109E90007FB901232B7128682946FAF7EFFE304677
:109EA00001F030FD0023A372F8BD00DEF8BD00DE36
:109EB000EEE703232B71B38CEB80237A0C2B05F197
:109EC0001C0105D1304600F04BFDE4E700DEDCE785
:109ED00000DEF7E710B58B7A82B00C46042B1ED853
:109EE000DFE803F01710031210000B7A0A2B14D1CD
:109EF000019001F007FD019894F820300022A27231
:109F000080F8643102B010BD02B0BDE81040FFF728
:109F100097BD01238B7202B010BD00DEE8E700DEC2
:109F2000F0E700BF70B5044605F016FA58B1D4F852
:109F3000F85035B1D4F8FC202B68C4F8F830AA42A8
:109F400021D0284670BD05460121032005F0CAF93D
:109F50002A46064601210320F8F7B8FED4F8F85047
:109F600045B1D4F8FC202B68C4F8F830954208BFFE
:109F7000C4F8FC30002EE4D0012211460320F8F78B
:109F8000A5FE284670BDC4F8FC30284670BD00BF51
:109F9000F8B506460C4605F0DFF968B1D6F8F8507A
:109FA000AC421FD1A3690BBB3046FFF7BBFF204675
:109FB000BDE8F840FFF728B805460121032005F069
:109FC00091F92A46012107460320F8F77FFED6F8CB
:109FD000F850002FE4D0012211460320F8F776FE56
:109FE000AC42DFD000DEA369002BDDD01B792E2B25
:109FF000DAD100DED8E700BFF8B505460C4605F01B
:10A00000ABF940B100232360D5F8FC30F3B11C60FC
:10A01000C5F8FC40F8BD06460121032005F062F9B1
:10A020003246074601210320F8F750FE2660D5F896
:10A03000FC3073B11C60C5F8FC40002FEAD001224F
:10A04000BDE8F84011460320F8F740BEC5E93E449C
:10A05000F8BDC5E93E44F0E770B5054605F07CF96A
:10A0600018B1D5F8F840204670BD04460121032000
:10A0700005F038F92246064601210320F8F726FEAE
:10A08000D5F8F840002EEED0012211460320F8F753
:10A090001DFE204670BD00BF38B50546FFF7DCFF4A
:10A0A000037A013B04460B2B1BD8DFE803F00606BE
:10A0B00006061A1A1C1414061A060146002228461F
:10A0C000FFF75EFEA37B03B938BD21462846BDE8F5
:10A0D0003840FFF75DBF01460022284601F046F9EF
:10A0E000F0E700DEEEE7014600222846FEF782FD9B
:10A0F000E8E700BF90F80401A0F10100B0FA80F099
:10A1000040097047012380F804317047002380F82C
:10A1100004317047B0F81831A0F80231704700BF21
:10A12000A0F80211704700BF0023A0F80231704769
:10A1300038B50C468969054610461A46F9B1217AA8
:10A1400001390B2923D8DFE801F006060606222292
:10A15000241D1D06220621462846FFF7D5FDA369CA
:10A1600023B11B792E2B1CBF0023A361A37B03B952
:10A1700038BD21462846BDE83840FFF709BFA36136
:10A180002061DCE72146284601F09AF8E7E700DE87
:10A19000E5E721462846FEF791FCE0E738B50B7A63
:10A1A000033B0C460546092B09D8DFE803F00508F8
:10A1B00008080D08080508052146FFF793FDA37B55
:10A1C0000022626143B938BD2146FEF78BFDA37BB7
:10A1D00000226261002BF6D021462846BDE83840B7
:10A1E000FFF7D6BE38B50B7A072B0C46054608D0CC
:10A1F000A37B03B938BD21462846BDE83840FFF7A8
:10A20000C7BEFEF7A7FDF3E70222002380F8002176
:10A21000A0F80231704700BF38B590F8003104460D
:10A22000032B1BD8DFE803F002111011FFF714FF16
:10A23000034648B11D7A2046FFF72EFF0A2D14BFB2
:10A240000123032384F8003138BDFFF705FF002800
:10A25000FAD02046BDE83840FFF71EBF00DE38BD0B
:10A2600010B590F800310446032B1BD8DFE803F04B
:10A270000D020C02FFF7F0FE90B100230122A4F8BA
:10A280000231827384F8003110BDFFF7E5FE28B17A
:10A2900000220123A4F80221837310BD00DEF7E73A
:10A2A00000DEEAE700DE10BD90F80031022B05D099
:10A2B00000D87047032BFCD000DE7047002380F8E5
:10A2C0000031704738B590F800310446032B3AD876
:10A2D000DFE803F00926121320462946FEF7FCFEAC
:10A2E0002846FEF791FE2046FFF71CFE0546002893
:10A2F000F2D1022384F8003138BDFFF713FE054682
:10A300000028F6D029462046FEF7E6FE2846FEF74E
:10A310007BFE2046FFF706FE05460028F2D1E8E75F
:10A32000FFF700FE05460028E3D029462046FEF749
:10A33000D3FE2846FEF768FE2046FFF7F3FD0546EC
:10A340000028F2D1D5E700DE38BD00BF38B505469C
:10A35000FFF7E8FD68B1044621462846FEF7BCFE3B
:10A360002046FEF751FE2846FFF7DCFD0446002894
:10A37000F2D10024A5F802412146284601F050F907
:10A3800085F8004138BD00BF03780121122243F057
:10A39000030303704170C270704700BF037801214E
:10A3A000132243F0030303704170C270704700BF73
:10A3B0000B784FF0020C43F0030307220B7081F877
:10A3C00001C0CA7090F84C300B7170470B7980F85F
:10A3D0004C3070470B784FF0020C43F00303072218
:10A3E0000B7081F801C0CA7090F84C300B71704747
:10A3F00010B50B780C460922082143F00303E170E5
:10A400006270237090F93730002BACBF0B460E23DF
:10A41000E370F9F745FF002261F30702C1F3072C4F
:10A420000B0C6CF30F2263F317421B0A63F31F62DA
:10A430006060A26010BD00BF38B50C460546F9F754
:10A440002FFF237843F00303237009236370E37025
:10A45000D5F84031217263F0FF031840020C0B0C59
:10A46000C0F307252071C1F30721100AA2711A0A4F
:10A47000E07165716172A372E27238BD0B780922D6
:10A4800043F003030B704A70CA70D0E94E23100CDE
:10A49000C2F3072C0A711A0C81F805C088714FEAC3
:10A4A000102C0B72C3F30720130A81F807C04872FF
:10A4B0008A72CB72704700BF2DE9F0414A68124E94
:10A4C0008968530F83EA1273164003F001034FF0BB
:10A4D0004052A3FB0232054601F0EF0786EA03046F
:10A4E000F9F7DEFE04EA0003C5F8403163F0FF032C
:10A4F000B8463340C5E94E380F400122C5F84471D3
:10A5000085F83021BDE8F0812FCF87F72DE9F041A4
:10A510004C68104F8A68630F83EA147303F00103D9
:10A520004FF04051A3FB01312740054687EA030461
:10A5300002F0EF08F9F7B4FEC5E94E78044008EAE6
:10A5400001010123C5F84041C5F8441185F83031B7
:10A55000BDE8F0812FCF87F70B784FF0030C43F065
:10A56000030319220B7081F801C0CA7090F82030E3
:10A570000B7190F821304B71704700BF0B780222AD
:10A5800043F003030B704A70CA7090F820300B71CF
:10A59000704700BF0B7980F8203070470378074A76
:10A5A000C0F805204FF0060C43F0030340F60C51B1
:10A5B000037080F801C0A0F803107047F105FFFF99
:10A5C0000B784FF0060C43F003030C220B7081F85C
:10A5D00001C0CA7090F82A310B71B0F82B31A1F884
:10A5E0000530B0F82D31A1F807307047012380F80D
:10A5F00029310B7980F82A31B1F80530A0F82B31D8
:10A60000B1F80730A0F82D31704700BF0B78032256
:10A6100043F003034FF0170C0B7081F801C0CA70B0
:10A62000D0F82130D0F825208A604B6090F829308E
:10A630000B7390F82A304B73704700BF10B5037846
:10A640000D21042243F0030341700370C27084188B
:10A6500004F082FE0C2120B12046BDE8104002F03B
:10A6600001BE2046BDE8104002F0F2BD0378012192
:10A67000052243F0030303704170C270704700BFAE
:10A6800003780121062243F0030303704170C27076
:10A69000704700BF037801210B2243F003030370CE
:10A6A0004170C270704700BF037801714FF0020C17
:10A6B00043F003030D22037080F801C0C27070479D
:10A6C0000378017143F003034FF0030C037011236F
:10A6D00080F801C0C3704271704700BF0B7980F8E9
:10A6E0004D304B7980F84E30704700BF0B784FF0FB
:10A6F000030C43F0030316220B7081F801C0CA70EB
:10A7000090F82030C3F3C2034B7190F82030C3F3AC
:10A7100002030B71704700BF0A7990F8203062F392
:10A72000C50380F820304A7962F3020380F82030B4
:10A73000704700BF0B784FF0030C43F00303172260
:10A740000B7081F801C0CA7090F89C31C3F3C2034A
:10A750004B7190F89C31C3F302030B71704700BF3B
:10A76000CB8843850B7980F82C304B7980F82D30DD
:10A77000704700BF0B784FF0180C43F003030F2213
:10A780000B7081F801C0CA70C38C8B80038DCB80A5
:10A79000438D0B81838D4B8190F834300B73C38EC6
:10A7A000A1F80D30038FA1F80F30438FA1F81130BD
:10A7B000838FA1F81330C38FA1F81530B0F8403063
:10A7C000A1F81730B0F84230A1F81930704700BF37
:10A7D0000B784FF0180C43F0030310220B7081F834
:10A7E00001C0CA70C38C8B80038DCB80438D0B81DD
:10A7F000838D4B8190F834300B73C38EA1F80D30EC
:10A80000038FA1F80F30438FA1F81130838FA1F887
:10A810001330C38FA1F81530B0F84030A1F81730CD
:10A82000B0F84230A1F81930704700BF8B88C3845C
:10A83000CB8803850B8943854B8983850B7B80F807
:10A840003430B1F80D30C386B1F80F300387B1F85A
:10A8500011304387B1F813308387B1F81530C387BF
:10A86000B1F81730A0F84030B1F81930A0F84230F4
:10A87000704700BF0B78002243F003034FF00C0C2D
:10A88000CA700B7081F801C090F823300B71036B14
:10A89000094AA2FB03239B0AA1F80530438DA1F8C6
:10A8A0000930038DA1F80730838DA1F80B30838C1C
:10A8B000A1F80D30704700BF5917B7D10B7980F858
:10A8C0002330B1F8053040F2E24202FB03F30363A8
:10A8D000B1F809304385B1F807300385B1F80B3082
:10A8E0008385B1F80D308384704700BFB1F809301B
:10A8F00003844B68C0F822300B7A80F8263070470A
:10A900000B784FF0090C43F0030314220B7081F80D
:10A9100001C0CA70B0F85A308B80B0F858300B8143
:10A92000B0F85E30CB80B0F85C304B81704700BF30
:10A930000B784FF0090C43F0030315220B7081F8DC
:10A9400001C0CA70B0F85A308B80B0F858300B8113
:10A95000B0F85E30CB80B0F85C304B81704700BF00
:10A960000B784FF0090C43F0030315220B7081F8AC
:10A9700001C0CA70B0F86A308B80B0F868300B81C3
:10A98000B0F86E30CB80B0F86C304B81704700BFB0
:10A990008B88A3F11B02E02A21D8B1F808C0ACF1E2
:10A9A0001B02E02A1BD830B5CD88A5F5A47244F26D
:10A9B000481E92B2724511D84A8900210C4662F3B2
:10A9C0000F04A2F5A4726CF30F0192B263F31F415E
:10A9D00065F31F44724598BFC0E9181430BD704735
:10A9E0008B88A3F11B02E02A21D8B1F808C0ACF192
:10A9F0001B02E02A1BD830B5CD88A5F5A47244F21D
:10AA0000481E92B2724511D84A8900210C4662F361
:10AA10000F04A2F5A4726CF30F0192B263F31F410D
:10AA200065F31F44724598BFC0E9181430BD7047E4
:10AA30008B6900228A610BB3192293F804C01A7142
:10AA4000828CDA8091F820201A774AB90A8DDA834D
:10AA50004A8D1A848A8D5A84BCF12E0F0AD0704711
:10AA6000C28CDA83028D1A84B0F892215A84BCF128
:10AA70002E0FF4D118681946FAF700B900DEDBE7AB
:10AA800030B5C38C0A8D4C8D8D8D934285B002D12B
:10AA9000038DA34214D0012381F8223002950B6B61
:10AAA000CDE900240C7A91F82320898C0391A4F13C
:10AAB0000801B1FA81F14909EDF772FB05B030BD2B
:10AAC000B0F892315B1B18BF0123E5E7F8B5CD69FB
:10AAD00000230C4607461646CB618DB3291D112E67
:10AAE0000AD8DFE806F0200909090909091C090943
:10AAF000090909090909241400DEEB796373294661
:10AB00003846FEF7A7FA237A092B14D0F8BD084679
:10AB100094F8202094F82110FFF7D2FDEDE72046AD
:10AB2000FFF746FCE9E72046FFF7A4FEE5E72046ED
:10AB3000FFF74EFEE1E73846BDE8F84000F08ABD79
:10AB4000FEF772FA05460028C8D100DEC6E700BF4E
:10AB500038B58B690C46054683BBFEF779FA2E2380
:10AB6000A061037194F834200121002384F823109C
:10AB70002363218D4AB1B1FBF2F313FB02F3E28CA4
:10AB80009BB29A429CBF23851946238F994204D3D6
:10AB900040F2E24202FB03F323632846FDF798F8F4
:10ABA000298D034606310B44A38400222846214602
:10ABB000FFF78CFF4FF60B73638138BD00DECCE7E7
:10ABC00038B504460D4600F03DFD20B92946204623
:10ABD000FEF722FA30B910212046FEF73FFA09238A
:10ABE000AB7238BD04F1E000FEF73EF90028F2D167
:10ABF0002046FDF711FA0028EDD029462046FEF741
:10AC000013FAE861FEF71CFA10B90C23AB7238BDD9
:10AC100029462046FFF79CFF20461021BDE838401A
:10AC2000FEF730BA70B50C460646FFF729FF237AC7
:10AC3000092B1DD094F82250ADB1002384F82030A8
:10AC400021463046FFF7F4FE304600F05BFE237AE3
:10AC5000092B05D10C4B1A68964204BF00221A60DA
:10AC60000023A37270BD2046FEF726FAA561EBE72C
:10AC7000304600F0F5FC237A092BDBD194F8203024
:10AC8000002BDAD1D6E700BF6C48002070B506462D
:10AC90000C4600F0D7FC10B10623A37270BD054628
:10ACA00021463046FEF7B8F90028F5D0112221469A
:10ACB0003046FFF70BFF304600F024FE237A092BC5
:10ACC00004D1044B1A68964208BF1D600023A3728A
:10ACD00070BD00BF6C480020F8B5294A13680646CD
:10ACE0000C468BB183420FD002238B7200F0AAFC7A
:10ACF000054620B921463046FEF78EF968BB20464E
:10AD0000BDE8F840FEF7CAB9218DF38C1660994270
:10AD100012D0A5690023A36185B303232F792B717A
:10AD2000B38CEB8005F11C012046FFF723FD2E2F8D
:10AD30001FD00423A372F8BD628D338D9A42E8D1EF
:10AD4000A28DB6F892319A42E3D12046FEF7B4F9CB
:10AD500000220523A261A372F8BD4FF4726323841D
:10AD600021463046FFF792FF2046FEF7A5F9A56180
:10AD7000F8BD28682946F9F781FFDAE700DECCE75D
:10AD80006C480020F0B50C46897A83B005460C2942
:10AD900000F2DE80DFE811F012001E004D005600C8
:10ADA00062006C007900DC007C00D2008600C000EC
:10ADB0000D00002A00F0D18003B0F0BD002AFBD1C5
:10ADC000237A082B00F0DB80092B40F0C18001239F
:10ADD000A372F1E7012AEFD119462046FFF726FDBD
:10ADE000E38C052B1BD9228DB2F5486F17D89342FF
:10ADF00015D8638DB3F5FA7F11D2A08DA0F10A01A9
:10AE000040F6764689B2B14209D8013313FB02F30A
:10AE1000B3EB800F03D294F8343093420BD940F651
:10AE20001E7323842146284603B0BDE8F040FFF797
:10AE30002DBF012AC0D82146284603B0BDE8F04006
:10AE4000FFF74ABF002AB7D10192FEF7F9F8019A3D
:10AE5000002840F0AF800323A372ADE7032A79D026
:10AE6000042AA9D10F22062384F82120A372A3E784
:10AE7000002AA1D195F93730002B7EDA94F82030E2
:10AE800043B10F2384F82130CCE7002A94D1C9E7DD
:10AE9000002A91D1284600F0D5FB002872D0082363
:10AEA000A37289E7022A87D195F83720C2F3C0112F
:10AEB000D20975D019462046FFF700FD228D931F59
:10AEC00040F67A419BB28B4200F28780638DB3F5E6
:10AED000FA7F80F08280A08DA0F10A0140F67646CC
:10AEE00089B2B14279D803FB0222B2EB800F74D24F
:10AEF0002846FCF7EDFEA38C1B1A47F6FE729BB2A8
:10AF0000934240F28880282385F86431284600F077
:10AF1000F9FC0023A3724FE7002A7FF44DAF2846C7
:10AF2000FCF7CEFEA38CC01A03043FF545AF2146C3
:10AF3000284603B0BDE8F040FFF774BE002A7FF456
:10AF40003BAF2146284603B0BDE8F040FFF738BECE
:10AF500000DE31E70523A3722EE7FEF771F8002823
:10AF60003FF42AAF21462846FFF7F2FD102128467C
:10AF700003B0BDE8F040FEF785B8A261E1E70A231F
:10AF8000A37219E721462846FEF746F8002886D026
:10AF9000102221462846FFF799FD0A2363810BE71B
:10AFA00084F84C10284600F04DFB0646B8B10D233E
:10AFB000A37201E7A669A261002E3AD00323377974
:10AFC0003371AB8CF38006F11C012046FFF7D2FBF6
:10AFD0002E2F1BD00423A372EEE61E2394E72146F6
:10AFE0002846FEF719F80028E1D007222146284616
:10AFF000FFF76CFD284600F085FC237A092B88D1E9
:10B000000D4B1A68954284D11E6082E73068314644
:10B01000F9F734FEDEE72046FEF740F80B23A37273
:10B020002846FCF755FEA38CC31A1A043FF5C4AE9C
:10B030007DE700DEC2E700BF6C4800202DE9F0414B
:10B040002C4E336804460D462BB1834203D00123B6
:10B05000AB72BDE8F0812046FFF74CF80028F6D12E
:10B06000204600F0E5FA07460028F0D129462046A0
:10B07000FDF7D2FF0028EAD02046FCF729FE012187
:10B080008046204600F0CCFAA5F83680D5F81C8022
:10B0900085F834703460EF61B8F1000F1BD008F10F
:10B0A00004012846FFF766FB98F807306B734146AA
:10B0B0002046FDF7CFFF2B7A092B08D094F83730C4
:10B0C000DB0901D100DEC4E704236B81C1E7204620
:10B0D000FFF720F8F2E729462046FDF7A5FF804656
:10B0E0000028DCD100DE04212846FFF743FB98F856
:10B0F0000730FFDE6C480020F8B50C46897A06461A
:10B100001546062909D8DFE801F00430080838643C
:10B110000A001DB9237A092B29D000DEF8BD002DC5
:10B12000FCD1FCF7CDFDA38CC01A0304F6D429464C
:10B13000304600F075FA21463046FFF7A1FC237A2D
:10B14000092B00F0968094F82250002D40F09D804D
:10B150002046FDF7B1FFA5613046FFF781F8237A5D
:10B16000092B60D00023A372F8BD002DD6D1214653
:10B170003046BDE8F840FFF761BF032D6CD0042DC9
:10B180005CD0022DCAD119462046FFF797FB228DCD
:10B19000931F9BB240F67A418B4262D8638DB3F520
:10B1A000FA7F5ED2A08DA0F10A0140F6764789B2FF
:10B1B000B94256D803FB0222B2EB800F51D2294686
:10B1C000304600F02DFA2046FDF768FF0623A372F3
:10B1D000F8BD002DA2D1FEF78DFF10B10523A3729B
:10B1E000F8BD21463046FDF717FF0028F6D0294666
:10B1F000304600F015FAE769E561002F4DD094F86C
:10B20000202094F82110381DFFF75AFAFB79637358
:10B2100039463046FDF71EFF237A092B9CD1304674
:10B22000FEF778FF98E796F93730002B2FDB234B9A
:10B230001A68964296D100221A6093E7D0F84031FE
:10B240001A2223F00203C0F84031214684F820205E
:10B250003046FFF7EDFB7FE75B7984F8203021462D
:10B26000F6E70021304600F0DBF91E2386F8643152
:10B2700072E73046FEF758FF237A092B7FF463AF5D
:10B2800094F82030002B3FF45EAF0023E5E7304612
:10B29000FEF7DAF90028CAD064E721463046FDF708
:10B2A000C3FE07460028AAD100DE042094F820201F
:10B2B00094F82110FFF704FAEB79FFDE6C480020C8
:10B2C00020B592F81FC082B0054602F11C03BCF104
:10B2D000110F0AD8DFE80CF02D0909090909092620
:10B2E00009090909090909091E17242380F864318D
:10B2F0000191FEF7B5FF01990B7A092B20D00023AD
:10B300008B7202B020BD0322284602B0BDE8204067
:10B31000FFF7F2BE8B7A012BF3D9043B022BF0D955
:10B3200000DEEEE70422284602B0BDE82040FFF729
:10B33000E3BE0222284602B0BDE82040FFF7DCBE93
:10B3400095F93730002B06DB074B1A689542D6D1AA
:10B3500000221A60D3E728460191FEF775F901999A
:10B360000028F1D0CBE700BF6C4800201346002234
:10B37000FFF7C2BE70B5D57F02F11C03CDB10F2D12
:10B3800012D024230E4680F86431044600F0BAFA45
:10B39000337A092B05D1094B1A68944204BF002265
:10B3A0001A600023B37270BDBDE870400122FFF740
:10B3B000E9BCBDE870400222FFF7E4BC6C48002005
:10B3C00013460022FFF7DEBC00230322FFF7DABC9E
:10B3D00000230422FFF7D6BCD37F012B70B50546AE
:10B3E0000C4607D0242380F8643100F08BFA002348
:10B3F000A37270BD8B7A012B04D013F0FD0FF8D02F
:10B4000000DE70BD02F11C012046FFF76FFA2846EE
:10B41000268CFCF75DFC361A47F6FE73B6B29E42E8
:10B4200002D80223A37270BD282385F86431284610
:10B4300000F068FA0023A37270BD00BF38B58B7AA4
:10B44000012B05D0022B0C4603D0A3B901238B722C
:10B4500038BD0546FCF734FC238CC01A0304F7D42E
:10B4600004F122012846FCF741FC284600F04AFA84
:10B470000023A37238BD00DE38BD00BFD0F808211C
:10B480008A42034608460DD18A69A2B90A46D3F812
:10B490000CC11168C3F80811624508BFC3F80C114C
:10B4A000FDF7B2BD00DE8A692AB9D3F80821002A67
:10B4B000EDD1FDF7A9BD12792E2AF6D100DEF4E711
:10B4C00038B5D0F808512B7A013B04460B2B28D80D
:10B4D000DFE803F00606060618181D1313062206F9
:10B4E00000222946FEF7F6FCAB7B2BB1294620460D
:10B4F000BDE83840FFF7C2BF38BD00222946FFF73C
:10B500005FFFF1E700222946FCF7DCFFECE70022B1
:10B510002946FDF75BFCE7E700222946FFF78EFF8F
:10B52000E2E700DEE0E700BF70B5D0F8085104465E
:10B530001DB394F81431012B03D1022384F8103188
:10B5400070BD29462046FDF767FD0028F5D0294645
:10B550002046FDF769FD064688B1311D2846FEF7F5
:10B5600027FFF3796B7331462046FDF773FD012207
:10B570000023AA7384F8103170BD00DED9E700DE25
:10B58000EBE700BFF8B5D0F808510446ADB394F826
:10B590001431012B03D1012384F81031F8BD294661
:10B5A0002046FDF739FD0028F5D029462046FDF755
:10B5B0003BFD064688B32046FEF74EFD2A7A037A05
:10B5C000934206F104071AD0082B1AD02A2194F8C6
:10B5D00030311BB1D4F840315B0717D43846FFF740
:10B5E00063F8F3796B7331462046FDF733FD012292
:10B5F0000023AA7384F81031F8BD00DEC7E72321C9
:10B60000E5E7092A0CBF23212A21E0E70A4638464C
:10B6100094F81711FFF754F8E3E700DECBE700BF1B
:10B6200080F81611704700BF704700BF00207047B8
:10B6300090F81501003818BF01207047D0F80801B4
:10B64000704700BF90F81401A0F10100B0FA80F03B
:10B6500040097047B0F81831A0F81231704700BFA8
:10B660000023A0F81231704738B5D0F80841F4B182
:10B67000D0F80C212368C0F808319442054608BF71
:10B68000C0F80C319CB121462846FDF725FD204627
:10B69000FDF7BAFCD5F808414CB1D5F80C21236868
:10B6A000C5F808319442EED1C5F80C31EBE738BD4E
:10B6B00070B505460C4639B1042900D070BDFFF7BE
:10B6C000D3FF85F8104170BDD0F80861002EF5D089
:10B6D000337A112B11D832494FF0010C0CFA03F0D8
:10B6E000014061B910F4386F07D00A2B13D0CBB1E9
:10B6F00095F81631F3B9644604E000DE337A0A2B7C
:10B7000009D07BB185F815412846FFF7D9FE032300
:10B7100085F8103170BD2846FFF7D2FE052385F865
:10B72000103170BDD37F86F84C302846BDE870409C
:10B73000FFF7FABE95F93710002910DB012B20D056
:10B74000022BBBD12846FEF787FC327A037A93425C
:10B7500021D0082B1DD02A2385F8643170BD012B20
:10B76000EED12846FEF778FC08B1FF23C37201230F
:10B7700085F815312846FFF7A3FE032385F810311D
:10B7800070BDD37F85F817312846BDE87040FFF7BC
:10B79000F9BE092ADFD1232385F8643170BD00BFCB
:10B7A0007FF4030038B50C468969054610461A46F1
:10B7B000237AF1B10C2B57D8DFE803F00D07070708
:10B7C000073C3C484242074E070021462846FEF708
:10B7D000F9FAA16921B10B792E2B1CBF0023A361BB
:10B7E000A37B2BB121462846BDE83840FFF746BE73
:10B7F00038BDA26120610C2B36D801A151F823F08D
:10B8000065B80300CBB70300CBB70300CBB7030089
:10B81000CBB7030035B8030035B803004DB80300BB
:10B8200041B8030041B80300CBB7030059B8030087
:10B83000CBB7030021462846FCF7FAFDA169C9E70A
:10B8400021462846FFF796FDA169C3E72146284611
:10B85000FDF79EFAA169BDE721462846FFF7BCFD2A
:10B86000A169B7E71146B5E700DEA169B2E700BFFD
:10B8700038B50B7A072B0C4605460FD00C2B0AD097
:10B88000A37B002262612BB121462846BDE83840E7
:10B89000FFF7F4BD38BDFEF7DDFAF1E7FDF79AFAE0
:10B8A000EEE700BF38B50B7A072B0C46054608D0EB
:10B8B000A37B2BB121462846BDE83840FFF7DEBD0B
:10B8C00038BDFDF78BFAF3E70422002380F810213E
:10B8D000A0F81231704700BF90F81031052B0ED838
:10B8E000DFE803F0060907030603D0F8083123B99F
:10B8F0007047FFF719BEFFF745BEFFF7E1BD00DE59
:10B90000F6E700BF90F81031052B04D8DFE803F00C
:10B9100004151305040500DE7047D0F80821002344
:10B9200080F815315AB100230121A0F8123191732A
:10B9300080F810317047FFF7F7BDFFF723BE00DE38
:10B94000F1E700BF90F81031052B04D8DFE803F0D1
:10B9500004090B04050400DE7047002380F8103151
:10B960007047FFF70FBEFFF7DFBD00BF90F8103143
:10B9700010B50446052B12D8DFE803F0030D0903C8
:10B980000803FFF771FE042384F8103110BDBDE8F1
:10B990001040FFF7C9BDBDE81040FFF7F3BD00DE62
:10B9A00010BD00BFF0B5044683B00E46154673B116
:10B9B000D27F1B2A37D8DFF8C4C090F837100CEBC1
:10B9C0004203C9095F7801238B403B4040D11846B0
:10B9D000FDF7AEFB074620B300230360D4F80C311B
:10B9E0001BB31860C4F80C0194F81031052B42D831
:10B9F000DFE803F01E27030606062046FFF794FD46
:10BA0000BB7B1BB139462046FFF738FDD4F808113F
:10BA100039B12B463246204603B0BDE8F040FFF76F
:10BA2000C1BE03B0F0BD0023D1E7C4E94200DBE7AB
:10BA30002A4600212046FFF73BFEBB7B002BE5D0CA
:10BA4000E0E72046FFF79EFDBB7B002BDED0D9E769
:10BA50001CF812300A2BBAD10193FFF705FE002221
:10BA6000A4F8122184F8152184F810212046FEF74D
:10BA70006DFC019BABE700DEC2E700BFF8AB050041
:10BA800010B50446FFF7F0FD0023A4F8123184F846
:10BA9000153184F8103110BD00B9704700DE7047D1
:10BAA00030B991F8D43023F0010381F8D4307047D5
:10BAB00000DE91F8D43023F0010381F8D4307047D0
:10BAC0002DE9F041079D9DF818700646A88C4FF6A9
:10BAD000FF7188422ED03146284690461C46FBF71F
:10BAE000F7FE38BB2B780133DBB22B7033B3144B2A
:10BAF000B5F860019A7A1C8167F300029A72114AC4
:10BB0000013405F11001936004440022D960C3E9B7
:10BB1000006811460B4BA5F860410120F7F70AF9C0
:10BB200050B9FF20FBF7F2FE2846FF21BDE8F041A7
:10BB3000FBF7B8BFBDE8F08100DEF2E700DED6E734
:10BB400070190020B8070020012800D0704700B508
:10BB500083B00191F9F72EF90199814202D103B026
:10BB60005DF804FB00DEFAE7C38D23B190F8D42022
:10BB700012F0010300D0704710B542F0010288B006
:10BB80000B4C80F8D42003310122CDE9023206901B
:10BB9000CAB2CDE90434CDE9003303211846F8F7E1
:10BBA000F3FA10F0FD0F01D108B010BD00DEFBE785
:10BBB000A1BA030038B50C461546FBF77DFB48B12A
:10BBC0001CB1BDE83840FDF78FBC2946BDE83840C0
:10BBD000FDF764BC022038BD38B50C461546FBF7AE
:10BBE0006BFB58B190F93730002B05DA2A46214615
:10BBF000BDE83840FDF786BB0C2038BD022038BDBB
:10BC0000054B064A10B41F204FF0FF3425211C605D
:10BC10001871117010BC7047584B0020157200202D
:10BC200010B5044600789DF808C002FB01111A4ABD
:10BC3000014482FB01020A44521102EBC20002EBF2
:10BC400080028A1AD0B2C1082070595C02F0070243
:10BC500041FA02F212F001021DD1B0FBFCF10CFB23
:10BC600011015C1EC9B20433104600F1080E14F82D
:10BC7000012F5FFA8EFE12F0010F00F1010C4FEA66
:10BC8000520202D039B10139C9B25FFA8CF086454F
:10BC9000F1D19C42E9D110BDA7C867DD4288008878
:10BCA00050407047F0B5304D304C48404FF0030CD9
:10BCB000060A5FFA80FE0EEB8E2E06EB862004EA63
:10BCC000401705EA400605EA4E0004EA4E1E3E43D0
:10BCD00040EA0E0000EB002706EB062E06EB0E26D0
:10BCE00000EB0720C6F30746C0F3074040EA0620F2
:10BCF00000EB00100CF1FF3C08441CF0FF0C80B27C
:10BD0000D6D141401A48A0FB01400C1A00EB540068
:10BD1000400900EBC00400EB8400081AC0F3C4041F
:10BD200000F00705145D2C41E407C0B21AD401FBF2
:10BD300003F3561EC3F307430432604600F10805BF
:10BD400016F8011FEDB211F0010F00F101044FEAE6
:10BD5000510102D033B1013BDBB2E0B2A842F2D1D3
:10BD60009642EBD1F0BD00BF1021020040840800D4
:10BD70004D91CFBA1A491B482DE9F0410023451EC9
:10BD8000A1F1020C012606E00133082B01F10601A6
:10BD900000F1280022D003EB830215F83220D407EB
:10BDA000F2D59CF800409CF801E0D0F80080C2F386
:10BDB000801206FA03F79A4001333C434EEA02022E
:10BDC00087888F80082B8CF800408CF8012001F1C7
:10BDD000060141F8068C00F12800DCD1BDE8F081B5
:10BDE000664B0020B91900202048214A2DE9F04770
:10BDF000204FDFF884800023951EA0F1020C01265D
:10BE000015F83310C90706FA03F926D5397859B160
:10BE100012F8011C072901EB810405D818F8341029
:10BE20004C0701D5C90618D515F833109CF801E068
:10BE30009CF80040D2F800A0C1F3400199404EEABE
:10BE4000010144EA0904B2F804E08CF800408CF8DF
:10BE50000110A0F804E0C0F800A00133082B00F1A5
:10BE6000060002F10802CBD1BDE8F087924C002019
:10BE7000524C002017720020B8190020082070478B
:10BE800038B50020FAF7C6FFC8B90E4C0E4D621E39
:10BE900014F83030072B03EB830105D815F8313047
:10BEA00023F0200305F8313012F8303023F001037D
:10BEB00002F8303001300828EAD1002038BD0C20CB
:10BEC00038BD00BF514C0020B81900202DE9F04FBB
:10BED000804683B00020FAF79DFF002840F098804C
:10BEE00098F80030FF2B054626D0504E08F1010B84
:10BEF0004FF0FF090446B71E03F0010A09E0B9F14B
:10BF0000FF0F04F101021BD00134082C06F10806D2
:10BF100038D017F83420D207F1D517F83420C2F3FF
:10BF200040025245F0D106225946304601931DF099
:10BF300071FE019B0028E7D1002003B0BDE8F08F1F
:10BF4000072C5FFA84F904F102046BD017F8321061
:10BF5000C8070ED4082C06F1100613D017F83420A9
:10BF6000D107D1D517F83420C2F340025245CBD1C6
:10BF7000D9E71446083617F83420C2F34002524578
:10BF8000C2D1D0E7B9F1070F48D817F83920284CAB
:10BF900063F3410207F839204FEAC90A0AF10203A4
:10BFA000D8F80120FA503B44BBF804209A8098F856
:10BFB0000030661E03F0010304E00135082D04F192
:10BFC000280429D005EB85024FEAC20816F8322072
:10BFD000C2F38011D207F0D59942EED1062259461C
:10BFE000204601931DF016FE019B0028E5D116F8AE
:10BFF000083043F0200306F80830EDB217F8393066
:10C00000BA4443F0010307F839308AF8015093E746
:10C010000C2003B0BDE8F08FFF25EFE7072003B049
:10C02000BDE8F08F4FF00709AFE700BF524C00208A
:10C03000B91900202DE9F04106460020FAF7EAFE82
:10C04000C8BB96F80080B8F1FF0F04462ED01B4DF8
:10C050000136AF1E08F0010804E00134082C05F198
:10C06000080525D017F83430C3F34002DB07F4D5B8
:10C070004245F2D10622314628461DF0CBFD00286C
:10C08000EBD107EBC4035B78072B08D80C4A03EB12
:10C09000830312F8331060F3451102F8331017F8D8
:10C0A000343023F0010307F834300020BDE8F0817C
:10C0B0000220BDE8F0810C20BDE8F081524C002048
:10C0C000B8190020072800B51AD80F4B00EB800ED6
:10C0D0004FEA800C13F83EE01EF0010F12D08444AA
:10C0E0004FEACC0013F83CC00130CCF3801C81F83F
:10C0F00000C01958116003449B8893805DF804FBCD
:10C1000000DEE2E700DEEAE7B81900200820704709
:10C1100010B50020FAF772FE88BB1A4B1A4C19783A
:10C1200093F82820207060F3000160F3000219707A
:10C1300083F8282093F8501093F8782060F30001DA
:10C1400060F3000283F8501083F8782093F8A01071
:10C1500093F8C82060F3000160F3000283F8A01098
:10C1600083F8C82093F8F01093F8182160F30001C9
:10C1700060F3000283F8F01083F8182110BD0C2042
:10C1800010BD00BFB8190020167200202DE9F04F35
:10C1900083B083460020CDF800B0FAF72FFE0028C8
:10C1A00056D11BF8012BDFF82481019202F0010324
:10C1B000044608F1FF391E4604E00134082C08F15A
:10C1C000280841D004EB840209EBC20519F832704B
:10C1D000F8074FEA840AC7F38012EED5B242ECD1D9
:10C1E0000622594640461DF015FD0028E5D13E4681
:10C1F0007307019A07462FD4354D02F00108AE1E91
:10C2000004E00137082F05F1080512D016F8373081
:10C21000D907C3F34002F4D54245F2D1062259466C
:10C2200028461DF0F7FC0028EBD106EBC706FF23DC
:10C2300073705444002019F8343023F0010309F8D6
:10C24000343003B0BDE8F08F022003B0BDE8F08FBA
:10C250000C2003B0BDE8F08FDFF878C09CF8003008
:10C260005E1E023B062BF6B203D895F81780B04548
:10C2700002D18CF80060BFE7174A02EB061302EB0D
:10C28000081296460FCB8EE80F00DFF850E03D46CF
:10C2900005EB850309EBC30219F83330D90705D53F
:10C2A000580703D59EF81730B34207D00135082D43
:10C2B0000EF1280EECD1009B1A78DAE7009B82F889
:10C2C00017801A78064B03F80850D2E7B9190020F6
:10C2D000524C002016720020D04B0020B8190020CC
:10C2E000C84B00202DE9F8431D465B7903F0C003DD
:10C2F000402B01D0BDE8F8830F46F9B1DFF8648028
:10C30000002400F0010608F1FF3904E00134082C94
:10C3100008F12808EED004EB840319F83330D9076C
:10C32000C3F38012F2D5B242F0D10622394640461C
:10C330001DF070FC0028E9D1E2B203E0072AD9D849
:10C34000DFF8249002EB8202D30019F83220D207E2
:10C35000D0D51833286849F803004B44AA889A803E
:10C36000C8E700BFB9190020B81900202DE9F84F1F
:10C3700082461A4D1AF8018B8946002408F00108FC
:10C380006E1E04E00134082C05F1280519D004EBD9
:10C390008403DF0016F83330C3F38012DB07F1D5D6
:10C3A0004245EFD10622514628461DF033FC834614
:10C3B0000028E7D11837F41906212046F6F726FCA5
:10C3C00010B90220BDE8F88FF059C9F80000A38821
:10C3D000A9F804305846BDE8F88F00BFB91900200D
:10C3E0002DE9F0478246164D1AF8018B8946002444
:10C3F00008F001086E1E04E00134082C05F1280540
:10C400001BD004EB840306EBC30716F83330C3F3E9
:10C410008012DB07F0D54245EED106225146284670
:10C420001DF0F8FB0028E7D17B6A1A68C9F80020E4
:10C430009B88A9F80430BDE8F0870220BDE8F087AA
:10C44000B919002010B504460020FAF7D7FC40B90E
:10C450001CB1012C01D0122010BD034B1C70002018
:10C4600010BD0C2010BD00BF17720020034B4FF40D
:10C470007A7202FB00F01860704700BF604B00202A
:10C480002DE9F047824600208846FAF7B7FC70BBDA
:10C490001C4D1AF8019B044609F001096E1E04E0C8
:10C4A0000134082C05F128051ED004EB8403DF00BD
:10C4B00016F83330C3F38012DB07F1D54A45EFD1CC
:10C4C0000622514628461DF0A5FB0028E8D1B8F108
:10C4D000000F12D0B8F1010F0CD1F35D43F010033F
:10C4E000F3550020BDE8F0870220BDE8F0870C205E
:10C4F000BDE8F0871220BDE8F087F35D68F3041310
:10C50000F355EEE7B9190020D0B5314C314900237D
:10C5100004F1FF3C14F83320072A02EB820E05D801
:10C5200011F83E2022F0200201F83E201CF83320B2
:10C5300022F001020CF833200133082BEAD1264AFD
:10C54000264C002313700A7863F300020A7091F8F6
:10C55000282063F3000281F8282091F8502063F32B
:10C56000000281F8502091F8782063F3000281F8EE
:10C57000782091F8A02063F3000281F8A02091F8C0
:10C58000C82063F3000281F8C82091F8F02063F31B
:10C59000000281F8F02091F8182163F3000281F87D
:10C5A00018210F4A13700F4B4FF0FF364FF0FF3733
:10C5B000C3E900670C4B236028B1BDE8D0400B49AC
:10C5C0000B481BF0A4BCBDE8D04009481BF0ADBC33
:10C5D000514C0020B819002017720020604B002039
:10C5E00016720020B0190020A0BB0D0021C8030066
:10C5F0008019002008B9024870470248704700BF00
:10C60000644B0020904C0020A8B110B50B4B1B6868
:10C610004FF4004240F2E7300021E3FB02014FF407
:10C620007A720023EAF76CFDBDE8104002460B4623
:10C6300003480DF0F1B902481BF077BC604B0020B5
:10C640008019002008B5094B00221A8030B9084B28
:10C65000084A1B78002111801BB908BDFFF7C4FBF5
:10C66000F5E7BDE80840FFF785BB00BF904C002010
:10C6700017720020644B00202DE9F04F824687B0EE
:10C680001BF055FE4B014FEA401BBBEB000B43EA8E
:10C69000D06363EB01039B0043EA9B734FEA8B0B70
:10C6A0001BEB000B41EB03094FEAC90949EA5B792F
:10C6B0004FEAD931CBF3103B4BEA494B0191BAF128
:10C6C000000F17D1514BD3E90023B3F1FF3F08BF4F
:10C6D000B2F1FF3F0ED0BBEB020261EB03034C490A
:10C6E00009688A4273F10003ACBF4FF001094FF0B3
:10C6F000000901E04FF00109464EDFF81C810024DB
:10C70000F71F04EB8403A50017F83330DA0715D5BB
:10C71000B9F1000F01D1980710D42B1917F8333055
:10C72000590759D42B1917F833301A0745D4254423
:10C7300017F8353043F0020307F835300134082C80
:10C7400008F1060806F12806DBD1B9F1000F04D084
:10C750002E4B019AC3F800B05A60BAF1000F08D00E
:10C760000020FAF73FFB044618B194F85E305B07EF
:10C7700002D407B0BDE8F08FA37E072BF9D8FF23C2
:10C780008DF80830637F04EB830302A91E6A04F16D
:10C790001C0001F04BF972780546314602321DF05B
:10C7A0000AFA29462046FAF745FB9DF80830FF2B88
:10C7B000DFD0637707B0BDE8F08F02A9304612F0F2
:10C7C000AAFD02A9F8B98B880298A8F80430C6F827
:10C7D0001D80C8F80000AAE7337C10490DF1170C42
:10C7E00001EB03110DF1070311F8010903F8010F23
:10C7F0006345F9D106F1170102A812F08CFD00285B
:10C8000090D000DE8EE700DEDDE700BFB01900202B
:10C81000604B0020BF190020984B0020DF4B002008
:10C8200010B50120FFF728FF0A4B1B684FF40042A8
:10C8300040F2E7300021E3FB02014FF47A7200235B
:10C84000EAF75EFCBDE8104002460B4602480DF0D8
:10C85000E3B800BF604B00208019002007280FD8E4
:10C8600000EB8003084A12F833100B074FEA800CE4
:10C8700006D58B0706D5844402EBCC02506A70477C
:10C880000020704700DEF6E7B819002007280CD812
:10C8900000EB8000064911F83030C200C3F380007D
:10C8A0005B0703D51E32501870470020704700BF49
:10C8B000B81900202DE9F047894617460AB1FF2331
:10C8C0001370264D002400F0010A6E1E04EB840351
:10C8D0005FFA84F816F83320D2074FEA840313D4A2
:10C8E000CFB13A78FF2A04F1010426D0082C04EBDA
:10C8F000840105F128055FFA84F84FEA84030FD01C
:10C9000016F83110C907EDD5234416F83330C3F3B8
:10C910008013534509D00134082C05F12805D5D1E1
:10C920004FF0FF084046BDE8F087062249462846FA
:10C930001DF070F90028EED1F4E7082C87F800808C
:10C9400005F128055FFA84F8EAD004EB840316F8B1
:10C950003320D0074FEA8403D6D4C2E7B9190020A8
:10C960002DE9F04F074685B000200E469046FAF7B5
:10C9700045FA002875D1B946044619F8010B0DF1A6
:10C980000F024946FFF796FF072840F2B9809DF84D
:10C990000FA0BAF1070F7CD80AEB8A024FEAC20B4C
:10C9A000594DD7F801000BF101014FEA8A03685095
:10C9B0002944B9F804008880387815F80B100093E2
:10C9C00060F3861105EB0B0305F80B1030461021C0
:10C9D0000193F6F71BF915F80BC0102160F3820CD8
:10C9E000404605F80BC0F6F711F915F80B1000F0EA
:10C9F000010060F3C3014B0705F80B104DD400286C
:10CA000064D10BF118020021A950009B3F4E2A442B
:10CA1000918003EB0A0215F8321021F0120105F89B
:10CA2000321097F80080B71E08F0010804E00134C6
:10CA3000082C06F1080618D017F8342012F0010B64
:10CA4000C2F34001F3D04145F1D1062249463046B8
:10CA50001DF0E0F80028EAD107EBC40787F801A031
:10CA600005E00C2005B0BDE8F08F4FF0000B009BF7
:10CA700053449A4615F833304FEA4B1223F0210302
:10CA800042F001021A43002005F83A2005B0BDE843
:10CA9000F08F072005B0BDE8F08F1D4B1D4A1978B7
:10CAA00005EB0B0C02F801A01B4A8CF8171002EBE7
:10CAB000011C0131197006F10F01013E11F801E965
:10CAC0000CF801EFB142F9D100289AD0009BD8F8B8
:10CAD00004E0D8F808C00BF10706A81903EB0A0117
:10CAE00005EBC101D8F80030D8F80C80AB51C0F884
:10CAF00004E0C0F808C0C0F80C800020486280E75D
:10CB0000122005B0BDE8F08FB8190020524C00206B
:10CB100016720020C84B0020CF4B0020072807D8F2
:10CB2000044B00EB800013F83000C0F3C0007047E6
:10CB300000207047B8190020024B1B780370024890
:10CB4000704700BF16720020D04B00200C4B1B78A2
:10CB500083420BD90B4B185C07280CD80A4B00EB0F
:10CB6000800213F83230DB0707D5704700DE054B33
:10CB7000185C0728F2D900DEF0E700DE704700BF3E
:10CB800016720020C84B0020B819002007280DD8C5
:10CB9000084900EB8002830011F83220D20707D544
:10CBA000034411F83300C0F3401070470020704771
:10CBB00000DEF5E7B81900201378FF2B19D12DE915
:10CBC000F047194D0446AE46002303EB830C9E004C
:10CBD00015F83CC01CF0010003D0CCF3801CA44528
:10CBE00009D00133082B0EF1280EEED10120BDE84B
:10CBF000F0870120704701F1FF3877464FF0000CB5
:10CC000017F801AF18F8019FCA450CF1010CE8D1E3
:10CC1000BCF1060FF4D11E44137015F836305A07D4
:10CC2000E5D5C3F30010E2E7B8190020024B1878ED
:10CC3000003818BF012070471772002000F008BBB1
:10CC400008B5002302F03EFC002008BD10B584B0FA
:10CC5000079BD3E900209047012812D004460DF12C
:10CC60000F010DF10E00F8F767F80021064B009157
:10CC70009DF80F209DF80E000121F7F79DFA034B58
:10CC80001C6104B010BD00BF91CC0300F81A002055
:10CC900000B585B00DF10F010DF10E00F8F74CF85D
:10CCA0009DF80F20064B9DF80E00002101320091E7
:10CCB000D2B20221F7F780FA05B05DF804FB00BF9D
:10CCC00051CD0300F0B58DB00E4605460DF12F0194
:10CCD0000DF12E001C461746F8F72EF89DF82FC0D0
:10CCE00006940CF1010C0024CDE90744CDE903447E
:10CCF000CDE901449DF82E00059700962B465FFA7A
:10CD00008CF20121F7F7CEF910F0FD0F0AD006489A
:10CD10000094064B04619DF82F209DF82E00012100
:10CD2000F7F74AFA0DB0F0BDF81A002091CC0300D5
:10CD300070B5059D0446F8F705F82B462046034AD2
:10CD4000BDE870400621FFF7BDBF00BF4DCC03001A
:10CD500001480CF0E1BB00BFC44C002070B5044694
:10CD6000059DF7F797FA2146F7F796FA062800D9B6
:10CD700070BD2B462046034ABDE870403121FFF7C5
:10CD8000A1BF00BF31CD030008B501220021024838
:10CD90001AF0D5FF002008BDC44C0020024BA0F2C1
:10CDA000A462C3E900207047F81A00200020F7F7BA
:10CDB0005BB900BF08B5F7F76DFA014B986008BD85
:10CDC000F81A0020684620F007018D4601B501F0F1
:10CDD00093FDEDF78DFFBDE801408546704700BF2C
:10CDE00008B50A4BD3F840213AB90120F6F704F808
:10CDF000BDE808400220F5F7FFBF0020C3F840015E
:10CE0000D3F84031F7F73CF9EFE700BF00B000403E
:10CE10000020F5F7F1BF00BF90B90E4B0E4A19780C
:10CE200010788842CBB20DD10C480D4990F800C063
:10CE3000013313700B78634507D003780B7070478C
:10CE400000DEEAE700DE1378EEE700DE03780B7021
:10CE5000704700BF18720020197200201D72002058
:10CE60001C7200200B4A0C4B117893F800C08C45C3
:10CE70000DD012781A70094A094B18B91178187830
:10CE8000884202D012781A70704700DEFAE700DE9E
:10CE9000EFE700BF1B7200201A72002018720020FA
:10CEA0001972002001F052BE08B50B480B4B0278F6
:10CEB00019788A420CD00A4B0170002203989860BE
:10CEC00011460120F5F736FF00B908BD00DE08BDA8
:10CED00000DE1978EFE700BF1872002019720020F9
:10CEE000C80700202DE9F041304A314E12783378DE
:10CEF0009A428AB00C4605D12E4B2F4A1B781278E5
:10CF00009A4247D02768DFF8B48007F12D0525F055
:10CF10007F45D8F800102846F7F7BEF910F4000056
:10CF200002D10AB0BDE8F081254A264B11781A7863
:10CF3000914213D11F4A20491278097891420DD0AD
:10CF40001A780132D2B21A7000221F4B0092114699
:10CF50001046F7F731F910F0FD0F24D11B4BE168B3
:10CF6000C8F800500022CDE90732194BCDE9032261
:10CF7000CDE90531CDE901222D2300933478013428
:10CF8000E4B23B46114610463470F7F78BF80AB00E
:10CF9000BDE8F0810768DFF8248007F12D0504461D
:10CFA00025F07F45DAE700DE00DED7E71C720020BF
:10CFB0001D7200201872002019720020E44C00201D
:10CFC0001A7200201B72002065CE030019CE0300E8
:10CFD000A9CE03007A4A9368002B00F096802DE9D1
:10CFE000F04F136889B08146002B46D04FF0FF33D5
:10CFF0008DF80A300DF10A00F8F71EF804460028F3
:10D000003BD0037F9907F5D1857A15F00205F1D160
:10D01000C3684B4555D00668A8462F460DF10A0057
:10D02000F8F70AF88346F0B1027F9207F6D1827AC8
:10D030009307F3D4C268B8F1000F21D04A4558D005
:10D04000DBF800A031465046F7F726F900F400005F
:10D0500000280DF10A001CBF5F465646F7F7ECFFAB
:10D0600083460028E0D1002F08BF274639463846BE
:10D07000FFF738FF30F0020339D109B0BDE8F08F77
:10D0800091458046DCD1237FE16843F0020323779A
:10D090002046A3699847FF238DF80A300DF10A0056
:10D0A000F7F7CAFF04460028E7D0037F9F07F5D1B2
:10D0B000837A9E07F2D4C3684B4502D000DED0F8D5
:10D0C0000C903F4A4846D2E9001303AA9847064607
:10D0D000002843D010F1100F59D0394A002093682E
:10D0E0001168984716F10B0F10D08C36C5D000DEB2
:10D0F000C3E7227FE16842F0020222772046A2695C
:10D100009047D8457FF472AFC5E770472C4A00239B
:10D11000D2F80890D2E9004802261360FF278DF864
:10D120000B700DF10B00F7F787FF90B1037F9A07A3
:10D13000F7D40DB9DB07F4D4C368A342F1D1037F60
:10D14000826943F002030377214690478DF80B7004
:10D15000E7E70125AE420AD02E46E0E7237FA26929
:10D16000E16843F0020323772046904785E70022D9
:10D17000CDE904220692039B00964946404604AA44
:10D180000794F7F711FF00287FF477AFAFE7A37A92
:10D1900043F00203A3720DF10A00F7F74DFF0146B9
:10D1A00000283FF46AAF037F9D07F4D1837A9C0780
:10D1B000F1D4FFF797FE30F002033FF45EAF96E73D
:10D1C000101B002010B517481AF0C1FB30B3164BE6
:10D1D00000249C6000F07EFA00281EDB22462146D7
:10D1E0000120EDF7EDFC224601210B20EDF7E8FCD4
:10D1F000214622461820EDF7E3FC0C4B1022C3F821
:10D2000004230120EDF7ACFC0B20EDF7A9FC18205E
:10D21000EDF7A6FC01F08AFB204610BD6FF012006E
:10D2200010BD00BFB49E0500101B00200010004080
:10D2300008B500F061FA002809DB0120EDF79EFC3B
:10D240000B20EDF79BFC1820EDF798FC002008BDA3
:10D25000034603488AB2194683681B68184700BF13
:10D26000B49E050030B4074DAB685C6834B18AB237
:10D27000A44601460023284630BC60476FF05700A3
:10D2800030BC7047B49E050030B4074DAB685C6895
:10D2900034B18AB2A44601460023284630BC604718
:10D2A0006FF0570030BC7047B49E050000207047F7
:10D2B00070B5044682B0002833D0204B1A688242F1
:10D2C00029D0FF250DF107008DF80750F7F7B4FEC0
:10D2D000034640B91DE0A1420CD00DF10700F7F75D
:10D2E000ABFE0346A8B11A7F9207F6D4D968184658
:10D2F000002CF0D11A7F9E6942F002021A77B047E3
:10D300000DF107008DF80750F7F796FE0346002849
:10D31000E9D102B070BD9B686BB10146002098470F
:10D32000CFE7064A9368002BCBD011680029C8D0FC
:10D3300000209847C5E700DEC3E700BF101B0020B0
:10D340000020704710B50446F7F768FE8CB90D4B06
:10D350009A68AAB11C6800229A601A6004B1246815
:10D360000020F7F783FE2046F7F710FF28B10020D2
:10D3700010BD0028F3D100DEF1E700DE002010BD73
:10D3800000DEE7E7101B00202D20704710B5144683
:10D39000F6F780FF2146F6F77FFF030204D4023040
:10D3A000092898BF002010BD002010BD262810B508
:10D3B000044613D0272809D0252817D1022001F0D0
:10D3C0002BFB2046BDE8104001F02CBB502001F0A3
:10D3D00023FB2046BDE8104001F024BB1A2001F0D9
:10D3E0001BFB2046BDE8104001F01CBB0A2807D9F2
:10D3F00027280AD900DE2046BDE8104001F012BB04
:10D400000230400001F008FBDBE70330400001F090
:10D4100003FBD6E701F064BB01F06ABB08B501F07D
:10D4200095FBBDE8084001F0F3BC00BF08B501F072
:10D430008DFB01F0EDFCBDE8084001F091BC00BFA0
:10D4400008B501F083FB01F0E3FC01F0C7FC01F03B
:10D45000EBFEBDE8084001F083BC00BF08B5014603
:10D46000114801F059FA01F09DFB60B101F068FD2F
:10D4700001F092FA00F082F900280EDBBDE80840C6
:10D480000020FFF75FBF01F041FB01F059FD01F003
:10D4900083FA00F073F90028F0DA00DE0020BDE81E
:10D4A0000840FFF74FBF00BFA5CE030010B50446EC
:10D4B00001F04CFB01F0ACFC01F090FC01F0B4FE7B
:10D4C00001F04EFC2046BDE81040FFF7C7BF00BF8B
:10D4D00010B5044601F03AFB0D48214601F01CFA54
:10D4E00001F060FB40B100F049F900280ADBBDE81B
:10D4F00010400020FFF726BF01F008FB00F03EF9C6
:10D500000028F4DA00DE0020BDE81040FFF71ABF63
:10D51000A5CE03002DE9F04F89B01F469DF848B015
:10D52000FF238046894692468DF81F300DF11F007B
:10D53000F7F782FD002846D0037F9D07F6D1837A56
:10D540009C07F3D405683E689DF81F300593044698
:10D5500029463046F6F7A0FEBBF1000F53D0BC427F
:10D5600008BF002426460DF11F00F7F765FDD0B176
:10D57000027F9107F7D1827A9207F4D4026804906F
:10D58000294610460392F6F787FE039A049B00F49F
:10D59000000000280DF11F001CBF15461E46F7F7BE
:10D5A0004BFD0028E4D1059B8DF81F30314B9A6864
:10D5B000002A30D17EBB54B1BBF1000F48D1BC4230
:10D5C00005D000DE03E02B4B9A68044612BBFA68D4
:10D5D0001A60C3E901893846D04704460DF11F009F
:10D5E000F7F72AFD014650B1037F9A07F6D1837AF7
:10D5F0009B07F3D4FFF776FC30F0020333D12046CB
:10D6000009B0BDE8F08F0002A9D5FF233546059388
:10D610005C46A7E706464946CDF800B0534640466B
:10D620003A46F7F7C1FC014680B1BBF1000F0AD1C1
:10D63000BB7A980707D4C6B13046FFF753FC30F0E9
:10D64000020300D000DE6FF07604D8E700DEECE7DE
:10D65000CDF800B053463A4649464046F7F7A4FC99
:10D660000028F0D1EEE700DEC9E7002C14BF264603
:10D670000E46E1E7101B002001F110000BF04CBF3B
:10D6800070B505468AB00C460122002104A81AF0A4
:10D6900056FB0F4B01930026032369462846039649
:10D6A00002930FF006FD002810DB31464FF40043D3
:10D6B00040F2E730E4FB03014FF47A720023E9F70C
:10D6C0001FFD02460B4604A80BF060FF0AB070BDB8
:10D6D00079D6030010B50120064C09F06BFA00233F
:10D6E0000121A1606360E3602146BDE810400FF0B6
:10D6F000E0BC00BFEC4C002010B5012009F05AFA44
:10D70000044904460FF044FD2046BDE810400FF0E8
:10D710001BBD00BFEC4C00200C4B1A780AB1002056
:10D72000704710B50120187009F044FA4FF47A716F
:10D730000446FFF7A5FF38B920460FF005FD022883
:10D740000CBF00206FF0040010BD00BF1E7200204F
:10D7500008B5094BBFF35B8F53E8002F511C43E81A
:10D7600000100028F8D1BFF35B8F002A01DC09F01C
:10D7700029FA002008BD00BFE84C002008B50E4B78
:10D78000BFF35B8F1A68BFF35B8F002A10DDBFF316
:10D790005B8F53E8002F511E43E800100028F8D19A
:10D7A000BFF35B8F012A01DC09F022FA002008BDDB
:10D7B0006FF0770008BD00BFE84C002032207047B2
:10D7C000014B33F81000704730AC050010B504462B
:10D7D000FFF736FE01F0F8FA2046BDE81040FFF7EB
:10D7E0003DBE00BF30B583B0044601F0D9F9FFF764
:10D7F00015FE962001F01CFB002318461A46194618
:10D8000001F040FA0120F7F773FB78B31C3001F008
:10D810005BF901F0B1F938BB1548214601F07CF8FD
:10D82000FFF704FAA8B901F0DFFB0021044608461F
:10D8300001F060F900210546084601F057F92C4433
:10D84000CB34201A01F088FB03B0BDE8304001F072
:10D85000BDBB0DF10700FFF76FF9002201469DF8EF
:10D86000070001F09FFCDEE700DED5E700DECDE734
:10D87000B5DD030010B50446FFF7E2FD01F0A4FAA0
:10D880002046FFF7EBFD054B0021012208469C6076
:10D89000F5F750FA00B910BD00DE10BDD807002022
:10D8A000814208B50ED00B7ADB0702D46FF08B00F3
:10D8B00008BD0C4B1360FFF74BFF00280FDB6FF028
:10D8C0000A0008BD0B7B01EB83010B691B7803F099
:10D8D0000F03012B0CBF00206FF08B0008BD00DE92
:10D8E000EDE700BF05DC030010B548B10C46FFF7BB
:10D8F00045FF00280BDB2046BDE81040FFF722BDA6
:10D90000044801F009F8BDE8104001F0FFB800DE5E
:10D91000F1E700BFCDD70300084B042210B59818DB
:10D920002821F5F70DF9064B00249C81022221469F
:10D9300004481AF004FA204610BD00BF2C4D002008
:10D940001C4D0020044D0020084B042210B59818EF
:10D950002821F5F7F5F8064B00249C810222214688
:10D9600004481AF0ECF9204610BD00BF2C4D0020F1
:10D970001C4D0020044D002010B504460548F5F765
:10D9800003F920B1034600205870636010BD6FF0AA
:10D990000B0010BD2C4D002003460020187058705D
:10D9A0009860704738B51E4D2B7B6A7B9A4202D037
:10D9B00055F8234034B91B48F5F7E6F8044680B122
:10D9C000204638BD18480BF007FE2B7B6A7B9A4235
:10D9D000F6D00133DBB2032B08BF00232B732046A4
:10D9E00038BD11484FF4203200230BF0CFFDA0B911
:10D9F0000D480BF0F1FD2A7B6B7B93420BD0531C3F
:10DA0000DBB255F82220032B08BF00232B7312B181
:10DA10001446204638BD00DED2E700DEE8E700BF4E
:10DA20001C4D00202C4D0020044D002010B5027824
:10DA300043789A4214D0D4B244700278944204D00D
:10DA40005A1C4370D3B2022B0ED01A4600EB82044C
:10DA50000B70606800B110BDFFF7A4FF606010BDDF
:10DA60000133DBB2022BF0D100221346EEE700BFF8
:10DA7000F8B5027843789342044625D0D5B2154ACA
:10DA8000507B92F80CC0431CDBB2032B04EB8507E0
:10DA900008BF00239C450E46796806D042F8201046
:10DAA00053730D480BF038FD00216B1CDBB2022BC9
:10DAB0000ABF00221A46134679602370012104EB45
:10DAC000820431706068F8BD1A4604EB8204606815
:10DAD000F8BD00BF1C4D0020044D002030B5037A76
:10DAE000C3F302130446002B93FAA3F0B0FA80F0BC
:10DAF00008BF4FF0FF3083B000F1010044D0217A1D
:10DB00005A1E134063F3061121722430FFF74EFCB6
:10DB100000230DF1070104F10C008DF80730FFF729
:10DB2000A7FF054670B3284600F0D4FF2B7803F01A
:10DB30000F03022B1DD00DF1070104F11800FFF7B0
:10DB400097FF30B39DF8073063B92146124800F0C3
:10DB5000E3FE962001F06CF9002003B0BDE83040F0
:10DB600001F048B8D5F80230C0F80230EB88C38025
:10DB7000EBE70A48214600F0CFFE03B0BDE8304095
:10DB800001F0E0B800DECEE700DE237AC3F3021333
:10DB9000B5E700DED6E700BFE5D70300F1DB030001
:10DBA00010B50446FFF74CFC237A03F07102012AFA
:10DBB00005D1C3F3420262F306132372DBB213F002
:10DBC000700F05D0636853B193F82C309B0706D5CE
:10DBD00001F0FAF82046BDE81040FFF73FBC2046B0
:10DBE000FFF77CFF00F08CFFBDE8104001F0EEB9BC
:10DBF00010B5044600F0D4FF2046BDE81040FFF702
:10DC0000CFBF00BF70B5C36804461E68F6F742FB7D
:10DC100005463046FFF7B8FB00232D1AC4E9005330
:10DC200023812046BDE87040EAF7CABE10B582B035
:10DC30000446FFF78DFD002809DB084A084909481A
:10DC400000940023F7F7D0FA18B902B010BD00DE37
:10DC5000F3E77730F9D000DEF7E700BFC1890200B3
:10DC6000E9D80300A1D803002DE9F0410D46417A1F
:10DC70009DF818801746CA071E4609D5B8F1000F4F
:10DC800017D02B78B7EBD31F1AD00020BDE8F08156
:10DC90002946044611F8020B079AC0F38010FEF7DC
:10DCA0008BFF0028EDD1637ADB07EED5B8F1000FCA
:10DCB000E7D1079B1878FEF769FF0028E1D1E4E778
:10DCC000062205F1080130461BF0A4FFB0FA80F0EF
:10DCD0004009BDE8F08100BF2DE9F84F1F460B9BBE
:10DCE0009DF828909DF8305006460C4692466BB938
:10DCF000437A03F00303012B2CD9002D3AD023786B
:10DD0000BAEBD31F4AD00020BDE8F88F88460D9AA1
:10DD100018F8020BC0F380104146FEF74DFF0028B3
:10DD2000F2D094F800B0BAEBDB1FECD104F108019B
:10DD3000384606221BF06EFF0028E4D10D9B1B78AD
:10DD4000FF2B1ED0B27AFF2A1BD0981AB0FA80F0AF
:10DD50004009D9E711F8020B0D9AC0F38010FEF7C5
:10DD60002BFF0028CBD1737A03F00303012BCAD910
:10DD7000002DC4D10D9B1878FEF708FF0028BED1F6
:10DD8000C1E7CBF3801BCB45BDD10B9806224146A2
:10DD90001BF040FFB0FA80F04009B5E7062204F11D
:10DDA000080138461BF036FFB0FA80F04009BDE8A4
:10DDB000F88F00BF2DE9F0438BB0044600F0E6FE7B
:10DDC000C0B2002800F0988000F002FF054601F084
:10DDD0000FF8814601F016F801F03EFA064601F010
:10DDE0001DFAEDB2804600F0C5FFFFF729FB45B9EB
:10DDF0005F48214600F090FD0BB0BDE8F04300F015
:10DE000085BE16F0FF067AD1FF2301208DF827305A
:10DE1000F7F76EF80546002800F09480237B04EBAA
:10DE2000830305F11C011F693B465FFA89F913F86A
:10DE3000020B00F00F0CBCF1010F08BF07F108083E
:10DE4000C0F380124FEAD017287F00F00F0018BFF0
:10DE50004FF0000803285AD00528C9D1687F22282E
:10DE6000C6D160680028C3D090F82C008007BFD4CA
:10DE70000DF127000390CDE9018900972046FFF7B7
:10DE80002BFF0028B4D00420F7F732F80028AFD0D9
:10DE90003848214600F040FD00F038FE00F06CFEEE
:10DEA000002851D1626892F82C3043F0010382F8C7
:10DEB0002C30F7F737F817224FF6FF730271C38043
:10DEC0008460054601F036F8286101F087F80021EA
:10DED0000446084600F00EFE241A6C61AEB19DF8AF
:10DEE00027306B76F7F71EF82946E8602868F7F7C1
:10DEF00043F80BB0BDE8F083FFF7A2FA78E75FFACA
:10DF000088F0FEF723FE03467FE7FF23E9E7687FFB
:10DF10000C287FF46DAFB8F1000F7FF469AF0DF1FD
:10DF200027000190CDF800902046CDE90623059109
:10DF3000FFF79AFE50B9287F079BDDE9051200F034
:10DF40000F0089E700DE69E700DEABE70A482146FB
:10DF500000F0E2FC00F0F6FE237E04EB8303D869B8
:10DF600000F0B8FD00F008FE0028C2D000DEC0E7D7
:10DF7000A1DB030075D80300F1DB0300F8B505460B
:10DF8000FFF75EFAF7F7F4F8044600283FD0214B7C
:10DF9000214A1B781178A27920485B0001F0010129
:10DFA00003F002030B4322F0030213431C4A0188CF
:10DFB0001278A18001202070A371227219B195F905
:10DFC0002730002B04DB2846BDE8F840FFF746BAAF
:10DFD00095F82C30C3F30213022B16D0042B0CBF80
:10DFE0004FF4BC77282700F0E5FF064600F0E8FF75
:10DFF000361AE660EA6BC4E904270023EB636B641E
:10E000002846BDE8F840FFF729BA1827EBE700DEFD
:10E01000BDE700BF21720020227200206271002043
:10E020001F72002008B500F0DDFD027803460121D3
:10E0300061F301021A70002008BD00BF0020704784
:10E04000704700BF30B40849084A094D094C0A48D6
:10E0500000230B8013700949094A2B802370037039
:10E060000B70137030BC7047627100202372002067
:10E070006471002022720020217200202072002092
:10E080001F720020814207D091F82C305B070BD51E
:10E090000B4B188840B97047094A0A4B1288197807
:10E0A0001AB941B100DE03E0064B1B78002BF9D111
:10E0B0006FF08B00704701221A706FF00F007047ED
:10E0C000647100202072002038B50D4678B30446F4
:10E0D000FFF754FB002847DBE2682389518B9383C9
:10E0E00001330B4492F927105383002913DBF7F710
:10E0F0003FF8002836D0837923F00303002243F051
:10E100000203012101708280837102722846BDE8FA
:10E110003840FFF717B92089136B916B00FB03336D
:10E120000B44516B8B4228BF0B469363DFE791F999
:10E130002730002B0ADB0D48294600F0EDFB00F0EC
:10E14000E5FC95F87E301B0708D438BD084B1B88CA
:10E15000002BF0D1074B01221A70ECE7BDE83840E4
:10E1600001F016B800DEC6E700DEB5E77DDF03008C
:10E170006471002021720020F8B505460120F6F7F1
:10E18000B7FE024658B30021517795F86760B5F89D
:10E190005A7006F00706304602F11C0400F0FEFB40
:10E1A00095F87E30B2001B07F9B242F001020ED59D
:10E1B0000431C9B2082000F05DFC2246314605F169
:10E1C0007F0000F017FFBDE8F84000F07DBC08209C
:10E1D00000F050FC2046BDE8F84000F075BC00DEC1
:10E1E000D1E700BF38B50446FFF718F9244AA089E3
:10E1F00013880133138000F01BFE94F8662094F816
:10E200006700C2F3C00300F0070002F0070200211C
:10E2100000F038FD2046FFF7AFFF00F0ADFC60BB1B
:10E2200000F0E2FE258A034694F8670001210D35CF
:10E2300000F007001D4400F05DFC94F8673003F027
:10E240000703022B054416D0042B0CBF4FF4BC73FC
:10E25000282394F86600C0F3C00100F007001D44B5
:10E2600000F044FC281A00F077FE21460548BDE87E
:10E27000384000F051BB1823EBE700DED0E700BFC9
:10E28000647100209DE30300F8B50F4690F8661016
:10E29000B0F8586001F007040546C1F3C0012046FC
:10E2A00000F07CFB95F87E30A200DB0642F0010214
:10E2B000F1B20DD50431C9B2082000F0DBFB3946BC
:10E2C00005F1A00000F0EEFEBDE8F84000F002BC51
:10E2D000082000F0CFFB3846BDE8F84000F0FABB5C
:10E2E000F0B5054683B001AA806E0F46E96EF4F7DB
:10E2F000B1FC95F87E305A07064638D448B3019CE5
:10E3000095F87D3095F87C2004341C4412B962786D
:10E3100085F87C2033B12378012262F30103237056
:10E3200095F87D3095F87C20D31A63702846F9F76C
:10E330009BFC637883422AD960700122237803F022
:10E340000F03002143EA02132370A1703C6003B065
:10E35000F0BD43F0040385F87E3000F043FC044632
:10E36000237823F0100323703C6003B0F0BD43F02A
:10E37000040385F87E3000F035FC0446002EEFD013
:10E38000037843F0100303703C6003B0F0BD3268C3
:10E39000EB6ED21A18BF0122D0E700BF2DE9F0437F
:10E3A00083B0044600F0F2FBC0B2002879D000F040
:10E3B0000FFC5FFA80F800F0DDFCFFF737F8A84AA1
:10E3C0001388012003441380F6F792FD05460028C8
:10E3D00000F0EB80B8F1000F18D1A24B1F78002F8E
:10E3E0006AD1012201A920461A70FFF779FF94F93A
:10E3F0002730002B80F2F980676CB946002F00F0BF
:10E40000CF804FF00009019E474660E094F87E30CF
:10E410002A7F03F00101C2F38000884200F0A2804D
:10E4200094F9272081F0010161F30003002A84F8A8
:10E430007E3005DA94F82C3043F0080384F82C3051
:10E4400094F87E305E0700F1C780D4E91A0101AA72
:10E45000F4F700FC0646F0B194F87D20019B1344CC
:10E46000597971B194F87E30D8060AD5D4F8B03015
:10E470000133C4F8B030D4F8B43043F10003C4F829
:10E48000B43094F87C300A44D2B29A42C0F0B580DD
:10E4900000F0D28000DE94F87E302A7F4FF0000931
:10E4A00062E0FEF7C3FF7048214600F035FA03B082
:10E4B000BDE8F04300F02ABB013FFFB201A92046AE
:10E4C0001F70FFF70DFF002F91D1019EC1466648D6
:10E4D000214600F021FA00F035FC94F87E203378D4
:10E4E00062F3C303337094F87E303278C3F3400391
:10E4F00063F38202327031462046FFF7C5FE00F01A
:10E500003BFB00286FD100F055FD88B1B9F1000F39
:10E5100015D0A08A4FF6FF73984200F085804946D7
:10E52000F9F736FB7FB903B0BDE8F043F6F71CBD41
:10E5300000F034FD00F038FDB9F1000FE9D117B952
:10E5400003B0BDE8F083F6F7EDFC03232B71A38A3B
:10E550002868EB802946F6F7F7FC03B0BDE8F043E6
:10E56000F6F702BD4FF00009C2F3C002C3F3400347
:10E570009A4245D000273B4A3C4B0021117020466F
:10E58000012201A91A70FFF7ABFE94F92730002B86
:10E590004DDB2B7FDA0603D4019E3378DB0627D5CB
:10E5A000334B1B783BB1019E91E700DEB8F1000FC1
:10E5B0003FF413AF2AE7E08900F03AFC94F86700D3
:10E5C00000F0070000F016FB2A48214600F0A4F9ED
:10E5D00000F0FCFC019E80E723F0040384F87E3009
:10E5E00000F000FB57E700DE8DE70027B946D7E7CC
:10E5F0007378002B3FF46BAFD2E784F87D204AE7B5
:10E600000320F6F775FC0028B4D094F87E3083F030
:10E61000020384F87E306B7F002BABD094F87E3001
:10E62000190729D40127A6E700DEA08A77E7636CE3
:10E63000002BAED0B846E6E60022A4F87C20E06EBF
:10E6400004F16801F4F70EFB019B1B683360019B2A
:10E650001E60DDF8049094F87E302A7F84E700BFC6
:10E6600062710020237200207DDF030022720020EF
:10E6700020720020E5E1030000F058FD00285DD085
:10E6800000F07CFD002849D1D4F88F30D4F89320D5
:10E69000134304D12B7F03F00303032B28D0284B13
:10E6A0002848022221461A7000F036F900F02EFAAE
:10E6B00000F062FAB8B900F07DFC60B1B9F1000F6A
:10E6C0003FF43EAFA08A4FF6FF7398420DD0494603
:10E6D000F9F75EFA27E700F061FC00F065FCB9F19C
:10E6E000000FEFD12CE700DEE5E700DEA08AEEE7C1
:10E6F00000F07CFA4278272A0146D0D8033205F18F
:10E700001C001BF058FAD4F88F30D4F89320013B4A
:10E71000C4F88F3042F1FF33C4F89330D4F88F300F
:10E72000074A0133C4F88F30D4F8933004F18F01D5
:10E7300043F100034B600123137073E700DE9FE792
:10E740001F7200207DDF030010B582B00446FEF783
:10E75000FFFF002809DB084A084909480094002304
:10E76000F6F742FD18B902B010BD00DEF3E77730CE
:10E77000F9D000DEF7E700BF198B0200C9E0030003
:10E7800085E003004FF080530246D3F8A410013116
:10E7900007D04FF08051D1F8A00010F0010009D14E
:10E7A0007047D3F8A8304FF6FF719BB28B42F0D17F
:10E7B00000207047D1F8A4301360D1F8A83013714D
:10E7C000C3F3072363F03F035371D1F89030013353
:10E7D0001CD0D1F89430013318D0D1F898300133DF
:10E7E00014D0D1F89C30013310D0D1F89030C2F859
:10E7F0000630D1F89430C2F80A30D1F89830C2F817
:10E800000E30D1F89C30C2F8123008E00023C2F874
:10E810000630C2F80A30C2F80E30C2F812300120B9
:10E82000704700BF00234FF0805203604360836055
:10E83000C360D2F88030013318D0D2F8843001336D
:10E8400014D0D2F88830013310D0D2F88C30013394
:10E850000CD0D2F880300B60D2F884304B60D2F804
:10E8600088308B60D2F88C30CB60704700230B600F
:10E870004B608B60CB607047054B4FF480320021BA
:10E88000C3F80815C3F84423C3F80423704700BF36
:10E8900000B00040054B1878421C1A7018B9044BA0
:10E8A00001221A6070470120704700BF24720020C7
:10E8B00000B00040074B187848B10138C0B218705A
:10E8C00018B9054B01225A6070470120704700DEDD
:10E8D0001878F2E72472002000B00040014BD3F812
:10E8E0000405704700B00040024B00F5A87043F8E3
:10E8F0002010704700B00040044BD3F8103123B112
:10E90000034A044B10681B6818477047001000400A
:10E91000E8500020EC500020024A034B11601860C0
:10E92000704700BFE8500020EC5000204FF08043BB
:10E930004FF0FF320021C3F8002EC3F8042EC3F8B5
:10E94000081EC3F80C2EC3F8101EC3F8142EC3F80B
:10E95000182EC3F81C2EC3F8202EC3F8242EC3F89B
:10E96000282EC3F82C2EC3F8302EC3F8342E70474F
:10E97000074B084810B44FF4905100244FF4105244
:10E98000C0F81845C3F80018C3F8042810BC704735
:10E9900000F0014000100040704700BF054B022806
:10E9A0000CBF0421032140F20122C3F81015C3F863
:10E9B0005026704700100040072819DC831EDBB288
:10E9C000052B11D9002818DA031D1BDA10F1080FE6
:10E9D0001ADA10F10C0F19DA10F1100F18DA10F121
:10E9E000150FCCBFEC20D8200A4BC3F80C0570479C
:10E9F000084B0820C3F80C057047064B0020C3F8ED
:10EA00000C057047FC20EFE7F820EDE7F420EBE77A
:10EA1000F020E9E700100040014BC3F808057047FB
:10EA200000100040084B00F07F00C3F85405D3F8F5
:10EA3000182522F00072C3F81825D3F8182542F0E3
:10EA40000072C3F81825704700100040084A0021E2
:10EA50000123C2F82C15C2F83035C378C2F824352A
:10EA60008178038843EA01431B02C2F81C357047D2
:10EA70000010004002F01C03A3F1080302F003029F
:10EA8000B3FA83F3013A5B091B06022A98BF43F4E9
:10EA9000801300F00F000A4A184340F48070C2F857
:10EAA0001405D2F81805074B0340C2F81835D2F800
:10EAB0001835194341F44031C2F81815704700BFAA
:10EAC000001000400000F8FE014BC3F80405704739
:10EAD00000100040014BC3F80405704700100040CF
:10EAE00002280CBF28202920704700BF0120704752
:10EAF0002920704702280CBF05200A20704700BF5C
:10EB0000014B01221A607047001000400B4B0C486B
:10EB10000C4910B44FF41064C3F8084501224FF4B7
:10EB200080245A60DA60C0F84843074CC3F80845AF
:10EB30000020C1F800020A6110BC704700F00140DB
:10EB400000B0004000100040C001700E094B0022D0
:10EB5000C3F80021D3F80011C3F80421D3F804113D
:10EB6000C3F80C21D3F80C11C3F81021D3F81031DD
:10EB7000704700BF00100040034BD3F8000100387D
:10EB800018BF0120704700BF00100040034BD3F8AE
:10EB90000C01003818BF0120704700BF0010004072
:10EBA00001207047034BD3F85005B0FA80F04009BC
:10EBB000704700BF00100040044B40F20312C3F83E
:10EBC0003425C3F83805C3F83C15704700100040E1
:10EBD000034BD3F80004003818BF0120704700BF72
:10EBE0000010004000487047E84F00200048704780
:10EBF000E44E0020F0B41D4B1D4D1E4E1E4C1F4F09
:10EC00000322C3F800222A78C6F8687502F10C03C3
:10EC1000DBB2D000DB00910003F1804300F18040C3
:10EC200003F5F83300F5F83001F18041C6F86C05C2
:10EC300001F5104104EB82041148C3F81045C3F8F4
:10EC40001405D1F840352D2B8ABFD1F8403501236A
:10EC50002D3BC1F840350132064B4FF4106102F0F4
:10EC60000102C3F804152A70F0BC70470010004080
:10EC70002572002000F00140409100400C1100403E
:10EC8000041000402DE9F041284E294C294FDFF8AF
:10EC9000A8E0DFF8A8800323C6F800322178CEF878
:10ECA000688501F10C03DBB2DB00CD0003F180438A
:10ECB00003F5F83305F1804507EB810705F5F835D5
:10ECC000CEF86C554FEA810CC3F8107549F63465DF
:10ECD000C3F814654AF2B813022A18BF1D460CF196
:10ECE000804C42F2B84241F28833022818BF1346E2
:10ECF0000CF5104C124A2B44A2FB0323DCF84025F0
:10ED0000B2EB931F85BF9809DCF8403501231B1A2D
:10ED1000CCF840350131084B4FF4106201F001018D
:10ED2000C3F804252170BDE8F08100BF0010004049
:10ED3000257200204091004000F001400C1100407D
:10ED4000D34D62100449054B03204FF41062C1F803
:10ED50000002C3F8082570470010004000F0014091
:10ED6000034B0022C3F81C21D3F81C31704700BFAD
:10ED700000100040034BD3F81C01003818BF0120DD
:10ED8000704700BF0010004010B44FF0000C4FEA75
:10ED90008C0303F1804303F580531468C3F80046E5
:10EDA0000CF1010C9488C3F82046BCF1080F02F165
:10EDB0000602ECD1034B40EA0120C3F8400610BC28
:10EDC000704700BF00100040034AD2F8403623F0DD
:10EDD000FF03C2F84036704700100040034B00228A
:10EDE000C3F81421D3F81431704700BF001000405D
:10EDF000034BD3F81401003818BF0120704700BF3F
:10EE000000100040014BD3F8100470470010004080
:10EE10000449054B054A4FF48020C1F84803C3F864
:10EE20000825704700B0004000F00140C001700E9E
:10EE3000034B044A1B7803F5A87342F8230070477C
:10EE40002572002000900040F0B4A2F574232F4DED
:10EE5000A3F51073AB42044606D902F1E87202F53D
:10EE6000D432013902F5A572294B2A482A4D2B4E7E
:10EE70000127DF600027C3F80475A0FB0202042706
:10EE8000C3F81075900C0227C3F80875244AC3F81C
:10EE90004005C5F848154FF48021C5F844134021BA
:10EEA000C2F84065C2F84435C2F8041544B34FF4C3
:10EEB0008013C2F804351B4A194B1B4D0124D46042
:10EEC00000210424C2F80415C2F81045C2F8081540
:10EED000C3F828290C32C3F85055C3F8542502F55D
:10EEE000AF32124CC3F8584502F5FC72C3F85C25EA
:10EEF0000F49C3F860150832C3F86425F0BC7047A9
:10EF00004FF40013C2F80435D5E700BFBFBDF07F52
:10EF10000080004083DE1B4300B0004048B1004049
:10EF200000F00140009000400C1100404091004072
:10EF300044910040014BD3F84805704700B00040B1
:10EF40000349044A01234B600B615360136170470E
:10EF500000800040009000400449054BC1F8440582
:10EF60004FF08862C3F80425704700BF008000405E
:10EF700000F00140054B06480649074AC3F848051A
:10EF8000C3F84C15C3F80425704700BF00F00140DA
:10EF9000001100404080004080000004014BD3F885
:10EFA0004405704700800040014B1860704700BF67
:10EFB000E04E0020014B1868704700BFE04E002073
:10EFC000014BD3F84005704700800040024B4FF0E2
:10EFD0000062C3F80425704700F00140014BD3F8EC
:10EFE0004805704700800040014BD3F84805704742
:10EFF00000800040244B30B40024C3F800450224B4
:10F00000A142C3F80045054634D003F580334FF0E4
:10F0100000711E4CC3F804151B491D4BC1F8044573
:10F02000D3F81835DBB21F2B03D9FF2B29D0191FBA
:10F0300000E01B21144B1748C3F81815002416498B
:10F04000C3F80855C3F80C05C3F81025C3F8141508
:10F05000C3F80042C3F80041D3F80021C3F80441CB
:10F06000D3F80421C3F808410122D3F808111A602B
:10F0700030BC7047094B0A4C4FF00071C3F80415BF
:10F08000CAE7FB21D6E700BF00F000400100000105
:10F0900000100040E44E0020D44D002000F001405C
:10F0A0000100010130B41C4B1C4C1D4A0025C3F863
:10F0B000005505460220C3F80005C3F80445D2F800
:10F0C0001835DBB21F2B03D9FF2B22D01A1F00E00B
:10F0D0001B22114B1348C3F818250024C3F8085508
:10F0E0000122114DC3F80C15C3F81005C3F81455CF
:10F0F000C3F80022C3F80041D3F80011C3F804415B
:10F10000D3F80411C3F80841D3F808111A6030BCD1
:10F110007047FB22DDE700BF00F000400000010166
:10F1200000100040E44E0020D44D002038B5114CB2
:10F130000223C4F80433D4F8043163B92025EFF373
:10F14000118085F31288BFF36F8F0EF0A5FED4F8FF
:10F150000431002BF3D0074B074A02204FF4004143
:10F16000C3F80803C2F88011D3F80801B0FA80F0A0
:10F17000400938BD00F0004000E100E0034BD3F847
:10F180000004003818BF0120704700BF00F00040A5
:10F19000034B012100229960C3F80025704700BF8E
:10F1A00000F00040F0B4194A194BD2F80455194E3A
:10F1B0000024013D0327C3F80075C3F80405C3F814
:10F1C0000815C3F81055C3F81465C3F80041D3F807
:10F1D0000011C3F80441D3F80411C3F808414021D9
:10F1E000D3F80831C2F86015D2F800320A4943F06A
:10F1F0004003C2F80032C2F828414FF40003D2F8AD
:10F200002821C1F80435F0BC704700BF0010004051
:10F2100000F00040D04D002000F00140014BD3F839
:10F220000004704700F0004010B4084A084C094937
:10F230000023C2F828314FF40000D2F82821C4F886
:10F240000035C1F8080510BC704700BF0010004031
:10F2500000F0004000F00140194BD3F828310BB901
:10F260000020704770B5174D0123C5F80433D5F859
:10F27000003183B9C824202601E0013C0BD0EFF314
:10F28000118086F31288BFF36F8F0EF005FED5F85C
:10F290000031002BF1D00B4B0B4A01204FF4004101
:10F2A000C3F80803C2F88011D3F804212AB1D3F8B7
:10F2B0000801B0FA80F0400970BD002070BD00BFA9
:10F2C0000010004000F0004000E100E00139012999
:10F2D00005D80B200AB1EBF743BCEBF74FBC00DEBF
:10F2E000704700BF29B10139012905D80B20EBF780
:10F2F00059BC1820EBF756BC00DE0020704700BF59
:10F3000088420BD0012803D0022809D00020704782
:10F31000A1F10200B0FA80F0400970470120704767
:10F32000A1F10100B0FA80F040097047012908D02E
:10F33000022906D059B9074B4FF08072C3F800215B
:10F340007047044B4FF40062C3F80021704700DEA1
:10F35000704700BF00E100E008B518F035FE08BDB9
:10F36000032803D8054B185C28B1704700DE034B17
:10F37000185C0028F9D100DE704700BF58AC0500CA
:10F38000013810B41C46042806D8DFE800F0081144
:10F390001A23030004292FD000DE10BC7047042973
:10F3A000FAD1194B9C6010BC02210020F3F7C2BCBB
:10F3B0000329F1D1154B01219C6010BC0846F3F7DD
:10F3C000B9BC0429E8D1124B9C6010BC0221012079
:10F3D000F3F7B0BC032908D00429DDD10D4B02217D
:10F3E0009C6010BC0846F3F7A5BC0B4B9C6010BC9E
:10F3F00001210220F3F79EBC084B9C6010BC022147
:10F400000320F3F797BC00BF38080020280800202D
:10F4100018080020F807002008080020E80700204E
:10F4200001460020FFF760BA124B30B401210446B8
:10F4300000205960C3F80445C3F80001C3F8040173
:10F44000196005E0D3F8042132B9D3F804251AB1C4
:10F45000D3F80021002AF5D05960D3F80421002AFE
:10F46000E7D1D3F80455002DE3D0C3F8042530BC10
:10F47000704700BF00E0004070B5114C0126D4F881
:10F48000045566600E20EBF779FBD4F8040140B117
:10F490000021C4F80411D5E90E323046BDE87040B1
:10F4A0001847D4F8003143B1C4F80001D5E90E3251
:10F4B00005F12001BDE87040184700DE70BD00BFB7
:10F4C00000E0004070B58CB00E4615460146102293
:10F4D00068461C46F3F78CFB10220DEB0200314608
:10F4E000F3F786FB6846FFF79FFF25B1102208A9B6
:10F4F0002846F3F77DFB2CB108AD0FCD206061608D
:10F50000A260E3600CB070BD10B5094C0A44914292
:10F5100000D110BD11F8013B584003090001E35C24
:10F52000C0B2434018091B01205CDBB25840EEE733
:10F5300009F905002DE9F041144CDFF85480054627
:10F540000E461746444508D3EBF748FC114B6A2298
:10F550001A504FF0FF30BDE8F0812368AB4200D075
:10F560008BB9A3683A4631462846984758B1EBF71D
:10F5700035FC084B0022C2503146E3683A46284623
:10F58000BDE8F04118471034DCE700BFD8A1050002
:10F59000E8A105000C00000037B50D4601AA694638
:10F5A000EBF70EFF044648B9EBF718FC104B0922A5
:10F5B0001A504FF0FF34204603B030BD009B1B694A
:10F5C00023B9EBF70BFC0A4B8622F1E701984FF0C9
:10F5D000FF324FF0FF3312F0DBFE009B29461B6920
:10F5E000204698470446019812F0D4FEE3E700BF96
:10F5F0000C00000073B50D461646694601AAEBF7EC
:10F60000DFFE0446B0B1009B5B69DBB101984FF0AF
:10F61000FF324FF0FF3312F0BBFE009B20465B69C8
:10F620003246294698470446019812F0B3FE204618
:10F6300002B070BD0923EBF7D1FB034A4FF0FF3452
:10F640001350F4E75F23F6E70C00000037B50D46D2
:10F6500001AA6946EBF7B4FE0446A8B1009BDB693A
:10F66000D3B101984FF0FF324FF0FF3312F090FE0C
:10F67000009B2046DB69294698470446019812F012
:10F6800089FE204603B030BD0923EBF7A7FB034AF0
:10F690004FF0FF341350F4E75F23F6E70C0000004F
:10F6A00073B50D461646694601AAEBF789FE044676
:10F6B000B0B1009B1B6ADBB101984FF0FF324FF0F5
:10F6C000FF3312F065FE009B20461B6A3246294636
:10F6D00098470446019812F05DFE204602B070BDC6
:10F6E0000923EBF77BFB034A4FF0FF341350F4E799
:10F6F0005F23F6E70C0000002DE9FF410D4616469A
:10F7000002A903AA1F46EBF75BFE0446E8B1029B81
:10F710005B6A13B303984FF0FF324FF0FF3312F0E0
:10F7200037FE0B9B01930A9B0093029B2046D3F864
:10F73000248032463B462946C0470446039812F0CF
:10F7400029FE204604B0BDE8F0810923EBF746FB13
:10F75000034A4FF0FF341350F3E75F23F6E700BF8F
:10F760000C0000002DE9FF410D46164602A903AA30
:10F770001F46EBF725FE0446E8B1029B9B6A13B3D4
:10F7800003984FF0FF324FF0FF3312F001FE0B9B56
:10F7900001930A9B0093029B2046D3F828803246AF
:10F7A0003B462946C0470446039812F0F3FD204625
:10F7B00004B0BDE8F0810923EBF710FB034A4FF0DA
:10F7C000FF341350F3E75F23F6E700BF0C0000009F
:10F7D0002DE9FF410D46164602A903AA1F46EBF785
:10F7E000EFFD0446D8B1029B1B6B03B303984FF0A7
:10F7F000FF324FF0FF3312F0CBFD0A9B0093029BC8
:10F800002046D3F8308032463B462946C04704465E
:10F81000039812F0BFFD204604B0BDE8F081092333
:10F82000EBF7DCFA034A4FF0FF341350F3E75F23A2
:10F83000F6E700BF0C00000010B5044609B10C2A21
:10F8400005D01623EBF7CAFA0D4A135010BD0B680A
:10F85000002BF6D0886860B112F0A6FD38B994F993
:10F860008E00002809DC02F00BF80028E9D05823AC
:10F87000E8E7081D13F057FEEEE712F095FDF4E7F8
:10F880000C000000F7B507460E461446EBF7B2FD34
:10F89000051E18DB3CB97B1E012B04D8022E17D0A5
:10F8A000012E08BF0624F1B201ABA2B2B8B202F039
:10F8B000ADFF061E0EDA28460EF016FCEBF78EFAA8
:10F8C000104B76421E504FF0FF35284603B0F0BD76
:10F8D0001124E8E7019800234360C365603018F005
:10F8E000C4F90198783018F06BFB062C02D101980E
:10F8F00013F0CAFF044A01994FF440432846EBF73E
:10F90000BFFDE2E70C0000005CAC05002DE9F04310
:10F9100089B0DDE910980C4658EA0901129F0646A5
:10F920004D4613D014F1690F02D014F10B0F0DD115
:10F93000684618F023FDDDE9002313430ED114F1CE
:10F94000690F14BF6FF068046FF00B04EBF746FA11
:10F95000354B64421C504FF0FF304AE0B8F1FF3F96
:10F9600008BFB9F1FF3F0DD04FF47A71A5FB01320A
:10F9700001FB0822DB0B43EA42433A689A4294BFF8
:10F980003A603B60D6F8800008B109F043FD693465
:10F9900032D0B6F88C3003F0C003402B2CD196F94E
:10F9A0008E0012F001FD304616F0A5FA0022034643
:10F9B000022103A818F0F0FD3C684FF4004540F226
:10F9C000E73000214FF47A720023E4FB0501E7F7EA
:10F9D00097FB02460B46012103A80AF05DFE3B6837
:10F9E0005B00642B28BF64233B60D6F8800098B985
:10F9F000002009B0BDE8F0833C684FF4004540F2B8
:10FA0000E73000214FF47A720023E4FB0501E7F7A9
:10FA100077FB18F090FBE2E74FF0FF324FF0FF3337
:10FA200009F086FCE4E700BF0C000000F8B540F2E6
:10FA300003139942044600F09080B1F5827F0ED204
:10FA4000042924D0B1F5817F2DD0032919D0EBF7FB
:10FA5000C5F96F4B5F221A504FF0FF3016E045F2A8
:10FA60001B43994200F0C68045F22143994200F0C1
:10FA7000BF8040F205139942E9D11368C0F8803085
:10FA80000FE090F85C00C0F340008003F8BD1268FE
:10FA9000C36D550402D543F0020301E023F00203D5
:10FAA000E3650020F2E7D2E900158B889768D80754
:10FAB0001BD52B689F4202D16FF00B00E6E704F1E3
:10FAC00060021A612B685A7B042060F305025A73A6
:10FAD0002A68937B23F0200393732A68D36823F466
:10FAE000FE13D3602B6814332B608B885A072CD5F8
:10FAF000B4F88C3003F0C003402B02D06FF07700D5
:10FB0000C4E794F98E0012F04FFC2E68B742D3D0B0
:10FB1000B4F88C30C3F34103012B20461AD116F000
:10FB2000EDF930612B685A7B022161F305025A73AB
:10FB30002A68937B23F0200393732A68D36823F405
:10FB4000FE13D3602B6814332B60E36D13F0050FA5
:10FB5000A7D0D3E716F0CFF9E3E7D2E90056AB8898
:10FB6000DB070ED53368DB6813F4EE1F02D1C36DDB
:10FB7000DF0703D5EB8843F00103EB8033681433D0
:10FB80003360AB8858071ED5B4F88C3003F0C0033F
:10FB9000402B28D194F98E0012F006FC3368DB6804
:10FBA00013F4FE1F0CD0E36DD90709D4B4F88C30E0
:10FBB000C3F34103022B02BFEB8843F00403EB8045
:10FBC000336814333360E36D5A0742BFEB8843F068
:10FBD0000803EB80E36DDB077FF563AFEB8843F051
:10FBE0001003EB805DE7EB8843F00403EB80EAE76A
:10FBF000C36D50E70023146819461A4612F018FC2A
:10FC00006FF00043984294BF2060236049E700BF33
:10FC10000C00000037B5002B069C05461CD1009354
:10FC200014490022002302F0F1FE05F1600018F0F3
:10FC30001CF805F1780018F0C3F904F160002946BA
:10FC400018F051F8284613F01FFE04F1780003B0B5
:10FC5000BDE8304012F0C7BB0ADA5B426360E36D77
:10FC600043F00403E36504F1600018F00AF8ECE7E0
:10FC700003B030BD2B25050013B5B0F88C30C3F3AD
:10FC80004103032B4FF00001044600914FF00002A6
:10FC90004FF0000319D114F038F904236360E36DC9
:10FCA00043F00403E365204612F09FFB204602F078
:10FCB00085FE031E06DAEBF791F8054A5B42135006
:10FCC0004FF0FF33184602B010BD02F09FFEE4E78C
:10FCD0000C00000037B505460C4619BBB0F88C3057
:10FCE0000091C3F34103032B4FF000024FF00003D8
:10FCF0000DD114F00AF9031E0CDAEBF76FF80E4A77
:10FD00005B4213504FF0FF34204603B030BD02F089
:10FD10007DFEF0E7EB6D43F00103EB65284612F042
:10FD200064FBF1E7EBF75AF84C1E012C024B94BF31
:10FD3000862216221A50E5E70C00000013B504468F
:10FD400013F0E3FD031E07DAEBF748F80D4A5B42B8
:10FD500013504FF0FF3007E0B4F88C30C3F3811339
:10FD6000023B012B02D9002002B010BD6368009352
:10FD7000054900230022204602F048FE031EF2DA65
:10FD8000E2E700BF0C0000002B2505002DE9F04341
:10FD9000B0F88C309146C3F38112032A85B0044633
:10FDA000884607D1EBF71AF82E4B5F221A504FF016
:10FDB000FF3038E0C3F34103022B33D0012BC56D74
:10FDC00009D1EBF70BF815F0040F264B01D0626850
:10FDD000ECE77822EAE715F0020518BF224D4368E8
:10FDE00019BF002600274FF4C0360027012A1DD175
:10FDF00000931E490022002302F008FE002805DAC5
:10FE00004342EAF7EBFF174A1350D0E763680293C7
:10FE1000CDE900672B464A464146204613F0CBFF0A
:10FE20000028EDDB002005B0BDE8F0830293CDE9AA
:10FE300000672B464A4613F0BEFF031E03DAEAF7BB
:10FE4000CDFF5B42DFE7E36DDB07EBD46368009334
:10FE5000064900230022204602F0D8FD031EE1DA05
:10FE6000EDE700BF0C000000BD2505002B250500B7
:10FE700013B5B0F88C3003F0C003C02B044608D192
:10FE8000EAF7ACFF0D4B5F221A504FF0FF3002B083
:10FE900010BD13F0E3FD031E05DAEAF79FFF074AE2
:10FEA0005B421350F1E700230549009400222046ED
:10FEB00014F02BF8031EF0DB0020E8E70C00000034
:10FEC00015FC03002DE9F04F8FB016460A224FF0C3
:10FED000FF384FF0FF390B925A06CDE90C89189F75
:10FEE00004460D4603D4C36D13F0020328D000224C
:10FEF0000023CDE90C2308A818F01BFADDE90C2338
:10FF000008A8DDE9088918F014FADDE90823CDE92D
:10FF10000623E36DDB071BD46368009329490023A4
:10FF20000022204602F072FD031E11DAEAF756FFA6
:10FF3000254A5B4213504FF0FF300FB0BDE8F08F01
:10FF40000CAA052102F0A8FE4FF4A0220023D2E75C
:10FF50004FF0000A0DF12C0BDDE90C23616837B37B
:10FF6000CDE90223199B04910093CDF804A03B46F0
:10FF700032462946204614F057F80028DDDADDE93C
:10FF80000C230146CDE90023CDF808B042464B468C
:10FF90002046FFF7BBFC0130CDD0DDE9062308A8E1
:10FFA00018F0ECF9DDE90823CDE90C23D4E7CDE91D
:10FFB000002302913B4632462946204613F0D6FFE5
:10FFC000DBE700BF2B2505000C000000F7B5B0F8FB
:10FFD0008C3003F0C003C02B04460E46174609D1EF
:10FFE000EAF7FCFE3F4B5F221A504FF0FF352846E0
:10FFF00003B0F0BDC36D5A0704D5EAF7EFFE62689F
:020000024000BC
:10000000384BF1E79D0710D44FF0FF334FF0FF322C
:100010006946CDE9002312F055FB031E05DAEAF725
:10002000DDFE304A5B421350DFE7002204F160003E
:10003000002309F03FFA044620B9EAF7CFFE294B26
:100040000B22D1E715F0C5FAEBF7D4F9051E06DA55
:10005000204612F0CAF9204602F0B0FCC5E704F1D0
:10006000600017F068FEA8B190F83730990711D5F5
:10007000E36D43F00103E36528460EF035F82046B2
:1000800012F0B3F9204602F099FCEAF7A7FE154BEF
:100090007122A9E7B4F88C305A0508D5EAF79EFE1C
:1000A000104B71221A5028460EF01EF8D0E723F4A8
:1000B0000073A4F88C303A463146204612F076F9A7
:1000C00040B128460EF010F8EAF788FE054B86226C
:1000D0001A50BDE7044A4FF4404321462846EBF747
:1000E000CFF984E70C0000005CAC05002DE9F04F6F
:1000F0008FB01F4603924FF0FF334FF0FF32CDE930
:100100000423189B0C465906DDE9195A064603D408
:10011000C36D13F0020331D000220023CDE9042384
:10012000189B13F00203009306F1600B3AD01022E3
:10013000002109A8DDE9048919F064FD04238DF884
:100140003130CDF834B001214B46424609A80AF0BF
:10015000A3FA00F10B010B29034619D840F68102DE
:10016000CA40D20714D5584617F0E1FD8046F8B9C9
:10017000EAF734FE884B0B221A500EE004AA042141
:1001800002F08AFD04A9304612F09CFA031EC7DA79
:10019000EAF724FE804A5B4213504FF0FF300FB065
:1001A000BDE8F08FDDE90423584609F083F9DDE767
:1001B000C368019303690293002D6DD0BAF1000F5B
:1001C0006AD0DAF800B0B6F88A6014F008FA98F845
:1001D0003720C2F302122A8098F83720C2F30212A5
:1001E000012A17D06FF08509019BC8F80C30029BDB
:1001F000C8F81030B9F1000F48D0C9F10002EAF791
:10020000EDFD6549009B0A50002BC6D1404614F015
:1002100053F9C2E700231422BBF1070FCDE90932DD
:1002200029D909A9404614F0AEFB834610B96FF0F6
:100230006809D9E70A99404614F020FA0028F6D157
:1002400098F83A10404614F019FA81460028EED189
:10025000DBF80C106960F6B2112E0FD107A90991D5
:1002600008210A9109A9404614F08DFB0028DED030
:1002700001886980B8E76FF01509B5E7062EB1D19E
:1002800009A907911421089107A9ECE72A88012AF6
:100290000DD10822CAF80020002C46D0E2680AB12D
:1002A000A26842B9EAF79AFD3B4B0C2264E7022AA6
:1002B00070D11822EEE7404614F056FA87423E46C7
:1002C00028BF06460546B2464FF0000BBAF1000FB4
:1002D0000FD1AF4203D2A26942F02002A26122698B
:1002E000002A4ED0606978B30F2848D8C4F814A00B
:1002F0002AE0A26852F80B1002EB0B0021B9EAF7D2
:100300006DFD254B162237E74268524528BF5246FD
:100310004046039214F0C8F90BF1080B039A08B198
:1003200069226CE7AAEB020AD0E7404614F01CFAF7
:1003300087423E4628BF0646054603993246404658
:1003400014F0B2F90028EBD1009BE3B9404614F059
:10035000B3F8189B13F0200F0CBF304628461EE759
:100360008A44073121F00707103717448742BDD868
:1003700021F007010A4411680029F1D1B6E71044C1
:10038000F9E76261E0E7019BC8F80C30029BC8F80E
:100390001030DEE7862232E70C0000002DE9F04F36
:1003A00090468DB01E464FF0FF324FF0FF33CDE93F
:1003B0000823B0F88C30DDF858A00D46D907044664
:1003C0000ED5C3F34103022B0ED08023EAF706FDBE
:1003D000594A13504FF0FF3630460DB0BDE8F08F4C
:1003E0000923F3E78623F1E71AF0400F02D1C36D2A
:1003F0009A0715D500220023CDE90823002EEBD063
:10040000CDE90586DDE908790AF4807BADB1B8F164
:10041000000F12D1EB685BB96FF015004342D5E7CE
:1004200013F00503EAD108AA042102F035FCE5E740
:10043000AB681A685B6805920793CDE90A7902A850
:10044000DDE90A2317F075FFDDE90223CDE900237A
:100450004FF000084646069B73B3E36D13F00400AB
:1004600014D060684042002820EAE076D6DBDDE95F
:100470001712204611F09AFF0028B3D11AF0020F8C
:10048000AAD13146204613F0F9FDA5E7DB07EAD4EF
:1004900057EA090312D1D5B9534606AA05A9204641
:1004A00011F0C6FF831950EA030643D157EA090742
:1004B0001AD0BBF1000F35D13046D4E70AA9204647
:1004C000CDE90A7912F0FEF80028E4DACBE75346CA
:1004D00007AA05A9204611F0ABFF064450EA06031F
:1004E00005D157EA090302D16FF00A0096E7AA681E
:1004F00052F83810014405910699091A0691079996
:100500004FEAC8030029D4D1E96808F101088845F9
:10051000D2D00833D118D2584B68059207930AB14C
:10052000002BD4D1DDE900230AA817F027FFDDE96D
:100530000A7990E71E46BCE70C000000F0B585B0D4
:100540001C46DDE90A6713460AB3B0F88C20C2F3F3
:100550008112951E012D08D80A46CDE90167009445
:100560000021FFF7C3FD05B0F0BD012A07D10A46FF
:10057000CDE9016700940021FFF710FFF3E7EAF7E8
:100580002DFC044B86221A504FF0FF30EBE710464B
:10059000E9E700BF0C000000F0B5B0F88C30C3F301
:1005A000811C85B0644699B18E68D6B10023CF68AE
:1005B0001D460436AF4218D1023C012C1AD80C1D3E
:1005C00002940C68CDE900240022FFF78FFD06E0BD
:1005D0001623EAF703FC0D4A13504FF0FF3005B025
:1005E000F0BD0C23F5E78623F3E756F835E0013537
:1005F0007344DFE7BCF1010FF5D10C1D02940C68C8
:10060000CDE900240022FFF7C9FEE8E70C00000056
:1006100073B50D46062D1C461146069B58D008DCC6
:10062000002D5DD0012D13D0EAF7D8FB594B6D2278
:1006300038E0292DF8D1132A00F0A98000F3A28018
:10064000102A00F0A180122AEED122460E210AE0E3
:100650000F2A3AD013DC032A29D0042A1BD0022AFD
:10066000E2D12246092102F017FB031E27DAEAF73E
:10067000B5FB484A5B4213504FF0FF3020E0262A7A
:1006800020D0272AD0D11B68042B07D1B0F88C309A
:10069000C3F3C20309E01B68042B05D0EAF79EFBF5
:1006A0003C4B16221A50E7E74368236007E0B0F896
:1006B0008C20C2F381121B68042BEFD12260002032
:1006C00002B070BDB0F88A20F5E722460A21CAE7D9
:1006D000012AA9D1224602B0BDE8704015F0E4BB62
:1006E000202A13D008DC022A0DD00E2A47D0012A76
:1006F0009AD122460821B6E7212A3DD0222A93D159
:1007000022461721AFE722461021ACE7B0F88C2033
:10071000C2F3C202012A04D0EAF760FB1D4B6A2231
:10072000C0E704221B6801920CB1934205D0EAF79E
:1007300055FB184B16221A500BE001AB6A461321E9
:1007400002F0AAFA031E08DAEAF748FB114A5B42F4
:1007500013504FF0FF352846B2E7009808B92560DE
:10076000F9E712F0B2FD20B9EAF738FB094B022293
:10077000E1E743682360EEE722460D2173E7224656
:10078000142170E7432AB3E722460F216BE7224684
:10079000162168E70C000000F7B50F46062F1C462F
:1007A0000646089B11467FD009DC002F00F08480AC
:1007B000012F29D0EAF712FB754B6D223BE0292F60
:1007C000F8D11A2A00F3D2800F2AF3DDA2F110012A
:1007D0000A29EFD801A252F821F000BF79090400DC
:1007E0007F090400850904008B090400B507040093
:1007F000B5070400B5070400B5070400B5070400F9
:10080000B5070400170804000F2A22D006DC022ACC
:1008100013D00D2ACED1002003B0F0BD192AC9D1C2
:10082000B0F88C20C2F3C2010139012914D9EAF7CA
:10083000D5FA574B6A221A5092E02246092102F05B
:100840008DF9031EE7DAEAF7C9FA514A5B42135001
:1008500086E022460A21F2E713B144B1217821B99A
:1008600022F40062A6F88C20D5E7082B04D0EAF722
:10087000B5FA474B1622DEE7204601F00DFC031EB9
:10088000E1DB11F091FD20B9EAF7A8FA404B132201
:10089000D1E7B6F88C3043F40063A6F88C3001F051
:1008A00035FB86F88E00B6E7012A83D1224603B0D5
:1008B000BDE8F04015F0CCBA242A3FF77BAF1F2AE1
:1008C00007DC012A55D0022A7FF474AF224610219A
:1008D000B5E7A2F12105032D03D8DFE805F039447F
:1008E0003D3D002200921CB10C2B0AD0082B21D0D8
:1008F000EAF774FA264B16221A504FF0FF373846A3
:100900008AE7A068B0B111F04FFD0090009808B1DF
:1009100001F0FCFA042301900DEB03021321304691
:1009200002F01CF9031EEADAEAF758FA184A5B42A9
:100930001350E2E76368002BE8D06946201D12F0EF
:10094000E0FC0028E2D1EAF749FA114B0222D3E792
:1009500022460D21304672E71A462146FEF76CFF0B
:100960004FF0FF3058E722461721F3E7432A7FF480
:1009700021AF2246082162E722460F21EAE72246FC
:100980001321E7E722460E21E4E722461621E1E79C
:100990000C00000013B503461446B3F88C2008463B
:1009A000C2F38111032908D1EAF718FA184B5F2224
:1009B0001A504FF0FF3002B010BD00B124B9EAF771
:1009C0000DFA134B1622F3E712F4807F04D1EAF7F5
:1009D00005FA0F4B8022EBE7012903D1C2F3410254
:1009E000022AF4D11A8D012AE9D1ADF800205A8DDE
:1009F000ADF802202268DB6A0193082A28BF08228A
:100A0000694619F0D8F8082323600020D3E700BF17
:100A10000C000000F0B51546028C012A85B00E4688
:100A20004FF0000423D1436ACDE90244EBB108231F
:100A30000DEB030101AA019313F036FB031E07DA45
:100A40005B42EAF7CBF90D4A13504FF0FF300AE052
:100A5000019F2A68BA4228BF3A4602A9304619F0D7
:100A6000AAF82F60204605B0F0BD1623E9E7EAF7A3
:100A7000B5F9024B16221A50E7E700BF0C00000040
:100A8000F0B58DB0164605460C463022002168466A
:100A900019F0B8F801238DF800308DF8076055B3D0
:100AA0002B6843B35A68154B9A4224D1284611F05B
:100AB00049FE87680646284611F049FEC3041AD548
:100AC000CFB13D69BDB12388012B14D18DF8013020
:100AD0004FF4BC43ADF802306379A2798DF805205C
:100AE00003F07F03E2798DF806208DF804306A4622
:100AF00007213046A8470DB0F0BD00BFE00E002032
:100B00002DE9F843D1F80880D8F80C3005460C469A
:100B100013B90220BDE8F883B8F810200D2AF8D9DF
:100B2000D3F80620C1F826205A894A8503200622D8
:100B300081F8240081F825201E68C4F82E609E8864
:100B4000668684F82C0084F82D209B892E319EB275
:100B50005BBAA38608469FB211F024FE81466DB3AE
:100B60002B684BB15A7C062A28D103F1120019F0E8
:100B700051F8B0FA80F35B09B9F1000F05D194F890
:100B80002E20D20701D4002BC3D00E2108F10C0077
:100B90000DF077FAA3689BB9224B234A234993426D
:100BA000B7D29889B84207D15868884204D1D3F89F
:100BB0000880B8F1000F05D11033F0E70023DBE720
:100BC0005B68E8E7224639462846C0470028A1D09E
:100BD00002289ED048F688639E429BD094F8373016
:100BE000C3F30213012B13D1A368DB685B885BBAE4
:100BF0009BB22D2B8ED8A268002A8BD0118A9942E5
:100C000036BF5B1A13829BB2526828BF0023F3E7FA
:100C1000022B7FF47FAFA368DB689B885BBA283325
:100C2000E6E700BFB8A10500D8A10500E00E00204E
:100C30000048704719F905002DE9F347804611F087
:100C400081FD8A8ED0F8089057BA0E46BFB2B9F12E
:100C5000000F00F0B080D9F81C302BB96FF085057B
:100C6000284602B0BDE8F08791F83730C3F302138D
:100C7000012B5DD1B2F5006F5AD18B688D69DC68AC
:100C800001F0BAFB226903689A4227D1344608274B
:100C900094F82D304BB9494B1A68C4F82D209A8826
:100CA0009B79A4F8312084F8333040F6CD420023FC
:100CB0000E21204602F0A8F8824600283AD16FF0B3
:100CC0000B05B7F5C16FCBD1304613F0D5FBA36848
:100CD000D9684046103100F085FC5EE004F1100157
:100CE000284600F035FE0028D0D1B368D96810310D
:100CF000084611F01AFD02460028C7D101AB304664
:100D000000F036FA05460028C0D0012809D1304647
:100D100013F0D2FB019CA78E7FBABFB2002FB7D1D0
:100D20009CE702289CD1304613F0C6FB002597E7CC
:100D30003446F3E750F80C5F0E210DF069F9B7F572
:100D4000C16F2ED094F83730C3F30213012B28D192
:100D5000A368DA681032104611F0E7FC08B32946A0
:100D6000104611F08DFDD4F82630C5F80630638D9D
:100D70006B815146AF81204613F0C5FB204613F02E
:100D80002EFC404611F0DEFCD9F81C302146984775
:100D90000546002895D1A3684BB9204613F08CFB7B
:100DA0005EE7D4F82E302B60638EAB80DBE71A8AC7
:100DB0005B681544F0E76FF0010551E758C6050080
:100DC00038B5054611F0B9FC012303760F4945619A
:100DD0000446043017F03FF8284611F0B8FC4205ED
:100DE00042BF237E43F004032376284611F0AFFC74
:100DF000C30404D5064A0748002100F053FD00F063
:100E000005FC637E43F00203637638BD3728050096
:100E1000810A0400205100202DE9F04707468CB0DC
:100E20008A461C469046002A00F00F811368002B6A
:100E300000F00B811E68D6F8089030220021684629
:100E40006D4618F0DFFEB9F1000F00F0FB80D9F815
:100E5000103023B96FF085000CB0BDE8F08714B9ED
:100E60006FF01500F8E7149B302BF9D1784B013F58
:100E70004AEB030A102F7AF1000AF1D20F2FEFD8B4
:100E800001A353F827F000BFC90E0400FB0E0400B5
:100E9000350F0400810F0400A90F0400D70F0400D0
:100EA000610E0400610E0400610E0400610E040076
:100EB000610E0400610E0400F10F04000F10040025
:100EC000610E0400291004000021404611F0F6FCD8
:100ED000002875D12068A3880090ADF804306A46D8
:100EE000D9F81030304698470028B5DB0323062296
:100EF0002146404612F093F9AEE74FF400713046B8
:100F000011F0CEFC0028A5D023797BB1023B012B48
:100F1000A6D9206861682B4603C3A0681860012128
:100F2000D9F810302A463046984795E7A368642BD5
:100F3000EFD995E74FF40031304611F0B1FC0028AD
:100F400088D06379012B8BD02379032B0BD1414BB4
:100F5000226A9A4284D8D4E904128B424FF00003EB
:100F60009341FFF47DAF2A4604F1300720686168A1
:100F7000134603C30834BC421A46F7D10221CFE717
:100F80004FF48021304611F08BFC00283FF462AF13
:100F90002379042B3FF464AF206861686B4603C378
:100FA000A06818600321BBE74FF40021304611F020
:100FB00077FC00283FF44EAF404611F08BFC10B197
:100FC0006FF00C0048E7206861686B4603C3A068B7
:100FD00018600421A4E74FF48061304611F060FCF2
:100FE00000283FF437AF23788DF80030052197E7CC
:100FF000404611F06FFC0028E2D12068A288A37956
:101000000090ADF804208DF80630092188E74FF4F0
:101010008011304611F044FC00283FF41BAF2378C8
:101020008DF800300A217BE74FF48051304611F0F3
:1010300037FC00283FF40EAF616820686B4603C39D
:1010400007216DE76FF0010006E700239B68FFDED4
:10105000FFFF6FAFFFC99A3B07B500230246044963
:101060000093012001F0A4FA03B05DF804FB00BF77
:10107000000090D007B500230246044900930220E7
:1010800001F096FA03B05DF804FB00BF000090D0B9
:1010900008B5084B5A683AB11B68002123B19A423F
:1010A00004D1044811F02CFC104608BD19461B68F9
:1010B000F4E700BF405100202DE9F84311F04CFC4B
:1010C000DFF89C8006464FF0FF3226484FF0FF3392
:1010D00011F071FCD8F8004024B12568224FC6F504
:1010E000FA6924B9BDE8F8431E4811F09DBC636855
:1010F00009EB0302002A18DC0121204611F0A2FCB2
:1011000022460021404611F0FBFB002323607B6850
:1011100033B9C7E9004435B12B682C461D46E0E7DA
:101120001C607C60F7E72B46F7E79C1B14F5FA6F11
:1011300013D004F5FA6440F2E73000214FF4004583
:101140004FF47A720023E4FB0501E5F7D9FF02466C
:101150000B46064808F094FCC4E700221346F8E763
:10116000485100202C51002050510020201B00200D
:101170002DE9F04F87B0894690460393054620B984
:101180006FF0150007B0BDE8F08F8368002BF7D033
:101190005AB9806912F071F838B9AB695B6823B14C
:1011A00003F140091B6C002BEAD0804E80484FF0C1
:1011B000FF324FF0FF3311F0FEFB3768A9690023BF
:1011C00005934A4605AB384611F020FC044600283A
:1011D00032D1DFF8E0A10346DAF8000011F016FC86
:1011E0000646002849D174480468002C41D02246A4
:1011F000314611F085FBAB690293B8F1000F4FD176
:1012000040F6CD420023CDE90023029843464246F2
:101210001C2101F025FF0646002842D1002C40F099
:10122000C080634811F000FC039B002E1E600CBFC1
:101230006FF00B000120A5E7B84207D005990246E0
:10124000304611F05DFB214611F053FB584811F078
:10125000EBFBA06811F067FB811C05F1240011F085
:10126000ACFB05F12C0004F1100111F0A6FB0020ED
:1012700088E7FFF70DFF0446BDE7284613F0FCF8AA
:101280000546014606F1180016F042FD20B1484817
:1012900011F0CAFB022075E7284613F00DF9AAE702
:1012A0002E4640F60603B38696F83730B068012222
:1012B00062F3061386F837301C210C300CF0A8FEC0
:1012C000B36806F1240BDF68002C56D0284613F0D3
:1012D000D3F8294604F1180016F005FDB369A360A0
:1012E000D9F80030E360A06811F01DFB811C58465E
:1012F00011F063FB00232360DAF80430CBBBCAE9AA
:10130000004411F029FB60602C4816F0F0FF084300
:1013100005D12B484FF48032002308F0B1FBFFF7D2
:1013200087FC014606F12C0011F047FB0821B9703B
:10133000062100230122397104213B70FB70797171
:10134000BB71C7F81230FB827A70FA71494607F117
:10135000180011F0E5FAD6F82630BB60738DBB811A
:101360009CB9AB68D9680C3107F10E0011F0D8FABE
:1013700057E71C60CAF80440C3E7029811F0D3FA9B
:10138000811C584611F019FBC9E7A368414658680B
:101390004A4611F01BFB01460028E5D1C7F80E00B4
:1013A0003FE70548214611F0A4FA3AE740510020F2
:1013B0002C5100204851002050510020301B0020AB
:1013C000201B00202DE9F34705469DF828900F4685
:1013D0001646984611F0E4FA38B94FF0FF324FF054
:1013E000FF3305F1280011F0E6FA4848DFF820A1A4
:1013F0004FF0FF324FF0FF3311F0DDFA002301937D
:10140000DAF8000001AB3A46294611F0FFFA04462B
:1014100020B102460199504611F072FADAF8003014
:1014200013B93C4816F081FD002C44D1B8F1000FEF
:101430000BD0394801AB00683A46294611F0E6FA6C
:1014400018B133680361B3888382B9F1000F0ED0FD
:101450003148002301932946006801AB3A4611F058
:10146000D5FA014660B133680361B38883822748A7
:1014700011F0DAFA284602B0BDE8F04711F0D6BA0A
:10148000264804689CB9FFF703FE04460028EED006
:1014900011F062FAC4E901053B68E3603368236137
:1014A000B3881D48A382214611F023FADFE72246C4
:1014B00011F026FAECE733682361B3881648A3825B
:1014C000214611F016FA04F11807A369002BCED0BB
:1014D0004FF0FF334FF0FF32384607F0EBFF8368E1
:1014E0000646D9682C3011F068FA65B12B6853B103
:1014F0005B6831465B68284698470028E5DA304645
:1015000012F0DAFFE1E700235B68FFDE2C510020D8
:1015100048510020201B0020405100205051002045
:101520002DE9F041DFF8A88005464FF0FF32294849
:101530004FF0FF3311F03FFAD8F8004014B126689D
:10154000002784B9244F3C681CB126684FF000087E
:101550001CBB3B6813B9214816F0E7FCBDE8F0411D
:101560001C4811F061BA45B1A368AB4205D02746CB
:101570008EB1336834461E46E3E72046002111F061
:1015800061FA39464046224611F0BAF9144821461C
:1015900011F0AFF9ECE73346ECE745B1A368AB4295
:1015A00005D0A0468EB1336834461E46D0E72046AB
:1015B000012111F047FA41463846224611F0A0F9C0
:1015C0000748214611F095F9ECE73346ECE700BFF8
:1015D000405100202C51002048510020201B0020A9
:1015E0005051002008B50A4601460748002300680C
:1015F00011F00CFA20B1012111F024FA002008BDED
:101600006FF00100FBE700BF4851002038B5124DD4
:101610002B7803BB114A124CC2E90033114AC4E9CA
:101620000033C2E90033104816F01FFB0F49204673
:1016300011F05FF901F1480016F017FB20460C4944
:1016400011F057F90B490C4816F061FC0B4816F0E5
:101650007BFA01232B7038BD2672002048510020F0
:10166000505100204051002070510020585100205E
:1016700088510020B9100400201B00202C510020AC
:101680000068044B00BA6FF30F00C31A5842584168
:10169000704700BF0000FEA938B54FF0FF324FF091
:1016A000FF3305461D4811F0EBFC1D4B1B687BB159
:1016B0001A684FF0FF344FF47A705BB9631C1BD18A
:1016C000184816F032FCBDE83840144811F0E1BC6F
:1016D0001A46EEE7D9691B8C491B00FB0313002B4C
:1016E00009DD9C4228BF1C461AB1116813460A4600
:1016F000E3E71146FAE700244FF4004540F2E730F3
:1017000000214FF47A720023E4FB0501E5F7F8FCB1
:1017100002460B46034808F0B3F9D4E7540B002007
:1017200020520020501B00202DE9F34105461646AB
:101730000C46984611F0A6FC6A6842B900272CE0D6
:101740005440B4FA84F4183C2344DBB221E091699C
:10175000164B21F07D4101F0FF219942EED1138813
:10176000012BEBD1171D3846FFF78AFF4045E5D125
:101770005368D26913400193601E01A9002310F839
:10178000014F11F8012B9442DAD10833DBB2202B40
:10179000F5D132789A42D1D8337005F1140011F0A6
:1017A00078FC384602B0BDE8F08100BF00010002BD
:1017B0002DE9F34711F00DFD254D80464FF0FF3226
:1017C00024484FF0FF3311F05BFC2C682CB100274C
:1017D00026684FF47A7AB94644B94046FFF75CFF71
:1017E0001C4802B0BDE8F04711F053BCE369228CFD
:1017F000A3EB08030AFB0233002B05DD27462EB3BB
:10180000336834461E46E7E7A388012B08D110232E
:101810000093A269104904F10803202000F0C8FEDB
:1018200023686FB96A682B60944200D16B6094F8AA
:101830002230C4F8009069F3000384F82230DEE718
:101840003B606B689C4208BF6F60F0E73346D8E7A7
:1018500020520020540B0020000030E0002808DD5A
:10186000431E054800EB8310044B984228BF00201C
:1018700070470020704700BF780E0020B80E00208F
:10188000054B064A934205D0054A1068002808BF58
:101890001846704700207047780E0020B80E0020D0
:1018A00028520020F8B50E4D04464FF0FF330D4886
:1018B00016464FF0FF320F4611F0E2FB2146284654
:1018C00011F070FB2B6823606B682C6003B96C60AF
:1018D000C4E901760348BDE8F84011F0DABB00BF67
:1018E000C4510020540B002038B504460D4611F0B9
:1018F000C9FB0621204611F090FB10B3636843B189
:1019000005B12B60002504F1140011F0C2FB28463C
:1019100038BD4FF0FF324FF0FF330B4811F0B0FBF2
:101920000A4B9A6C3AB963609C6405B12B60064817
:1019300011F0AFFBE6E7044811F0ABFB6FF00205D6
:10194000E1E76FF08505DEE7540B0020D45100205D
:1019500070B50D4668B1BDE8704011F0E6BB294690
:10196000204611F0E2FB18B94034B442F7D300200E
:1019700070BD014C014EF8E7780E0020B80E002033
:101980002DE9F341002305468DF807300E46002966
:101990004ED00846FFF774FE034628BBFDB10DF19B
:1019A00007022846FFF7C0FE04460CE03846002335
:1019B0000DF107023146FFF7B7FE4037002818BF88
:1019C00004464745F2D3A4BB0121284611F07AFC16
:1019D000044670BB02B0BDE8F04100F009BD174FEE
:1019E000DFF85C802C46ECE7EDB10121284611F0D0
:1019F00066FCD9E7204601230DF107023146FFF7C7
:101A000093FE4034002818BF07464445F2D3FFF741
:101A100037FF314601230DF10702FFF785FE04462B
:101A200038B93C46CFE7054CDFF814802F46ECE789
:101A30000C46204602B0BDE8F08100BF780E0020C1
:101A4000B80E0020F8B5134C134F06460D46BC42A5
:101A500001D300251BE0204611F014FB63682BB96D
:101A600004F1140011F015FB4034F0E7DA7E920720
:101A7000F6D51A88012AF3D1326859689142EFD11C
:101A800005B12C6004F114001D4611F002FB28463C
:101A9000F8BD00BF780E0020B80E00202DE9FF47EA
:101AA0000646884691461F4611F0ECFA03A93046D7
:101AB000FFF71AFF06F1140A68BB7568EB7E9907F9
:101AC0001ED5D8F800106A68914219D1DA0610D4F0
:101AD000BFF35B8F05F1140353E8001F013143E8A6
:101AE0000012002AF8D1BFF35B8FEB7E43F01003A6
:101AF000EB76504611F0CDFA284604B0BDE8F087E9
:101B0000039CB9F1020F254602D1237E042B04D099
:101B1000E37E9B0731D50025EBE7002CE9D0D8F810
:101B200000106268914206D000931549231D324689
:101B3000022000F03DFDE37E114923F0120343F043
:101B40001203E37601232380D8F800206260B7FAFD
:101B500087F7E27E636163767F096FF07F4367F307
:101B60000002E3610423E27684F818903246009381
:101B70000120E31800F01CFDBBE7002CDBD1B8E727
:101B8000000030E0F8B5144C144F06460D46BC4238
:101B900001D300241EE01DB12B680BB1A34208D174
:101BA000204611F06FFA636804F114001BB911F0BC
:101BB00070FA4034EBE793F83C20D207F7D51EB11A
:101BC000596A32689142F2D105B12C6003F12004C8
:101BD00011F05FFA2046F8BD780E0020B80E002004
:101BE0002DE9F043036885B000219F7E044611F083
:101BF00014FA002855D102252368002B00F0BA8082
:101C000026469D76204611F03DFA56F8149B16F0B4
:101C10008EFB4FF47A72A0FB020302FB0131C00B72
:101C200040EA4140C90BC9E90801304611F031FAD8
:101C300023689B7EAB424FF0000840F09B80062D4E
:101C40005ED1062F00F096800821204611F0F1F9B0
:101C500043464A49CDF800802246022000F0A8FC05
:101C6000204611F0CDF9030700F18480204611F0E1
:101C700009FA2946204611F0D0F9002836D003A9E8
:101C80002046FFF731FE88BB03460546FBB13046D0
:101C900011F0FFF96DB32B685BB3183B4BB39B6935
:101CA000FAE7204611F09EF915F051FE68B10921BE
:101CB000204611F0B2F900289DD00A21204611F0EB
:101CC000ACF9C0F10605EDB296E7032594E7039B56
:101CD00093F83C20D707DAD59107D8D403F138051B
:101CE000986301230028D2D12846CEE7304611F070
:101CF000D0F90621204605B0BDE8F04311F08DB9BA
:101D0000062F37D10821204611F0A6F922461B499B
:101D1000CDF800804346012000F04AFC204611F037
:101D20006FF902070AD4204611F0ACF93946204673
:101D300011F073F970B9304611F0ABF9304611F07B
:101D4000A8F9204603F0ECFC204605B0BDE8F043BE
:101D500011F098B903A92046FFF7C6FD0028EAD183
:101D6000039991F83C30DB07E5D52031204611F08E
:101D70000FFBE0E705B0BDE8F08300BF000010D026
:101D80002DE9F743054688461746994611F083F931
:101D9000044620B96FF0150003B0BDE8F08304F1EC
:101DA0001402BFF35B8F6669BFF35B8F002EF1D027
:101DB000BFF35B8F701E52E8003FB34203D142E88D
:101DC00000010029F7D1BFF35B8FE8D1012E05DDBB
:101DD000B9F1000FE0D0C9F80040DDE7E37EB8F1CB
:101DE000010F23F00203E37601D00020D4E7002F97
:101DF000FBD0284611F046F96B683BB104230093F1
:101E00000549E3182A46022000F0D2FB05F1140030
:101E100011F03FF9E9E700BF000030E0F8B54FF0FE
:101E2000FF33054617460E484FF0FF320E4611F0BD
:101E300027F90C4B1B680BB11C6823B9BDE8F840AF
:101E4000074811F026B95B683A463146284698475C
:101E50001CB1226823461446EFE72246FAE700BF8A
:101E6000540B0020CC510020F7B50023CDE90033FE
:101E7000254B84691B6805465BB190F82D20062A26
:101E800000F12E013BD80DF102008DF8012017F072
:101E900092FE092120466F6911F0BFF888B30D2129
:101EA000204611F0BAF838B94FF0FF324FF0FF3347
:101EB00004F1280011F0E4F8204611F08EF82946CC
:101EC0004368204698470D210646204611F0A5F8A4
:101ED00018B904F1280011F0DCF8002E02DA2846C7
:101EE00012F0EAFA1FB13146384611F080F89DF839
:101EF000013023B1324669462046FFF78FFF03B019
:101F0000F0BD6FF07206EAE7CC510020064B984214
:101F100006D3064A904203D2C01A8011013070479E
:101F20004FF0FF30704700BF780E0020B80E002041
:101F300037B5054611F0A6F80021284611F06DF8D6
:101F400050BB284611F049F8044680B1846874B14A
:101F5000284611F047F815F0FAFC00B3284611F0B6
:101F60003CF80121836828469847041E0DDB0021B8
:101F7000284611F05EF8002308200A4900932A46FB
:101F800000F016FB2846FFF72BFE05F1140011F0B8
:101F900080F8204603B030BD6FF07704F5E76FF0AE
:101FA0000504F2E7000010D037B5054611F06AF8D5
:101FB0000021284611F031F8F8B1284611F00DF84B
:101FC000044628B184681CB12846A047041E0DDBD6
:101FD0000021284611F040F800230420084900930E
:101FE0002A4600F0E5FA2846FFF7FAFD05F114004D
:101FF00011F04FF8204603B030BD6FF07704F5E7DD
:10200000000010D008B5034610F0E7FF084A8242EE
:1020100008D14BB11B683BB19B68987E431E584268
:10202000584108BD0020FCE700239B7EFFDE00BF77
:10203000E00E00202DE9F0410D460646F8B1F1B161
:102040000846E5F781F808281CD8114FDFF84480CE
:10205000441C474508D32246294606F1080017F0DC
:10206000AAFD0020BDE8F081B74206D022462946ED
:1020700007F1080017F0CEFD38B14037E9E76FF0FF
:102080001500EFE76FF05A00ECE76FF07700E9E733
:10209000780E0020B80E002070B50546B8B10D4C82
:1020A0000D4EB44202D36FF0010070BD2846E5F733
:1020B0004BF82946024604F1080017F0C8FD20B984
:1020C0002046BDE87040FFF721BF4034E9E76FF0DC
:1020D0001500EAE7780E0020B80E00202DE9F04345
:1020E0003B483C4C3C4DDFF8F4803D4E85B04FF012
:1020F000FF324FF0FF3310F0C3FF01F009F827461D
:10210000AC421AD3374B384ADB1B9B09954238BF88
:10211000002363B1354B364936484FF4A072A3F81B
:10212000442015F0F4FE344B0022C3E90022284875
:1021300005B0BDE8F04310F0ACBF0022C4E90222B4
:102140002274204610F04EFFD0F80890B9F1000F2D
:1021500018D0D9F80030ABB10621204610F069FF45
:1021600004F1140015F0F0FC04F1280015F0ECFC6B
:10217000D9F800302046984794F83C3023F0030308
:1021800084F83C30237A83B92046FFF73BFF70B1D7
:102190001A4A1368591C1160194A092101A80AF04A
:1021A000C7F801A92046FFF745FF4034A8E72046BD
:1021B00010F013FF804505D1124A1368591C1160B5
:1021C000114AEAE733685A1C3260104AE5E700BF5B
:1021D000540B0020780E0020B80E0020E00E0020E6
:1021E000B8510020F70E0020390E0020D4510020F5
:1021F000B1170400501B002020520020C0510020C5
:1022000069C60500BC51002070C6050076C60500F1
:1022100038B5074C074DAC4200D338BD03212046EA
:1022200010F0FBFE10B92046FFF782FE4034F2E7C3
:10223000780E0020B80E002001282DE9F0470C464A
:10224000164638D1002313604C1E1A4619461D4607
:1022500014F8010F18B12E281CD101339BB20129AB
:1022600009D9092A03D9032907D1632A05D86FF0B0
:102270001500BDE8F0870029F9D0FF2AF7D872557C
:1022800022781AB10135EDB2042D11D1032B00F0E3
:102290009880ECE73038C7B2092FE8D80131C9B2CD
:1022A0000429E4D002EB820200EB420082B2CFE7C5
:1022B00000221146CCE70228D9D12E21204617F062
:1022C000B9FC237800280CBF082706273A2B08BF43
:1022D00001342046E4F738FF44490022824226DBDD
:1022E000062F4FF000050CBF4FF005094FF007090E
:1022F000A8462378002BBAD03A2B3DD010220021DB
:1023000020460AF03FF810228246002120460AF0BB
:1023100039F8CAF3072A4AEA002A26F815A03A2112
:10232000204617F087FC0446A8B1013415E0A35CF1
:10233000462B09D82D2B9AD92E3BDBB221FA03F379
:10234000DB0794D50132C9E7613B052BFAD98EE74B
:10235000002CCED18BE7A94589DC0135AF42F7DCF3
:10236000062F2ED10B369CB981E706EB450306F804
:10237000158083F801800135BD42F6DB3A21204605
:1023800017F083FCA0421ED1062F18D101340B3662
:1023900000252378002B3FF46AAF00210A22204653
:1023A00009F0F0FF2E2106F8010F204617F042FC3D
:1023B000C8B10135042D00F10104EAD101E06378D0
:1023C0002BB9002055E7062F08BF00F1FF307D1E16
:1023D000013010F8013D3A2B02D1013DFFF447AF27
:1023E0008442F6D1A1E7032D51E700BFFD1FF8019C
:1023F00000487047A4AC050000487047A0AC050039
:102400002DE9F041474F86B047480022002302A93A
:1024100006F02AFF054610B106B0BDE8F08143483A
:10242000434CDFF810814FF0FF324FF0FF3306F0DE
:102430007FFF44450CD3404D2C681CB126684FF0FB
:10244000000824BB394811F0DAF907F0F7FDDBE7A3
:10245000DDE90201D4E9002381EA03063E4214D1FA
:10246000C1F31306064309D0C3F31306164305D080
:102470000B400240C3F313031A4306D0E368049AE7
:10248000CDE900530023A668B0471034D1E7DDE959
:102490000223D4E9021083EA000C1CEA070F2CD1B6
:1024A000C3F3130C52EA0C0C0CD0C0F3130C51EA1A
:1024B0000C0C07D003EA000C1140CCF3130C51EACA
:1024C0000C011AD00001616824D5886918B1DDF8C3
:1024D00010C0604511D1C4E90223049B8B612368BD
:1024E000B8F1000F0ED16A682B60944200D16B6086
:1024F00000236068236007F00FF88EB1336834461C
:102500001E469EE7C8F800306B689C4208BFC5F8BD
:102510000480EDE70498009020468847A046ECE749
:102520003346ECE70000F037CC0B00207C0B00209A
:10253000E8A10500E8A105002C52002070B5184C58
:102540001848194D002200230021C4E900230B463E
:102550000A46A8420CD391B1C4E900321349096874
:1025600081B10868002579B90DB1C4E9003270BDA8
:10257000D0E9006110300A4333430121E9E70B46FB
:102580000A46EBE70846EDE7D1E902512B430A433F
:1025900020B10568014628460125E4E70546F9E72C
:1025A000901B0020E8A10500E8A105002C520020A6
:1025B00070B51C4B0C461646C1F30172D3E90013EB
:1025C00032EA137205462BD1C4F3065232EA135293
:1025D00026D124EA030320EA0101C3F313031943BC
:1025E0001ED14FF0FF324FF0FF330F4806F0A0FE30
:1025F0000E4B1946002241F80C2943F80C5CC1E946
:1026000001464FF4A4720023094815F08EFA0648DB
:1026100011F0F5F8BDE870400649074815F046BCD2
:1026200070BD00BF901B0020900B00208C1B002071
:10263000CC0B002048080020981B00207FB5FFF736
:102640007DFF0023CDE904330848094B039315F0BF
:1026500058FC03AB0093074904484FF0FF334FF495
:10266000507207F06FF907B05DF804FB981B00206B
:102670007CC60500009F00202DE9F347294C0E463B
:10268000174698460025A246B4F88C30DB0721D5C2
:10269000236B98421ED194235D4305F10C045444EE
:1026A0004FF0FF334FF0FF32204611F0BEF8B06913
:1026B000FFF72CFC0AEB050989F88E00C6F8149088
:1026C000D9F83430CBB9204611F0B1F8022002B06D
:1026D000BDE8F0870135202D04F19404D4D14FF0EA
:1026E000FF324FF0FF330C2011F09FF8B069FFF775
:1026F0000DFC002383F88E30FFDE05F144005044CA
:1027000006F00AFF204611F092F800240A9B01937C
:1027100000944846D9F8345043463A463146A847D3
:102720002046D4E74C5200202DE9F84F364C9DF856
:102730002CA09DF830B098460A9B05460E461746D9
:1027400004F59459B4F88C20D10705D494344C4541
:10275000F8D10020BDE8F88F0DB1A542F6D0B4F84D
:102760008A10B942F2D1618C4145EFD1120528D4CB
:102770001A88012AEAD1626A002AE7D0218C01294D
:10278000E4D112680AB1596831BBBBF1000F03D024
:1027900094F886100029D9D1BAF1000F0ED0B4F800
:1027A0008C1001F0C000402803D1C1F3410103297E
:1027B00004D0002ACAD15A68002AC7D16FF010008D
:1027C000C8E7002ED4D094F98E000A9311F031F8A6
:1027D00086420A9BBAD1CBE78A42B7D1BBF1000F40
:1027E00003D094F88620002AB0D1BAF1000FE5D0CA
:1027F000B4F88C2002F0C002402ADFD1226C92F89B
:1028000070220B2ADAD1A1E74C5200202DE9F74FB4
:1028100002288A469046019306D868B96FF0690489
:10282000204603B0BDE8F08F0338012894BF6FF055
:102830005F046FF06904F3E7022800F0AC8002291E
:1028400007D0032900F0AA80012923D06FF06A0481
:10285000E6E7112A40F0A280019B002B00F0A18046
:102860004FF0FF3352484FF0FF3206F08FFE514BCE
:102870004FF000091E46B3F88C1011F001010BD087
:1028800009F10109B9F1200F03F19403F3D16FF0BD
:10289000010461E0062ADDE7942202FB09F706EB5A
:1028A000070B584617F0AEF9FEF7EAFFB8F1060F2E
:1028B00068D0942505FB09653F4AFF23002485F86D
:1028C0008E30A5F88C403A440123BFF35B8F52E869
:1028D000001F42E800300028F9D1BFF35B8FB5F844
:1028E0008C20A5F88A8042EA8A1242F00802A5F8F4
:1028F0008C2007F1280285F88830B118B45007F110
:10290000200206EB020A4C605846CAF80240AAF8B8
:1029100006405146B35210F08EFFAAF80200B8B339
:102920000123402285F88F2085F8903007F144007C
:102930004FF0FF321946304415F001FA07F10C0050
:10294000304415F001F9B5F88C3043F00103A5F8D7
:102950008C30019BC3F800B0154806F0DDFD002C5B
:102960003FF45EAF14F1700F1ED1FEF789FFB8F18E
:10297000060F7FF455AF9420002100FB096001F0A1
:1029800061FB4DE7584601F02DF9002891DA7EE70A
:102990006FF06F04E0E76FF05F0441E76FF07A04D7
:1029A0003EE76FF015043BE76FF0010438E700BF26
:1029B000345200204C5200205452002070B504467E
:1029C000F8B1114B98421CD303F59453984218D296
:1029D00000F10C064FF0FF324FF0FF330025304678
:1029E00010F023FF2946C4E90D55E563204601F0A8
:1029F00029FB304610F01BFF204610F053FF2846FD
:102A000070BD6FF01500FBE74C5200202DE9F04738
:102A10009846B0F88C308AB0DB07129E05468A468D
:102A2000914640F1958000F10C074FF0FF334FF0D5
:102A3000FF32384610F0F9FEB5F88A30112B7CD100
:102A40000023CDF82230ADF82630B5F88C3028467A
:102A5000C3F3C203ADF8203010F0DDFF04460028B8
:102A600044D1B5F88C30C3F3C203012B45D16B6A56
:102A700013B11B68099308AB6C8CB5F88C20286BDC
:102A8000C5F834A002F4807E94FA94FA6C8DB0B349
:102A9000BEF1000F01D005F1280E64BA1FFA8AF2C8
:102AA000A4B2CDE901322C4900947346324600F0BD
:102AB00047FD0028044619DB59EA080316D04435BF
:102AC000284606F089FD384610F0B1FE4A464346D6
:102AD000284606F05BFD4FF0FF320B304FF0FF331E
:102AE000384608BF6FF0730410F09FFE384610F0B0
:102AF0009EFE20460AB0BDE8F0870346BDE7C2F35C
:102B00008111B5F88AC0C2F3C202BEF1000F01D034
:102B100005F1280005F1300ECDE9056E0E4E64BAC0
:102B2000CDE90356A4B21FFA8AF6CDE90034029625
:102B30000346604600F0D4FBBBE7062B05D13246C6
:102B40005146284612F03AFEB3E76FF06A04CDE72B
:102B50006FF00804CDE700BF792604002DE9F041AD
:102B6000884615461E460446002800F08F80494BD3
:102B70009842C0F08B8003F59453984280F0868091
:102B800000F10C074FF0FF324FF0FF33384610F0E2
:102B90004CFE08F1FF31172914D8DFE801F06B6B08
:102BA0006B6B6B6B6B0C222D6B6B1E6B6B1A6B6BF9
:102BB00041386B6B616B002D65D0012E63D82B788B
:102BC00084F884300024384610F031FE2046BDE8F9
:102BD000F0812B6884F88F30F4E72B6884F890300C
:102BE000F0E7002D4FD0042E4DD12B68003B18BFCD
:102BF000012384F88530E5E7002D44D0042E42D12E
:102C00002B68003B18BF012384F88630DAE7B4F85C
:102C10008C30C3F3C203012BD4D16FF05E04D2E732
:102C2000B4F88C302D68C3F3C202012A25D1042EDA
:102C300029D103F0C003802B25D115B984F8875022
:102C4000C0E76B1EFE2B1ED82846FEF707FEB8B164
:102C5000062110F0DEFD0028F0D16FF06A04B2E723
:102C60008DB1042E0FD12B68003B18BF012384F8CF
:102C70008830A7E76FF08504A5E76FF06904A2E745
:102C80006FF001049FE76FF015049CE76FF01504E7
:102C90009CE700BF4C5200202DE9F0410C4616463F
:102CA0001D468046002800F095804C4B9842C0F0AD
:102CB000918003F59453984280F08C8000F10C07CA
:102CC0004FF0FF324FF0FF33384610F0AEFD611E7B
:102CD000172915D8DFE801F0727272727272720CE5
:102CE000252F72722272721B72724F3272726F7261
:102CF00098F88430002E6AD033700DB101232B6018
:102D00000024384610F093FD2046BDE8F08198F885
:102D10008F303360002DF3D00423F0E798F8903023
:102D2000F7E798F88530002E51D015B12A68042AAB
:102D30004DD13360E4E798F88630F4E7B8F88C308A
:102D400013F4006409D098F98E0010F072FD10B1F0
:102D5000006800B1008B3060DCE7C3F3C203012BD5
:102D60002FD108F12C0010F0E9FA10B1036803B17B
:102D70001C8B2046EFE7B8F88C30C3F3C202012A5F
:102D80001FD198F887000028E5D11B0510D598F9C8
:102D90008E0010F04EFD0621034610F03AFD98B16A
:102DA0001846FFF7B3F80028D5DC6FF00104A8E758
:102DB000FEF766FDEFE798F88830B4E76FF085041A
:102DC0009FE76FF069049CE76FF06A0499E76FF082
:102DD000150496E76FF0150496E700BF4C520020EB
:102DE00002484FF0FF32012114F0A9BF34520020F5
:102DF0000146014811F029BBC80D002001460148D9
:102E000011F023BB200E002010B40446084664686D
:102E100004498C4202D110BCFFF7EABF10BCFFF797
:102E2000EDBF00BFA80A002073B5044616461D4634
:102E300015F0CAF808B1002635462B46324601A9DE
:102E4000204606F077F90546B8B9402201460198B8
:102E500016F0D8FE0A4A01980123944203624460A6
:102E600005D180F83C3011F0BAFB02B070BD054BC3
:102E70009C4208BF80F83C50F5E70020F5E700BF12
:102E8000E00A0020A80A002002460B460148FFF78E
:102E9000CBBF00BFE00A0020F7B506461C460F4630
:102EA000F1B1154615F090F808B100252C46706870
:102EB0000E4BCDE900540E4C0E4DA84208BF1C46E7
:102EC00020460022394611F0CAF9044658B101469D
:102ED000304611F08AFB20460BF036F880234382FF
:102EE000002003B0F0BD6FF00B00FAE7200E0020C9
:102EF000C80D0020E00A00202DE9F347DDE90A456E
:102F0000064617469A46894629B923B990F83730BC
:102F100013F0700F44D015F057F808B100240025C5
:102F2000304611F0FAFA96F837208046C2F30212C2
:102F3000002839D1002A39D05146104611F07DF9C8
:102F4000B36909EB0001002B3FD0186880B3B0F8DB
:102F500018C0012A63462DD1B3F5107F38BF4FF456
:102F60001073CDE90045A3EB0803994228BF194629
:102F70007468184B1848194D3A46AC4218BF1846A9
:102F800011F06DF90146E8B1304611F02EFB3FB16A
:102F9000B06839460C300BF030F8304611F01FFBAA
:102FA000002002B0BDE8F0870020C9E71046C7E75F
:102FB0008446CEE758B14268094B9A4207D10CF1DA
:102FC0000E03CEE76FF00B00EBE7012AC4D00B46EF
:102FD000C7E700BFC80D0020200E0020E00A002037
:102FE000E00E00202DE9F743DDE90A45064690464C
:102FF0000F4639B932B990F8373013F0700FC3F378
:10300000021026D014F0E0FF08B100240025B069BA
:1030100050B94346002239463046CDE90A4503B04F
:10302000BDE8F043FFF768BF72680C4B9A42F0D1DD
:1030300003688BB15B68D3F81090B9F1000FE8D04A
:10304000CDE9004543463A463146C84710F1860F60
:10305000DFD003B0BDE8F0831B69FFDEE00A00208B
:1030600030B585B0DDE908450093CDE9024513464A
:103070000A460146024811F0C9FA05B030BD00BF4A
:10308000E00A002030B585B0DDE908450093CDE9C0
:10309000024513460A460146024811F0B7FA05B048
:1030A00030BD00BFA80A002010B540220446002110
:1030B00016F0A8FD0123054A2362626084F83C30C3
:1030C0002046BDE8104011F08ABA00BFE00A002097
:1030D00008B5044BA82202FB003014F004FE0020C7
:1030E00008BD00BFE81C002008B5044BA82202FB65
:1030F000003014F0F8FD002008BD00BF401C002087
:103100000828024B28BF0020185C70471FF90500F3
:1031100010B588B00F4C204614F0A7FD4FF0FF32D9
:103120004FF0FF33CDE906230023CDE90323CDE99A
:1031300001330949094B00944FF4006204F118006F
:1031400006F080FD20B108B0BDE8104015F00CB8C5
:1031500008B010BDE81C0020C0AA0020E949050005
:1031600010B588B00F4C204614F07FFD4FF0FF32B1
:103170004FF0FF33CDE906230023CDE90323CDE94A
:1031800001330949094B00944FF4006204F118001F
:1031900006F058FD20B108B0BDE8104014F0E4BFBF
:1031A00008B010BD401C002080A20020CD490500C1
:1031B0002DE9F3410746884616464FF0FF3318487D
:1031C0004FF0FF3206F0B4F8164B1C68022534B9F4
:1031D000134806F01FF9284602B0BDE8F081B8F8A0
:1031E0000420237C9A4218D1627C33789A4214D10D
:1031F000A37C72789A4200D07BB9A36813B1BA69F4
:1032000093420AD1E36800936568334642463946E3
:103210002046A84701280546DAD12468D7E700BF31
:10322000680B0020CC6400202DE9F041DDF8188007
:103230000D4617461E46044610B3B8F1000F1FD0C6
:103240004B1E012B1CD81422002116F0DBFCC4F805
:10325000048025746774A6744FF0FF324FF0FF337B
:10326000094806F065F8094B1A6822605A681C6024
:1032700002B95C60044806F0CDF80020BDE8F0819A
:103280006FF01500FAE700BF680B0020CC64002047
:1032900002460B46014806F04BB800BF2C0B00203D
:1032A000014806F0B7B800BF2C0B002010B528224B
:1032B0000021044616F0A6FC4FF0FF304FF0FF311E
:1032C000FFF7E6FF054B1A6822605A681C6002B9D6
:1032D0005C60BDE81040FFF7E3BF00BFDC64002086
:1032E0002DE9F04F87B01C46139DBDF84830109E65
:1032F000BDF844B003918146904602934DB395F9D1
:103300008E00FEF7ABFA0746284610F0B8FA019097
:103310004FF0FF304FF0FF31FFF7BAFF684B1B68EB
:1033200033B1029AD3F800A051BA8AB204929BB981
:10333000FFF7B6FF4FF0FF304FF0FF31FFF7A8FF68
:10334000604B1F68002F6AD1FFF7AAFF6FF00104DE
:1033500043E02F460195DBE7198C494514D193F8DA
:103360002310414510D193F8241001F004009EB1C0
:1033700050B13088012807D19889012804D1D6F8A6
:1033800004C01869844509D0BAF1000F45D0DAF8B5
:10339000001053468A46CAE70028F5D1D889049A16
:1033A0009042F1D101F00201DCB10029ECD021887A
:1033B0000129E9D199880129E6D160689968884294
:1033C000E2D1D8889BFA9BF189B28842DCD19B6913
:1033D000B3B9FFF765FF6FF06F04204607B0BDE893
:1033E000F08F0029D0D1019A002AEAD098690028EC
:1033F000E7D0059310F043FA059B0028E1D0C3E71E
:10340000002FE6D0B3F88C100A05E2D593F98E00B0
:10341000FEF724FA8742B7D1DBE75146B9E759688E
:103420003A681A608F4208BF5A6000233B60FFF77A
:1034300037FF24B11EB1228833889A423AD1149BB7
:103440007B61159BFB61039B029AA7F8209087F88C
:10345000223087F82380BD613146384611F0DFFA0B
:1034600040BB21465A46384611F003FB044608BBD0
:10347000169B03B11F6097F8243043F0010387F8CF
:1034800024304FF0FF304FF0FF31FFF701FF0C4BBE
:103490001A683A605A681F6002B95F60FFF700FF60
:1034A000284610F0EFF997F8253060F3000387F80D
:1034B000253092E73846FFF7F9FE6FF015048CE7E8
:1034C000D4640020DC6400201B4B984210B50446F5
:1034D0002BD3A033984228D890F82430DB0727D587
:1034E0004FF0FF314FF0FF30FFF7D2FE134B1A6859
:1034F000002152B1944215D1226869B959681A6005
:103500008C4200D15A6000232360FFF7C9FE204699
:10351000FFF7CCFE002010BD0A605A68944208BF35
:103520005960F0E711461268E3E76FF01500F2E723
:103530006FF00100EFE700BFE4640020D4640020D6
:103540002DE9F041134DBDF81880A8428C4617466E
:103550000799BDF8202004461E4603D26FF01500DF
:10356000BDE8F081A035A842F8D890F82430DB07F8
:103570000DD5C0F814C0C76111F051FA0028EDD183
:10358000424631462046BDE8F04111F072BA6FF074
:103590000100E5E7E46400202DE9F04F994690F83A
:1035A000373089B0C3F302130493013B012B054666
:1035B0000E46039203D9022009B0BDE8F08F039BA9
:1035C000112B52D1D9F800301A880292B3F802B008
:1035D000049B012B61D13768D5F8188007F10C04E2
:1035E00000212046FEF72EFA824600284AD001200C
:1035F00031680A69CC68944213BA00D010B1029ABB
:103600009345D8D003F07043B3F1604F47D01031E9
:103610004046FEF79DF907464FF0000A4FF0FF3095
:103620004FF0FF31FFF734FE6B4B00201C684FF06A
:10363000FF33CDE905304FF00008A4BBB8F1000F0F
:1036400000F0A780D8F81440D8F81CB0FFF728FE87
:10365000BAF1000F00F0A680069B002B00F0AD80B1
:10366000284610F029FF0020A6E7039B062B04D173
:10367000D9F80030002BA7D19DE74FF0000BCDF813
:1036800008B0A5E7FEF7B8FEFA6803689A42AED024
:1036900021465046FEF75CF9AAE70027BCE7002761
:1036A0004FF0010ABAE7A369002B42D194F8233006
:1036B000002B4DD1238C039A934247D194F82430A8
:1036C0001A0703D5E28802998A423FD1D80602D56B
:1036D000E2895A453AD199070ED595F83720A18845
:1036E000C2F30212914231D1012905D1A2681AB167
:1036F0003168C9688A4229D15A070ED595F8372012
:10370000A189C2F30212914220D1012905D1226977
:103710001AB1316809698A4218D1059A03F0780311
:103720009A4213DABAF1000F16D11BB20593A046E4
:103730000CE0B3F88C201105B8D5AA6993F98E0076
:103740000792FEF78BF8079A8242AFD0246874E79D
:10375000049A9A42AED0F9E740F6CD4200232846BB
:1037600011F0CEF8014610B9FFF79AFD23E7E3699F
:1037700000930690D4F814C04B4632462046E047EA
:103780000228069902D1084610F096FECDF818A03E
:10379000DCE7C346444659E703221146284611F0A8
:1037A0005DFA08E764B9002F7FF405AF039B062B91
:1037B000F2D1284611F057FFFDE6002C3FF4FBAE96
:1037C0004B46CDF800B0324629464046A047831EFE
:1037D000584258414000EFE6D46400200A4A0023D2
:1037E00010B5C2E90033094A1846114614460133A0
:1037F000042B086003D0283208461146F7E7044B33
:10380000044AC3E9002410BDD4640020E46400200D
:10381000DC6400205C65002007B5054B009308229E
:10382000002301210348FFF7FFFC03B05DF804FB10
:10383000F94A05008465002038B5044610F01CFEE6
:103840000B4B1D685DB12046A847002802DA2046D0
:1038500010F032FE2046BDE8384010F02DBE14F0C6
:10386000B3FB421E65F1000320460FF0B2FAECE70D
:103870009C65002070B50021B0F88E5280F8961239
:1038800004464FF4004C40F2E7304FF47A720023C4
:10389000E5FB0C01E3F734FC02460B46034804F554
:1038A0009871BDE8704006F0BDB800BF901D0020C3
:1038B00070B500F5007420460D4914F028FB0D4B3F
:1038C0001D684FF4004C25EAE57540F2E730002111
:1038D0004FF47A720023E5FB0C01E3F711FC02467A
:1038E0000B4605482146BDE8704006F09BB800BF76
:1038F000AF550500A8650020901D002010B50446B6
:1039000000F5007014F011FB04F5B0710348BDE838
:1039100010404FF40052002306F084B8901D0020A0
:103920002DE9F0410588012D8EB03ED14C884688A6
:10393000D0F804804F681022002107A816F062F921
:10394000ADF836401C4CADF834602378CDE90B87D8
:1039500023B91A4810210AF0CCFB2570174B07AC8D
:1039600003F1100518685968224603C20833AB42B8
:103970001446F7D102AB01931C22102300930DEBE8
:10398000020103AB0E4815F075F9039C14F0CFFC4F
:103990000C4DA0FB053205FB0122DB0B43EA424341
:1039A00004EB93100EB0BDE8F081042107A80AF0E3
:1039B0009DFB0798F6E700BF2772002028720020C1
:1039C0000900000200CA9A3B2DE9F8430546A0F51C
:1039D000F874A0F5A47600220023304605F06AFDB5
:1039E0000746002840F0B3806368B3F88C30C3F317
:1039F0004103032B0ED14FF0FF3369484FF0FF32E4
:103A000011F00CFC674B1E68002E40F0A380644848
:103A100011F0C4FCA5F5C6774FF0FF334FF0FF322D
:103A2000384611F0FBFB6368B3F88C30C3F34103F5
:103A3000032B07D0E06D28B100F51B7011F0C6FC18
:103A40000023E3656368186B20B1FFF73DFD6368F1
:103A500000221A63E06C50B194F899321B0706D526
:103A6000B4F83012002305F14402FEF789F96268C8
:103A70000023A5F590791364484684F8703214F059
:103A800054FAA5F5CE784FF0FF324FF0FF333846A9
:103A900011F0C4FBD8F800604EB1D8F804203368A8
:103AA000C8F80030964208BFC8F804301C3E3846BB
:103AB00011F074FC002E66D1A5F1C00014F035FAA7
:103AC000206908B110F0F4FCA06C18B1E7F718FCFD
:103AD0000023A364A5F1900014F027FA05F110006B
:103AE00014F023FAA5F1600014F01FFAA5F13000DC
:103AF00014F01BFA484614F018FAA5F1F00014F07F
:103B000014FA384611F04AFC4FF0FF324FF0FF3301
:103B1000234811F083FB60680FF0C4FE002363604C
:103B2000204B1A6852B1944237D122687EBB596843
:103B30001A608C4200D15A6000232360184811F0AB
:103B40002DFC21461848BDE8F84313F09EBF10F045
:103B5000B3FC40E706F164084FF0FF334FF0FF324B
:103B6000404611F05BFB7368B3F88C30C3F341033C
:103B7000032B03D0F36D9C4208BFF765404611F05C
:103B80000DFC366840E7304610F096FC7BE732606B
:103B90005A68944208BF5E60CEE716461268C1E7D5
:103BA000B80B0020A0650020C40A002000F51A739D
:103BB000BFF35B8FD0F86822BFF35B8FBFF35B8FDF
:103BC00053E8002F013A43E800210029F8D1BFF360
:103BD0005B8F22B900F5F871014814F067B970479E
:103BE000901D002037B50023019305460022504860
:103BF000002301A905F09EFA0446002840F08B80BE
:103C000001464FF42872019815F0FCFF0198083026
:103C1000FFF74AFA019BBFF35B8F03F51B7353E871
:103C2000002F43E800410029F9D1BFF35B8F0198D1
:103C3000643013F089FF0198A83014F016F8019849
:103C400078304FF0FF32214614F079F80198903027
:103C50000122114614F073F80198364980F8974212
:103C6000022280F87022344AC0F87442C0E9A122CE
:103C700040F6AA22A0F88C2290F8992222F00D0298
:103C800080F899224FF6FF72A0F89022C0E91544FF
:103C9000D03014F03CF90198284900F5B07014F0C8
:103CA00036F90198264900F5007014F030F90198B2
:103CB000244900F5987014F02AF90198224900F57A
:103CC000807014F024F90198204900F5C87014F0B0
:103CD0001EF901981E4900F5E07014F018F90198DA
:103CE0001C4900F5F87014F0B6F8019800F51A7048
:103CF00011F06CFB4FF0FF324FF0FF33164811F01C
:103D00008DFA019B154A1C60516859B9C2E900330C
:103D1000114811F043FB019B3BB15D6000202B6417
:103D200003B030BD0B605360F2E76FF00B00F7E7B4
:103D3000C40A0020E5530500AA0AAA0ABB550500DB
:103D4000C755050015440400A15305005541040062
:103D5000A7580500C9390400B80B0020A065002051
:103D6000F0B58BB0036C08AF044600200890786073
:103D70001BB96FF015000BB0F0BD93F8700202286C
:103D8000F7D1D965B4F88C30C3F3C203012BADF879
:103D90002030EED1636A0BB11B680993638C658D8B
:103DA000ADF8223062605BBA206B9EB2FFF78CFBED
:103DB000B4F88C30B4F88A009DF82020009704F104
:103DC000300CCDE9054C6DBADFF820C0ADB2C3F3BD
:103DD000811113F48073CDE9034CCDE9015618BF6E
:103DE00004F12803FFF77CFAC5E700BFE5460400AD
:103DF00070B54FF0FF3305464FF0FF320F480E46C7
:103E000011F00CFA0E4B186808B1046820B9BDE82F
:103E100070400A4811F0C2BABFF35B8FD0F8683225
:103E2000BFF35B8F002B01DD3146A8471CB123682F
:103E300020461C46EAE72346FAE700BFB80B0020FD
:103E4000A06500202DE9F04F9A4690F8CA3013F093
:103E5000010F43688BB005460F4640F6CD404FF04A
:103E600000011646B3F88C20CDE900014FF006039F
:103E7000E86CC2F3C20214BF18211421FFF7F0F856
:103E80000446002800F0D78026B1B16810F0ADFBE1
:103E90000023B36094F83730C3F30213012B40F0D2
:103EA0008880686805F5137305F50D7221460FF0DB
:103EB000F8FD061E06DA204610F0FEFA30460BB07A
:103EC000BDE8F08F0DF10C090DF114084FF0140B43
:103ED00049462046CDF80C80CDF810B010F053FDC7
:103EE000064610B96FF06806E5E75A46002115F05E
:103EF00089FEB5F832323380B5F84A327380337BAD
:103F0000052262F30713337395F8CA30777303F011
:103F100001031344327B63F307123273B5F888321E
:103F20005BBAF3819AFA8AFAC6F804A017F0100770
:103F300003D0D5F880321BBAB3604946204610F052
:103F400040FD061EB7DB95F8CA30DB071AD50423FF
:103F500041462046CDF81490069310F014FD064615
:103F60000028BFD0284611F07CFC83B21BBA43F472
:103F7000806343F0020333604146204610F021FD88
:103F8000061E98DB204610F02AFB94F83730C3F366
:103F90000213012B0DD10621204610F0B7FF061E9B
:103FA00089DB264B1B683BB120460BB0BDE8F04FC8
:103FB00018476FF015067EE71FB1B5F88832A5F8EF
:103FC000843294F83730C3F30213012B2CD1A36849
:103FD000D3F80C8098F810307F2B0FD10022E261CB
:103FE000AA6D04F11C031ABBC5E915330022002396
:103FF00005F1D001124805F0E5FC5FE708F1100972
:10400000002148460FF07DF907460028E6D1FEF76B
:10401000F3F9D8F8102003689A42DFD049463846B1
:104020000FF04BF90028D9D12046FFF705FC45E7F2
:104030001360AB65DAE76FF068063FE79C65002028
:10404000901D0020F8B5046C0D46002C7BD004F1C7
:1040500064064FF0FF324FF0FF33304611F0DEF8C8
:104060006DB104F5987013F060FF304611F096F9C9
:104070006FF07D01204611F05CFA0020F8BD94F845
:104080007022131F012B4AD8D4F8601209B394F898
:104090009932B4F88E7243F00203294640F2E730B9
:1040A0004FF4004584F899324FF47A720023E7FB0D
:1040B0000501E3F725F802460B46244804F59871FC
:1040C00005F0B0FC304611F069F92046FFF76EFDAF
:1040D000D3E71F4B1D6840F2E73025EAE5754FF442
:1040E00000474FF47A720023E5FB0701E3F708F875
:1040F00002460B46154804F5007105F093FC1121AA
:10410000204611F0C6FBD4F874320133C4F874327F
:104110002046FFF7AFFB062384F87032D2E794F80D
:104120009932D907CED5012ACCD965F3000384F89A
:10413000993204F1780005F04FFA6FF070012046D3
:1041400011F0F7F9BEE76FF0010097E7901D00202E
:10415000A8650020F7B50546A0F59676A0F5C877C6
:104160004FF0FF324FF0FF33304611F057F8D5F8DB
:10417000E430D5F8D420013B134410210022384606
:10418000FFF760FE384611F035F8B5F8FC30B3BBE8
:1041900095F80821B5F8FE403E2A9CBF0132D2B204
:1041A000A2F1200004FA00F0C2F1200103FA02F3A8
:1041B00024FA01F143EA000304FA02F4134898BF19
:1041C00085F808210B43611E43F1FF33002288422A
:1041D00072EB0303019238BF0D4C019940F2E730B6
:1041E0004FF400474FF47A720023E4FB0701E2F733
:1041F00087FF02460B460748294605F013FC304668
:1042000003B0BDE8F04011F0C9B800BFBFD4010051
:10421000C0D40100901D00202DE9F04F89B0046C3E
:10422000BDF848900646DDE9148790F98E008A466D
:1042300093461D46FDF712FBE064204610F0DAFFBE
:10424000B6F88C30C3F3C203012B68D0022B00F008
:10425000D58004F5127104F50C70FFF761FBC4F80A
:104260007402B6F88C1021F0060141F0020189B207
:1042700006F13003A6F88C106DBACDE90563644BE6
:10428000ADB2CDE90363CDE900B599FA99F91FFA0A
:1042900089F30293C1F3C202B6F88A005346C1F310
:1042A0008111FFF71DF8051E35DBB4F83012E06C04
:1042B00004F50D720FF0AAF894F8993243F0080350
:1042C00084F89932169B2366179B736094F8993291
:1042D00043F0010384F8993204F16406D4F874328F
:1042E000C4F878324FF0FF324FF0FF33304610F011
:1042F00095FF94F8CA3043F0010384F8CA300022D5
:10430000D4F8743202212046FFF79CFD051E26DA00
:10431000304611F043F8284609B0BDE8F08F00227E
:10432000C4F83422C4F84C22A4F83032A4F848323D
:10433000A4F84A52A4F83292DBF8043043B996F953
:104340008E00FDF78BFA0AF10401FDF719FB0368F3
:10435000C4F83432DAF80430C4F84C3279E7204635
:10436000FFF788FA94F8CA3023F0010384F8CA30C2
:10437000D4F874320133C4F87432032384F87032F1
:1043800004F51A7011F022F8304611F007F894F88D
:104390007032012B06D894F89932D90631D56FF0D6
:1043A0006E05B8E758EA070201D1052B2CD1424629
:1043B0003B4604F1780010F02FFFB8B194F870324A
:1043C000052B13D094F89932DA0708D523F00103AE
:1043D00084F899326FF07301204611F0AAF894F82E
:1043E0009932DB06DBD46FF0730594E794F89932C9
:1043F00023F0010384F8993200258CE76FF015054E
:1044000089E76FF07F0586E76FF0760583E700BFE9
:10441000E5460400F8B5A0F59874A0F1CC064FF07D
:10442000FF3205464FF0FF33304610F0F7FE94F8A8
:104430009622082A00F2D18094F87032033B072BB1
:1044400000F29780DFE803F0042C32BB9532BBBB4F
:10445000D4F874320022013B02212046FFF7F2FC1F
:1044600094F89622B4F88E320132D2B2082A84F837
:10447000962240F3B08023EAE3774FF4004C40F2F9
:10448000E73000214FF47A720023E7FB0C01E2F7DA
:1044900037FE02460B465248294605F0C3FA68E04B
:1044A000D4F874320022013B1221D6E7002A52D1FF
:1044B00094F8C4302046DB074CBFB4F8C0704FF40A
:1044C000067711F0CEF9B84263DD94F8C430DF0707
:1044D00063D5B4F8C0004000D4F8642202EBD27275
:1044E000B0EB620F4FEA620313DD94F8C430D807D3
:1044F00020464CBFB4F8C0704FF4067711F0B1F904
:10450000B8424DDD94F8C430D9074ED5B4F8C03068
:104510005B009BB2A4F8923294F8C4302046DA07CC
:104520004CBFB4F8C0704FF4067711F09AF9B84256
:104530003EDD94F8C430DB073ED5B4F8C000A4F8E3
:104540009002204610F02AFE28B100220023A5F197
:10455000A00010F061FE0123002784F87132C4F836
:104560006472204611F006FA3D307FF479AF84F88A
:1045700071720025304610F011FF85B394F8703247
:10458000012B2CD920466FF07301BDE8F84010F0E4
:10459000D0BF204611F065F99DE74FF486609BE798
:1045A000204611F05EF94300B3E74FF48663B1E7AC
:1045B000204611F056F9C2E74FF40670BFE7D4F871
:1045C00074320022013B112147E703EB6303013101
:1045D0009142FADB4FE70021FAE70125CAE7F8BD6F
:1045E000901D00202DE9F74F3D4BD3F80090044675
:1045F0000D461746B9F1000F04D0C847022003B09A
:10460000BDE8F08F43685B6B002BF7D0836C002B09
:1046100062D00846D2F800A010F00EFEA16C4368EC
:104620008E691BBA0AEB030BABEB0602084601933B
:10463000009210F0ABFD009A019B824280463DD271
:1046400032B1114628460FF0AFFF4644A6EB0B08E7
:10465000A16CA86809F089FC0023A36404F58070AC
:1046600013F063FC3B6843443B6028460FF0B7FF00
:1046700095F83730A86843F0010385F8373010F01B
:1046800085FD3968411A28460FF0F8FF0028B5DB90
:1046900039682046494211F04AFAB4F884323A683F
:1046A0009A429ABF9B1A9BB2002304F1A800A4F877
:1046B0008432294613F017FB0020A0E7A6EB0A0678
:1046C000F61A002E08DC0846E6F71AFEC4F84890F1
:1046D00004F5807013F029FC4FF00008C2E700BF1A
:1046E000986500202DE9F04F4FF0FF33B5489BB09F
:1046F0004FF0FF320D4610F091FDB34B1C6844B3F0
:1047000026680CB9274614E00022294604F50C70EF
:1047100010F02DFE20B9D6B9334634461E46F0E7D8
:104720000122294604F5127010F021FE07460028E8
:10473000F1D0A44810F032FE17B1002C40F0D78021
:10474000284610F079FD30B94FF0020BABE2336828
:10475000E3E72646D5E7037B4F2BF5D9467BB70722
:104760004AD516F0100647D1249BD3F84090B9F1F2
:10477000000FE9D0BFF35B8FD9F86C32BFF35B8FCA
:10478000002BE1DD95F837701096C7F302170FABD9
:1047900006220121384611960F96FEF737F80028B9
:1047A0000DF1400828DB0F9B1C6CAB69E3642046CD
:1047B00010F020FD95F837306268C3F30213042B24
:1047C00098BFDE00B2F88C301E43A2F88C6004F56E
:1047D000127601222946304610F0A0FD024608B1AB
:1047E0000F9807E0294604F50C7010F097FD0F9A1A
:1047F00030B11046FEF7E2F8284610F034FFA3E788
:10480000D4F8483293627368D362B2F88C3017845C
:1048100043F48073A2F88C30C3F3C203012BADF8CC
:10482000403002D1D4F83432119341460F98082217
:104830000FF06BF800280F9901DA0846DAE7B1F8B3
:104840008C30C3F3C203012B04BFB4F832324B8463
:1048500040462831FFF764F8C4E99D000F9B03F13F
:104860003002CDE90532594ACDE90332B4F832229B
:1048700052BA92B20292B4F84A2252BA92B2CDE936
:10488000008228333A4601210620FEF729FD002840
:10489000A6DBB4F84812E06C04F50D720EF0B6FD1C
:1048A00094F89932C4F85C9043F0080384F8993284
:1048B000284610F0C1FC814600283FF445AF04F1C2
:1048C000640890F80CB0467B4FF0FF334FF0FF3296
:1048D000404610F0A3FC94F8703206F03F0A4FEA0D
:1048E0001B1B574633B9404610F058FD2CE7002DEE
:1048F000DED129E7284610F0EAFD0F9094F87032D7
:10490000023B012B13D9B4F88822002A45D0D9F8EC
:1049100004C0D4F880129CFA8CFCACEB010328BBD9
:10492000002B43DB1144ACEB010100293EDABAF164
:10493000000F4DD073074BD594F8992242F0100226
:1049400084F8992212F0010200F0908699F80D3057
:10495000142B40F09186D9F80830D4F874221BBA91
:104960009342C0D16FF06E0A00F04ABC002B04DB0A
:104970005318ACEB0303002BD9DB431E6344A3EBBA
:10498000010CBCF1000F03DB0A449B1A002BCEDBA9
:10499000BAF1000F0DD100F0B7BE0028F8D1D9F858
:1049A0000430D4F880221BBA9342C0D0BAF1000F71
:1049B00099D0750740F1A48695E7F20693D500F0EB
:1049C000A3BE00BFB80B0020A0650020E546040090
:1049D000BBF1050F6CD0ABF105034FEA830BEB681D
:1049E000099328462B690A930FF0F9FD95F83610C4
:1049F00095F83A201144143128460FF03FFE002864
:104A000023DB5A46282A10A928BF282228460FF05F
:104A10004BFE002810A9B8BF0021099BEB600A9B40
:104A20002B6194F8C42022F0030284F8C4200029EA
:104A30003CD1BBF1000F3BDC284610F014FE6FF0B8
:104A4000670A01264FF0020B0EE10021E5E70B7823
:104A5000002BEED0012B27D00128EDD04A78012A77
:104A6000EAD99042E8DB022B06D0032B13D0114485
:104A7000801A0028EBDCDCE7042ADDD1B1F802C0A3
:104A80009CFA9CFCA4F8C0C094F8C4C04CF0010C83
:104A900084F8C4C0EBE7032ACED194F8C4C0A4F8CC
:104AA000C2204CF0020CF3E71A46E0E75846E0E774
:104AB00094F87032023B012B27D9BAF1000F3FF472
:104AC00012AFB70700D5B7E7F0067FF50CAFD4F803
:104AD000742206F02F0794F870120A299FBF4FF432
:104AE000CA63CB4003F00103D21AD9F808301BBACD
:104AF0009A1A002AC0F20886D4F87422D4F86012F8
:104B00000A449B1A002B00F3FF85B9F80E30B4F865
:104B10008A225BBA9BB2934228BF134604F5C8763B
:104B2000A4F88C323046ABBB13F0FDF90146A0B9B6
:104B3000B4F88EC284F898024FF4004E40F2E73089
:104B40004FF47A720023ECFB0E01E2F7D9FA024629
:104B50000B46B048314604F065FF204610F01EFBBE
:104B600004F1900AC8B100220023504610F054FB13
:104B700094F87032023B092B00F2C580DFE813F095
:104B80001100020197004E01C8040F05C30046053D
:104B9000B1045E0513F0C9F9DFE7504604F0BCFC30
:104BA000E6E7FFB2022F7FF49EAEE36D63B1BFF381
:104BB0005B8F03F51B7353E8001F013943E80012B4
:104BC000002AF8D1BFF35B8F94F8CA3043F0010399
:104BD00084F8CA30D9F804301BBAC4F87C32D9F84A
:104BE0000420D4F8803212BA013313441221C4F8DD
:104BF0008032204610F04DFE94F8CA3023F00103B5
:104C000084F8CA30D4F874320133C4F874322046C0
:104C1000FEF730FE804B1E684FF4004726EAE6762A
:104C200040F2E7300021E6FB07014FF47A720023DF
:104C3000E2F766FA4FF0000A02460B46754804F5A3
:104C4000007104F0EFFE57465646042228460992AA
:104C50000FF032FC099A4FF0000B22B184F8702259
:104C6000002E40F019853E46676807B13F6BD4F8C7
:104C70005090404610F092FB97B104F1A808BFF3A2
:104C80005B8FD4F86832BFF35B8F002B08DD002206
:104C90000023404604F00EFC0546002840F0108535
:104CA000002E40F01D8558461BB0BDE8F08FD9F8A6
:104CB0000830D4F874221BBA934224D1D9F80430B6
:104CC000D4F880221BBA93421DD1E66DFEB1F76D78
:104CD000766804F5007013F028F904F5987013F065
:104CE00024F904F51A7010F071FB6268B2F88C3088
:104CF00023F0060343F00403A2F88C30606847B940
:104D00003946FFF79FF94FF0000A56469AE63746B4
:104D1000DFE7D4F848328362D4F84C32C362B6F885
:104D20008C306068C3F3C203022B7368009300F1F8
:104D300028014FF0000314BF08221822B84720466C
:104D400011F045F80F9B002B00F0998429460FAA1B
:104D50002046FFF747FCD4F880320F9A1344B0F195
:104D6000000BC4F880324FF01001204608BF002528
:104D700010F08FFD00260522002D40F06E84AA461B
:104D80002F466BE717F0FF0700F06184D9F8083071
:104D9000D4F874221BBA934240F0598417F0120FD2
:104DA00000F0558404F5987013F0BFF8D9F804307A
:104DB0001BBAC4F87C32D9F80420D4F8803212BA75
:104DC00001331344C4F880320F9B03B30FAA294662
:104DD0002046FFF707FCD4F880320F9AB0F1000BA1
:104DE000134408BF0025C4F880326268B2F88C30E2
:104DF00023F0060343F00403A2F88C30204610F0A1
:104E0000E6FF1021204610F044FD0126B3E79B4643
:104E1000EBE700BF901D0020A865002017F0FF03FE
:104E200000F02881D9F80420D4F8801212BA8A42FE
:104E300040F0208113F0010602D003F0FE070126A6
:104E4000D9F80830D4F874221BBA934240F0A780F6
:104E5000D4F86032002B00F016810F9B43BB94F80E
:104E60009732B4F890B2032B28BF0323013384F8A0
:104E7000973294F8C430D9074CBFB4F8C0304FF41F
:104E800006732046099310F0ECFC099B984240F30E
:104E9000F38094F8C430DA0740F1F280B4F8C0002F
:104EA00058444FF6FF739842A8BF1846A4F89002E2
:104EB00094F87132002B72D194F89722032A6ED1A4
:104EC000D4F864B2C4F86432204610F053FDB4F84C
:104ED0009432C4F864B2002B58D194F8C430204600
:104EE000DB074CBFB4F8C0B04FF4067B10F0B9FC40
:104EF000584540F3CB8094F8C430D80740F1CB80BC
:104F0000B4F8C0305B00D4F8642202EBD272B3EB89
:104F1000620F4FEA620015DD94F8C4302046D907CD
:104F20004CBFB4F8C0B04FF4067B10F09AFC584563
:104F300040F3B48094F8C430DA0740F1B380B4F899
:104F4000C000400080B294F8C430A4F89202DB079D
:104F500020464CBFB4F8C0B04FF4067B10F081FC83
:104F6000584540F3A28094F8C430D80740F1A1809E
:104F7000B4F8C00000EB400080B2B4F8923218449C
:104F8000D4F86432A4F89002A4F89432204610F0C9
:104F900005F920B100220023504610F03DF9D9F860
:104FA00008301BBA0993D4F874320A93DDE9093248
:104FB000A3EB020BBBF1000FCDF82CB040F32E8118
:104FC000D4F8602293453FF637AD594604F1080006
:104FD00010F092FA0B9B824600287FF42DADB4F8B6
:104FE00090220B9294F8C42084F89702D1074CBF0A
:104FF000B4F8C0204FF406722046CDE90C3210F010
:1050000030FC0D9A0C9B904256DD94F8C420D207D8
:1050100040F17183B4F8C02093450ED3B4F8C0308A
:105020000C93204610F01DFC0C9B984252DD94F826
:10503000C430D80753D5B4F8C030B4F89422002A4D
:1050400050D1B4F89022B4F89212914297BF03FB6A
:1050500003230B9A03F1FF3393FBF2F393BF0B9AF5
:10506000D21813469B184FF6FF729342A8BF1346FF
:105070009BB23EE00026E3E6204610F0F2FB0FE78D
:105080004FF406700CE784F8973211E7204610F0D1
:10509000E8FB430037E74FF4866334E7204610F01F
:1050A000E0FB4EE74FF486604DE7204610F0D9FB59
:1050B00060E74FF4C96060E720460C9310F0D1FB25
:1050C00083450C9BB9D394F8C430DB07A6D44FF4C6
:1050D0000673A5E7204610F0C4FB0346ADE74FF486
:1050E0000673AAE7934559D30023A4F89432B4F881
:1050F0009232A4F89032DDE909239B1AD4F8602299
:105100001A44C4F86022D4F86422934594BF9B18D3
:105110000023C4F86432204610F040F818B904F1B6
:10512000900004F0F9F9D4F874325B44C4F8743296
:1051300094F87132012B05D10023C4F86432204663
:1051400010F058F8002384F87132D4F8603213B1AB
:105150002046FEF78FFB94F89932990740D5D4F892
:105160006032002B3CD116B3D4F880320133C4F83E
:1051700080322046FEF79CFB0A221121204609922C
:1051800010F087FBD4F874320133C4F8743220462F
:10519000FEF770FB00273E46099A57E51FFA8BF190
:1051A000B4F89032521AA4F894225B1A60E7BD4B0F
:1051B0001F68314627EAE77740F2E7304FF40046B0
:1051C0004FF47A720023E7FB0601E1F799FF0246EC
:1051D0000B46B54804F5007104F024FC0622CCE728
:1051E00094F87132012B0FD0204610F026FDB0F15B
:1051F000000A09DA1AF1690F06D0284610F033FACE
:1052000000260127324621E520460FF0C7FF28B1CE
:105210000022002304F190000FF0FEFFD9F804A053
:10522000D4F88032DDF83CB09AFA8AFA9A4562D115
:10523000BBF1000F00F0128117F0FF0703D017F049
:10524000080700D001270F9BEBB10FAA2946204683
:10525000FFF7C8F9D4F880320F9A13448346C4F894
:10526000803266B9204610F01DFC04F5E07100B9EB
:10527000CFBB8D4840F6CD42002304F0A3FBBBF129
:10528000000F00F029814FF0020BD4F860321BB9F7
:1052900004F5987012F049FE20460FF07FFF034698
:1052A00004F19000002B00F01981002200230FF080
:1052B000B3FF002E00F02E82D4F88032013311218A
:1052C000C4F88032204610F0E4FAD4F87432013386
:1052D000C4F874322046FEF7CDFA2046FEF7E8FA0D
:1052E00000260A2248E5084612F01FFE102120463B
:1052F00010F0CFFAC3E7A3EB0A03002B5EDD002317
:1053000049465A4620460FF08BFFBBEB000209903E
:10531000A8680A922CBF194601210FF037FF834578
:10532000824600F29780002940F094806368B3F8C9
:105330008C1040F6CD420023A0EB0B0BE06CCDE9C6
:105340000023C1F3C20206230421FDF789FE814632
:1053500000287FD028460FF042F95A462946484691
:105360000FF0ABF9B0F1000B1CDB099B2846AAEB50
:10537000030110F0C1F88346E8B9A96848460FF068
:1053800034F9D9F80820AA602846C9F808B00FF007
:1053900026F928460FF050FF42680A9B12BA1344C0
:1053A0001ABA426048460FF087F8BBF1000F51D19E
:1053B000099B0F9340E76FF0150BF3E7BBF1000F6C
:1053C00000F08480A8680FF0E1FEA0EB0B012846F6
:1053D00010F092F800283DD1AB68198A5F68C3F8D5
:1053E00018A05144002F3CD1D4F84890B9F1000FD7
:1053F00069D0D9F818304846C91A0FF0C7FE814263
:1054000034D28B4526D911B128460FF0CDF8A16CC6
:10541000A86808F0AAFDAB68A364A06C4FF001096E
:1054200003460022002B41D1B9F1000F03D1E5F76B
:1054300067FFC4F84890002304F58077AB603846D6
:1054400012F071FD30B918484FF48032002339460C
:1054500004F0E8FA1021204610F01BFA4FF0000B80
:1054600013E73B8AB9617F681944BBE7484608F0F7
:105470006BFD8369018AA3EB0A039B45194405D997
:105480008B45E7D3A06CE5F73BFFC4E78B45E1D93B
:1054900019B1A06C0C3008F0DCFDA968A06C08F014
:1054A00064FDBAE7A8650020901D002099692FB11E
:1054B000914214BF4FF0000909F001091A8A1F46F2
:1054C0000A445B68AEE7AB68A364B4E717F0FF0774
:1054D000C4D0FA07C2D5BDE75D46D6E604F01CF895
:1054E000E7E6D9F80830D4F874221BBA93427FF467
:1054F0000AAC04F5987012F018FD4FF0000A04F59C
:10550000007012F012FD012756465246FFF79EBB6F
:10551000DDF83CA000235246494620460FF080FEAD
:10552000984204DD04F5987012F0FFFC40E0D9F8D1
:105530000820D4F8741212BA8A422AD104F598705D
:1055400012F0F3FC4FF0000B0123072217F0FF06C7
:1055500000F08380D9F8041009BA8A44D4F8801284
:105560008A4579D116F0010677D0D4F8802201322D
:10557000C4F880228BB12046FEF7C0F90B224FF011
:10558000000A102120460992574610F082F956462B
:1055900002E64FF0020B1A46D8E70922EFE70F9E0A
:1055A00000233246494620460FF03AFE98420ADD73
:1055B0002046FEF7A3F9284610F055F80B2384F88F
:1055C0007032FFF7A0BB17F0FF073FF49CABD9F890
:1055D00004301BBA1E44D4F880329E427FF493AB51
:1055E000FB077FF590ABD4F8803201332046C4F836
:1055F0008032FEF783F91021204610F04AF94FF06F
:10560000000A574656460B22FFF720BB0F9A01238C
:10561000494620460FF004FE002883DCD9F8083004
:10562000D4F874221BBA93427FF46DAB04F59870E2
:1056300012F07BFC2046FEF761F9E0E70F9A0123A8
:10564000494620460FF0ECFD00287FF75CAB28466A
:1056500010F009F8FFF757BB0026BBF1000F14D17B
:10566000DA465F46FFF7F2BA3246F6E76FF0670AAE
:1056700001271646FFF7EABA6FF0670AC0E59A46B7
:105680001F461E460522FFF7E1BA4FF0000A5746B3
:105690004FF0020BFFF7E1BA94F8993223F00103BF
:1056A00084F89932236E2BB16068002142689847D4
:1056B0000023236604F1780003F02EFFFFF7D3BA2E
:1056C0000023CDF800901A4629463846FCF7D4FF4F
:1056D00002287FF4D4AA28460EF0EEFEFFF7CFBAD8
:1056E00094F87032012B7FF6DEAA514620460FF067
:1056F00020FFFFF7D8BABBF5067FBFF4E8AC9CE407
:1057000010B9F1077FF559A91021204610F0C1F812
:10571000FFF7E9B8002DA7D1B246FFF7A5BA00BF41
:1057200001460148FEF764BBD158050013B50024BB
:105730000E490F4800946FF00D034FF4806204F09F
:1057400001F909212346C8220139134402EB620200
:10575000FAD1084AC83303EB6303136006490448CF
:1057600002B0BDE8104012F035BC00BF00B300200D
:10577000901D0020A865002085C60500F8B5876843
:105780001446FB6B05460E46984721460648002204
:105790000023E5F737FD044600B1067628463B6C4A
:1057A00098472046F8BD00BF4C0E002010F0080FAF
:1057B0000B4B42B20CD100F00F00002A4FF0140244
:1057C00002FB0033B4BFD3F80806D3F808077047CC
:1057D000002AB4BFD3F8A806D3F8A807704700BFC3
:1057E00000700240F8B50246EFF31181202383F3E5
:1057F0001288BFF36F8F00F0080511F028F801241C
:10580000844057066FEA04061BD0D5B9174F3B6892
:1058100023FA00F0C00714D533403B6053B2DB439A
:1058200022F08000DB0F00F2DA301B0103EB4003B3
:105830000F48C0F80038D0F8043843F00203C0F82D
:1058400004380C4803683340036035B90A480368DC
:10585000120654BF334023430360054BC3F86C4426
:1058600081F31188BFF36F8FF8BD00BF046600207D
:1058700000700240086600200C660020EFF31180E3
:10588000202383F31288BFF36F8F0A4BD3F8001CD9
:10589000032261B949F27531C3F8001CC3F8142D15
:1058A000C3F8001C80F31188BFF36F8F7047C3F8F3
:1058B000142DF7E700E00640EFF31180202383F377
:1058C0001288BFF36F8F0A4BD3F8001C61B949F2FD
:1058D0007532C3F8002CC3F8141DC3F8002C80F3F4
:1058E0001188BFF36F8F70470022C3F8142DF6E7BD
:1058F00000E0064070B5024610F0A9FFEFF31185F5
:10590000202383F31288BFF36F8F531E0124062BCD
:1059100004FA00F40FD80E4E0E4B31681B680B438F
:10592000C34013F0010306D10B4802F594722143E2
:1059300040F822303160094A136823431360084B52
:105940008022C3F8042185F31188BFF36F8F70BDE7
:10595000046600200C6600200070024008660020EB
:1059600000E100E0F8B50306044623D410F0080770
:1059700020D100F00F02920002F1804202F51C32A9
:10598000D2F84434B3B1EFF31186202383F31288A5
:10599000BFF36F8F10F05BFF084DC2F8A0740123B6
:1059A00003FA00F12B6823EA01032B6086F31188C8
:1059B000BFF36F8F024BC3F81845F8BD0C6600208B
:1059C0000070024010B591F92000174B91F820208B
:1059D0000028B4BFD3F81045D3F8144502F00F02E5
:1059E0000123934023420DD10F4A0028B5BFD2F8BE
:1059F0001005D2F8140503430343B4BFC2F81035B1
:105A0000C2F8143591F820301A070AD4064AC2F8B1
:105A10000C3543F48073C2F80C3591F82000FFF781
:105A2000A1FF002010BD00BF0070024091F820309F
:105A3000054A13F07F0F0BBF012343F480735365B6
:105A4000C2F81835002070470070024070B5064655
:105A50000D4610F06AFB044610F070FB28BB204690
:105A600010F090FB08B3802D16D1437E9A0744BFF7
:105A70000E4A15705B070FD50D4B1B7813B90D4BF4
:105A800001221A65204610F079FB002201463046BB
:105A9000BDE8704010F08FBB2846FFF72BFF204673
:105AA0000121BDE8704010F04DBB70BD3A7200207E
:105AB0003F7200200070024070B506460C4610F0A0
:105AC00034FB054610F03AFB20BB284610F05AFB89
:105AD0000146F8B1ACB9437ED8071BD49A0704D568
:105AE0000D4B1C700D4B0122DA644B7E5B0708D511
:105AF0000B4B1B7873B130460022BDE8704010F0AC
:105B00005ABB2046FFF7F6FE28460121BDE870404B
:105B100010F018BB70BD00BF3A7200200070024048
:105B20004072002010B54468206801F043F80D4B26
:105B300018600D4B1B782BB10C4B002218681146D6
:105B400010F02DFB002201212720E5F739F8201D58
:105B500002F086FD04F1080002F0C0FD11F0B4FE71
:105B6000002010BDBC6500203C72002010660020A3
:105B7000012810B5014619D0022809D0A8B90F4B49
:105B80000246186810F00BFB0D4B01221A700CE056
:105B90000C4B0D4C00221A700C4BC4F8003327201C
:105BA000E4F7DEFF0123C4F8043510BD034B0022E7
:105BB000186810F0F4FA024B0022E7E710660020A4
:105BC0003C7200203B72002000700240FDFFDF01AC
:105BD0000146014812F070BD5C0C002008B5054B71
:105BE0001970054B1B7813B10420FFF7F1FF00205B
:105BF00008BD00BF3D7200203E72002010B5046950
:105C000091F820000D4A10F022FE012303FA00F063
:105C100013680343136004F0CBF94020FFF7D8FF6B
:105C20004FF0FF324FF0FF3304F18401044803F0DA
:105C30008DFF04F0D1F9002010BD00BF00660020E8
:105C40008C0C00202DE9F047494B066988B00546C9
:105C5000186006F1840011F077FF00220023CDE9DF
:105C6000062300246FF00703CDE90334CDE9014496
:105C7000404B414900954FF40072404803F0E2FF69
:105C8000DFF8FC803F493D483F4F12F0A3F9D8F8B8
:105C900018203E4B134043F4820343F04003C8F8FE
:105CA0001830C1464FF0280A88F82040414628465F
:105CB00010F04DFA002858D10134092C18D00AFBF5
:105CC0000491082C8A7E324B42F040028A7608D139
:105CD000D9F858212F4911402F4A0A43C9F85821B1
:105CE00003E08A693A401A438A6108F12808DBE731
:105CF0002A4C2B4BA269244F134043F4041343F066
:105D00004003A3618046A1464FF0280A68F07F0255
:105D100084F820202146284610F019FA28BB08F103
:105D20000108B8F1090F18D00AFB0891B8F1080F63
:105D30008A7E174B42F020028A7608D1D9F8582182
:105D400014491140144A0A43C9F8582103E08A69EA
:105D50003A401A438A612834D8E796F8803023F015
:105D6000720343F0720386F8803008B0BDE8F08714
:105D700010660020595E040040B70020381E002045
:105D80007C6700208EC605000000F9FF0000BEFF02
:105D9000400006000000F7FFFF0108001466002025
:105DA0000000DEFF10B50C462046114610F0ECF95D
:105DB00094F8200010F04BFD0146044810F056FD09
:105DC0000120FFF705FF002010BD00BFE86800209C
:105DD00008B5074A91F82030C2F80C3543F48073B7
:105DE000C2F80C3591F82000FFF7BCFD002008BD7B
:105DF0000070024010B591F820404FF0FF324FF094
:105E0000FF33124803F0C2FB2046FFF7EBFC04F01F
:105E10000F02012393400E4A14F0800F14BFD2F8F2
:105E20001015D2F814156FEA030315BF0B400B4091
:105E3000C2F81035C2F81435044803F06DFB054B69
:105E40008022C3F80421002010BD00BF2C0C0020CC
:105E50000070024000E100E02DE9F04FB04D85B048
:105E600004464FF0FF384FF0FF390022CDE900899A
:105E70004FF0FF31AB4812F02AFCAA484FF0FF3137
:105E800012F021FC074638072ED5A74842464B465C
:105E900003F07CFBEFF31182202383F31288BFF31E
:105EA0006F8FA24B1B787BB1D5F8003413F40073CD
:105EB0000AD10121C5F82C15D5F82C15D5F80014F8
:105EC000890548BFC5F82C3582F31188BFF36F8F61
:105ED000954803F021FB0121204610F006F900222D
:105EE0000321204610F05BF9FE0608D5002120466C
:105EF00010F0FBF800220221204610F050F9B806FD
:105F000008D50021204610F0F0F80022022120469A
:105F100010F045F9B90761D4FA0710D5BFF35B8FCC
:105F2000834B002253E8008F43E800210029F9D178
:105F3000BFF35B8F0126B8F1000F40F0B180790705
:105F400034D57C4B4FF0000C83F800C0D5F88004AA
:105F5000C0B28DF80800D5F88414C9B28DF80910C4
:105F6000D5F88834D5F88C2443EA02239BB2ADF8E7
:105F70000A30D5F89024D5F8946442EA0622ADF8A8
:105F80000C20D5F89824D5F89C6442EA062292B2F7
:105F9000694EADF80E20002840F09B80052940F0A6
:105FA000988001213170002A00F09F807B067FF5E8
:105FB00058AF206984304FF0FF324FF0FF3303F0C9
:105FC000B7F95E4E3168002940F0C2805C4803F0AA
:105FD00083FD2069843003F01DFA42E7594BBFF37B
:105FE0005B8F002253E8008F43E800210029F9D19C
:105FF000BFF35B8F4FF0010AB8F1000F8CD098FA15
:10600000A8F3B3FA83F30F2B1E46C6BFA3F1100605
:10601000F6B246F080060AFA03F328EA03083306CC
:106020003146204627D510F080F8834610F0A6F8B8
:106030008146D8B10021584610F084F80022494624
:10604000204610F0B8F8802E10D13A4B002183F88A
:1060500000A02046C5F850A010F067F810F08EF8A8
:10606000014618B10022204610F0A5F8314620461E
:10607000FFF7ECFCC0E710F058F8834610F07EF80C
:10608000814640B10021584610F05CF80022494694
:10609000204610F090F831462046FFF70DFDABE7A3
:1060A00098FAA8F3B3FA83F30F2B1946C6BFA3F1EE
:1060B0001001C9B241F0800106FA03F30A0628EA8A
:1060C0000308204602D5FFF7C1FC34E7FFF7F4FCD4
:1060D00031E71D4A86F800C0D5F8703412789A422C
:1060E0000AD11A4B00221A7014E003F07F03ADF8B6
:1060F0000A30ADF80C20F4E7144A01231370337012
:106100004FF4A063ADF80830D5F87034ADF80A301C
:10611000CDF80CC002A9204610F074F846E700BF85
:10612000007002405C0C00202C0C00203B72002010
:10613000E8680020407200203F72002000660020C6
:106140008C0C0020E46800203D7200203E7200208C
:1061500091FAA1F7B7FA87F70F2F3946C6BFA7F113
:106160001001C9B241F0800120460FF0DEFF8046E9
:1061700090F820904FF0FF324FF0FF33134803F0B8
:1061800005FA4846FFF72EFB104803F0C5F9104BFF
:106190008022C3F804214146204610F024F8002153
:1061A00040460FF0CFFFBFF35B8F0123BB40094A8E
:1061B000DB4352E8000F184042E800010029F8D103
:1061C000BFF35B8F326813403360FBE62C0C00207A
:1061D00000E100E0E46800204FF08053D3F8303154
:1061E000082B02BF024B0022C3F81C2C704700BFD3
:1061F000007002402DE9F04105464FF0FF324FF0AC
:10620000FF33384803F0C2F9374B8022C3F88421AA
:106210002720E4F7C7FCA0B1344F354B3C681B681E
:106220006FF30F041C434FF001088CBB314E40F25A
:10623000FF133B602720C6F80445E4F79FFCC6F82F
:1062400000432D4A13788BB12A4B0021C3F8081163
:106250000121C3F80026C3F804165960D3F80811C9
:106260000029FBD00021C3F808111170214B002434
:10627000C3F80045FFF7B0FF1A4803F04DF9214677
:10628000284610F0BBF8C0B16FF00400BDE8F08103
:1062900094FAA4F6B6FA86F60F2E3346C6BFA6F1D8
:1062A0001003D8B243F08000030701D4FFF79AFA35
:1062B00008FA06F624EA0604B7E78021284610F01B
:1062C0009DF80028E0D10D4B0D491C68204606F0D2
:1062D0005FFF10F1780F02D1204606F035FF00EA8B
:1062E000E070D3E72C0C002000E100E00C660020F9
:1062F000086600200070024038720020BC65002053
:10630000AC6500202DE9F04FB34BDFF8D082D3F815
:106310005421B34F85B00AB30022C3F85421D3F8F7
:10632000042391021AD5D3F8C034002B14BF4FF0C8
:1063300001224FF48072AB4B9B683BB998F8000088
:1063400010F085FA0123834022EA03023B681343DD
:10635000A54A3B60136823F0012313609E4BD3F8DA
:10636000604134B10022C3F86021D3F86C44C3F813
:106370006C44D3F828214AB10022C3F828219B4B52
:10638000187810F064FA012383401C4398F80050F9
:1063900098F900902A0700F10181B9F1000FB4BF0C
:1063A000934B944B05F00F02920013441A684AB3C2
:1063B00000221A602846FFF7F9F98F4B1A7800F08F
:1063C000010050401870FFF707FF8C4B28461A68F1
:1063D00010F03DFAC240D307064600F1F680B9F14D
:1063E000000F80F2E280882D00F0DF807E4A0123DA
:1063F0001168B3400B431360812388F8003079485B
:1064000003F08AF88CB13B68774ADFF8F4A124F0F6
:1064100001210B433B60136823EA01031360A4B21C
:106420004FF00109002C40F0F7806B4BD3F80021AE
:106430004AB10022C3F80021724B1A70704B04213C
:1064400018680FF0ACFE644BD3F858212AB3002231
:10645000C3F85821D3F80044C3F80044E00505D53B
:10646000684B012208201A70FFF7B2FBA10505D581
:10647000644B002210201A70FFF7AAFB62050CD5AE
:10648000604B1A784AB100221A70534B0122C3F8AC
:10649000082520209A65FFF79BFB4F4BDFF85CA196
:1064A000D3F85C31F3B14F4B9B681BB998F80030BF
:1064B0005B0617D0484B0022C3F85C21DAF80030A5
:1064C000494A23F00113CAF800303B6823F48033B3
:1064D00043F001033B601368042023F001131360B1
:1064E000FFF776FBDAF800603B681E4000F02E8173
:1064F000394BD3F82C95B9F1000F40F0278139487A
:106500000022002303F042F8002840F01F8116F01B
:10651000012314BF93FAA3F696FAA6F6B6FA86F606
:10652000F4B20F2EC8BF103C354BCCBFE4B244F0E0
:106530008004186821460FF0F8FD01900FF022FE4C
:106540004FFA84FB04F00803BBF1000F02460293EC
:1065500080F29C80019A058A518CC368C1F30A01BC
:106560008D4240F28A800D464FF0000903F06042F0
:10657000B2F1005F05D0194623482A4613F01BFBF1
:10658000214BB9F1000F00F0B280DAF800200121B0
:10659000B14022EA0102CAF80020A8E01B4B1C4AC5
:1065A00033EA290328BF134600E71A48314610F0A2
:1065B0005DF90220FFF70CFBB9F1000FFFF616AFF3
:1065C000013D062D7FF612AF16E7002DF4D1024BE8
:1065D0000122DA6410E700BF007002403972002027
:1065E0000C6600202C0C0020046600203A7200206B
:1065F00008710240307102403872002008660020A5
:10660000106600203B720020C065002050710240DF
:106610002C710240E468002094FAA4F5B5FA85F5DF
:1066200009FA05F345F080052946DAF8000024EA66
:1066300003040FF07AFD0FF0A5FD06462846FFF78C
:10664000B5F8014606F10C0007F01BFD338A002B5C
:106650007FF4E8AE30460FF099FD18B130460FF0E8
:1066600099FDDFE6284610F0F2F80146434810F0A5
:10667000FDF80220FFF7ACFAD4E601930FF086FD97
:1066800080F00109019B5FFA89F96FE704F00801C6
:106690003B4B00295DD0D3F8C03413F4803F08BFD2
:1066A0009946118AD068558A029243186D1A516929
:1066B0000393401A2D1A4D4528BF4D46294602F135
:1066C0000C0007F0A5FC019B598CC1F30A01494558
:1066D000DDE902237FF459AF5169D068B2F812C0E6
:1066E000128A401AACEB000191423FF44EAF4FF0DA
:1066F00080520120D2F83021082A02BF204A82218C
:10670000C2F81C1C3A6888F8004000FA06F622EA33
:10671000060204F008013A60194AF9B9BBF1000F0A
:1067200004F00F044FF0140101FB0421A9BF0A3447
:1067300002EB8402C1F80037C1F80457AFBF42F83A
:106740002400C1F80036C1F80456506005B0BDE819
:10675000F08F04F5947153F82190A2E7BBF1000F7C
:10676000B5BFC2F8A036C2F8A037C2F8A456C2F826
:10677000A457B4BF50629064E8E700BFE46800200B
:106780000070024010B5EFF31184202383F31288C8
:10679000BFF36F8F164B1B7803F0FF02CBB1154987
:1067A000D1F82C3513B30023C1F82C354FF08053AA
:1067B000D3F83031082B0CD10F4BD3F8000CC0218B
:1067C00088B949F27530C3F8000CC3F8141CC3F83B
:1067D000000C84F31188BFF36F8F002A0CBF6FF099
:1067E0000A00002010BDC3F8141CF2E71A46F0E7B7
:1067F0003B7200200070024000E0064013B500220A
:1068000000921146402304460FF09CFD024618B149
:106810006FF0040002B010BD00904023802120469C
:106820000FF090FD0028F3D1534901238B60534BA7
:106830004860C860186806F03CFC0028EADBEFF30B
:106840001184202383F31288BFF36F8F4C4B4FF4D6
:106850000062C3F800240FF0ECFF08B1FFF70EF858
:106860004FF08053D3F83031082B18D1EFF311805B
:10687000202383F31288BFF36F8F424BD3F8001CA1
:10688000C022002971D149F27531C3F8001CC3F848
:10689000142CC3F8001C80F31188BFF36F8F384BA2
:1068A0000122C3F80025D3F800241205FBD54FF4CC
:1068B0000062C3F800244FF08053D3F83031082B26
:1068C00017D1EFF31180202383F31288BFF36F8F6A
:1068D0002C4BD3F8001C00294AD149F27532C3F879
:1068E000002CC3F8141CC3F8002C80F31188BFF3EC
:1068F0006F8F0FF09EFF30B1FEF7DEFF0FF099FFB4
:1069000008B1FEF7BBFF4FF08053D3F83031082BAE
:106910001B4B0AD140F2E372C3F800284022C3F8AF
:106920000428BFF36F8FBFF34F8F8022C3F81C255D
:106930000122C3F83025144B40F2FF121A60134BAA
:1069400000211960124B1960124B1970FFF744FCBB
:10695000114B19700FF06DFF08B1FEF7ADFF84F316
:106960001188BFF36F8F002054E7C3F8142C92E70F
:106970000022C3F8142CB8E7AC650020BC650020E9
:106980000070024000E006400C660020086600200F
:1069900004660020387200203A720020084B70B55F
:1069A000C31A0D4607499B10044659430648402226
:1069B0000FF0A2FF2B4601462046BDE87040184765
:1069C00000690020B76DDBB6609E050073B50C4C06
:1069D0000C4A4023041B00930D460B460A49A410A1
:1069E0006143064609480FF0B2FF014628B1304620
:1069F0002B4602B0BDE87040184702B070BD00BF22
:106A000000690020BD690500B76DDBB6609E05001A
:106A10000022F8B5012105461046E4F7D1F81048E8
:106A200001F038FB0446B8B901F054FB2F690D4959
:106A3000384606F02BFB031E09DB01263E642D6958
:106A4000084905F11C0006F021FB031E02DA1C4672
:106A50002046F8BDEE64FBE76FF00404F8E700BFE2
:106A6000996B04003CAD050010B5002286B00123EF
:106A7000CDE9022304ABCDE904336C46074A6B46EB
:106A8000CDE900440FF093FF28B94FF48042002372
:106A9000684602F07BFD06B010BD00BFCF6905005F
:106AA00010B5EFF31184202383F31288BFF36F8FA7
:106AB000074A136823F00201DB07116002D40120AA
:106AC00010F0EEFB84F31188BFF36F8F10BD00BF91
:106AD0005069002030B4104B0C2202FB00330146F9
:106AE0000020D3E90E529863EFF31180202484F341
:106AF0001288BFF36F8F1C6C04F0C00444F00204D2
:106B00001C6480F31188BFF36F8F1DB12B460348BF
:106B100030BC184730BC704700690020609E0500FB
:106B200010B4EFF31180202282F31288BFF36F8F2D
:106B300017490B6843F0020413F001030C601AD0EC
:106B40004FF08043D3F80C14D3F80C3413F0010346
:106B500011D0EFF3118182F31288BFF36F8F0D4ACA
:106B6000136C03F0C00343F00203136481F3118834
:106B7000BFF36F8F012380F31188BFF36F8F1BB1B9
:106B800010BC0020FFF7A6BF10BC012010F080BB96
:106B9000506900200069002010B1012804D070471E
:106BA000034B1B6C5B0701D1FFF794BF704700BF1D
:106BB00000690020024AC3B21C2000FB032070477A
:106BC00000690020094BBFF35B8F53E8002F42F0B0
:106BD000010143E800100028F7D1BFF35B8F930752
:106BE00002D4012010F054BB704700BF5069002050
:106BF00010B5EFF31184202383F31288BFF36F8F56
:106C0000074A136823F001019B07116002D4012099
:106C100010F046FB84F31188BFF36F8F10BD00BFE7
:106C2000506900202DE9F0413849BFF35B8F804661
:106C3000012251E8003F41E800200028F9D1BFF3CC
:106C40005B8F33B9324933484B60CB608A6006F0C2
:106C500030FA08F1FF33012B4BD8B8F1010F07D1FF
:106C60004FF08043D3F81C3403F00303012B40D0D2
:106C700011F0AAF9054658B1EFF31186202383F3EA
:106C80001288BFF36F8F0125234F4FF080441EE021
:106C9000224B1B78002BEFD04FF080430222C3F829
:106CA00008230646F0E735B3304607F0F5F8D4F888
:106CB000183563B9D4F804214AB1C4F80431D4F8C2
:106CC00004310123C4F81835C7F88031A360D4F823
:106CD0001824D4F81834D203E5D503F00303012BAC
:106CE00002D0B8F1010FDED155B186F31188BFF3A0
:106CF0006F8FBDE8F0810021212011F01CFAD6E74A
:106D00004FF080430222C3F80423F2E7FC6800201E
:106D1000EC6800201C69002000E100E046720020C1
:106D2000EFF31182202383F31288BFF36F8F0A4B96
:106D3000D3F8001161B10021D3F80805C3F80011A0
:106D4000D3F80031C0B282F31188BFF36F8F704760
:106D50006FF00A00F7E700BF00D00040F0B503462F
:106D60008478C678EFF3118E202080F31288BFF369
:106D70006F8F1D7893F801C0641B3440A24288BF16
:106D8000A2B2AF18374028461F708EF31188BFF3A8
:106D90006F8F8F188F4218D165450CD1EFF3118199
:106DA000202080F31288BFF36F8F1878587081F31A
:106DB0001188BFF36F8F1B79A41AA34228BF074B1A
:106DC00090B224BF01221A60F0BD03EB000E013027
:106DD0009EF805E001F801EB3040DBE700D0004011
:106DE000DB432DE9F04713F001050F46144604D0AC
:106DF0002448FFF7B3FFBDE8F087B2B3EFF3118685
:106E0000202383F31288BFF36F8F0D20E3F7CAFEB0
:106E100080460D20E3F7B2FE86F31188BFF36F8F33
:106E2000DFF864A0194ECAF80051DAF800314FF4C7
:106E300000590123CAF800302546C6F88091DAF8D7
:106E40000031A3B1FFF76CFF031EA4BF05F1FF35AE
:106E5000ADB2C6F88091A8BF7B55002DEFD1B8F137
:106E6000000F02D00D20E3F77BFE2046C3E7EFF3CF
:106E70001180202383F31288BFF36F8F07F00CF883
:106E8000DDE700BF8469002000D0004000E100E0A1
:106E900070B50D4614460CB9204670BD4FF0FF3357
:106EA0004FF0FF320C4802F071FB224629460B4896
:106EB000FFF754FF0646084802F02EFB3EB94FF09C
:106EC000FF324FF0FF33064802F060FBE6E7A41BF9
:106ED000A4B23544DFE700BF54690020996900205F
:106EE0006C69002038B501221146184810F027FFC0
:106EF000164D0122002105F1180010F020FF40F28C
:106F00000743A5F848304FF070632B630C2385F8D6
:106F1000343000240E4B85F84540A5F84640D3F8A0
:106F2000042542F00102C3F804250121C3F8004101
:106F3000D3F80021C3F80413224619600D20E3F7AB
:106F40003FFE0D20E3F70CFE204638BD54690020BB
:106F500000D0004010B5FFF7E3FE002820DB174B00
:106F600093F8322093F8314093F83310141B31EA30
:106F70000404C0B20DD193F8472093F8464093F82B
:106F80004810141B31EA04040BD10D4B01225A6046
:106F90000EE09C180132114084F8350083F832105D
:106FA00010BD9C180132114084F84A0083F8471044
:106FB0000448BDE8104002F0AFBA00BF5469002099
:106FC00000D000406C690020024B0B60012313606D
:106FD000704700BFC4AD05000048704758AD0500BC
:106FE0002DE9F04F43688BB05E6B07AD80462A46B3
:106FF0000021304610F006F8041EC0F29380079B73
:1070000032681979186800F0DDFB041EC0F28A802E
:10701000002201212920E3F7D3FDD8F80490D8F805
:1070200010206B49484601F0E5FD041E75DB002386
:107030000793C5E90133674CAB238DF81C30D4F8B6
:107040002425D2B20192D4F82835DBB20093D4F8CB
:1070500030155FFA81FBD4F83415D4F83875D4F8BC
:107060003C655FFA81FA4FF0FF31C4F82415012026
:10707000C4F82815C4F83015C4F83415C4F8381508
:10708000C4F83C1501F028FE019AFF2A08BF4FF012
:10709000FF32C4F82425009BFF2B08BF4FF0FF33BD
:1070A000BBF1FF0FFFB208BF4FF0FF3BBAF1FF0F7C
:1070B000F6B208BF4FF0FF3AFF2F08BF4FF0FF377F
:1070C000FF2E08BF4FF0FF36C4F82835C4F830B59E
:1070D000C4F834A5C4F83875C4F83C65064628BB26
:1070E000014628460FF0E8FC041E16DB08204FF08E
:1070F000030B10F010FC0DF1100ACDE906B69F232A
:107100006E6005AF31462846CDF814A08DF81C30CE
:1071100009970FF0D1FC041E0BDA01F0F9FD08B15C
:1071200001F0E6FD20460BB0BDE8F08F6FF00404DF
:10713000F3E75A46514609F1300012F06BFD044660
:1071400000283FD1D8F80420537F023B012B37D9C8
:10715000167F023E022E8CBF0026012602200FF071
:10716000D9FC002831DBC3B2C0F34000B042D4D018
:1071700083F0020300260120ADF80C608DF80D307D
:107180000FF0C8FC041EC8DB03AB05930223CDE956
:1071900006360121AE6028468DF80C408DF81C1093
:1071A00008970FF089FC04460028B6D101200FF0A3
:1071B000B1FC041E01DBE307F8D404EAE474ACE795
:1071C0000126CBE76FF01204A7E70446A5E700BF4E
:1071D000AD6A050000900240024B0B600123136072
:1071E000704700BFA869002000487047CCAD05007B
:1071F00010B5012211460748074C10F0A0FDF5F725
:10720000C3FD10F051FB206010F04AFB60600020CD
:1072100010BD00BFB0690020A86900204FF0804277
:10722000D2F81015D2F8103501F01E0123F01F031B
:107230000B4343F00103C2F81035024B00221A70D1
:10724000704700BF417200204FF08053D3F83031B7
:10725000082B20D14FF08042D2F81015CB071AD559
:10726000D2F8103501F01E0123F01F030B43C2F8C2
:107270001035D2F808315BB1D2F8103523F01F0376
:107280000B4343F00103C2F810356FF08B007047D9
:10729000024B01221A700020704700BF417200208B
:1072A000F8B5044610F0FCFA237B05460BB1F5F760
:1072B00081FD134F0026FFF7C7FFE8B9606801F0B2
:1072C000A5F9A3685B1BA36063682B4463603B78EC
:1072D0000BB1FFF7A3FF237B01363BB9A368002B5B
:1072E000E9D1A068003818BF0120F8BD3046E1F7A9
:1072F00043FB0028F2D0F4E76FF08B00F5E700BF06
:1073000041720020F0B587B00E46154610F0C8FA5D
:107310002946074630460FF0E4FDC8B3B6FBF7F345
:1073200007FB1363A3BBB5FBF7F407FB14547CBB4B
:10733000BD4222D34FF0FF324FF0FF33164802F028
:1073400025F9F5F733FD02AB01461022C0B1214605
:10735000184612F057FC01228DF814200F4ACDE98F
:1073600000200F48CDE90365F5F718FD6846E1F701
:1073700063FA0446084802F0CFF8204607B0F0BD93
:10738000184612F03FFCCDE90365FFF789FFF0E7EF
:107390006FF01504F1E700BFB0690020A17204008E
:1073A000645E010070B5037B04460BB1F5F702FD86
:1073B000194E0125A368032B06D8184AD2F80034C9
:1073C000DB07FBD5002070BDFFF73EFF08BB23683D
:1073D0006068196801F036F933780BB1FFF71EFFCA
:1073E000636804336360236804332360A368043B49
:1073F000A360237B0135002BDCD02846E1F7BCFAE3
:107400000028D7D0054AD2F80034D907FBD501208F
:10741000D9E76FF08B00D6E74172002000E0014011
:1074200070B50D4686B01946284616461C460FF024
:1074300058FD60B345EA04039B0728D1FCB14FF027
:10744000FF334FF0FF32134802F0A0F8F5F7AEFC1F
:107450000346CDE9026502A804949BB101238DF88F
:1074600014300D4BCDE9003041F64C50F5F796FC49
:107470006846E1F7E1F90446064802F04DF8204677
:1074800006B070BD8DF81430FFF78CFFF3E76FF096
:107490001504F4E7B0690020A57304002DE9F0435A
:1074A000476840F20636D0063B7C87B002EA060603
:1074B00054BFC2F3401C4FF0030C01F01F05B6F59A
:1074C000837F144645EA43158DF803C044D00DD898
:1074D000062E16D005D8A6B1022E3FD06FF01500AB
:1074E00037E0B6F5807FF9D101260AE040F20222AA
:1074F000964235D0B6F5407F34D0B6F5007FEDD159
:107500000226220330D57A6801238B40C2F8083561
:10751000B868A0BB05F01F036D092DD0012D77D1F0
:107520003E4A02EB8302C4F30043D2F8001783F013
:107530000103C4F3404444EA430421F4E16144EA12
:107540008C0421F0070144EA06230B43C2F80037FC
:10755000002007B0BDE8F0830726D2E70426D0E775
:107560000526CEE70326CCE7630341BF01237A68F3
:107570008B40C2F80C35CBE74FF0A042D1E70DF1BC
:107580000202294610F0FCF814F4403F80460CD16A
:10759000B868294610F029F9B8F1000FD8D19DF844
:1075A0000210B86800F02EFFD2E74FF0000901ABDF
:1075B000CDE90199CDE90439CDF80C90B86803AA5A
:1075C00029460FF0B2FF4845C2DB14F4003314D053
:1075D000C4F300449DF803308DF80E3084F00104AC
:1075E0008DF80C608DF80D40B8684B4603AA29460B
:1075F00010F04EF80028CFDAAAE7CDE904330DF1F8
:1076000003030393B86803AA29460FF08EFFF1E73E
:1076100003F5E07350F82330FFDE00BF0003005095
:10762000420970B5034602D0012A17D070BD0D4E35
:10763000326951680029F9D003F01F0301250C6855
:107640009D400029F2D08A682A4002D04B6830461B
:1076500098472CB1236821461C46F2E7024EE7E723
:107660002346F8E7989E05007C9E050038B54568DE
:10767000A86890B110F0B3F8014670B9A86810F08E
:1076800092F8044658B902460649A86810F075F801
:10769000224605210620E3F793FA002038BD6FF05B
:1076A0000400FBE721760400F0B545681646A8689B
:1076B0002A7C01F01F0487B044EA4214002869D0F4
:1076C000B6F5001F04D1214610F0E2F8002052E088
:1076D00001AA0020B6F5800F0190506037D1B3F1B8
:1076E000007F14BF052304238DF804300023CDE967
:1076F00004230393EB6823FA01F111F001010DF16A
:1077000003073AD1B6F1A07F37D104F01F03620915
:1077100003F5E07326D0012A3FD1214A52F82330E5
:10772000DB072AD4A8683A46214610F029F816301B
:107730001BD00297A86803AA21460FF0F6FE002886
:1077400019DBA8680122214610F051F8BEE7B3F119
:10775000C06F05D0B3F1007F14BF01230223C3E73C
:107760000323C1E74FF0A042D8E7A868394600F0EC
:107770004FFE0028DDDA07B0F0BDA8683A46214682
:107780000FF0FEFF0028D5D19DF80310A86800F087
:1077900039FECFE76FF08500EDE751F82330FFDECB
:1077A00000030050036803F01F025B09026004D06D
:1077B000012B034818BF002070474FF0A0407047CE
:1077C000000300502DE9F04F00EB8109614985B0BD
:1077D0001546834640F2FF1AD94503D1002005B073
:1077E000BDE8F08FDBF80020C2F3C72818F00808C6
:1077F000C2F3C320C2F3080440F0A680564B120E19
:107800001E5C544508BF4FF0FF34222A00F29F80CF
:10781000DFE802F012222633292F339D9D9D9D36ED
:10782000409D9D9D9D9D9D9D9D9D437E81849D9D93
:107830009D878B8E91949700C5F80C45621C64D08F
:1078400003A80394FFF7AEFF039A012707FA02F299
:10785000C0F80825384636E0C5F81445002715E07D
:10786000C5F80845EAE7C5F808450027601C1FD1A0
:107870004BE0C5F80C450127F8E7C5F81045EDE7E2
:10788000C5F80845002EE9D100270626631C3CD028
:10789000002018E0C5F80C45F4E7C5F86045BBF8D2
:1078A0000220671C02F001022FD0002AC8D1012754
:1078B00003A80394FFF776FF039A8446012000FA99
:1078C00002F2CCF80C25DBF80020019202F4004C07
:1078D000BCF1000F08BF804603A818BF012703941E
:1078E000FFF760FF039C019A00EB8400C2F3412C78
:1078F000D0F80047320242EA8C0242EA08020C4009
:10790000224342EA4702C0F800270BF1040B63E769
:10791000C5F86445C3E7C5F86845C0E7C5F86C45D8
:10792000BDE7C5F824450127B0E7C5F8284585E738
:10793000C5F83045F7E7C5F83445F4E7C5F83845EC
:10794000F1E7C5F83C4579E76FF0150047E76FF0C0
:10795000850044E7F0F8FCFF27F905002DE9F04128
:10796000044647680D4610F02FFB88B14FF0200801
:10797000EFF31186314688F31288BFF36F8F60688A
:107980000FF06DFB50BB86F31188BFF36F8FEFE7ED
:107990001F4B1B78002BE9D04FF02008642660684D
:1079A0000FF05DFB70B901200FF021FC013EF6D114
:1079B0000021212010F0BFFBF0E786F31188BFF310
:1079C0006F8FF5E7EFF31186314688F31288BFF326
:1079D0006F8F60680FF043FB0028EED0BB691D700D
:1079E0006368BA691B680020C3F844250122C3F804
:1079F0004825C3F82001D3F82041C3F85801D3F833
:107A000058019A6081F31188BFF36F8FBDE8F08150
:107A10004672002070B5012383400F4ABFF35B8F8D
:107A2000DC4352E8001F01EA040542E80056002E3C
:107A3000F7D1BFF35B8F4FF4803282400748C0F824
:107A40000823BFF35F8FBFF36F8F03EA0100003895
:107A500018BF012070BD00BFF06900200010014078
:107A600070B41249D1E90034D01AC31844F10004AB
:107A700022F07F46C1E90034A6F50013B3F5400FAC
:107A800009D20B4B1B681A0A1B069C19094B42F1C1
:107A90000005C3E90045EFF31181202383F3128829
:107AA000BFF36F8F70BC02F053BD00BFD01E00202B
:107AB000F4690020D81E002011B3BFF35B8F0123AF
:107AC000104A834052E800CF4CEA030C42E800C160
:107AD0000029F7D1BFF35B8F0B4A4FF4803383400B
:107AE000C2F80433094BBFF35B8F1B68BFF35B8F96
:107AF000C340DB0742BF064B4FF40032C3F80021FE
:107B0000704700BFF069002000100140EC690020C0
:107B100000E100E00D4B1868010A0006BFF35F8F1B
:107B20000B4BD3F80435181841F10001B3F5801F51
:107B30000AD2084BD3E90023904271EB030303D22E
:107B400010F1807041F10001704700BFF46900201E
:107B500000100140D81E00202DE9F04F85B01646D8
:107B60001F469DF840A00446FFF754FF0190FFF721
:107B7000D1FFB04271EB07035ED23E4B301A67EB88
:107B80000101984271F1000109D36FF015052046FB
:107B90000199FFF791FF284605B0BDE8F08F364BFD
:107BA00003EB0413D3E902239F4208BF964254D04B
:107BB00032494FF4803804F1500508FA04F8AD005A
:107BC000C1F848832046ADB20FF0F1FA26F07F4BA2
:107BD00005F1804504F5A87305F58835DC464FF0BE
:107BE00003090293029A2CF07F4341F82230C1F836
:107BF0004483D1F80435224A6FF00200C01A604471
:107C000020F07F40904228D9286868B1D1F8043527
:107C10000393A3EB0B0020F07F40B0F5000F1CD9BD
:107C200020460FF0C4FA039BBAF1000FADD109EB67
:107C3000030C09F10109D5E7BAF1000FA5D1012321
:107C4000104ABFF35B8FA34052E8000F184342E88D
:107C500000010029F8D1BFF35B8F07490E9823017B
:107C600001EB0412C8500F9B5360C2E90267002564
:107C70008DE700BF01008000C01E00200010014001
:107C8000FDFF7F00EC6900207FB51C4C1C4BC4F845
:107C90000833C4F848331B4B00254FF0FF304FF03A
:107CA000FF31C4F80855C3E902014FF48033C4F82A
:107CB0000433154B02264FF400320121C4F804634B
:107CC0001120C3F880212A46E2F77AFF1120E2F75B
:107CD00047FF0E4A0123A360236013600C4B0D4A3B
:107CE0000093CDE9015500232846FFF735FF3046C4
:107CF000FEF798FF284604B070BD00BF0010014099
:107D000003000F00C01E002000E100E0F069002029
:107D1000617A0400FFFF7F002DE9F7432E4CD4F871
:107D2000043399070BD5D4F8043143B12B4A00230F
:107D3000C4F80431D4F80431136801331360D4F863
:107D40000433DA0343D5BFF35B8F254B53E8002F91
:107D500022F0010143E800100028F7D1BFF35B8F48
:107D6000D30702D4D4F840318BB30025C4F8405176
:107D7000D4F84031FFF7CEFEEFF31182202383F3D6
:107D80001288BFF36F8F174BD3E90267B042B94136
:107D900020D34FF0FF304FF0FF31C3E90201D3E9A8
:107DA00000981D604FF48033C4F84833C4F8405144
:107DB000D4F8403182F31188BFF36F8FB9F1000F0F
:107DC00005D0CDF8008032463B460020C84703B0BE
:107DD000BDE8F083A946EDE700100140F4690020FA
:107DE000EC690020C01E002030B5431C124C85B049
:107DF00005D08442A8BF0446012CB8BF0124FFF778
:107E000089FE0E4B0C4DD3E90013401AB0F5000F5C
:107E100010D22218AA4228BF2A4652184FF000005A
:107E200007490091CDE9010043F10003FFF794FEFB
:107E300005B030BD2A46F0E7FFFF7F00D01E0020CE
:107E4000617A040008B5FFF765FE024B1B68C01A93
:107E500008BD00BFD01E002010B5084C0123636090
:107E60001120E2F78BFE064BC4F80833C4F8483300
:107E7000044B4FF40032C3F8802110BD00100140C4
:107E800003000F0000E100E0024AD2F80034002BAA
:107E9000FBD0704700E0014010B54FF08053D3F89D
:107EA0003021082A4ED14FF080420021C2F80C1137
:107EB000C2F81011C2F8381502F54042D3F8041484
:107EC000C2F82015D3F80814C2F82415D3F80C14FE
:107ED000C2F82815D3F81014C2F82C15D3F81414CE
:107EE000C2F83015D3F81814C2F83415D3F81C149E
:107EF000C2F84015D3F82014C2F84415D3F824145E
:107F0000C2F84815D3F82814C2F84C15D3F82C142D
:107F1000C2F85015D3F83014C2F85415D3F83414FD
:107F2000C2F86015D3F83814C2F86415D3F83C14BD
:107F3000C2F86815D3F84014C2F86C15D3F844346D
:107F4000C2F870350FF043F918B1374B374AC3F810
:107F50008C260FF03CF918B1354BFB22C3F81825DD
:107F60000FF035F958B14FF080424FF08051D2F800
:107F7000E43ED1F8581261F30303C2F8E43E0FF077
:107F800026F920B12B4B4FF40072C3F840264FF076
:107F90008053D3F83031082B17D14FF08043D3F8FA
:107FA0000024D20744BF6FF00102C3F800244FF051
:107FB0008053D3F83431042B81BF4FF01023D3F812
:107FC00008224FF08043C3F858254FF01023D3F810
:107FD0000022002A03DBD3F80432002B22DA1649F0
:107FE00001234FF01020C1F804351224FFF74CFF95
:107FF000C0F80042FFF748FFC0F80442FFF744FF13
:108000000023C1F80435FFF73FFFBFF34F8F0B4943
:108010000B4BCA6802F4E0621343CB60BFF34F8F8F
:1080200000BFFDE710BD00BF0050004048810300C5
:1080300000F000400090024000E0014000ED00E050
:108040000400FA05014B1860704700BFF869002072
:1080500010B5054B186814460FF0CBF80028A4BFE4
:108060002070002010BD00BFF8690020024A0123E3
:108070008340C2F80435704700F00140014B0020F6
:108080001B681847FC690020014B1B68184700BF9C
:10809000FC69002010B50C4C237993B9012323719E
:1080A0000A4B2060002818BF184600F04BF850B962
:1080B00023680748002BBDE8104008BF184600F0B1
:1080C00091B86FF0770010BDFC6900207D8004003E
:1080D0008980040008B5064B1B682BB10020E2F72D
:1080E00061FD08B9E2F73CFD024B01221A7008BDA0
:1080F000FC6900204472002038B54FF08044012311
:10810000C4F8083363600023C4F80031D4F80031A8
:1081100042F21075D4F80C24D4F80C34D20307D5ED
:10812000DB0705D501200FF062F8013DF2D138BD23
:108130000FF0C5F80028FAD0014B00225A71F6E77B
:10814000046A002010B508490C794CB90123086075
:108150000B710FF0B4F808B9002010BD4C71FBE7AB
:108160006FF07700F9E700BF046A00204FF080430A
:108170000022C3F80021D3F80021094901221A6026
:10818000096811B1C3F804237047D3F80021002A0D
:10819000FBD00022C3F80021D3F80031704700BFA4
:1081A000046A002010B54FF08043D3F80423D207AF
:1081B00015D5D3F8002192B10022C3F80021012186
:1081C000D3F80021C3F808130FF079F8044B10B16D
:1081D0005A7922B95971BDE810401B68184710BD83
:1081E000046A0020074A137943B901211060117114
:1081F0004FF080421846C2F8183570476FF077008C
:10820000704700BF0C6A002010B54FF080431D4C32
:10821000D3F81814D3F8182411F4803F1AD002F0C0
:108220000302012A01D092B900224FF08043C3F823
:1082300018250022C3F80421D3F8042101229A60F2
:1082400022688AB9D3F80421002AFBD014E00FF089
:1082500047F8E9E7D3F81424D107E5D5D3F81C246F
:108260009207F4D422681AB10222C3F8042310BD85
:10827000D3F80421002AFBD00022C3F80421D3F84C
:108280000431F4E70C6A0020F8B54FF08043194F31
:10829000D3F80443012504F01A04002604B9F8BDFC
:1082A000B4FA84F0C0F11F00830003F580739BB221
:1082B00003F1804305FA00F2196892B224EA02043D
:1082C0000029EBD01E601B684FF08043022AC3F8E0
:1082D00008230BD1D3F81814D3F81814890705D143
:1082E000C3F81855C3F804239D60D7E73B68C0B2B4
:1082F0009847D3E70C6A0020036803F01F025B096C
:10830000026004D0012B034818BF002070474FF0D3
:10831000A040704700030050034A430900F01F00CB
:10832000D35C1844C0B270472FF90500024611F023
:10833000010030B515D18B07C1F3400022D5124999
:10834000D1F8200550604FF08052C1F82005D2F8D6
:108350003021082A08BFD1F82025003818BF012095
:1083600010E04FF0A0444FF08055D4F82035136052
:10837000C4F82035D5F83051082D08BFD4F8204571
:10838000002BD8D030BD00BF00030050F7B5044625
:108390000846FFF7C1FF04EB40060D46B38ADB0732
:1083A0002AD520460FF09FF8294620460FF00BF8FB
:1083B00050B120460FF01DF8276807EB800000231E
:1083C000C0F81035C0F81035294620460FF03AF8AD
:1083D0000021B18201A80195FFF78EFF019B00EB00
:1083E0008300074BD0F80027134043F00203C0F886
:1083F0000037084603B0F0BD6FF01500FAE700BF84
:10840000F0F8FCFF01480EF012BF00BF4809002041
:1084100010B504480C460EF0ECFE0028A4BF2070F6
:10842000002010BD480900202DE9F04F074689B013
:1084300057F8049BD9F80413C9B28346082241F0C7
:10844000004148460FF027F8051E2FDA00230321CC
:1084500006A8CDE90633FFF769FF634B01930DF1E1
:1084600018084FF0000A019A604912F8013B019286
:10847000DA0803F007038A5C22FA03F3DB071CD453
:108480000AF10103022B08F104084FF0010AEAD1B6
:108490004FF00041002248460EF0FDFF032106A8E0
:1084A000FFF744FF0028D8D125F000450124002D16
:1084B00040F0848009B0BDE8F08F4D4B53440293E7
:1084C000D8F80060002EDBD0029B96FAA6F61C7846
:1084D000B6FA86F646EA44142046FFF71DFF0BEB7A
:1084E0004000F208818A18F802000594C1F3820363
:1084F0000393009306F00706012303FA06F620EA29
:10850000060008F8020005A8FFF7F6FE059A039B8F
:1085100002F5E07211F0100F50F82260C6F3014628
:1085200033D0009A384621460EF06DFF05A8059419
:10853000FFF7E2FE059B03F5E073F6B250F8233037
:10854000C3F301439E4207D1002120460EF02CFFC9
:10855000314620460EF028FF05A80594FFF7CCFE13
:10856000059B012202FA03F3C0F820354FF0805337
:10857000D3F83031082B01BFD0F82035D0F82035A2
:10858000D0F82035D0F820359AE7022E14BF02210A
:108590000321204603930EF007FF039B032B03D018
:1085A000022E07D1012BD7D1009A214638460EF072
:1085B0002AFFD1E7032ECFD1022BF4E795FAA5F3DA
:1085C000B3FA83F304FA03F225EA020503F5A27273
:1085D0000BEB430359F82220B3F87C10C2F301429D
:1085E00038460EF010FF62E73FF905003CAE05008B
:1085F0003FF90500044AD2F80034DB07FBD50160DF
:10860000BFF35F8F704700BF00E001404FF0805321
:108610001A69B0FBF2F302FB13036BB9084B022299
:10862000C3F80425C3F80805D3F80024D207FBD506
:108630000020C3F8040570476FF00C00704700BFBE
:1086400000E0014010B5054C0123C4F80435FFF7E4
:10865000D1FF0023C4F8043510BD00BF00E0014085
:1086600010B5174C23783BBB0278C2F34003920746
:108670000FD54FF08053D3F83021082A08D1D3F812
:108680003431022B02BF4FF080430122C3F8382659
:1086900001234FF08042C2F88035037803F00103D4
:1086A000C2F878350020E2F77DFA08B9E2F758FA07
:1086B00001232370002010BD6FF07700FBE700BF9F
:1086C000457200204FF080434FF46072C3F80823D6
:1086D000014B00221A607047146A002008B5FFF7AA
:1086E000F1FF03680BB1014A136008BD146A002052
:1086F00010B54FF08043D3F80443620707D54FF419
:1087000084700FF0D5F810B11E4B1B689847A30674
:1087100008D54FF48A700FF0CBF818B11A4B00202F
:108720001B689847600608D54FF48C700FF0C0F8AE
:1087300018B1154B01201B689847210608D54FF446
:108740008E700FF0B5F818B1104B00201B689847D9
:10875000E20508D54FF490700FF0AAF818B10B4B52
:1087600001201B689847A3050AD54FF492700FF0BB
:108770009FF828B1054BBDE810401B680220184740
:1087800010BD00BF1C6A0020186A0020146A002077
:1087900070B5114D6C6BA4B14FF47A735C430A232E
:1087A000B4FBF3F40D4ED6F800316BB995F83930BF
:1087B00053B90A200EF01BFD013CF4D16FF0730099
:1087C00008E04CF25034EDE795F8393003F0FF0043
:1087D000002BF3D170BD00BF206A00200090024042
:1087E0000A4B10B500220124C3F80045C3F800214C
:1087F0001C6028B1FFF7CCFF20B9054B83F8384047
:10880000002010BD6FF07300FBE700BF0090024036
:10881000206A002070B500F06044B4F1005F5DD1C3
:1088200084075BD1304C94F83050012D05D09D4227
:1088300057D194F83850002D53D02C4D022B0BBF3C
:10884000C5F81025C5F80425C5F81405C5F80805B0
:108850000CBFC5F81815C5F80C154FF0000684F8C4
:10886000396026680CBF08250425BEB994F8383055
:108870006BB11E4B05F1804505F524350022C3F888
:10888000002101232B60BDE87040FFF781BF01206C
:10889000FFF7A6FF10F1740FEBD170BDA66826B1EB
:1088A000E0606161E2610020F7E7A2610F4A84F8AD
:1088B00030300123A0602161C2F80061C2F80433A6
:1088C00094F8382002F0FF0012B9FFF789FFEAE7B9
:1088D00005F1804505F524352B60E4E76FF00C00C9
:1088E000DBE76FF00F00D8E7206A0020009002401D
:1088F000084B9A685A621A699A629A69DA62DA6867
:108900009A6032B15A691A61DA699A610022DA60B2
:1089100070477047206A002000F01F0340090FD005
:10892000012810D10B4A02EB83020B4BD2F800074F
:10893000034043EA012343F00203C2F800377047C3
:108940004FF0A042EFE7002203F5E07352F8233026
:10895000FFDE00BF00030050F0F8FCFF10B50E4B27
:108960000238D3F83C26D3F83836072813D8DFE886
:1089700000F0110F0D0B0A080604100EC871100C40
:108980008871100A48710A711A0ECA701A0C8A701E
:108990001A0A4A700B7010BD009002400238072876
:1089A0001FD8DFE800F02927251123211F04CB79E8
:1089B0001B068A7943EA02434A7943EA02230A7989
:1089C00013430E4AC2F83C36CB781B068A7843EA3A
:1089D00002434A7843EA02230A781343074AC2F85B
:1089E000383670470023E4E70023E5E70023E6E795
:1089F0000023EBE70023ECE70023EDE700900240C3
:108A00000268154BFF2A08BF4FF0FF32C3F8242538
:108A10004268FF2A08BF4FF0FF32C3F8282582685A
:108A2000FF2A08BF4FF0FF32C3F83025C268FF2A83
:108A300008BF4FF0FF32C3F834250269FF2A08BF90
:108A40004FF0FF32C3F838254269FF2A08BF4FF0C4
:108A5000FF32C3F83C2570470090024030B5194DF5
:108A60000FCD8DB006AC0FC495E8030084E8030079
:108A70001549D1F82435DBB20093D1F82835DBB2A3
:108A80000193D1F83035DBB20293D1F83435DBB243
:108A90000393D1F83835DBB20493D1F83C3506A8FE
:108AA000DBB20593FFF7ACFF0023C1F800310123CF
:108AB0000B60D1F80031002BFBD06846FFF7A0FF18
:108AC0000DB030BD20A305000090024070B590F8B5
:108AD0002930044613B190F82A204ABB6068FF2869
:108AE00067D0A268FF2A64D0E268FF2A61D02269B9
:108AF000FF2A5ED0B3B90321FFF70EFFA068FFF78E
:108B00000BFFE068FFF708FF2069FFF705FF6069CA
:108B1000FF2801D0FFF700FFA069FF2802D0032142
:108B2000FFF7FAFE94F82A3013B9201DFFF768FF0B
:108B3000214E636A736394F8293086F83A304FF017
:108B400080531E4DD3F83031082B04D10123C5F8D2
:108B50000833FFF783FF2368C5F84035A37F617FA3
:108B6000227F9B0143EAC1031343E27F43EAC2131E
:108B7000C5F84435D5F8002694F8203022F07F421D
:108B800022F0FF02134394F8212043EA026394F891
:108B9000222043EA426394F8232043EA0273C5F893
:108BA000003633680BB9002070BD2920E1F7D8FFEB
:108BB000F9E76FF01500F7E7206A00200090024007
:108BC0000A4B002283F83820094B01214FF08050D6
:108BD000C3F808131961D0F83001082808BF596597
:108BE000C3F80025C3F80021704700BF206A0020A9
:108BF0000090024038B50D4C94F8305095B9C4E956
:108C0000001240B90020C4E90200012384F830308A
:108C100084F8380038BDFFF759FF0028F2D06FF014
:108C20001500F7E76FF07700F4E700BF206A002037
:108C30002DE9F041DFF89880064698F830000128C9
:108C40000F46144640D198F8383083B3214D0123A4
:108C5000C5F808334FF08053D3F83031082B01D1D9
:108C6000FFF7FCFE1FB170783946FFF797FE00272B
:108C700088F83970C5F80071B37872781B0343EA3D
:108C8000022332781343F27843EA4233327943EADB
:108C90008233727943EAC233C5F83436FFF778FD80
:108CA000743008D0C5F800714CB9002005E0FFF71A
:108CB00097FD7430CAD16FF07300BDE8F081707811
:108CC0002146FFF74BFEF0E76FF00F00F5E700BF1E
:108CD000206A002000900240044B93F838300BB912
:108CE000FFF77EBD6FF07700704700BF206A00205D
:108CF00008B5064B93F83030012B03D1FFF760FF26
:108D0000002008BD6FF00F00FBE700BF206A0020C5
:108D1000034B93F83000003818BF0120704700BFA4
:108D2000206A002038B58B0735D11E4B1D681DB158
:108D300093F83020012A31D11B4C0022C4F81C15B5
:108D4000C4F8200583F8392095B993F8383043B139
:108D50000023C4F800310123E360BDE83840FFF789
:108D600017BD0120FFF73CFD10F1740FF0D138BDA5
:108D7000042183F83010C4F800210122C4F8042330
:108D800093F8383003F0FF001BB9FFF729FD0020EE
:108D9000EDE7E260FBE76FF00C00E8E76FF00F0033
:108DA000E5E700BF206A00200090024010B5224B8A
:108DB000D3F8002192B1214C0022C3F8002194F88D
:108DC000381094F8302071B90121032A84F8381042
:108DD00005D0042A05D0022A00D1996010BD59603F
:108DE000FCE7D960FAE7032A19D0042A19D0022A2D
:108DF00004D1012384F82030FFF77AFDA36813B96A
:108E0000012384F8303094F8393003F0FF0013B9AF
:108E1000D4E900319847002384F82030DEE70223AC
:108E2000E8E7032284F82020D3F81C256262D3F8F7
:108E3000203584F82830E1E700900240206A0020C5
:108E4000F8B50F4614461D46084E30460EF07FFD1D
:108E500010B96FF08300F8BDB368A2B21B68394641
:108E6000304698470028F4D12C60F4E7B49E050002
:108E700038B5EFF31185202383F31288BFF36F8F8A
:108E8000064B9C680EF076FD85F31188BFF36F8F5B
:108E90002046BDE83840E1F73BBF00BF5C6A0020D8
:108EA00038B50A4B53F82040013053F82050A54202
:108EB00000D838BD606830B1037EDB0701D40EF006
:108EC0002EFD0834F3E723689847FAE740AE050023
:108ED00070B52A4B2A4C2B4D86B0012203201A7004
:108EE000FFF7DEFF01F0AAFC0420FFF7D9FF2646BA
:108EF000AE4204F130040FD301F05AF8204CAC42DA
:108F000026D301F069F8E0F785FA1F4A938923F028
:108F10000103938106B070BD54F80C3C059354F8DE
:108F2000103C049354F8143C039354F8183C0293F7
:108F300054F81C3C019354F8203C009354E90A2354
:108F400054E90C0100F032FE54F8303C5E65CEE787
:108F5000D4E90A23B3F1FF3F08BFB2F1FF3F05D0C8
:108F600052EA0301206803D10FF0FEF83034C6E75F
:108F70000649183001F05CFAF8E700BF467200209D
:108F8000F8A0050028A10500681F0020B380050097
:108F900070B5164E164D1749882386B003FB006640
:108FA00001220023CDE904230F22CDE902320193EF
:108FB000142303FB005504464FF4C07000FB04115A
:108FC0000D4B00954FF4A072304600F0EFFD337C5E
:108FD0000A4AEE6023F0040333744FF4046304FB85
:108FE000033313442C746B6006B070BDE01E002088
:108FF0005C6A0020C0C10020FB7A050080B9002017
:109000007FB50020FFF74CFF284B83F30888284CDE
:10901000636943F4007363610025E02384F8223020
:10902000E57725766576A57684F82050636A43F463
:10903000E023636284F82350E1F74EFDE1F752FE2E
:109040004FF0FF33A362E362E1F770FFE1F7CCFE7C
:109050001848194C00F022FE0120FFF721FF0220E2
:10906000FFF71EFF00F0E2FF144B15495C61154B42
:10907000059301234FF48052CDE90353CDE9015507
:10908000114B0095204600F091FD237C064623F00D
:109090000403204623740EF0D8FF2846FFF778FF1C
:1090A000094A31462046E1F7FFFD00BFC0C100205C
:1090B00000ED00E098200020681F00205C6A00207E
:1090C00040C3002012C70500D18E040038B5064CFD
:1090D000064DAC4201D3002038BDD4E90112204630
:1090E0000EF08DFC1434F4E7180B00202C0B00203C
:1090F00030B585B0DDE90845034B0293CDE9004565
:109100000EF03BFC05B030BD3BCD040038B5074C3C
:10911000074DAC4201D3002038BD20460EF093FC31
:1091200008B91C34F5E76FF01500F5E7540A002084
:10913000180B002073B50C46EFF31181202585F341
:109140001288BFF36F8FC5685DB125602B68C3605F
:10915000836901338361002081F31188BFF36F8F2E
:1091600011E052EA030603D125606FF00B00F3E72C
:10917000CDE900230246083000F078FE18B9034B11
:109180009B685B69236002B070BD00BF5C6A002011
:10919000F7B50E4604469DF82010EFF31187202006
:1091A00080F31288BFF36F8F256AE068854245D24D
:1091B0002568AC4219D0C5B128460EF0A9FC05F1CE
:1091C00018000FF05FF8A2686869314610F0F3FCF0
:1091D0000023C5F8843028460EF037FF04F108005C
:1091E00039460EF07EFF002036E0A268D9B1E06972
:1091F000314610F0E0FCE369A26813446269E36160
:10920000934201D12369E361236A01332362102170
:1092100004F124000FF0CFF90028DFD187F3118883
:10922000BFF36F8F18E0A0692369984208BF606997
:10923000801AA061314610F0BEFCE5E752EA030156
:109240000CD00849896804F108004E61CDE900237B
:109250003946224600F00AFE03B0F0BD6FF022004E
:10926000DCE700BF5C6A0020F7B504460846EFF370
:109270001186202181F31288BFF36F8F216A0029A4
:109280003BD0A268A16910F096FCA369A26825688A
:1092900013446269A361934204BF2369A361236AF3
:1092A000AC4203F1FF33236236D02846002D34D080
:1092B0000EF02EFC05F118000EF0E4FF6969A268BB
:1092C000E06910F078FCE369A26813446269E36125
:1092D000934204BF2369E361236A002701332362B9
:1092E0002846C5F884700EF0B0FE04F1080031463F
:1092F0000EF0F7FE384603B0F0BD52EA030111D07C
:109300000A4989684861CDE900233146224604F1C3
:10931000080000F0ABFDEEE7002086F31188BFF3F4
:109320006F8FE8E76FF02200F7E700BF5C6A00206C
:109330002DE9F341044617461E46EFF3118820231A
:1093400083F31288BFF36F8F304BC2689B6872B192
:109350008068984217D057EA060216D188F3118820
:10936000BFF36F8F6FF00F0002B0BDE8F08193F98B
:109370000E1021610132C4E9023288F31188BFF373
:109380006F8F0020F0E72169F3E793F90E1090F951
:109390000E30994230DA9942A8BF19460EF0CCFB44
:1093A0000546CDE900761A482246414600F05EFDAA
:1093B0000028E6D0EFF31186202383F31288BFF351
:1093C0006F8FA068D0B1236821699C420AD04BB14D
:1093D00093F90E309942A8BF19466FF07F03994266
:1093E000B8BF19460EF0A8FB40B1094831460EF04F
:1093F00078FE6FF00A00B7E70025D2E7002DF4D120
:1094000086F31188BFF36F8FF3E700BF5C6A00201B
:1094100047720020F8B583680546002B40D0234AE8
:10942000926893423FD1C368012B03D9013BC360CB
:109430000020F8BDEFF31187202383F31288BFF3D8
:109440006F8F016980680EF077FB2C68A54207D109
:109450000023C5E9023387F31188BFF36F8FE7E775
:10946000002CF5D0D4E9003213605A60237C00262A
:1094700023F002032374C4E90066A66004F1180017
:109480000EF000FFAC6094F90E302B612046C4F85A
:1094900084600EF0DAFD064839460EF022FEC7E77A
:1094A0006FF01500C5E74FF0FF30C2E75C6A00209F
:1094B0004772002037B51146EFF31185202282F361
:1094C0001288BFF36F8F04689CB12368426823F051
:1094D00003039442036008BF4360012120460EF05D
:1094E000B8FB044685F31188BFF36F8F204603B0A5
:1094F00030BD51EA0302F5D000F10802CDE90013B6
:109500001046294600F0B2FC0028EFD1014B9B68C1
:109510005C69EBE75C6A002070B5EFF311862023ED
:1095200083F31288BFF36F8F0468A0421BD0D4B1BD
:10953000D4E9003213605A60237C002523F0020333
:10954000C4E900552374A56004F118000EF09AFEDA
:10955000C4F8845020460EF078FD31460A48BDE834
:1095600070400EF0BEBDD0E902329A4218BF0133FE
:109570008360022110300FF01EF80028EDD186F331
:109580001188BFF36F8F70BD4772002013B5EFF3E2
:109590001181202484F31288BFF36F8F846844B153
:1095A000013C846081F31188BFF36F8F002002B00B
:1095B00010BD52EA030406D181F31188BFF36F8F07
:1095C0006FF00F00F3E7CDE900230246014800F0F9
:1095D0004DFCECE747720020F8B50546EFF3118625
:1095E000202383F31288BFF36F8F00272C68A542D6
:1095F00019D0C4B1D4E9003213605A60227C002330
:1096000022F00202C4E900332274A36004F11800BE
:109610000EF038FE6FF00A03C4F8843020460EF0D6
:1096200014FD0127E2E70023AB60022105F11000E1
:109630000EF0C1FF28B927B986F31188BFF36F8FE9
:10964000F8BD31460248BDE8F8400EF04ABD00BF03
:109650004772002007B5074B0093074907484FF0B2
:10966000FF334FF4805200F06DF9002003B05DF835
:1096700004FB00BF58AE050080D30020F01F00207F
:109680002DE9FF41544E04462027EFF3118887F35C
:109690001288BFF36F8FD4F88C50F5B9022104F112
:1096A000A4000EF05CFB002870D004F19C050022A1
:1096B000012128460EF078FD0028F8D100230293FE
:1096C0004FF0FF324FF0FF33CDE90023414604F164
:1096D0009402424800F0D4FDD7E7D4F890202B68DC
:1096E000C4F88C30954208BFC4F89030D4F8A43048
:1096F00043F00203C4F8A430EB6823F0040343F002
:109700000103EB606B6888F31188BFF36F8F284605
:109710009847EFF3118887F31288BFF36F8FEB68D8
:10972000D80623F001023ED4EA60EB689A0717D509
:10973000306823F00203EB6090B10368002178B138
:10974000426895423DD10368002934D17268336084
:10975000904200D17360002340F8083BFFF7DCFE25
:10976000D4F8A43023F00203C4F8A430DB0530D4CD
:10977000D4F88C30003B18BF012388F31188BFF365
:109780006F8F002B81D000F059FC7EE7D4F8A43015
:10979000D90693D5C4F8A40088F31188BFF36F8F5E
:1097A00004B0BDE8F08123F01103EB6005F1100077
:1097B000FFF7B2FEB9E70B607368984208BF7160AB
:1097C000C9E701461BB11A6818461346B7E71A469F
:1097D000FAE70023D1E700BF7C6A0020477200202F
:1097E00070B5C368C3F340069B0705460C460DD50C
:1097F0000122002104F108000EF0A1FA00232360E9
:10980000054B65605A681AB9C3E90044304670BD1B
:1098100014605C60FAE700BF7C6A0020F8B5C3689A
:109820009A0704460E46C3F3400542D45F0742D46C
:109830000B680BB983680B60E368D80744BFA36863
:10984000336037684CBF0225012557B31B4B9A681C
:10985000D7F888309A421ED10EF0B6FB80F0010096
:10986000C0B2D7F8A430D907C3F380021CD5F2B137
:10987000F8B100232360D7F8903073B9C7E92344C7
:1098800038460EF087FAE36843F00403E360336878
:10989000A3602846F8BD0020E3E71C60C7F89040AD
:1098A000EEE76FF0150506E06FF0120503E01B0709
:1098B000DFD56FF00F0500233360EAE75C6A002014
:1098C000F8B5C36803F00503002B06460C4614BF29
:1098D000012700271CD085680122002104F1100017
:1098E0000EF02DFA134920460EF0B5FAE36843F066
:1098F0001003E360F3685B0712D5336823606BB92C
:10990000D5F8903033B9C5E9234428460EF042FA21
:109910003846F8BD1C60C5F89040F6E73460F4E7BF
:10992000D5F88C302360D5F89030C5F88C40002BEA
:10993000EBD1F0E7757D0500014601480EF0B6BA9F
:10994000F01F0020F0B589B004460020C4E92300D0
:109950000E9D04F19400C4E9250004F19C00C4E9C3
:10996000270055B32879002840F2011008BF0120D4
:10997000C4F8A40000204FF0FF364FF0FF37CDE9C8
:109980000330CDE90100CDE906670D4B0094204678
:1099900000F058F955B1296811B120460EF01AFBB4
:1099A0006B791BB1A38943F00103A38120460EF01C
:1099B000DBFBC4F8884009B0F0BD0120D8E700BF48
:1099C0008196040037B501900846EFF311842021F9
:1099D00081F31288BFF36F8FC16811F01E0F16D18B
:1099E00053EA020508D101A9FFF718FF84F3118893
:1099F000BFF36F8F03B030BD41F00801C160019922
:109A000081620449103000F013FD0120EEE70020D0
:109A1000ECE700BF097E050001460148FFF7D2BF11
:109A2000F01F0020F7B50C46019016461D46EFF3D7
:109A30001187202383F31288BFF36F8F08460EF03F
:109A40009AF955EA060309D101A92046FFF7E6FE77
:109A500087F31188BFF36F8F03B0F0BDE368074948
:109A600043F00803E360019BA36232462B4604F1F6
:109A7000100000F0DDFC0120EAE700BF097E0500D0
:109A800001460148FFF7CEBFF01F002038B5EFF3C5
:109A90001185202383F31288BFF36F8F0468A042DF
:109AA00013D094B120460EF07EFA04F118000EF0A7
:109AB000E9FB00232046C4F884300EF0C6FA0548BE
:109AC00029460EF00EFB002038BD85F31188BFF348
:109AD0006F8FF8E7477200202DE9F0410546EFF35C
:109AE0001187202383F31288BFF36F8F0468A0428D
:109AF0001CD0DCB120460EF056FA04F118000EF02E
:109B0000C1FB0026B046C4F8848020460EF09DFAC2
:109B10002C68A54206F1010610D07CB120460EF05B
:109B200042FA04F118000EF0ADFBECE787F3118860
:109B3000BFF36F8F00263046BDE8F08102483946FA
:109B40000EF0CFFAF7E700BF477200202DE9F3418E
:109B50001C4652EA040307460D46164608D108463D
:109B6000FFF758FC6FF00A04204602B0BDE8F08110
:109B7000EFF31188202383F31288BFF36F8F084619
:109B8000FFF748FCCDE9006407483A46414600F03B
:109B90006DF904460028E7D14FF0FF324FF0FF3354
:109BA0002846FFF7C5FBDFE7477200202DE9F043A9
:109BB000073285B022F007020E461F4610998181B8
:109BC00000F158037F32C0E916330446002322F027
:109BD0003F020421836001743F2A0F98A073C4E9F7
:109BE0000633E37306F14009A2F1400805D883F378
:109BF0001188BFF36F8F084602DFB518294620464B
:109C0000E0F756FD07300E9B20F007006067C4E9BF
:109C10001B9802930D9B01932D1A0C9B00932A46CF
:109C20003B4631462046E1F70DF800236365044BBF
:109C30009B6803B19B6FA367284605B0BDE8F0831E
:109C40005C6A0020F0B587B000250595109D04954D
:109C50000F9D03950E9D0295DDE912760D9D0195F0
:109C60000C9D00950446FFF7A1FFB6F1FF3F08BF2A
:109C7000B7F1FF3F05D056EA070305D120460EF0A5
:109C800073FA204607B0F0BD3A46334604F1180097
:109C9000014900F0CDFBF4E7B38005000123037414
:109CA00083810023C0E91B338367014B98607047B1
:109CB0005C6A00200A4A93686FF00A01C3F88410B6
:109CC0000849C3F880004B6843F080534B60002381
:109CD00083F31188BFF36F8F9368D3F884007047C4
:109CE0005C6A002000ED00E070B590F91020037C64
:109CF000002A2FDBD9062DD11A4C63F07F032246B0
:109D0000037452F8183FE169934207D1C0E900217A
:109D10000860E0610FE09942F8D01B68002BF5D095
:109D200093F90E6090F90E50AE42F4DD5968C0E927
:109D3000003108605860A569954200D005B9E56812
:109D4000A3681A7CD20606D1DA897F2A03D9AA69C8
:109D50000AB9636170BDAB4202D0284600F0D2FA66
:109D60006561F7E75C6A002038B590F91020037C44
:109D7000002A014604DA03F07F0303740EF02DF984
:109D80000D4D2A46AB6852F8184F944200D004B9E2
:109D9000EC688B4207D01A7CD20604D1DA897F2A7C
:109DA00001D9A2692AB1A34202D0204600F0AAFA42
:109DB00023466B6138BD00BF5C6A0020B3F1FF3FF2
:109DC00008BFB2F1FF3F03D00249183000F030BBAA
:109DD000704700BFB3800500034648B9EFF3058222
:109DE00032B9064A51699268914201D0FFF762BFC9
:109DF00083F31188BFF36F8F704700BF5C6A002048
:109E000038B5184CA168E0690B68814214BF1A4646
:109E1000002249680B605960A368E1692AB9124AB7
:109E2000C3E900210B60E3610AE092F90E5093F957
:109E30000E00854212DD5168C3E900210B605360BA
:109E4000A569094B9D4200D005B9E568A3689D420C
:109E500002D0284600F056FA656138BD8A42DED04D
:109E60001268DBE75C6A0020746A0020F8B50E4BCC
:109E70000C4611460D4A98681060DDE90667EFF35D
:109E80001182202282F31288BFF36F8F9D682846CB
:109E90000EF0B5F8284632463B46FFF78FFF2046C6
:109EA000BDE8F840FFF706BF5C6A0020846A002026
:109EB000F8B50446EFF31187202383F31288BFF32C
:109EC0006F8F037C03F01F02002A0CBF01260026BF
:109ED00049B235D103F07F0303740EF07EF8294DAB
:109EE000037C817363F07F032A46037452F8183FA2
:109EF000E869934207D1C4E900200460EC610DE0F9
:109F00009842F8D01B68002BF5D093F90EC08C4511
:109F1000F6DD5968C4E900310C605C60AC699442BC
:109F200000D004B9EC68AB689C4202D0204600F037
:109F3000E9F96C6187F31188BFF36F8F3046F8BD84
:109F40009B071CD585680EF048F881732B689D42ED
:109F500009D16B68C4E900531C606C60EAE76A6869
:109F60009A42F6D01B68002BF3D093F90E208A4258
:109F7000F5DD5A68C4E9003214605C60DAE7817389
:109F8000D8E700BF5C6A0020034648B9EFF30582BA
:109F900032B9064A51699268914201D0FFF78ABEF0
:109FA00083F31188BFF36F8F704700BF5C6A002096
:109FB000EFF31181202383F31288BFF36F8F054BDA
:109FC0009A68D37B013BD37381F31188BFF36F8F02
:109FD000704700BF5C6A002070B5EFF31186202344
:109FE00083F31288BFF36F8F0F4DAB68DA7B0132BA
:109FF000DA732A4652F8184F944200D004B9EC683C
:10A000001A7CD20604D1DA897F2A01D9A2692AB141
:10A010009C4202D0204600F075F923466B61304621
:10A02000BDE87040FFF7D8BE5C6A0020024B03F128
:10A030001802C3E9062270475C6A002070B5EFF38E
:10A040001186202383F31288BFF36F8F1A4CA16807
:10A05000E0690B68814214BF1A46002249680B6010
:10A060005960A368E1692AB9144AC3E900210B6069
:10A07000E3610AE092F90E5093F90E00854216DD75
:10A080005168C3E900210B605360A5690B4B9D42E9
:10A0900000D005B9E568A3689D4202D0284600F0CB
:10A0A00031F965613046BDE87040FFF703BE8A4272
:10A0B000DAD01268D7E700BF5C6A0020746A00201B
:10A0C000F8B550EA010306460C4603D1FFF7B6FF88
:10A0D0000020F8BDEFF31187202383F31288BFF32C
:10A0E0006F8F124D124BA8681860FFF73DFEA868ED
:10A0F000104923463246183000F09AF9AA68137CBA
:10A1000043F00403137404463846FFF7D3FDAB68ED
:10A11000D3E90A23B3F1004F08BF002AD8D10EF0CB
:10A1200002F9201A20EAE070D3E700BF5C6A002041
:10A13000846A0020B3800500014B9868704700BF17
:10A140005C6A00202DE9F84304468789EFF3118605
:10A15000202383F31288BFF36F8F037C190705D583
:10A1600086F31188BFF36F8FBDE8F883D90943F0F8
:10A1700008026FD10274A36813B120460DF035FFB9
:10A1800004F118000EF07EF8A56D04F15808A845FA
:10A1900011D04FF0000975B128460DF026FF05F1EA
:10A1A00018000EF06FF8C5F884902846FFF79CFD64
:10A1B000A56DA845EFD1DFF8BC80D8F808309C42E7
:10A1C00050D1EFF30589B9F1000918BF4FF001092B
:10A1D000D8F81850284A954200D00DB9D8F80C503C
:10A1E000AB4202D0284600F08DF82046C8F8145043
:10A1F00003F03BFEB9F1000F02D02048FFF74EFDFF
:10A20000D8F808309C4230D1EFF305836BBBA289AC
:10A21000D20711D586F31188BFF36F8F83F31188AE
:10A22000BFF36F8F0423184602DFEFF3118620235C
:10A2300083F31288BFF36F8F3046FFF73BFDFB07B8
:10A2400092D5002383F31188BFF36F8F0423184640
:10A2500002DF89E703F07F0343F0080303740DF086
:10A26000BCFE88E74FF00009B2E786F31188BFF320
:10A270006F8FE4E75C6A0020746A00209820002059
:10A28000D3B5DDE90667089CCDE90067FFF7EEFD71
:10A290001CB1034B9B685B69236002B0D0BD00BF5B
:10A2A0005C6A0020027C12F01F02034610D10A49AA
:10A2B00088420DD00949086868B1D9897F2909D831
:10A2C00093F90E20064B1B689A42B8BF00207047D6
:10A2D0000020704710467047E01E00204C09002007
:10A2E000886A0020044BC01A044BC0105843044B2A
:10A2F00001221A54704700BF20210020ABAAAAAA4D
:10A300004772002070B50C4B0C4D1E7CFFF7CAFF46
:10A31000182303FB0655044628460DF0B3FF084BEF
:10A3200000229A553CB1621E28460649BDE870409D
:10A33000D31700F07DB870BD5C6A0020202100209A
:10A3400047720020E5A2040038B5EFF31185202301
:10A3500083F31288BFF36F8F0F4B104A9C6810680D
:10A36000A04206D1FFF7CEFF85F31188BFF36F8FB0
:10A3700038BD00211B7C1160094AD35C002BF3D04F
:10A380002046FFF78FFF0028EED0237CDB0601D1AB
:10A39000FFF736FD2046E5E75C6A0020846A00206E
:10A3A00047720020024B1868984208BF002070478F
:10A3B00050090020034B1B680BB9FDF743BD00207B
:10A3C000704700BF8C6A002030B570B10B4B5B68E2
:10A3D00098420AD0036843B1D3E90421D0E9044587
:10A3E000121941EB0501C3E90421D0E900321360E1
:10A3F0005A600023C0E9003330BD00BF500900207F
:10A4000070B50246FFF7CEFF0849034600204D68AD
:10A41000014603B970BDD3E90446001941EB0601BA
:10A420009342F7D0AB42F5D01B68F2E75009002009
:10A43000B3F1FF3F08BFB2F1FF3F2DE9F84F0446EB
:10A44000994615461F467AD08160EFF31188202384
:10A4500083F31288BFF36F8FB9F1000FDFF8E4A028
:10A4600020DBFFF7A7FFDAE90027013549F10009F2
:10A470002D1849EBE073C4E90453AD18064643EBCD
:10A4800007074FF00109FFF78DFFDFF8BCE0DEF8AA
:10A4900004A00346EBB9C4E900EACAF80040CEF8CC
:10A4A000044028E0DAE900126FF001035B1A4FF074
:10A4B000FF3161EB02025B1B62EB0902012B72F1BF
:10A4C0000001BCBF01230022C0E904324FF00009A3
:10A4D000D9E7D3E9041CD4E904208A4270EB0C0BC1
:10A4E00024DA891A5A686CEB0000C3E90410C4E945
:10A4F000003214605C60FFF755FF84420ED1134BAD
:10A500001B685BB9B9F1000F02D1FFF753FF064694
:10A5100030460DF0A0FE0021FDF766FC88F311889F
:10A52000BFF36F8F28463946BDE8F88F521A60EBAB
:10A530000C005345C4E90420ADD01B68AAE70025F0
:10A540002F46EFE738210020500900208C6A0020B8
:10A550002DE9F047DFF8A890DFF8A880C9F80000DF
:10A560000246FFF71FFF0D4600260027D8E900131B
:10A570004FEAE27E50B1D0E9044CA2427EEB0C0AD5
:10A580001BDAA41A6CEB0E06C0E9044652184FF011
:10A59000000443EB0E032046C8E90023C9F800403D
:10A5A0000DF059FE2146FDF71FFC85F31188BFF31E
:10A5B0006F8FBDE8F047FFF7C7BE611843EBE47348
:10A5C000C0E90467C8E90013FFF7FEFE01224FF05F
:10A5D0000043C0E9042385F31188BFF36F8F8368BC
:10A5E0009847EFF31185202383F31288BFF36F8F11
:10A5F000D9F80020121BC9F80020FFF7D3FEB5E7F9
:10A600008C6A00203821002010B5EFF3118420233C
:10A6100083F31288BFF36F8FFFF7CCFE054A034622
:10A62000D2E90001181841EBE37184F31188BFF3FC
:10A630006F8F10BD38210020F0B51423154E03FB99
:10A6400001000024202701B9F0BD10F8073C40F8B4
:10A650000C4C03F03F03102BA0F1140C0CD826FA7D
:10A6600003F3DB0708D550F8143C2BB150F8105C0D
:10A670002B605D6040E9054482F31188BFF36F8F62
:10A68000EFF3118287F31288BFF36F8F01396046B1
:10A69000D9E700BF160101002DE9F74F1D46274BF2
:10A6A0009F68012387F8603087F8613052EA05031C
:10A6B00016460CBF0123002307F1600280460DF00F
:10A6C000A5FE8146EFF3118B4FF0200A8AF3128822
:10A6D000BFF36F8F97F860404CB901465A46404629
:10A6E000FFF7AAFF8BF31188BFF36F8F0BE00023F6
:10A6F00087F8603056EA050309D18BF31188BFF360
:10A700006F8F6FF00A04204603B0BDE8F08FCDE9EB
:10A7100000650B4A0B485946FFF7A8FB0446EFF3C8
:10A7200011858AF31288BFF36F8F2A464946404647
:10A73000FFF782FF85F31188D6E700BF5C6A00202F
:10A74000580900204872002010B50346EFF3118429
:10A75000202282F31288BFF36F8FC16001218160D4
:10A760000068834205D184F31188BFF36F8F002006
:10A7700010BDD0E9003213605A600023C0E90033F5
:10A780000DF0C7FE024821460DF0ABFCEFE700BF1D
:10A790004872002073B50446EFF31186202383F33B
:10A7A0001288BFF36F8F8368594003EA02050A409D
:10A7B0005340009300226B46084901920DF017FDAB
:10A7C000DDE9003223EA020304F10C00A360314604
:10A7D0000DF087FC284602B070BD00BF7B860500E7
:10A7E000F8B507460C4616460DF0EEFB08B1002002
:10A7F000F8BD0D4B9B689D6F002DF8D0221DF6D241
:10A80000EFF31184202383F31288BFF36F8F47F097
:10A8100004012846B04784F31188BFF36F8F0028E6
:10A82000E5D040F8045BE3E75C6A00200146024A99
:10A830000020FFF7D5BF00BF35CD0400014802F06E
:10A8400030BB00BF20C70500054B5A78022A04D14F
:10A850001878C31F5842584170470020704700BF06
:10A86000906A00200E4B0340B3F1607F06D1B1F532
:10A87000885F0CBF00206FF086007047B3F1707FD7
:10A880000BD101F4E043B3F5005F06D111F4E06FA2
:10A8900014BF00206FF0860070476FF0860070478D
:10A8A0000000C07F8A42F8B506460D4600F0D2800F
:10A8B0006C4B22F4FF7121F00101994222F0FF0755
:10A8C0000FD003F588539F420BD022F47F7121F003
:10A8D0000301A3F57063994203D003F5A0639F427F
:10A8E00027D1604B25F4FF7121F00101994210D06E
:10A8F0005D4925F0FF038B420BD025F47F7020F0DB
:10A900000300A1F57061884203D001F5A0618B427C
:10A910000FD115F0FF000BD0544B40F0007098425F
:10A9200040F09A8082EA0500FF288CBF00200120B9
:10A93000F8BD05F0FE43B3F1A06F11D102F0FE4364
:10A94000B3F1A06F71D182EA050333F47E136CD1A9
:10A950002C046AD5C5F30540C2F305429042E4E7F2
:10A96000B3F1407F61D102F0FE43B3F1407F5CD18F
:10A9700082EA050030F47E1457D131462846FFF7AD
:10A9800071FF002868D13A4912F47C1001EA0201F3
:10A9900016D0B1F1607FC2F3054335D1D1B241F099
:10A9A000007101F17E410339102901D8314C645CFA
:10A9B00015F47C1F2ED19C4214BF00200120B7E764
:10A9C000B1F1607F0AD1D3B243F0007303F17E434B
:10A9D000033B102B44D82849CB5CDFE7B1F1707FF3
:10A9E00016D106F4E043B3F5005F37D1C6F3022178
:10A9F00001238B4006F4E041B1F5005FD8D1C6F3E6
:10AA000002260124B440D3E7B1F1707FD0D1F1E741
:10AA10000346CDE718B9C5F30541A1421AD0290470
:10AA200003D5C5F3054098427FE725F47F03B3F1D2
:10AA3000106F0AD102F0FE43B3F1106F0CD10F4832
:10AA4000104040F01060A842B6E70D4B9D4203D184
:10AA5000AF42B1E701206BE7002069E70346C9E791
:10AA600003469BE70002000600130006FF000002F9
:10AA70000000C07F41F9050041F905000000FFF624
:10AA80000001000A37B505460C46FFF7DDFE78B138
:10AA9000002301930A46084801AB2946FEF7D0F986
:10AAA00020B9019BA34218BF6FF0930003B030BDE3
:10AAB0006FF08800FAE700BF946A0020F0B5044602
:10AAC000084624F47F01B1F1106F87B026D14568A4
:10AAD0002D0A00F1200121D1068806F44F45B5F575
:10AAE000824F1BD10F4D104F254045F01065BD42E0
:10AAF00014D1F6B2122E11D14588B5F5807F0DD153
:10AB00000E9D04950D9D03950C9D0092CDE9013598
:10AB10002346426E0EF096FC07B0F0BD6FF0850044
:10AB2000FAE700BF0000FFF6000002092DE9F84334
:10AB3000884617461C4600F0D5F90546002844D142
:10AB4000D8F80060B6F8009009F4E043B3F5804F00
:10AB5000B36808BF27F0010737EA03032DD1A4B378
:10AB6000244B24F4FF7222F001029A4210D0224AB0
:10AB700024F0FF0393420BD024F47F7121F00301F2
:10AB8000A2F57062914203D002F5A06293421FD1F8
:10AB900014F0FF0304D0194A43F0007393421ED00F
:10ABA000F16822464846FFF77DFE074668B93169DD
:10ABB00022464846FFF776FED0B96FF084050023A1
:10ABC000C8F8003030460EF077FA2846BDE8F88322
:10ABD00004F0FE43B3F1407F04D12304E0D56FF0CD
:10ABE0008605ECE7B3F1A06FF7D0044B9C42D6E7A3
:10ABF0003D46EAE70002000600130006FF000002DF
:10AC000038B500F0FE43B3F1407F04460D4602D054
:10AC10006FF0860038BDFFF725FE0028F8D114F448
:10AC20007C1F18D0C4F30543032B137022D9224A8A
:10AC30002240B2F1607F31D1E4B244F0007404F1FB
:10AC40007E44033C102CE3D81C4A125D9342DFD8AB
:10AC5000202BDFD90EE0184B2340B3F1607F0FD1DA
:10AC6000E3B243F0007303F17E43033B102B04D99E
:10AC7000002313706FF08500CCE71149CB5CD3E75C
:10AC8000B3F1707FF4D101F4E043B3F5005FEFD18D
:10AC9000C1F3022101238B40DBB2C5E7B2F1707F23
:10ACA000B6D105F4E042B2F5005FB1D1C5F302259B
:10ACB0000122AA40CAE700BF0000C07F41F9050099
:10ACC00041F9050007B5002300911A4602490EF02C
:10ACD00014F903B05DF804FB64AE050010B5114C27
:10ACE0002378580744BF03F0FB032370990705D569
:10ACF00000F096F8237823F00203237063781BB1E9
:10AD0000094A0023636053600023074863700821E9
:10AD100000F044FD2378DA0744BF23F001032370D9
:10AD200010BD00BF906A0020946A002038B5FFF77C
:10AD30008BFDD8B9124C2378DA075CBF43F00103CE
:10AD400023709D0707D400F063F8237843F00203D3
:10AD50002370054688B9627832B9D90704D5094904
:10AD600062604A6002226270580702D500252846B8
:10AD700038BD43F004032370F8E7FFF7AFFFF6E7B1
:10AD8000906A0020946A002000F140420F2A30B5FA
:10AD90000CD81E4B682404FB02331A7E022A02D10F
:10ADA0005A69824226D06FF08B001CE0421E6FF081
:10ADB00040439A420ED2154A00241346157E022DB6
:10ADC00002D15569854212D00134102C02F168027B
:10ADD000F4D1E8E700F1004303F58033B3F5704F99
:10ADE000E9D36FF0870030BD6FF09600FBE7682273
:10ADF00002FB04331A7E022AF6D1DA69501CF3D022
:10AE00000132DA6100200B60EDE700BF9C6A002090
:10AE1000024B012283F88026002070479C6A0020A4
:10AE20002DE9F0410A4C002526464FF00108032782
:10AE3000C4F81C802776204601350DF0AFFD102D9B
:10AE400004F16804F4D1002386F88036BDE8F0816F
:10AE50009C6A0020F8B5214D95F8803606460F46CD
:10AE6000002B34D000242B462246197EF9B13CB980
:10AE7000022905D1D96919B91979002918BF1C46C9
:10AE80000132102A03F16803EFD114B96FF08C007E
:10AE90000BE0237E022B04D1E3695A1C1CBF013353
:10AEA000E36120460DF07AFD10B100240DE01C4650
:10AEB000237E7BB90123237636B1094B651BED1048
:10AEC0005D4305F18045356000203C60F8BD6FF0C2
:10AED0008800EAE76FF09600E7E700BF9C6A002071
:10AEE000C54EECC438B5094B00250D6093F880368B
:10AEF00043B1FFF749FF10F18C0F02D10D606FF0E5
:10AF0000870038BD6FF08800FBE700BF9C6A002017
:10AF100010B500F0FE44B4F1A06F07D0B4F1806F1B
:10AF200001D0094C00E0094CA04202D06FF085002E
:10AF300010BD0120B1F5105F1070F7D10BB90020E2
:10AF4000F6E702221A70FAE70002C0030044400448
:10AF500010B5036804462BB1054A934205D104306D
:10AF60000EF06DF90020206010BD6FF08800FBE747
:10AF700009000002F8B5076805460C4607BB124BEE
:10AF8000994213D1061D30460EF055F93046394628
:10AF900000F08CF9064628B92C603046BDE8F84030
:10AFA0000DF05ABC2846FFF7D3FFF6E701F0FE4448
:10AFB000B4F1007F14BF6FF086006FF08500F8BD1C
:10AFC0006FF08800FBE700BF0900000210B5074BD7
:10AFD00004689C4206D104300EF036F9BDE81040FA
:10AFE0000DF03ABC6FF0880010BD00BF09000002F0
:10AFF0002DE9F041047844F0007404F17E44033CF0
:10B00000102C1F4698BF124B3A6098BF1C5D064635
:10B010008846154688BF00241AB1212140460EF00B
:10B02000F1FDAC420DD832680A4B9A420CD1414630
:10B03000301D0EF049F90DF00FFC00B93C60BDE881
:10B04000F0816FF08900FAE76FF08800F7E700BF42
:10B0500052F90500090000027FB5036816460E4A42
:10B0600023F47E1393420D4613D1694604300EF04B
:10B07000C1FC044620B93246694628460EF09BFDC5
:10B080006846102100F08AFB20460DF0E5FB04B075
:10B0900070BD6FF08800FAE70002C00310B50368C6
:10B0A00004464BB1094A23F47E13934206D104307F
:10B0B00000F09EFB00232360002010BD40220021F1
:10B0C0000EF0A0FD6FF08800F7E700BF0002C0039C
:10B0D0002DE9F843D0F8009005460E461746B9F121
:10B0E000000F30D123F47E140360184B9C420FD123
:10B0F00000F1040840460EF0B3FB318872884B46DD
:10B1000020460EF009F8014658B96FF0850416E0A4
:10B11000402249460EF076FD6FF085042046BDE8DA
:10B12000F883404600F080FB20B9728839464046DB
:10B130000EF0B5FB0DF090FB04460028EED028463B
:10B14000FFF7ACFFEAE76FF08804E7E70002C0030F
:10B1500010B503685BB1074C23F47E13A34206D1FC
:10B1600004300EF0C2FBBDE810400DF075BB6FF06F
:10B17000880010BD0002C0032DE9F04FCFB0044697
:10B18000039100F1480346AD00F16806186859685C
:10B190002A4603C20833B3421546F7D104AAD2E9BE
:10B1A0004483D2E94797D2E942160193D2F824B1F9
:10B1B0003D4BD2F8185102934FF0000CBCF10F0F29
:10B1C0005AD8039B53F82C301BBA4FEAF52E87EA66
:10B1D0000900DDF808A093608EEAB51E28408EEACB
:10B1E000756E784070445AF804EBCDF808A07044AE
:10B1F00003444FEA713E46EA010006EA010A8EEA7C
:10B20000B10E00EA080040EA0A008EEAB15EDDF8FD
:10B2100004A0CDF804800CF1010C5B448644BCF121
:10B22000400F9A4402F104027344BB461DD104A8A6
:10B23000C0E94897C0E946A5C0E94468C0E9423181
:10B24000C0E9003E45A904F14403643453F8042FD7
:10B2500051F8045F9C422A441A60F7D14FF494716C
:10B2600000F09CFA4FB0BDE8F08FB0464F460E4656
:10B27000A94619465546A1E7136852F834AC52F86E
:10B28000380C4FEAF34E8EEA734E8EEA932E52F844
:10B29000143C03444FEABA4080EAFA10734480EA4F
:10B2A000DA00034491E700BF68AE05000346084694
:10B2B000C1B9C3E910110D4A0D49DFF838C0C3E91F
:10B2C00012120D4A0D49C3E914C20D4AC3E9161200
:10B2D0000C4A1A6602F17452A2F52302A2F69242B7
:10B2E0005A6670476FF08600704700BF85AE67BB37
:10B2F00067E6096A72F36E3C3AF54FA57F520E512C
:10B300008C68059BABD9831F043004289ABF034B7C
:10B3100033F910006FF08300704700BF8CB905004F
:10B32000014B0EF06AB900BF0CB0050070B51446B1
:10B3300088B006460D46204621460C4A0EF0BBF961
:10B34000224621466846FFF7EBFF6A463146304603
:10B35000FFF7E6FF224669466846FFF7E1FF6A46C7
:10B3600029462846FFF7DCFF08B070BD0CB0050089
:10B3700030B5044689B00EF005F90C4A21466846FE
:10B380000EF098F80121054668460EF077F86A46F7
:10B39000214668460EF08EF82DB1003818BF012006
:10B3A000404209B030BD4FF0FF30FAE7C8AF0500AA
:10B3B00030B589B004460EF07DF821460546054AB1
:10B3C00068460EF061F82A46694620460EF089F874
:10B3D00009B030BD0CB0050070B5044690B00D4604
:10B3E000114616460EF0CEF8234A214608A80EF064
:10B3F00061F8012803D04FF0FF3010B070BD114646
:10B4000020460EF037F906F1200128460EF0BAF872
:10B41000194A294608A80EF04DF80128EBD111462B
:10B4200028460EF027F92A4629466846FFF778FF96
:10B430002246214608A8FFF773FF08A922460846BE
:10B44000FFF76EFF08A922460846FFF7B1FF08A9DB
:10B4500022460846FFF7ACFF08A922460846FFF738
:10B46000A7FF08A90846044B044A0EF0B1F808A942
:10B4700068460EF047F8C0E70CB00500A8AF05001D
:10B4800070B598B004460D4608A811461646FFF759
:10B4900047FF344B08AA214668460EF099F808AADF
:10B4A000214610A8FFF784FF10AA694608A8FFF7F5
:10B4B00037FF08AA114668462A4B0EF089F8294B37
:10B4C00008AA694668460EF083F82A46294610A85D
:10B4D000FFF726FF10AA234B114610460EF078F80E
:10B4E00010AA214608A8FFF71BFF08AA1D4B11460A
:10B4F00010460EF06DF810AA11461046FFF710FF27
:10B5000010AA184B114610460EF062F86A466946BA
:10B510002046FFF705FF08AA21462046FFF748FF0F
:10B5200008AA21462046FFF743FF32462946304607
:10B53000FFF7F6FE0B4B3246314630460EF048F828
:10B54000224608A92846FFF733FF6A4629462846BF
:10B55000FFF7E6FE10AA29462846FFF729FF18B094
:10B5600070BD00BF0CB005002DE9F04FA3B00C4634
:10B570002C9E31490546924602A8324699460DF066
:10B5800099FFD6F800B031460BF0010202A80DF188
:10B5900048080DF0A6FF002140460DF06FFF4A4617
:10B5A00041460AA8FFF704FF0122514628460DF044
:10B5B00098FF0122494620460DF093FF1F4A0121C2
:10B5C0001AA80EF06DF86FEA0B0202F001020AA948
:10B5D00020460DF086FFFF277B0922AA02EB83039A
:10B5E00007F01F0253F8806CD64086EA0B06F24340
:10B5F00002F00102494640460DF073FF06F00102D9
:10B600000AA940460DF06DFF1AAA21462846FFF709
:10B6100037FFCDF8008053461AAA214628460EF07F
:10B620008CF8013FD8D11AAA21462846FFF77EFEA2
:10B6300023B0BDE8F08F00BFC8AF05000CB0050017
:10B640002DE9F74306460D46174698464FF0040984
:10B65000202130460EF0D2F880B931462846FFF757
:10B6600087FE044638B9084B084A009541463846DB
:10B67000FFF77AFF04E0B9F10109E9D14FF0FF3497
:10B68000204603B0BDE8F08368AF050088AF050031
:10B6900030B599B00D4610AB694608AAFFF7D0FF48
:10B6A00020210446684600F079F86CB9084A08A9D8
:10B6B00028460EF030F8064A10A905F120000EF0D9
:10B6C0002AF8204619B030BD4FF0FF34F9E700BF2B
:10B6D0000CB0050070B5AAB002AD06462846144667
:10B6E000FFF746FEC8B9224612A90AA8FFF774FE62
:10B6F0000446A8B90AAA22A91AA8009512ABFFF716
:10B7000033FF094A1AA930460EF005F828462021D1
:10B7100000F044F820462AB070BD6FF00204F5E74F
:10B720006FF00104F2E700BF0CB0050070B59AB0ED
:10B7300002AE05463046FFF71BFE0446C0B90E4B6D
:10B740000E4A009612A90AA8FFF70EFF20213046E4
:10B7500000F024F80A4A0AA928460DF0DCFF084A3E
:10B7600012A905F120000DF0D6FF20461AB070BDD9
:10B770006FF00204F9E700BF68AF050088AF05006D
:10B780000CB00500014B1B68184700BF640900207E
:10B79000014B1B68184700BF6009002010B50A461E
:10B7A000044619B1024B00211B68984710BD00BF29
:10B7B00050B00500F0B50C4B0C4E0446586800B96B
:10B7C000F0BDC579C5F3840556F825502D78A542FE
:10B7D00008D1457905F00F07B1EB871F02D1B2EB15
:10B7E000151FEDD00833E9E758B0050054B0050047
:10B7F00010B50446A8B1806B10B124210EF026F8D4
:10B80000606B40B12368074ADB79C3F3840352F8C5
:10B8100023305B69984720463C21BDE81040FFF784
:10B82000BDBF10BD54B0050038B505460C46A9B1E2
:10B830003C2200210EF0E6F9E3790A4AC3F38403BF
:10B8400052F823301B6913B92C60002038BD98478B
:10B8500068630028F8D16FF08C00F7E76FF086007E
:10B86000F4E700BF54B0050070B4DCB2012C25D859
:10B8700004681CB3E57905F00305012D05D8657949
:10B8800005F00F05B2EB851F18D142600372E57910
:10B890000C4E406BC5F38405012B56F8255008D09B
:10B8A000637903F0F004302C03D003F0E003402B65
:10B8B00002D1AB6870BC1847EB68FBE76FF08600FD
:10B8C00070BC704754B00500F0B40468049F1CB904
:10B8D0006FF08600F0BC704700243C6006683EB301
:10B8E000347914F01F0423D0767906F0F006102E78
:10B8F00011D1A2421ED13A6002680F4CD279C2F334
:10B90000840254F8222054680A46A44690F908108C
:10B91000406BF0BC6047994208D1C369002BD7D176
:10B92000B2FBF4F304FB1322002AD1D10348D1E780
:10B930000348CFE70348CDE754B00500809FFFFFE1
:10B94000809CFFFF809DFFFF70B50C230024CD5825
:10B9500022462EBA42EA460212BAC250043B1A1DCF
:10B96000C5F3C014F3D1084B1A680B7882EAD312DE
:10B9700053085B4252421343DB17C27B03F0870339
:10B980005340C373002070BD20710020C02AF0B561
:10B9900044D0B2F5807F43D0802A40F0BA800A2399
:10B9A000036003460024520943F8044F01EB82026E
:10B9B00051F8044B43F8044F8A42F9D103680C2B29
:10B9C00030D00E2B5ED00A2B26D1534D534900F1B7
:10B9D000A006426955F8044B8768C2F307237C40F0
:10B9E000CB5C6340140E10300C5D83EA0443D4B288
:10B9F0000C5D83EA0463C2F307440C5D83EA04230D
:10BA000050F8044C836063400468C36063405A404C
:10BA1000036142618642DCD10020F0BD0C23BFE708
:10BA20000E23BDE73C4C3D4900F1C005C26954F806
:10BA3000046B8768C2F307237E40CB5C7340160E0D
:10BA400018308E5D83EA0643D6B28E5D83EA0663C4
:10BA5000C2F307468E5D83EA062350F80C6C8360C0
:10BA6000734050F8086CC360734050F8046C036175
:10BA700073400668436173405A408361C2618542E6
:10BA8000D4D1C9E7244D254900F1E006446A55F8B0
:10BA9000042B8768C4F307237A40CB5C8769534043
:10BAA000220E20308A5C83EA0243E2B28A5C83EA97
:10BAB0000263C4F307428A5C83EA022350F8142C21
:10BAC0008360534050F8102CC360534050F80C2C46
:10BAD00003615340DAB243618A5C7A401F0ECF5D46
:10BAE00082EA0762C3F30727C3F30743CF5DCB5C4A
:10BAF00082EA072282EA034350F8042C8361534010
:10BB00000268C36153405C40036244628642BDD117
:10BB100082E76FF01F0080E7A8B0050063FA050018
:10BB20002DE9F04FC9B002AD044628460E4617462F
:10BB30000EF036F80023314663603A462846FFF798
:10BB400025FF0646002835D1029F039B3448DFF8C5
:10BB5000D4C0276004A903EB870301EB830251F8EB
:10BB60002330A3605368E36093682361D368636103
:10BB700004F1180E103A7B1E984671469146B8F1B2
:10BB8000000F20DC002F4FEA0313C8BF1C46C3F18F
:10BB90000003D8BF002302EB0300D8BF00240EEB44
:10BBA0000401D3584EF8043043684B6083688B60BF
:10BBB000C368CB6002A84FF48C71FFF7EFFD3046ED
:10BBC00049B0BDE8F08F01F11004A9F1040B019414
:10BBD0005BF8044F250E1CF8055050F825A0E5B27F
:10BBE0001CF8055050F8255085EA3A2AC4F3072579
:10BBF000C4F307441CF805501CF8044050F82550C5
:10BC000050F824408AEA356585EA344541F8045BFA
:10BC1000019CA142DCD108F1FF38A9F11009AEE77F
:10BC2000D0B0050063FA05002DE9F04F012993B06B
:10BC30008C469E4600F27483436817685668956880
:10BC4000D46850F8082B4FEA6208990008F1FF38D1
:10BC5000BCF1000F40F0BC81421850F8233087EA55
:10BC6000030A53687340029393686B400393D3684D
:10BC70006340DDE9020404931E46D34B303255463F
:10BC800052E9069BCDF814B052F810BCCDF818B0AC
:10BC900052F80CBCCDF81CB052E9081752F808BC99
:10BCA000CDF820B0B8F1000F52F804BCCDF824B0A4
:10BCB00002F1200200F3CA80BCF1000F03D1DDE9DC
:10BCC0000204049E55465FFA85FC020E53F82CC010
:10BCD00053F8222081EA0C0181EA3221C6F30722BF
:10BCE0005FFA80FC53F8222053F82CC081EA3261BD
:10BCF000C4F3074287EA0C0753F8222081EA324155
:10BD0000220E5FFA84FC53F8222053F82CC00E91C7
:10BD100087EA3227C5F3072289EA0C0953F8222063
:10BD200087EA3267C6F30742C4F3072453F8222098
:10BD300053F8244087EA3247320EF6B253F82220F5
:10BD400053F826600F9789EA3229C0F30722C0F31F
:10BD5000074053F8222053F8200089EA3269C5F3DE
:10BD600007422D0E53F8222053F82550974B89EAAD
:10BD70003248059ACDF84080724082EA352585EA3E
:10BD8000346484EA30403C0E069A1D5D1190CCB2BA
:10BD90001C5D544084EA0564C0F30725079A5D5D85
:10BDA00084EA0524C8F307455D5D84EA05444FEA4B
:10BDB00018650A945E5DFDB25D5D554085EA0665D5
:10BDC000C1F307269E5D85EA0625C0F307469E5D02
:10BDD00085EA0645060E0B9513F806C0089ACEF8BC
:10BDE00000405FFA88F6C0B29E5D564086EA0C6657
:10BDF000C7F3072C099A13F80CC086EA0C26C1F386
:10BE0000074C090E13F80CC086EA0C4613F801C063
:10BE1000195C0C965140C8F30722C7F307479A5C98
:10BE2000DB5D81EA0C6181EA022282EA03430D9321
:10BE30000AA8CEF80450CEF80860CEF80C302021C5
:10BE4000FFF7ACFC002013B0BDE8F08F4FEA106C98
:10BE500008F1FF3853F82CB05FFA85FC53F82CC07A
:10BE600081EA0C0CC6F307218CEA3B2C53F8211015
:10BE70008CEA316CC4F3074153F821108CEA314C41
:10BE8000210E53F821B0C1B253F821107940C5F307
:10BE9000072781EA3B2153F8277081EA3761C6F30F
:10BEA000074753F8277081EA3741370EF6B253F847
:10BEB00027B00191E7B253F8266053F8277005992F
:10BEC00089EA0707C0F3072987EA3B2753F8299037
:10BED00087EA3969C5F307472D0EC4F3072453F8E1
:10BEE000255053F8244053F82770C0F307407140A1
:10BEF00053F8200081EA3526019986EA34665FFA14
:10BF00008CF486EA3046080E53F82450069953F80C
:10BF10002000694081EA3025C6F3072089EA3747C7
:10BF200053F82000079985EA3065C7F3074053F8B6
:10BF3000200085EA3045380E53F820409DF8040073
:10BF400053F82000414081EA3420CCF3072453F811
:10BF5000244080EA3460C6F3074453F8244080EA62
:10BF60003440340EF6B253F82490FCB2C7F30727DE
:10BF700053F82440089953F8266053F8277061401D
:10BF800081EA39240199C1F30729099953F82990C5
:10BF900084EA3964CCF307494FEA1C6C714053F8CA
:10BFA0002CC053F8299081EA3C260199C1F307413E
:10BFB00086EA376653F8211084EA394486EA314626
:10BFC0004FF0010C5CE600BFD0B0050063F905003E
:10BFD00050F82330D44A01447B4002934B687340AD
:10BFE00003938B686B400493CB68DDE903056340E2
:10BFF000029C059330311E464FF0000C51F810BCE6
:10C00000CDF818B051F80CBCCDF81CB051E9083788
:10C0100051F808BCCDF820B051E906A9B8F1000FDD
:10C0200051F804BCCDF824B001F1200100F3BA802E
:10C03000BCF1000F03D1DDE90305059E029C5FFA08
:10C0400084FC310E52F82CC052F8211083EA0C0304
:10C0500083EA3123C0F307215FFA80FC52F82110F4
:10C0600052F82CC083EA3163C5F3074187EA0C0715
:10C0700052F8211083EA3143210E0E9352F8211019
:10C0800087EA3127C5F3072152F8211087EA316783
:10C09000C6F3074152F8211087EA3147E9B22D0E65
:10C0A00052F8211052F825500F978AEA010C010E20
:10C0B000C0F3074052F8211052F820008CEA312CCE
:10C0C000C6F30721F6B252F8211052F826608CEA26
:10C0D000316CC4F30741C4F3072489EA060652F819
:10C0E000244052F82110914A86EA352585EA3464C5
:10C0F00084EA3040040E069E155D1190DCB28CEA95
:10C100003141145D1091744084EA0564C7F307253A
:10C11000555D84EA0524C1F30745555D84EA054869
:10C120001D0E079C565DCDF82880FDB2555D65401B
:10C1300085EA0665C1F30726965D85EA0625C0F304
:10C140000746965D85EA06453E0E0B9512F806C039
:10C15000089CCEF80080CEB2090E965D664086EA55
:10C160000C66C0F3072CC0B212F80CC086EA0C268D
:10C17000C3F3074CC3F3072312F80CC0D35C86EA61
:10C180000C4612F801C0115C09980C96C7F30747DA
:10C190004140D25D81EA0C6181EA032383EA0243D4
:10C1A0000D9345E64FEA166C08F1FF3852F82CB0B3
:10C1B0005FFA84FC52F82CC083EA0C0CC0F307230E
:10C1C0008CEA3B2C52F823308CEA336CC5F30743DE
:10C1D00052F823308CEA334CC3B252F823305F401C
:10C1E000230E52F8233087EA3327C5F3072352F88A
:10C1F000233087EA3367C6F3074352F8233087EAD0
:10C2000033430193030EC0F3074052F823B052F8B2
:10C210002000079FEBB22D0E52F8233052F8255024
:10C220008AEA0303C6F3072AF6B252F82AA052F8A4
:10C23000266083EA3B2383EA3A6AC4F30743C4F3E4
:10C24000072489EA060652F8244052F8233086EA89
:10C25000352686EA346686EA30465FFA8CF08AEA4A
:10C26000334352F82040069860400446300E52F89E
:10C27000200084EA30240198C0F3072052F82000FF
:10C2800084EA3064C3F3074052F8200084EA304463
:10C290004FEA1C6052F820509DF8040052F820002C
:10C2A000474087EA3520C3F3072552F8255080EA36
:10C2B0003560C6F3074552F8255080EA3540019DA8
:10C2C0002D0E52F82590DDB21B0E52F82550089F16
:10C2D00052F823306F4087EA3925C6F30729F6B2B2
:10C2E00052F8299052F82660099F85EA3965CCF307
:10C2F0000749CCF3072C774087EA332652F82C30D5
:10C3000052F8299086EA3366019BC3F3074785EA12
:10C31000394552F827304FF0010C86EA33466DE676
:10C320006FF086008FE500BFD0B4050063FA05000A
:10C330000CB430B58BB004460D462022002102A873
:10C340000DF060FC02238DF80A30002D0C4B039396
:10C35000069412DB01D06B1E1C440FAA0E990794A1
:10C3600002A8019200F0E8F815B1069B00221A70AD
:10C370000BB0BDE8304002B070470024EDE700BFCD
:10C38000919D0500242A2DE9F041054601D8012A96
:10C390000AD1DEF723FD344B16221A5001B10D608D
:10C3A0000020BDE8F0813046064616F8014B202CEF
:10C3B000F9D0A4F10907042F2346F4D92B2C32D04D
:10C3C0002D2C33D14FF0010C3378861C302B34D117
:10C3D000307840F0200078282BD132F0100028D19E
:10C3E00073783546102202360CF10047013F0020D9
:10C3F000B7FBF2FE02FB1E78392B82BF03F1FF333D
:10C4000043F02003263B303B9A421DD9704502D8A9
:10C4100017D1984515D24CF0020C3446354614F825
:10C42000013B2646E8E74FF0000CCDE74FF0000C4B
:10C43000CCE7002A08BF0822D6E7002A08BF0A2254
:10C44000D2E700FB0230E8E701B10D601CF0010FFC
:10C4500018BF40421CF0020FA3D0DEF7BFFC024B16
:10C4600022221A5038469CE70C000000242AF0B51E
:10C47000044601D8012A40D1DEF7B0FC2D4B16222C
:10C480001A5001B10C600020F0BD2F463D4615F852
:10C49000010B2028F9D0A0F10906042E0346F4D997
:10C4A0002B282CD02D282CD101262B78BD1C302BED
:10C4B0002DD1287840F02000782824D132F01000C7
:10C4C00021D16B782C46102202350020392B82BFF7
:10C4D00003F1FF3343F02003263B303B9A421AD945
:10C4E000A0FB02040CB9C01801D346F002062F4687
:10C4F0002C4617F8013B3D46E8E70746C6E700260D
:10C50000D3E70026D3E7002A08BF0822DDE7002A88
:10C5100008BF0A22D9E701B10C60F20748BF4042C8
:10C52000B307B1D5DEF75AFC024B22221A504FF066
:10C53000FF30A9E70C0000002DE9F04F8BB04368F5
:10C54000009383789C078046924640F1F98000254D
:10C550000878002800F0F68025280AD04B1C0193AB
:10C5600001354146009B98470028C0F2E3800199BD
:10C57000EEE74E788B1C252E0193F1D00027B946AB
:10C580003C460A221F2C22D8A6F12003102B20D8CB
:10C59000DFE803F0141F1F1A1F1F1F0B1F1F1F129E
:10C5A0001F171F1F090044F00104019B13F8016BC2
:10C5B0000193002EE6D13AE044F0020444F0040472
:10C5C000F3E744F00804F0E744F01004EDE77F2CB3
:10C5D00024D8A6F13003092B08D860064EBF02FB11
:10C5E000073702FB093944F02004DEE72A2E0DD17B
:10C5F00061065AF8043B53D4002BA7BF44F0200433
:10C600009946C3F1000944F02804CEE72E2E05D147
:10C61000630600F1978044F04004C6E76C2E2ED0EC
:10C6200028D8682E32D06A2E37D04C2E35D0002F25
:10C6300046F02003B8BF24F04004A3F16502BCBF5C
:10C64000A4B20027022A01D9612B2BD10AF1070AD3
:10C650002AF0070A9C4E0AF1080A0727210760D52D
:10C6600006EB070B34465C455DD1AE1BA219A9EB66
:10C67000070959E1742E98D07A2E96D0D7E726066E
:10C6800048BF44F4007444F080048EE7E00548BFDE
:10C6900044F4007444F4807487E744F4207484E71D
:10C6A0001F4682E7A6F16302122A00F2D880DFE873
:10C6B00012F013004D00D600D600D600D6004D0073
:10C6C000D600D600D600D600D600E800D100D600AD
:10C6D000D6001A00D600A0005AF8043B8DF810309E
:10C6E000012704AEBAE75AF8046B784B002E08BF56
:10C6F0001E4614F0400F14BF39464FF0FF3130464C
:10C700000DF0B7FA0746A9E7009B4146202098475D
:10C7100000280FDB013CA742F6D34D442D1BA14658
:10C720009EE74C46F7E714F8010B009B41469847FB
:10C73000002898DA98F8023043F0040388F80230B1
:10C740004FF0FF3528460BB0BDE8F08F220630D5FC
:10C75000A3052AD50AF1070A2AF007039A46596861
:10C760005AF8080B24F0100B00291FFA8BFB2FDA64
:10C77000404261EB41014BF4806B04AC0A2322463A
:10C780000DF0AFFA1BF0400FA0EB040200F08E801A
:10C790002BF001049742A4B240F38F80002E40F0AA
:10C7A0008E802BF01104A4B21DE05AF8040BC117BF
:10C7B000D8E7E0055AF8041B01D40846F7E7A205BC
:10C7C0004BBF48B208B241F3C01141F3C031C9E7D1
:10C7D00050EA0103D1D16306CFD5002FCDD124F08B
:10C7E0001104A4B23A463B4640F206410C4262D1E3
:10C7F00024E024F01004A4B20A2314F0800243D0F1
:10C8000014F400711FBF0AF1070A2AF007029246CA
:10C81000516814BF5AF8080B5AF8040B50EA010289
:10C820003ED124F0160B62061FFA8BFB3CD5002F7D
:10C830003AD124F01704A4B23A463B4621075AD411
:10C84000E10705D5994572DDA9EB03039F184B4617
:10C850009B464AE044F0100410237826CDE7782B5D
:10C8600004D1C6F1780343F01003C6E7009B4146AC
:10C87000252098470028FFF65DAF02354146304637
:10C8800070E608230026B8E714F480715AF8040B08
:10C89000C4D014F400711ABFC0B2114680B2BDE713
:10C8A00024F006041FFA84FB04AC68E713465C46D8
:10C8B000E10699D52EB90133C0E71346F8E73B46A8
:10C8C000F6E70233BAE700BF73C705006CC705007F
:10C8D000CDE902324146009B202098470028FFF610
:10C8E00029AFDDE902320BF1010BD945F0DCEB1A7F
:10C8F00003EB0B055B46E10627D5CDE90232414645
:10C90000009B302098470028FFF614AFDDE9023283
:10C910007EB901352F44791B8A4229DB144604AEC7
:10C920009CBB2A44A9EB03091546914442E01746F3
:10C930008EE7CDE90232023541463046009B9847EA
:10C940000028DDE90232E5DAF4E640F206410C4265
:10C95000E0D014F0020F14BF2B20202014F4806FBD
:10C96000CDE9023205F10105414618BF2D20E5E76A
:10C97000CDE902324146009B302098470028DDE98E
:10C98000023205F10105C6DAD4E6013CCDE90232F6
:10C99000305D009B414698470028DDE90232BFDA4E
:10C9A000C8E6009B414620209847002805F1010574
:10C9B000FFF6C0AEA9EB0503002BF2DCD7E500BF04
:10C9C000704770471FB50024CDE90144BDF81840F9
:10C9D000009404F084FD04B010BD1FB5042402943B
:10C9E000CC680194BDF81840009404F078FD04B0C0
:10C9F00010BD006838B1BFF35B8FC068BFF35B8FB9
:10CA0000084100F0010070478368DB690BB1012227
:10CA10001847704703460A4600681979012303FA4C
:10CA200001F103691B68194218BF82F0010212B1BB
:10CA30008368DB68184783681B69FBE730B40346EB
:10CA400000681979DB8803F04003826805699469FE
:10CA5000ACB12D6801228A402A420CBF43F0B86372
:10CA600083F0707323F0794323F47F0323F47F432F
:10CA7000A44623F0BF0330BC4FF0A072604730BC27
:10CA800070470BF058BB08B541F69A100021FFF72C
:10CA9000F8FFBDE80840DCF77BB907B50023CDE916
:10CAA0000033F2F729FE03B05DF804FB00EBC10090
:10CAB000408840087047F8B50346FFF7F7FFB0FA23
:10CAC00080F0C0F11F0003EB800CCA00DCF810609E
:10CAD000171D0C4606328DB256B9012101FA00F03D
:10CAE000D9680143D960CCF81040DD539D52F8BDA0
:10CAF000F1000431585AD85303EBC0009E52C58050
:10CB00005D52F4E710B500EBC104E388994202F1ED
:10CB100004010AD1012303FA02F2C36823EA0203E3
:10CB2000C360002340F8213010BDA28840F82130B6
:10CB300000EBC20100EBC300CB808280F4E708B5B4
:10CB40000346FFF7B3FFB0FA80F2C2F11F021846A6
:10CB5000BDE80840FFF7D6BF2DE9F843B1FA81F3ED
:10CB6000C3F11F0200EB82090646D9F810700D468A
:10CB700087B9C3F120034FF0FF349C40F3681C4099
:10CB800014D094FAA4F2B2FA82F2131D56F823409C
:10CB9000214608E03C464FF0030821463046FFF7A7
:10CBA00085FFA84205D33046FFF7ACFF2046BDE81D
:10CBB000F88306EBC404B8F10108E488C9F8104012
:10CBC000D7D0A742E9D1D4E738B50446FFF76EFFC6
:10CBD0000D46034611462046FFF768FF03449BB20B
:10CBE00004EBC5055A006A802046FFF75FFF014449
:10CBF00024F8313038BD70B50446FFF757FF0B46B7
:10CC000004EBC305511A9B1A89B203444E009BB230
:10CC100004EBC2006E805D00458024F8321020468F
:10CC20001146FFF743FF014424F8313070BDF8B5D9
:10CC3000002951D004680D1F2D1BEE0825F00705B3
:10CC40006219538813F0010306D183F31188BFF3EF
:10CC50006F8F0423184602DF31462046FFF726FF78
:10CC6000304434F83030C01A864207D0002383F3B2
:10CC70001188BFF36F8F0423184602DF538823F017
:10CC80000103538031462046FFF710FF371804EBAD
:10CC9000C7035B88DA0708D439462046FFF74FFF01
:10CCA0003A4631462046FFF78FFF655B751B04EB64
:10CCB000C5035B88DB0709D429462046FFF73FFF01
:10CCC000324629462046FFF77FFF2E463146204652
:10CCD000BDE8F840FFF7EFBEF8BD70B509B9002018
:10CCE00070BD056801F007030B33CC0804EBD304D7
:10CCF000AB689C4228BF1C4621462846FFF72CFF04
:10CD000006460028EBD001462846FFF7CFFEA0429A
:10CD100007D932192846FFF76EFF11462846FFF75C
:10CD2000CAFE05EBC6021046538843F00103538048
:10CD30000430D5E71146FFF7D0BF2DE9F84314467C
:10CD40004A4202EA010931EA020203460BD04A468E
:10CD5000042A4F4628BF0422A1EB09096CB900251B
:10CD60002846BDE8F883042904D82146BDE8F843E5
:10CD7000FFF7B3BF00270422F0E71E68A9EB020209
:10CD800004F0070302F007010B330B44E10801EB49
:10CD9000D20101EBD301B368994228BF194630464E
:10CDA000FFF7DAFE80460028D9D03D1D05EBC0050F
:10CDB00009F1FF3335441D44B5FBF9F509FB05F5D1
:10CDC000ED1B2C442B1F07349B1B24F00704A41BD2
:10CDD000B0EBD30F4FEAD3074FEAE40408D2014681
:10CDE0003A463046FFF707FF41463046FFF763FEFD
:10CDF00039463046FFF75AFE3844844207D230465F
:10CE00002246FFF7F8FE21463046FFF754FE06EBB8
:10CE1000C706738843F001037380A1E7043A2DE944
:10CE2000F843CC1D114424F0070421F00706A6EBBB
:10CE300004084FEAD807B7FA87F2C2F12405AD001B
:10CE40004FF000090735C2F12002ED0804604946A1
:10CE5000A760C4F80C90920004F110000CF0D2FE10
:10CE6000AAB2530043F0010363807B1B9BB204EB27
:10CE7000C5015800A4F80090488024F83520A6F891
:10CE8000029024F8083004EBC70329465A8842F080
:10CE900001025A802046BDE8F843FFF70CBE00208F
:10CEA00070470FB407B504A951F8040B0191DCF7E2
:10CEB00017FE03B05DF804EB04B070470FB407B57C
:10CEC00004A951F8040B0191DCF70AFE03B05DF8E8
:10CED00004EB04B07047F0B5642304460425002039
:10CEE0004FF00A0C11B1013D01D12570F0BD9A42FD
:10CEF000B2FBF3F7FEB202D2012B00D030B13036D4
:10CF00000139013004F8016BC9B2C0B203FB17222A
:10CF1000D2B2B3FBFCF3E5E7A0F13003DBB2092B9F
:10CF200002D80B7000207047A0F16103052B02D8D6
:10CF300057380870F6E7A0F14103052B01D83738C0
:10CF4000F7E76FF015007047F7B5054601F00100EF
:10CF500000EB51069E424FEA510703D900263046A6
:10CF600003B0F0BD58B128780DF10701FFF7D4FFE9
:10CF70000028F3D19DF8073002F8013B0135013557
:10CF80001744BA42EBD015F8010C0DF10701FFF779
:10CF9000C3FF0028E2D19DF807402401E4B21470D9
:10CFA00015F8020BFFF7B8FF0028D7D19DF807301E
:10CFB0001C4402F8014BE4E7036800220BB9184651
:10CFC00070478B4210D10B6842B9426803609142AE
:10CFD00000D1436000230B60012070471360436859
:10CFE000994208BF4260F5E71A461B68E6E7038BE3
:10CFF00013F0070306D10368002B18BF032008BFF6
:10D0000000207047022B05D1408BB0FA80F0400918
:10D0100080007047012B04D10368002B18BF052046
:10D02000EDE70020704710B50C4600B111B96FF064
:10D03000150010BD081D00F0C6F80028F9D1A3683E
:10D04000032BF6D9F3E72DE9F0410D4607461946C3
:10D05000281D90461E4600F0CAF8044638B13346F3
:10D06000424629463846A446BDE8F0416047BDE83F
:10D07000F08110B4EFF31182202484F31288BFF3FF
:10D080006F8F416110BC0121DCF772BD38B50C46D1
:10D09000054658B151B10B6843B14B6833B11C22FE
:10D0A00000210CF0AFFD2C61002038BD6FF01500A1
:10D0B000FBE7F8B504460E46FFF7B5FF051E3BDB60
:10D0C000EFF31182202383F31288BFF36F8F638BFA
:10D0D000278B4FF6FF718B4207F007072ED0062FE4
:10D0E0002FD8DFE807F0182E082E180418006FF06C
:10D0F0008505002303E0013363830225012382F3C6
:10D100001188BFF36F8FBBB100233A4631462046EA
:10D11000FFF799FF10E000233360636823B9C4E987
:10D12000006627B13D46E4E71E606660F9E702212C
:10D130002046DCF71DFD3D462846F8BD6FF00A0588
:10D14000D7E76FF00405D4E710B5EFF31182202381
:10D1500083F31288BFF36F8F048B04F00704022C53
:10D160000AD0012C0CBF6FF004006FF0850082F331
:10D170001188BFF36F8F08E0438B013B9BB2438361
:10D1800023B92146DCF7F4FC204610BD2046EEE72B
:10D1900038B5A8B1A1B1EFF31185202282F312882E
:10D1A000BFF36F8F048BFFF707FF30B104F0070068
:10D1B00085F31188BFF36F8F38BD6FF07700F7E705
:10D1C0006FF01500F8E7034640B1426802F0030231
:10D1D000022A06D0032A04D0012A05D06FF01500D8
:10D1E00070471A68002AF9D000209860704710B57F
:10D1F0004268816002F00302022A03460AD0032A31
:10D200000BD10468002000225A6008B1FDF79CFA97
:10D21000204610BD00680024F5E700242046F2E710
:10D22000704710B484686468A44610BC604770B44A
:10D23000C6680468806A0D0C06FB054414FA81F187
:10D2400084682468A44670BC60472DE9F0431C46FE
:10D25000C36A1D686D4289B006468846174605F0C8
:10D2600020051CB9204609B0BDE8F083AC42A146B8
:10D2700028BFA9464B466A4641463046FFF7D7FFCE
:10D280000028F0D16B46484502D1241A8044E8E7D3
:10D2900013F8012BBA4201D10130F4E70120E2E793
:10D2A0000B6803F580330B60008A1A0CB0EB134F48
:10D2B00004BFA3EB02430B60704738B5C268036834
:10D2C0000D0C090C04462D04806A02FB013100F0AC
:10D2D000A5FD50B9E26AE368527929462046FFF776
:10D2E000B4FF002818BF6FF0050038BD10B5014627
:10D2F00004460722FF20F2F707F9E07110BD2DE97F
:10D30000F04F07465368D06803445069C34293B056
:10D3100003D1002013B0BDE8F08FFC683B68D7F85C
:10D320002CB0080C04FB003313FA81F592E80300DB
:10D3300004AB83E80300D2E9020106AB83E80300F3
:10D34000D2E90401DBF8008008AB83E80300002485
:10D35000C8F10003A146019312AB03EBC90A4FEADF
:10D36000C9015AF8346CAEB909F10109B9F1030FDA
:10D37000F2D1002CCDD00AAE9BF80510A8EB040228
:10D3800030190CF03FFCB86A434632462946FFF795
:10D3900048FFBFE7B4B9019B334013D05AF8382C8B
:10D3A000B86A2946CDE90223FFF73BFF0028B1D137
:10D3B000DDE902231A44F61A4AF8382C4AF8346C8C
:10D3C0001D44C9E7A8EB0402B24228BF3246A2B10D
:10D3D00001F148030DEB030A0AAB5AF8381C18197F
:10D3E000CDE902120CF0E7FBDDE902121144B61A96
:10D3F0004AF8381C4AF8346C14444445ACD1B86A35
:10D4000023460AAA2946FFF70CFF002882D12544AB
:10D410000446A1E7F8B507220D460646FF204C88D2
:10D420008F88F2F771F8EB79834205D13C44B4421E
:10D430008CBF00200120F8BD0020FCE70368012B11
:10D4400081BFC91801F1FF315B421940084670479E
:10D4500038B50D460A4681680446FFF750FFEB6871
:10D46000696819446B6902461944E06AFFF7E6FFF0
:10D47000A3680344A360104638BD70B586B0466803
:10D4800004460D461822002168460CF0BBFB0295AD
:10D490006A460825314620460395FFF730FF2946A6
:10D4A0000246E06AFFF7CAFF63681B1A1046636012
:10D4B00006B070BD13B54FF6FF7300220446ADF8F9
:10D4C00000308DF806308368ADF804206846ADF86A
:10D4D0000230FFF70BFF69462046FFF7CEFF02B090
:10D4E00010BD70B506460C46C06A0821FFF7A6FFBE
:10D4F0000546F068401B214680B2FFF78BFF80B1E4
:10D50000A08878B922884FF6FF739A4209D16288C1
:10D51000F3689B1AB3FBF5F205FB1230B0FA80F00A
:10D52000400970BD0020FCE7F7B504460D46C06A0F
:10D530000821FFF783FF2968074608232046FFF7E5
:10D5400076FE0646002836D12B683B442B60E26805
:10D5500099B2D21B91422ED11A0C03BF228A02F13A
:10D56000FF3203EB0241A3F58031296008236A46AC
:10D570002046FFF75CFEE8B9E36A5A796B4613F878
:10D58000011B8A420CD101300828F8D1636805E0FC
:10D590002B68BDF802206FF30F0313442B600AE0E1
:10D5A00069462046FFF79DFF0028F1D12946204615
:10D5B000DCF7FEFB0646304603B0F0BD2DE9F04F28
:10D5C0000446A1B024220D4617A800210CF01AFB36
:10D5D000E06A0821FFF732FF636881466FF30F03AB
:10D5E00006A920460693FFF75BFE069BE6680193BB
:10D5F0001E44A6EB0906082309AA314620460796D1
:10D60000FFF715FE0028C0F21581E36A09AA5979CF
:10D61000002312F8010B814240F0FB800133082BFC
:10D62000F7D1A36862684B449A4280F0EB8001997D
:10D630002046FFF742FEFDE0BDF826306FF30F06EF
:10D640001E4407960BAA07A92046DDF81CA0FFF789
:10D650006BFF002840F0EE800BA91FFA8AF0FFF75D
:10D66000D9FE48BB039B9A45ECD11022002113A898
:10D670000CF0C8FA1F9E129617AB119395B1D4F80F
:10D680002C8008214046FFF7D9FE2F890246F11968
:10D690004046FFF7D3FEA168636802440A44934200
:10D6A00080F09180002EBCD011A92046FFF7D0FE5B
:10D6B000002840F0BF80B4E7676808970DAA08A962
:10D6C0002046FFF731FF002840F0B480BDF8342039
:10D6D000BDF82C309A4244D0089B62689A423ED1F1
:10D6E000BA45BFD1BDF83060002EBBD03DB12A880D
:10D6F000BDF82C309A4202D12B89B342B2D9BDF881
:10D700002E801F9A3B0C1B049844E36A1B68591E29
:10D710005B4203F020030493A368164401EA060069
:10D720001344009026EA0106ADF82E3006BB009B9C
:10D730005BB11F9A17A99B1A20460A444146FFF77E
:10D7400076FD002876D1009B1F930BA8FFF7CEFD36
:10D750000BA92046FFF791FE002883D06AE01F4600
:10D76000ACE70DA9B8B2FFF755FE0028B4D0B7E773
:10D77000049B1F9FB34228BF3346A3EB070B17AA96
:10D7800002933A445B4641462046FFF750FD00288D
:10D7900050D11F9B01465B44182211A805930CF041
:10D7A00031FA17AB139311A9059B14932046FFF789
:10D7B0004FFE00283ED11F9B1F90FF1A029B37444B
:10D7C000FE1AD844B2E731446B68ADF83E102046EB
:10D7D00011A9CDE91337FFF73BFE58BB2B88ADF8F5
:10D7E0003C302B89ADF840300FA8FF238DF8423034
:10D7F000FFF77CFD0FA92046FFF73FFED0B90123BC
:10D80000AB720EE72046FFF755FE00283FF40FAF3E
:10D8100010E0A6EB090309A920460393FFF761FE78
:10D8200000287FF409AF07A92046DCF7C1FA0028D9
:10D830003FF408AF21B0BDE8F08F2DE9F04F1E4650
:10D84000837C95B0044689469046002B00F0CB803F
:10D85000C26A08211046FFF7F1FDB1B201901046EF
:10D86000FFF7ECFDE368019AA3EB820383420746CE
:10D87000C0F0BC801EB1B8F1000F00F0B780D4F842
:10D8800004A0CDF810A005AA04A92046FFF74CFE7D
:10D890000546002841D1BDF814304B4507D0DDF8CE
:10D8A00010A063685345EED1002E3CD135E005A9A8
:10D8B0001FFA8AF0FFF7AEFD0028F0D0BDF818304F
:10D8C0007EB3B3422FD14FEA1A43BDF816A0CDF86C
:10D8D00000801B049A44E36A1B685B4203F0200348
:10D8E0000293B346029B5B4528BF5B460CAA514698
:10D8F00020460393FFF79BFC002850D1039B009820
:10D900001A460CA90CF086F968B9039B009ABBEB88
:10D91000030B1A449A440092E4D1284615B0BDE89E
:10D92000F08F002BF9D0002F3CD1BA4604F1140B34
:10D930004FF0FF324FF0FF335846FBF7F9FC238AD4
:10D940009D424DD0D4E901320AEB02018B422ED325
:10D950009BB263B3FF23ADF81E20002118220CA850
:10D960008DF82230ADF81C90ADF820600CF04AF92B
:10D970000CA92046CDE90E86FFF76AFD074648B997
:10D9800007A8FFF7B3FC07A92046FFF776FD074677
:10D9900000B937465846FBF73DFD3D46BDE7C2DCC2
:10D9A0000546BAE7019B1F441FFA87FABEE72046E7
:10D9B000DCF7D2F93DB9ADF82490CDF82880ADF868
:10D9C0002C608DF82E5009A92046FFF7F7FD074679
:10D9D0000028DFD19DF82E300135002BAFD0D8E7DD
:10D9E0006FF01B07D6E76FF00C0596E76FF0150593
:10D9F00093E700231A46FFF720BF2DE9FF471E4695
:10DA0000837CBDF8309004460F469046002B43D0EF
:10DA1000C06A0821FFF712FDE368A3EB4003B3429D
:10DA20003DD3656801954FF0000A02AA01A920467E
:10DA3000FFF77AFD20BBBDF80830BB4206D102A932
:10DA4000A8B2FFF7E7FC50441FFA80FA019B626816
:10DA50009A421AD0CA4516D9BDF80C30CBB1CA4586
:10DA600017D3BDF80A10B3426FF30F0528BF334632
:10DA7000424629442046FFF7DAFB08B9BDF80C00FE
:10DA800004B0BDE8F0871D46CFE7BDF80830BB42C3
:10DA9000E2D06FF00100F3E76FF00C00F0E76FF0F9
:10DAA0001500EDE713B500240094FFF7A6FF02B0C0
:10DAB00010BD704730B54C680368A34201D2012005
:10DAC00030BD8A682244934201D30020F8E7D1E9AF
:10DAD0000452954203D36FF00B038B61F5E7CA68DC
:10DAE0001B1B42F835304368086902EBC0025360E3
:10DAF0000B6901330B61E2E737B50C46C0B201A9EF
:10DB00001546DCF7E9FA00280CDB019850B12146F4
:10DB10002A46DCF707FB04460198FFF7CAFF2046B8
:10DB200003B030BD6FF01504F9E72DE9FF41D1F8DE
:10DB30000C80054640461F460C461646D9F704FBA6
:10DB4000BDF82830009380B2CDE901803B463246D3
:10DB50002146284603F0C3FC04B0BDE8F081F0B5CF
:10DB600087B01F4604460D46164601F017FF0223F4
:10DB700002930DF116030193BDF83030ADF8160095
:10DB8000009332463B462946204603F0A8FC07B0E6
:10DB9000F0BD2DE9FF411F460D4616460446DFF74E
:10DBA0002BFB8046D9F7D0FABDF82830009380B21D
:10DBB000CDE901803B4632462946204603F08FFCE2
:10DBC00004B0BDE8F0810020DCF762BB0022114602
:10DBD000DCF72CBB034610B508460AB100211160E2
:10DBE00053B1D0B1411E11F8010F80B113F8014BB0
:10DBF000A04201D13D28F6D100200EE00133136090
:10DC00000AE03D2808D0B0FA80F0400905E0187815
:10DC10002F28F6D1002AF1D1012010BD10B509B18D
:10DC200000230B6058B103461A781C4601332AB111
:10DC30003D2A03D02F2AF7D101B10B60201A10BD65
:10DC40002DE9F341DDF82080019007460C4615468A
:10DC50001E46B8F1000F07D0D8F8001081B9D8F8E7
:10DC600004E0BEF1000F14D101A93846DCF756FBE1
:10DC700058B1C768019833462A462146B84704E0A0
:10DC800001AAFFF7A7FF0028E9D1002002B0BDE8F4
:10DC9000F081D8F80830019808932A463346214687
:10DCA000F44602B0BDE8F04160470830704710B557
:10DCB000134614460A4681880068FFF7F3FEA04227
:10DCC000A8BF204610BD2DE9F04F97B00446019241
:10DCD0009A46894600297AD0DAB1BAFA8AF67609E4
:10DCE000258F0135ADB2A84604F1080B6F1EBFB2F7
:10DCF000B7F5004F39D04A2303AA39465846FFF7F3
:10DD0000D1FE002807DA10F1020F08BFB8463D46E1
:10DD1000ECE70126E4E700F158030DEB03000023D4
:10DD200000F84C3C03A94846D9F704FA0028EED184
:10DD300006BBB846B8F5404F4CD0238F434504F19D
:10DD4000080538D308F58041019A534689B2284620
:10DD5000FFF773FD00280ADB46B14846D9F7F4F90E
:10DD60004A460346414628461EE016B3002017B037
:10DD7000BDE8F08F39465846FFF73BFE0028F6DB3A
:10DD800005F57F513F3189B25846FFF732FE002832
:10DD9000EDDB238FBB42E9D12246013B22F8383F1D
:10DDA0004FF4004102235846FFF747FD00EAE070B8
:10DDB000DDE70126BEE72246022322F8388F4FF422
:10DDC00000412846FFF739FD0028BBDACFE76FF0A6
:10DDD0001500CCE76FF00B00C9E773B5C36B0363A5
:10DDE0000446C3B100F108063046DCF713F80546D7
:10DDF00070B902230DF106024FF400413046FFF7DF
:10DE000051FE0028ACBFBDF806304FF40043238715
:10DE1000284602B070BD6FF01205F9E72DE9F04118
:10DE20008768FB6804460D4616469847BB682BB1C9
:10DE3000324629462046BDE8F04118476FF05700AA
:10DE4000BDE8F0810BF0DEBE0BF0B5BE0146006808
:10DE5000DCF7FABB08B5DCF727FCBDE80840DCF7C7
:10DE600047BF00210120DCF7EFBB6FF08500704752
:10DE700061B662B680F31188BFF36F8F704772B6D8
:10DE8000002383F31188BFF36F8FBFF34F8F30BF31
:10DE900062B6BFF36F8F704772B6002383F31188A9
:10DEA000BFF36F8FBFF34F8F20BF80F31188BFF395
:10DEB0006F8F62B67047202809D9B0F1004F08D89B
:10DEC0000138B0FA80F0C0F11F0040007047082010
:10DED00070473E2070477047002303824369C36048
:10DEE0007047416A8968DDF78DB9EFF3118220230D
:10DEF00083F31288BFF36F8F00230B60436833B93D
:10DF0000C0E9001182F31188BFF36F8F7047196069
:10DF10004160F7E710B50346EFF31181202282F349
:10DF20001288BFF36F8F006828B15C6802681A60BE
:10DF3000A04208BF5A6081F31188BFF36F8F10BDF4
:10DF4000027A013202727047034618465B68002B62
:10DF5000FBD17047426810B52AB10B461C465B687E
:10DF6000002BFBD16260416010BD10B5044620B9A2
:10DF70000B7A01330B72084610BD034618465B68E6
:10DF8000002BFBD1FFF7E6FF2046F5E710B508B1FF
:10DF90004B6843604C68002308464B60DDF7B0F9DE
:10DFA000204610BD2DE9F04107460D46144634B910
:10DFB000A0464046BDE8F08164689B1AF7E7228AD4
:10DFC0009A42F9D9069A954228BF15464FF00008A3
:10DFD000002CEED0002DECD0268AE168F61AAE4275
:10DFE00028BF2E46194407EB080032460BF0E3FD2C
:10DFF000B0446468AD1B0023EAE783680B44036008
:10E00000704703680B6043684B6083688B607047A0
:10E010008388026819448180D018704730B484889E
:10E020000568A3188380281930BC0BF0C4BD10B557
:10E03000838802685C1C8480D154D01810BD30B530
:10E04000838802689D1CD4188580D154090A6170A8
:10E0500030BD83885B1A9BB2838000681844704788
:10E06000034600689A88401A1144186099807047E6
:10E070000268531E036083880133838002F8011C09
:10E0800070478288521A03468280006808441860EC
:10E090007047034600689A88521A01449A801960B2
:10E0A000704710B503681C780121FFF7EAFF20468E
:10E0B00010BD10B503681C880221FFF7E2FF20465F
:10E0C00010BD0CB407B5034604AADB68084652F835
:10E0D000041B0192984703B05DF804EB02B070474F
:10E0E000FBF726B9FBF796B9DDF744B90022DDF757
:10E0F00071BA08B50122DDF76DFA002818BF6FF07C
:10E10000040008BD4FF0FF324FF0FF330430FBF73F
:10E110000FB9FBF77FB990F86C00C0F3411070475E
:10E12000F8B504461E460D461746FFF7EBFF94F878
:10E130006C309B0715D425B1012D10D06FF015055B
:10E1400008E0216F0029F9D09DF818300F714E7149
:10E150008B710025201DFFF7DCFF2846F8BD616F9D
:10E16000F0E76FF07705F5E790F86C00C0F38000FA
:10E17000704738B50446FBF71BFF2046FFF7C2FF88
:10E18000A06940B96FF01205201DFFF7C2FFFBF731
:10E1900023FF284638BD94F86C30DB0716D409F00D
:10E1A000D6FB0028EED02046DEF770F805460028A2
:10E1B000EAD10146242204F128000BF023FD94F853
:10E1C0006C3043F0010384F86C30DDE76FF07705C5
:10E1D000DAE770B50446FBF7EBFE2046FFF792FF47
:10E1E00094F86C30DA0731D5C3F340019B0730D483
:10E1F000A06908F0E0F90646A06908F06CFA054647
:10E20000B0B9A36F4BB13146204600F08DF90546F9
:10E21000A8B1A06908F08BFA0AE0A06908F003FA37
:10E22000A0670028EFD1A06908F081FA6FF00B0514
:10E23000201DFFF76EFFFBF7CFFE284670BD94F858
:10E240006C3043F0020384F86C30F1E74FF0FF3597
:10E25000EEE76FF07705EBE70246034652F8640FEE
:10E2600090420BD100207047027A8A42FBD09A6E0E
:10E270008242F7D000680028F6D170470028F3D119
:10E28000704738B504460D46FFF73CFF94F86C30F4
:10E29000DB0718D42B690BB9EB68BBB1636E1BB9F4
:10E2A00004F16403C4E919332B6893B9A26E04F135
:10E2B0006401C5E900121560A5661D46201DFFF723
:10E2C00028FF284638BD4FF0FF35F7E76FF01505FA
:10E2D000F4E76FF07705F1E710B50446034654F80C
:10E2E0004C0FA0420DD100200DE0447D8C4204D1A2
:10E2F000032909D1047A944205D01C6D8442F2D0DE
:10E3000000680028F1D110BD0F29F5E72DE9F04193
:10E3100005460C46061D4FF0FF324FF0FF333046E6
:10E32000FBF706F82F6F002F6DD095F86C30DB07E8
:10E3300069D4EB6C1BB905F14C03C5E913332368B1
:10E34000002B63D1637D0F2B09D1237A012B0CD0D5
:10E350002B6D05F14C02C4E900231C602C65637D24
:10E36000032B0FD04FF0000806E0E1682846FFF7C6
:10E3700088FF80460028EBD03046FBF74BF840463C
:10E38000BDE8F081EA6C05F14C0090421ED10023FB
:10E3900029E091F815C0BCF1030F10D001332372AE
:10E3A0004B68C4E900131C604C60637A022B24D0D4
:10E3B000032B25D0012BD5D1237ABB73D2E791F85B
:10E3C00008C00CF1FF3C6345E8D11268002ADED09A
:10E3D000517D2B6D03290DD19A42137A02D0116819
:10E3E0000029D6D1013323722B6DC4E900031C60D0
:10E3F0002C65DAE79342E8D1C9E7237AFB73B1E7EA
:10E40000237A3B74AEE74FF0FF38B5E76FF077083B
:10E41000B2E70346006800B1187A70478388C28863
:10E420008168D21A03685B1AD01A70470346C08805
:10E4300008B11878C009704770B50C46154600F051
:10E44000ECFA40B1406883681B6823B12A46214634
:10E45000BDE87040184770BD38B58021044680691A
:10E4600008F004F9054650B10146204600F07BFC57
:10E47000044610B12846DCF743FF204638BD6FF054
:10E480000B04FAE738B50446806FFFF759FD0546DF
:10E49000FFF722FD2046294600F065FC044610B136
:10E4A0002846DCF72DFF204638BDF8B504468668BF
:10E4B00003690D461746BFF35B8FD3F8A030BFF357
:10E4C0005B8F9B070ED5B36A7BB1F36B9847B36A3A
:10E4D00029463A4620469847336C054620469847D9
:10E4E0002846F8BD4FF0FF35FAE76FF08505F7E7EE
:10E4F00070B50446866803690D46BFF35B8FD3F899
:10E50000A030BFF35B8F9B070BD5F36B9847736A03
:10E51000294620469847336C0546204698472846AA
:10E5200070BD4FF0FF35FAE710B5044619B9002069
:10E5300084F8300010BDFFF7A5FF0028F7D0F9E7F9
:10E5400038B590F83030022B0D4604D100F060F958
:10E5500008B1C46804B938BD2B78032B05D0052B4E
:10E560000ED0022B08D02468F4E7606883685B69EA
:10E57000002BF8D09847F6E7606883689B69F7E757
:10E5800060688368DB69F3E7012270B515460B68A4
:10E590005BB302F07F04103423FA04F6F60710D5BB
:10E5A000036823FA04F6F60702D46FF0150070BD75
:10E5B00005FA04F423EA040303600B6823EA040366
:10E5C0000B60D340DE070DD5036823FA02F4E4079D
:10E5D000EBD505FA02F423EA040303600B6823EA8F
:10E5E00004030B600132102AD1D10020DFE72DE9AE
:10E5F000F04F8369026F1B6993F88030C3F34113B6
:10E60000022B8FB081460ED0032B0ED0012B0CBFF6
:10E6100010230823D371D9F854800026B8F1000FD5
:10E6200005D14046AEE02023F4E74023F2E7D8F8D6
:10E630000430D8F80C4003930C9604967CB9049BE4
:10E64000039A09339BB293701B0AD3701671D8F8E2
:10E650000C40002C40F0B080D8F80080DDE7606806
:10E6600083681B6B00250D95002B00F0A3802946C5
:10E670009847002800F09E80C4E90355A0F1040BE0
:10E6800035465BF8043F0BB11A7822B9B5427CD805
:10E690006FF0150076E05A780B2A08BF9D70DBF802
:10E6A00000305A78042A10D1E2680D990A43E260DA
:10E6B000DA78002A57D19D7023690122AA401343BA
:10E6C00001352361EDB200230D93DBF800707B78F8
:10E6D000052BD6D1D9F8183008936FF012004FF0FF
:10E6E000010A7A793B7943EA0223ADF82E300C9B7C
:10E6F000069397F90230069A002B5FFA8AF1BBBFA6
:10E7000041F080014BB24FFA8AF30793B9BF21F071
:10E710008003103307935346DA40D2072AD40D9A68
:10E72000059222FA03F3DB0724D4BB79FA78089820
:10E7300000930DF12E03099107F0BEFD0999C8B9A8
:10E74000079BB970002BBCBF21F080011031012361
:10E750008B4006980599BDF82E20BA8019430343D3
:10E76000CDE90C318DE76A1E9A700DA90CA8FFF750
:10E770000BFFA8E70AF1010ABAF1100FB1D1002886
:10E780003FF47FAF0FB0BDE8F08FE3680D9A1343FD
:10E79000E360606883689B6AD3B198470028F1D131
:10E7A0000146606800F000F9049B24680344049368
:10E7B0002E4643E73546ECE7E368A36004F10C011D
:10E7C0000CA8FFF7E1FE00287FF462AF246840E761
:10E7D0006FF08500D6E74FF0FF324FF0FF33043083
:10E7E000FAF7A6BDFAF716BE21B101290DD0002314
:10E7F0001B68FFDE5430006848B143685B79934280
:10E8000005D000680028F8D170475C30F3E7704706
:10E8100010B590F83030022B044609D1FFF77BFC8D
:10E8200094F8382001462046BDE81040FFF7DCBFD1
:10E83000002010BD08B5FFF7D7FF003818BF012032
:10E8400008BD2DE9F04104460E46FFF764FC94F83C
:10E8500038308046CBB9002E3BD032464146204668
:10E86000FFF7C2FF0746A8B10246204600F0D1F9E3
:10E87000054688B984F83860FC6864B360688368CA
:10E880001B6A03B198472468F7E72046FFF7C0FFEB
:10E89000074620B96FF03C052846BDE8F0810146E7
:10E8A000204600F08CF910220546002104F13A00C0
:10E8B0000BF0A8F9002384F83830FF6817B9002D51
:10E8C000C9D0E9E7786883685B6A03B198473F6815
:10E8D000F4E784F838600025DEE7F8B504460E4614
:10E8E00057681546FFF777FF94F86C30D9074BD47B
:10E8F000012E4CD0FB799A0605D5A3691B6993F8C4
:10E9000080309B0743D5002E41D1E36D53B9626D32
:10E9100062B9236F6A685B7C0133DBB25371226F8B
:10E9200053740EE09D4235D01B68EFE7954225D128
:10E930002A68EBB9A36D62659D4200D1A2650023F0
:10E940002B60A96841B12046FFF7E0FC064650B9AC
:10E95000A868FFF75EFDB87100232B60A36D83B933
:10E96000C4E915550026201DFFF73CFF3046F8BDD1
:10E970001A60A26D954208BFA365E0E713461268CE
:10E98000C6E71D60A565EDE76FF00F06EBE76FF0DA
:10E990008506E8E76FF01506E5E74FF0FF324FF028
:10E9A000FF330430FAF7C4BC08B583681B6B0BB1A6
:10E9B00098470346002023B153F8042B0AB112787C
:10E9C00002B908BD1044F6E710B51C46FFF70CFF6E
:10E9D00048B10122C06802FA04F320B1026913426F
:10E9E00001D10068F9E710BD10B50C46FFF710FF24
:10E9F00048B10123C06803FA04F120B10369194248
:10EA000001D10068F9E710BDD1F81A0083681B69CD
:10EA100003B118476FF08500704770B501F07F03B0
:10EA200011F0800F18BF103301259D4090F8303051
:10EA3000022B044601D0002070BD90F83860FFF72B
:10EA40006AFB324601462046FFF7CEFE0028F2D090
:10EA5000C0680028EFD083681D42EDD10068F8E758
:10EA600038B50C46FFF7D4FE80B1C06870B143687A
:10EA7000DA681AB111790023994201DC0068F5E7E0
:10EA80001568ED5CA54201D00133F5E738BD2DE9ED
:10EA9000F04105461E460846002A42D1DDF70EFC2D
:10EAA000044600283DD02846FFF777FF95F86C30E4
:10EAB000DA0707D56FF00F04281DFAF7ABFC2046E4
:10EAC000BDE8F081676804F11408BFF35B8F6369E8
:10EAD000BFF35B8FDB07EDD47B680BB19D42E9D1BF
:10EAE000324600212846FFF77FFEB8B1002323609D
:10EAF000036983B9C0E90344BFF35B8F58E8003F63
:10EB000043F0010348E80032002AF7D1BFF35B8FDE
:10EB100000247D60D0E71C600461EDE76FF03C04E9
:10EB2000CAE76FF01204CAE72DE9F8434C689DF874
:10EB300020900D46984606461746FFF7ECFAA36864
:10EB40001B6B01461BB96FF01500BDE8F88320462A
:10EB500098470028F7D0041F0C35002054F8041FF4
:10EB600009B10B782BB9002814BF00206FF03C00CE
:10EB7000EBE74B78042B0BD1F8B98B784345EDD1FB
:10EB8000CB784B45EAD10B79002BDED00120E5E7AD
:10EB9000052BE3D10028E1D0012F07D0022FF5D1BA
:10EBA0008978B0692A4600F0C3F803E0B0692A46C4
:10EBB00000F0A2F80028E9D0C7E70020C5E7F8B5C3
:10EBC000CC6806460CB9204622E004F10C0701256A
:10EBD000E268AAB165F07F03D9B203F07F03103376
:10EBE000DA40D2070ED4E368EB40DB0705D5B06905
:10EBF0003A46E9B200F09CF850B90135102DE7D142
:10EC00002468DFE7B0693A4600F092F80028EAD0BD
:10EC1000F8BD2DE9F3475768002497F805800546AD
:10EC20000E46A1463B79A34203DC002002B0BDE8BA
:10EC3000F0875FFA84FA3146534642462846FFF78A
:10EC4000C3FE014650B1CDF800905346012228463C
:10EC5000FFF76AFF0028E9D10134E3E76FF03C00D9
:10EC6000E4E72DE9F74380460D461746FFF7BCFE63
:10EC7000064628B96FF00104204603B0BDE8F083D2
:10EC80000F2DF7D808EB0509014699F83A4000978F
:10EC90002B4600224046FFF747FF0028EAD10094A8
:10ECA0002B46022231464046FFF73EFF044600282D
:10ECB000E2D100972B46012231464046FFF734FF50
:10ECC00004460028D8D1706883685B6813B13A465F
:10ECD0002946984789F83A70CEE711F0800F18BF9F
:10ECE00021F0800102684FF0010318BF10318B4002
:10ECF00022EA03030360704737B58B7900938B8852
:10ED00000C461546CA78897807F04FFB70B994F91C
:10ED10000230A1782A68002BB8BF21F080014FF0A3
:10ED20000103B8BF10318B4013432B6003B030BDDB
:10ED3000F8B506460D46174607F07FFB044658B95E
:10ED400029463846FFF7C9FF2946304607F04AFCF6
:10ED5000044608B9FBF772F92046F8BD0A468069F7
:10ED6000802107F06FBC2DE9F0410B7E0C4659065F
:10ED700005462ED123B3FFF7F7F970BB2846D5F827
:10ED80007080268AEF8DFFF7C6F9F8B1421E534214
:10ED900053419B01228A9AB1BE42E98D324628BF77
:10EDA0003A4691420CD9B2FBF3F103FB11223AB976
:10EDB00094F91830002BBEBF637E43F008036376DE
:10EDC000A8692146BDE8F04107F0AFBB98F80730CD
:10EDD000E0E76FF01500BDE8F0814FF0FF30FAE793
:10EDE00043689869F6F7CABC70B591F9183046685F
:10EDF000002B05460C4607DBC4F81A50B0692146C3
:10EE0000BDE8704007F091BB3046FFF7ADF9002830
:10EE1000F2D04FF0FF3070BD806907F038BC38B5D4
:10EE2000054680690C4607F024FB60B914F0800F9A
:10EE300018BF24F080046A6B4FF0010318BF103430
:10EE4000A34013436B6338BD70B5054680690E4619
:10EE500007F03AFB044620B9314605F13400FFF7CC
:10EE60003CFF204670BD0B0648BF21F08001406B7F
:10EE700048BF1031C84000F001007047F8B50546A2
:10EE80000E46071D4FF0FF324FF0FF333846FAF7BA
:10EE90004FFAEC692CB9EE613846FAF7BBFA204616
:10EEA000F8BD6FF07704F7E782B0C3698DF8001002
:10EEB00001922BB102AB13E9060002B0DDF758BA9C
:10EEC00002B07047704703691B69996800228A770E
:10EED0005B68D3E9001001604860C3E90022704715
:10EEE00003691B69D86870474FF48160704738B573
:10EEF000034640681B691D69AC68A37AA3706376FA
:10EF00000133A376A37F3BB96968FFF7FFF918B90E
:10EF10006868FFF77EFAA077002038BDBFF35B8FEB
:10EF20000068BFF35B8F084100F00100704719B122
:10EF3000052907D1002070470369116899619288FB
:10EF40009A83F7E76FF08500704738B5044690B1B3
:10EF5000036883B11B681D696861F1F731FF032302
:10EF600005F118012046062204F059F92046BDE8B3
:10EF7000384004F0FCBA00231B69FFDE01238B40FC
:10EF8000DB43BFF35B8F50E8002F1A4040E80021BD
:10EF90000029F8D1BFF35B8F704708B50369186982
:10EFA00001212030FFF7EAFFBDE808400221FFF70A
:10EFB000E5BF0369186902212030FFF7DFBF10B5F4
:10EFC0000469002104F12000FFF7D8FF0121FFF7B9
:10EFD000A5FF28B12122002304F14800FAF750FDD3
:10EFE000002010BD2DE9F84FD0F810808D68D8F8BA
:10EFF00000A08B46002745B940F2EA539F4208D94A
:10F000006FF00B052846BDE8F88F2B8A6D681F440A
:10F01000F1E708F1200301211846FFF77FFF10B93F
:10F020006FF00C05EEE729461846FFF777FF00283A
:10F03000F6D0DAF810301B699B6893F85000DDF7C2
:10F04000E5F906460028DBD081464D2259F80C4FE1
:10F050004FF00C0C4E204321482384F804C0657106
:10F0600020706170A270E370B8F8263001339BB253
:10F07000A8F82630E3803023E37310232374A38899
:10F080006173103399B2A38211FA87F384F80AC02E
:10F09000E5722073A2736574A574E57425766576B0
:10F0A000A576E5762381E7824846FEF7B1FF338AED
:10F0B000F1683A461944584605F0F6FA054628B173
:10F0C0003046DCF71DF96FF068059BE73946484686
:10F0D000FEF79EFF23899B0607D196F91830002B77
:10F0E000BEBF737E43F00803737631465046FFF788
:10F0F0007BFE4FF0FF324FF0FF3308F12C00FAF7A0
:10F1000045FA3046DCF7FCF87CE7F8B503460E46D6
:10F1100053F8204B012118461746FFF7FFFE18B998
:10F120006FF00F042046F8BD02211846FFF7F6FEE7
:10F130000028F5D123691B699B68204693F830109D
:10F14000FFF74EFE054678B13A4631460C30FEF7E1
:10F1500065FF20462946FFF747FE04460028E1D018
:10F160002846DCF7CDF8DDE76FF00B04DAE707B5EA
:10F170000069ADF80210A123ADF8003083689B7AD6
:10F18000ADF80430082200236946ADF80630FFF7D9
:10F19000BCFF03B05DF804FB38B50469BFF35B8FB7
:10F1A00004F1200555E8003F43F0010345E8003233
:10F1B000002AF7D1BFF35B8F606904F0C4F9012125
:10F1C0002846FFF7ABFE28B12122002304F14800B6
:10F1D000FAF756FC002038BD03691B69BFF35B8F4B
:10F1E000203353E8001F41F0040143E80012002AD5
:10F1F000F7D1BFF35B8F704738B503691B69BFF365
:10F200005B8F0446203353E8002F42F0080143E8A7
:10F2100000100028F7D1BFF35B8F130713D42369C5
:10F220001B699B6893F85700DDF7F0F8054668B155
:10F2300001462046FFF7D8FD044610B12846DCF70A
:10F240005FF8204638BD6FF00F04FAE76FF00B044B
:10F25000F7E770B503691C69A36893F847308B42E0
:10F260000646154607D13AB9012104F12000FFF7FF
:10F2700085FEE584258570BD012AFCD1BFF35B8F37
:10F2800004F1200353E8001F41F0020143E800129B
:10F29000002AF7D1BFF35B8F002384F8243004F1F8
:10F2A000480040F6CD420023FAF7EAFB3046BDE8BD
:10F2B0007040FFF7A1BF7FB514460A888B78ADF880
:10F2C000002006460D2200210DF103008DF80230CA
:10F2D0000AF098FC6A4669463046EDF7B1FC28B959
:10F2E000BDF800209DF802302280A37004B070BDEC
:10F2F00013B50C4601AA0331FFF7DDFF48B903221D
:10F3000001A920460AF086FCB0FA80F0400902B05C
:10F3100010BD0020FBE770B5CE1C05460C463046FC
:10F320000321EDF78BFC60B9637903F03F0343F0F1
:10F3300040036371224631462846BDE87040FFF71E
:10F34000BABF70BD70B50D4600210446FEF766FCDD
:10F350000D2818D1237B302B13D1002305F8063B51
:10F3600004F10C062A462046012302210234FDF74F
:10F37000EBFDB44205F1FF35F4D1002070BD01234F
:10F38000ECE7312BFBD06FF01500F7E7DBF780B827
:10F3900010B50C46017822788A4288B00ED06946B2
:10F3A000DDF7D6FB04A92046DDF7D2FB10220DEBDA
:10F3B000020168460AF02EFC08B010BD012A06D0F2
:10F3C000022A07D072B940886388C01AF4E74068FF
:10F3D0006368FAE71022611C013008B0BDE81040F4
:10F3E0000AF018BC6FF01500E6E7042A0AD0102ACC
:10F3F0000DD0022A4FF0000315D103700B88438013
:10F4000001207047012303700B684360F8E7022373
:10F4100000F8013B01F1100351F8042B40F8042BD4
:10F420009942F9D1ECE718467047012310B506213F
:10F43000044600F8013BEDF701FC18B9A37903F08D
:10F440003F03A37110BD012310B50621044600F847
:10F45000013BEDF7F3FB18B9A37963F03F03A37108
:10F4600010BD0B6803608B8883808B798371037870
:10F4700023F00203037070470078C0F34000704728
:10F4800038B50446807ADBF793FE6169054649B1D9
:10F49000637ADB0704D4436A1B6820469B6898475D
:10F4A0000023636121462846BDE8384008F026BCA9
:10F4B0002DE9F0410C4601F10C08054600F10C0164
:10F4C000404617461E46FEF79CFD6269E3682F82A0
:10F4D0009B1A13FA87F36B8201236B7239464046FD
:10F4E000FEF7CFFDE3687360628A0023E3607281F8
:10F4F000638234602846BDE8F08138B5D1E9003236
:10F50000DA600B684A895A820C4605460868DBF7C0
:10F51000F7FE2046102200210AF074FB2846BDE8C1
:10F520003840FFF7ADBF438A23B9C068B0FA80F016
:10F5300040097047002070477047D0F8A43083B16D
:10F540005A7CD1070DD5D2060DD51B7C102B0CBFD4
:10F55000042303234372807A98428CBF0020012049
:10F5600070470223F6E70323F4E70F2806D80D2897
:10F570000BD8052814BF022003207047132804D09D
:10F580001A2814BF0220012070470120704710B5CF
:10F590000346BFF35B8F53E8000F40EA010243E8E4
:10F5A0000024002CF7D1BFF35B8F10BD0B46014642
:10F5B0001878DDF751BB38B5C3681D7875B9B3F855
:10F5C00001000F21DFF744FC044638B12946DFF77C
:10F5D000A7FB2046BDE83840DFF752BB38BD08B571
:10F5E000C3680121B3F80100DFF732FC18B1BDE8B0
:10F5F0000840DFF745BB08BD08B5C368012118887E
:10F60000DFF726FC18B1BDE80840DFF739BB08BDBD
:10F6100001210C30FEF73DBD38B5C5680121B5F8B4
:10F620000100DFF715FC044698B12B783BB9D5F8FB
:10F630000330C0F89930D5F80730C0F89D30201D50
:10F640004FF48031FFF7A3FF2046BDE83840DFF7D5
:10F6500017BB38BD30B402EBC303044608469A42D8
:10F6600001D130BC7047114611F8085BA54206D1A4
:10F67000018A53789942F4D330BC536818470A463C
:10F68000EDE7BFF35B8F50E8003F0B4040E80032EE
:10F69000002AF8D1BFF35B8F704710B5DEF7C8FDC5
:10F6A0006FF4807104461030FFF7EBFF2046BDE891
:10F6B000104000F0AFBCC368DB78012B01D1FFF72D
:10F6C000ECBF70472DE9F047D0F80C80028A98F81B
:10F6D00000309B000133934241D9BDE8F08708EB2D
:10F6E00086030F21B3F80100B3F80370DFF7B0FB16
:10F6F000044628B100F1C00947B92046DFF7C0FA37
:10F70000013698F800309E42E9DBE6E76569002D96
:10F71000F3D0A2692B686361954208BFA3612046BC
:10F72000DFF74CFAF9F7F8FEC5F800A0236A9BB999
:10F73000C4E90755BFF35B8F59E8003F013B49E837
:10F740000032002AF8D1BFF35B8F00212046013F31
:10F75000DFF740FABFB2CFE71D602562EAE7002677
:10F76000B246CEE7C0F307231070000E5370D0707E
:10F770000023C1F30720090E937013715071937128
:10F78000D1717047C368DB78012B01D1FFF785BFCA
:10F79000704710B5DEF74CFD6FF480711030FFF745
:10F7A00070FF0020DDF7D8FA044648B13C2303730C
:10F7B0000021DFF7B5FA2046BDE81040DFF760BA58
:10F7C00010BD73B5C5680121B5F80100DFF740FB36
:10F7D0000446002851D02B781A2B00F1040619D1C9
:10F7E000C378012B2DD14FF480413046FFF7CFFE77
:10F7F00042040FD4D4F88C3000936946D4F8943086
:10F8000001932046E0F718F8204602B0BDE87040AA
:10F81000DFF736BA2B78A3B9B5F8033040F2E242ED
:10F820005343C4F88830B5F80530A4F89030B5F8E3
:10F830000730A4F892306FF480513046FFF721FF73
:10F8400017E0BFF35B8F6368BFF35B8FDB04F2D518
:10F850002B78202BEFD194F89830002BEBD0013B84
:10F8600084F898304FF42032002304F14000FAF776
:10F87000D3F82046DFF7B2FCC6E702B070BD012026
:10F88000704710B5028843889A4218D8052A16D9BD
:10F89000B3F5486F13D88488B4F5FA7F0FD2C188C6
:10F8A000A1F10A0292B240F67640824207D804FBE8
:10F8B0000333B3EB810F34BF0120002010BD0020C3
:10F8C000FCE738B5C3680F21B3F801001D78DFF7F6
:10F8D000BFFA044638B365B12846DDF775FC294602
:10F8E00002462046DFF738FD2046BDE83840DFF706
:10F8F000C7B98378012B07D102F0FAFB2046FFF746
:10F900001CFE002808BF05252846DDF75DFC2946BA
:10F9100002462046DFF720FD002DE5D005212046D8
:10F9200000F043FCE0E738BD70B5C6680F21B6F8BB
:10F9300001003578DFF78CFA044670B34DB12846E4
:10F94000DDF742FC294602462046DFF705FD20464A
:10F9500003E0F378C27A9A4203D1BDE87040DFF742
:10F960008FB98278C372012A08D10BB102F0C0FBB3
:10F970002046FFF7E2FD002808BF05252846DDF7F1
:10F9800023FC294602462046DFF7E6FC002DDED0A8
:10F990000521204600F009FCD9E770BD40F2C230D5
:10F9A000704708B5E2F720FF18B1408A003818BF49
:10F9B000012008BD73B506460D4601AA002142F29A
:10F9C0002F00DDF76DFC044648B90198C368B3F811
:10F9D00001203280B3F803302B80DBF791FC204606
:10F9E00002B070BD70B506460D464FF0FF304FF0C7
:10F9F000FF31DDF79DFB044668B103210C30FEF7B3
:10FA000007FB0680857021460022BDE8704040F269
:10FA10000640DDF745BC6FF0680070BDC068037834
:10FA20001BB13C2B03D1FFF7B4BEDDF7BFBC704761
:10FA300038B54FF0FF3105464FF0FF30DDF778FB6A
:10FA4000044668B102210C30FEF7E2FA2B880380ED
:10FA500021460022BDE8384042F21600DDF720BC06
:10FA60006FF0680038BDF8B507460E464FF0FF301E
:10FA70004FF0FF311546DDF75BFB044678B10621F8
:10FA80000C30FEF7C5FA3B8803804680858021460E
:10FA90000022BDE8F84042F22200DDF701BC6FF021
:10FAA0006800F8BDF0B5C5682F8887B00121B8B2ED
:10FAB000DFF7CEF9064660B302ACD5F80220D5F8E0
:10FAC000063001946989009102F073F918B34FF080
:10FAD000FF304FF0FF31DDF72BFB0546B0B11221AF
:10FAE0000C30FEF795FA0346224623F8027B1446B3
:10FAF00003CC596006A98C421860224603F1080322
:10FB0000F5D1294642F21A00DDF782FB3046DFF7D5
:10FB1000B7F807B0F0BD4FF0FF304FF0FF31DDF721
:10FB200007FB04460028F1D002210C30FEF770FAE2
:10FB30002146078042F21B00E6E770B506460D46F7
:10FB40004FF0FF304FF0FF31DDF7F2FA044660B1BD
:10FB500003210C30FEF75CFA06808570214642F2E4
:10FB60002100BDE87040DDF753BB70BD73B5C368BD
:10FB7000D9789A781E8842EA0122ADF80020597996
:10FB80001A7942EA0122ADF80220D9799A7942EA3B
:10FB90000122ADF804201A7A5B7AB4B242EA032358
:10FBA00001212046ADF80630DFF752F9054628B9A5
:10FBB00002212046FFF7C1FF02B070BD6946DFF7A2
:10FBC0005FFB38B91E212046FFF7B7FF2846DFF755
:10FBD00057F8F1E74FF0FF304FF0FF31DDF7A8FAAB
:10FBE00004460028F2D00E210C30FEF711FA002353
:10FBF0000680C0F80A30BDF800304380BDF80230FE
:10FC00008380BDF80430C380BDF8063003812146EF
:10FC100042F22000DDF7FCFAD8E7033138B5C9B26B
:10FC200005460E20DDF7D6FD032104460C30FEF715
:10FC3000EFF901230370A0F80150204638BD70B5DC
:10FC400005460E460F200421DDF7C4FD04210446BD
:10FC50000C30FEF7DDF90122067042704580204627
:10FC600070BD08B5072209F0D5FFB0FA80F0400951
:10FC700008BD0B6803608B8883808B798371704724
:10FC8000BFF35B8F0068BFF35B8F704708B5FFF76A
:10FC9000F7FF084100F0010008BD00F1100210B5A7
:10FCA00010460C460821FFF7F1FF30B10C21104639
:10FCB000FFF7ECFF08B90123237010BD08B50A4611
:10FCC00003780978994206D108211030FFF7DEFF4A
:10FCD00008B10123537008BD10B400F11003BFF345
:10FCE0005B8F53E8002F22F4005143E80014002CEE
:10FCF000F7D1BFF35B8F930403D510BC012100F053
:10FD000087B910BC7047037A5B07024605D50146E8
:10FD10002E3211F8010BDDF7BBBD704738B54FF03F
:10FD2000FF3105464FF0FF30DDF702FA044658B1C7
:10FD300029460C30FEF77BF921460022BDE8384009
:10FD400042F22D00DDF7ACBA6FF0680038BDBFF3AA
:10FD50005B8F50E8003F0B4340E80032002AF8D1A7
:10FD6000BFF35B8F704700F1100210B50821044605
:10FD70001046FFF78BFF50B14FF400511046FFF7CC
:10FD8000E6FF20460021BDE8104000F041B910BD5B
:10FD90002DE9F041D1F8048086B004460D46B8F153
:10FDA000000F1DD1037A5B071AD50E68411C701C29
:10FDB000FFF757FF2E36162241460746684609F0E0
:10FDC00021FF10226946304609F024FF58B137B9A7
:10FDD000102204F12E01304609F01CFF00B96C60BE
:10FDE00006B0BDE8F081002FF9D1F9E700F110026B
:10FDF00008B507211046FFF749FF80B90C211046CE
:10FE0000FFF744FF58B9BFF35B8F52E8003F23F080
:10FE1000200342E800310029F7D1BFF35B8F08BD12
:10FE2000022810B50C4606D819B1E2F78BFC00B1D8
:10FE3000441C204610BD0024FBE718B111B1084650
:10FE4000DDF7D4BD6FF01500704770B5DEF7F0F93F
:10FE5000044668B9002635463046DDF71BFEE0B99A
:10FE6000DCB1D5B120460121BDE8704000F0AAB850
:10FE700000F1100208211046FFF708FF0546002890
:10FE8000E8D00C211046FFF701FF01460028E1D120
:10FE90002046267800F096F8DEE770BD37B50546B7
:10FEA000F8B1836C1B0316D56846FFF7BEFA04460B
:10FEB00070B90DF101012846FFF7BFFF044638B9BC
:10FEC000072105F11000FFF7E1FE08B9DDF7C2FCDC
:10FED000204603B030BD007803B0BDE83040DDF708
:10FEE000D9BD6FF01504F3E7003818BF0120704743
:10FEF000037AD90704D523F001030372DDF744BE6A
:10FF0000990704D523F002030372DDF7C7BE7047DB
:10FF10002DE9F74F884601904FF0FF314FF0FF3049
:10FF2000DDF706F90446002849D020210C30FEF701
:10FF30006FF8002120220646002709F063FED8F85A
:10FF4000005006F1010B3946D8F804309F4208D31F
:10FF5000019831700022214603B0BDE8F04FDDF773
:10FF60009FB96A7895F800C0881C13181F2B5FFA98
:10FF700080F908D9BCF1090FC9F11F0217D1002A75
:10FF800015DD4FF0080C5FFA82FA0AF1010E0BF84A
:10FF900001E00131C9B258440BF801C0D14469688D
:10FFA00009F009FE01375FFA89F10835CCE72046F0
:10FFB000DBF7A6F96FF0150003B0BDE8F08F6FF026
:10FFC0006800F9E770B5064686B00D464FF0FF3081
:10FFD0004FF0FF31DDF7ACF80446B0B10C3095B10D
:10FFE0000121FEF724F806F1100203A9204600952E
:10FFF0000823DDF78BF80022214642F20A00DDF7E4
:020000025000AC
:100000004FF906B070BD2946EBE76FF06800F8E7DE
:10001000FFF7D8BF183007F088BFDEF7DFBA01F16D
:100020002003013813F8012D00F8012F8B42F9D17C
:10003000704700230B60436813B9C0E90011704793
:10004000196041607047D0F8B400003818BF012033
:100050007047084689691160C2691A60C27A002136
:10006000183009F0CFBD10B50346BFF35B8F53E8DE
:10007000000F40EA010243E80024002CF7D1BFF34F
:100080005B8F10BD2438DEF76DBD036800220BB90D
:10009000184670478B4210D10B6842B94268036022
:1000A000914200D1436000230B6001207047136030
:1000B0004368994208BF4260F5E71A461B68E6E7C5
:1000C00010B50446006918B1DBF71AF90023236163
:1000D00010BD70B516460D4601210446DEF77AFDC7
:1000E000012E17D0022E17D1236913B12046FFF736
:1000F000E7FF256121690A8A012A39D9CB681B8863
:1001000004339BB29A4233D32AD92046BDE87040CB
:10011000FFF7D6BF206918B92046FFF7D1FF01E0ED
:100120002A8A22B92846BDE87040DBF7E9B8018A7F
:10013000438A46695B1AC168891B5B1A9A4207D9D0
:1001400001460022204600F028FA00232361E9E757
:10015000E9680C30FDF762FF2846DBF7D1F8C9E704
:100160000023236120460122BDE8704000F015BA4B
:1001700070BD10B500F1C802BFF35B8FD0F8C83076
:10018000BFF35B8F7BB1BFF35B8F591C52E8004F0D
:100190009C4204D142E8001CBCF1000FF6D1BFF331
:1001A0005B8FE7D110BD1846FCE710B5437B023BDF
:1001B0000446062B16D8DFE803F009041515150BC5
:1001C0000900017300212046DEF7AAFD002010BDC2
:1001D0000088FFF707FC0028F9D1637B072BF5D1D6
:1001E0000821F0E76FF07F00F1E710B50446D0F882
:1001F000A40028B9207A04F17001E2F7F5FA38B1C9
:10020000E278438A2AB903F02100003818BF0120A0
:1002100010BD03F02400F8E738B58378012B0446BD
:1002200027D1437B072B27D10B0601F07F050CD587
:100230004FF400410430FFF716FFA5722046E1F7A6
:1002400075FE08B1637AA37238BD437AAB4216D209
:10025000837AAB4213D2BFF35B8F031D53E8001FB9
:1002600021F4004143E80012002AF7D1BFF35B8F6D
:10027000E3E76FF01500E7E76FF07F00E4E70020A9
:10028000E2E78378012B0CBF407A0020704738B535
:10029000037A8B420446154615D100F170010722FE
:1002A000284609F0B7FC80B1E378072243B904F18E
:1002B0007E01284609F0AEFCB0FA80F0400938BD56
:1002C00004F17701F5E70020F9E70120F7E708B529
:1002D000DFF7A4F810B1DEF7D3FC012008BD837866
:1002E000012B0CBF703000207047F8B507460D4653
:1002F0004FF0FF304FF0FF31DCF71AFF0646D0B168
:100300000E210C30FDF784FE0E220446002109F078
:1003100079FC3B8823802B8863806B88A380AB8823
:10032000E380EB88238131460022BDE8F84042F2A9
:100330001300DCF7B5BF6FF06800F8BD704710B56B
:100340000446F9F735FE234653F8482BD2F8B4108B
:1003500061B9A164D2F8B81061B9C2E92D33F9F7D7
:100360003BFE2068BDE81040DEF7B6BC8B42F6D0FD
:100370000968EDE70B60C2F8B830F0E703682BB10D
:1003800041681A6802608B4208BF4260704770473C
:100390002DE9F843446B2CB154F8085905B1083DD8
:1003A00000270CB9BDE8F883D4E900682EB3F9F74B
:1003B000FFFDD6F8B43004F14801002263B1994240
:1003C00033D1A36C4ABBD6F8B820C6F8B4309142FA
:1003D00001D1C6F8B830A764F9F7FEFD04F1300981
:1003E000002200234846F9F765F8064600BBD8F816
:1003F00004300BB1204698472760E3680BB12046D4
:100400009847D8F820300BB120469847DDB1AB684B
:1004100003B1083B2C461D46C3E71360D6F8B8303D
:10042000994208BFC6F8B820D5E71A461B68C5E749
:10043000B36923B1F16920686FF06D0298473046C7
:10044000DAF75EFFCCE72B46E4E738B5406B0D46A4
:1004500020B150F8084904B1083C00B938BD4368E0
:100460009B680BB1294698472CB1A36803B1083BA0
:1004700020461C46F1E72346FAE7F8B50E46002170
:100480000746154600234FF480320846DFF7FAF896
:10049000044630B104210C30FDF7BAFD07704670F8
:1004A00045802046F8BD38B50546006898B1407BC8
:1004B000072810D1087A012810D1C87A07280DD949
:1004C0008A61CB6105F1300007F00DFC2846FFF78B
:1004D00036FF002038BD6FF07F00FBE76FF015009E
:1004E000F8E7406B30B1838B8B42A0F1080001D05C
:1004F0008068F7E7704710B54AB989B2FFF7F1FF96
:1005000028B143689B6913B1BDE81040184710BD7E
:1005100038B50D460521FFF7E4FF00231A462946AA
:10052000FFF7C1FF044610B12846DAF7E9FE20467E
:1005300038BD38B50B8A032B05460C4621D904215A
:1005400004F10C00FDF7A5FD238A42889A4218D1D8
:100550004178B1B10378012B13D0132B11D00222B3
:1005600001202D68FFF789FF044650B102210C30AD
:10057000FDF74EFD00230370437021462846FFF728
:10058000C7FF002038BD406B30B183898B42A0F19A
:10059000080001D08068F7E7704738B50B8A032B55
:1005A00005460C4604D82046BDE83840DAF7A8BE18
:1005B000042104F10C00FDF76CFD41882846FFF78B
:1005C000E2FF0028EFD0436821465B699847EAE7DD
:1005D00070470346006828B1596802681A6088426B
:1005E00008BF5A6070470346002003B970471A8A53
:1005F0005B681044F9E710B5D4682378023113B969
:100600002170012010BD8B42FBD0038A023B038284
:1006100000201061F6E72DE9F04104468868FFF7F5
:10062000E2FF638B628D934228BF134683420D46DF
:100630001DD3A165D1F8088000278F60F9F7B8FCB9
:1006400041462046DFF75EF9064638B1C5F8088016
:10065000A765F9F7C1FC3046BDE8F081618D638B79
:10066000994228BF1946284601F03EF9F1E76FF09C
:100670007906F0E72DE9F041446A074644B154F8A1
:10068000A86906B1A83E0022154607F104080CB976
:10069000BDE8F081A36D9BB905B98AB94046FFF763
:1006A00098FF054658B101462046FFF7B4FF0028E1
:1006B000EED07B682B60BB687D6003B9BD602246CD
:1006C00036B1D6F8A83003B1A83B34461E46DEE763
:1006D0003346FAE773B51446014605464FF4957262
:1006E000206800F0C3FF207530B92068294601F06A
:1006F000FEF820B908232375002002B070BD237ACC
:10070000B3B1A3F11802534253419B000193638A92
:100710000093AE68238AE26820682946B047002823
:1007200008DB238A83420CD1002323750120E4E7F0
:100730000223EBE710F1FF0F03D34042C0B2207554
:10074000DAE70E20FBE738B504460D46DFF7DAF8A6
:1007500030B1294604F15C00BDE8384007F0C3BA67
:1007600038BDF8B59368166805460F46144663B958
:10077000506801210C30FDF74BFCA0602B681B7802
:10078000002B14BF022301230370A3681B78012BE5
:1007900003D0022B1FD000201CE02B681B78002BFD
:1007A000F9D1606804210C30FDF732FCE06007806D
:1007B0002A68E36852885A806168728D738B088A50
:1007C0009A4294BFC0EB0200C0EB0300042894BF20
:1007D00000200120F8BD2B681B78022BDBD160685C
:1007E00012210C30FDF714FCE06007802B68E268F2
:1007F000591C0232113351F8040B42F8040B994290
:10080000F9D16168728D738B088A9A4294BFC0EBEC
:100810000200C0EB03001228D9E770B40668726AC0
:100820005AB3144654F8A83903B1A83B0022114624
:100830007CB9438D408B8B4201D890421FD98242B4
:1008400038BF02469942306838BF194670BCE0F79D
:10085000E9BE844207D0658D648BA94238BF294622
:10086000A24238BF224633B1D3F8A85005B1A83D03
:100870001C462B46DCE71D46FAE71146D9E770BC5B
:1008800070472DE9F041CB681F88BBB2162B054697
:100890001BD90321DFF7E0F80646C0B102210C3076
:1008A000FDF7B6FB00244FF0410880F8008044704B
:1008B00031462846FFF747FF2846A5F81A806F857E
:1008C000FFF7ABFF2046BDE8F0810420FBE70E20D8
:1008D000F9E7D0680378043113B90170012070473B
:1008E0008B42FBD091680B8A0020043B0B82106185
:1008F00070472DE9F041884617460121042205463C
:100900001E46DFF757F8044670B104210C30FDF79E
:100910007FFB80F80080A0F80170C6702146284651
:10092000BDE8F041FFF70FBFBDE8F0811FB5CDE98D
:100930000123002300931A46E0F76AFA05B05DF838
:1009400004FB0368002203B970478B420FD10B6888
:100950003AB942680360914200D1436000230B60C2
:10096000704713604368994208BF4260F6E71A4631
:100970001B68E8E7BFF35B8F50E8003F43F00802D5
:1009800040E800210029F7D1BFF35B8FC3F3C0001B
:10099000704707B5CA681388528800920C210D224F
:1009A000DFF7FCF803B05DF804FB07B5CB68002265
:1009B0001B8800920A210B22DFF7F0F803B05DF8E4
:1009C00004FB70B504460E46002200230846F8F7E3
:1009D00071FD054658B101462046DEF793FF0446F7
:1009E00018B12946304607F089F9204670BD6FF0EE
:1009F0000104FAE737B50C46054601F10C00FDF796
:100A000058FB228A0192E2680092034613221221C7
:100A10002846DFF701FB03B030BD37B50C4605466D
:100A200001F10C00FDF745FB228A0192E268009279
:100A30000022034611462846DFF7EEFA03B030BD28
:100A40002DE9F04391B0D2F8008007460E4600250C
:100A500042F601030068D8F804908DF82C500BA9D9
:100A60001446ADF82E30FEF793FC002800F082808B
:100A70004FF4205338688DF82C500BA9ADF82E3068
:100A8000FEF786FC38B1A3681BB15A88B24200D287
:100A90005E80012010E061680846FFF7A4FDB8F809
:100AA0002A20B8F81A309A4294BFC0EB0200C0EB7B
:100AB0000300032803D8002011B0BDE8F0830846E6
:100AC000FDF742FA616805460846FFF78CFD6B8A20
:100AD0002A8AA3EB020C6B69EA68D21AACEB020318
:100AE000B8F81AC0B8F82A20944594BFC0EB0C009F
:100AF000C0EB0200834228BF03466BB9887ADAF75D
:100B000057FB00220023FDF7ECF905460028D2D060
:100B100001466068FDF729FA00230093D7F80480A6
:100B20003946102302AA4846C047071E22DB227C12
:100B3000E068BA421AD001460BA8FEF756FCC8B1CD
:100B4000FAB202A906A8FEF750FC98B106A90BA8B4
:100B5000FEF71EFC70B900236374042105F10C003C
:100B6000FDF756FAA0600680A36891E702A909F094
:100B700051F8EFE70023A3608BE72DE9F04F06461D
:100B800085B0104690469946FFF72DFD738B728D08
:100B9000934228BF134683428B4675D973680393EB
:100BA0004046FDF7D1F94FF0000A04464046FFF7F2
:100BB0001AFDE168228A658A6369778BCB1AAD1AC0
:100BC000ED1A738D9F4294BFC0EB0700C0EB03008A
:100BD000854228BF054625BB98F80A00DAF7E8FAEF
:100BE00000220023FDF77DF9044608B9574627E0A7
:100BF00001464046FDF7B9F94046FFF7F4FCE168CD
:100C0000228A658A6369778DCB1AAD1AED1A738BC8
:100C10009F4294BFC0EB0700C0EB0300854228BF92
:100C20000546CDF80090DBF8047003980A44ABB297
:100C30005946B847071E07DABAF1000F18BF5746E2
:100C4000384605B0BDE8F08F0E9BABB9394604F1CC
:100C50000C00FDF7DDF94046FFF7C5FC738D728B84
:100C6000934228BF1346B9448342BA441FFA89F914
:100C7000BCD9AF429AD0B9E70F9A0E9B39462046AD
:100C800098470028E2D1B1E70027D9E72DE9F341E1
:100C90001768D7F8048000231446137301460646EC
:100CA0009522404600F0E2FC0546207330B93146FB
:100CB000404600F01AFE28B908232373002002B032
:100CC000BDE8F081A068798B7A8D038A914294BF48
:100CD000C3EB0103C3EB0203012BEFDD02210C3058
:100CE000FDF796F9CDE900558046A388A268314604
:100CF0003846FFF742FF031E06DA13F1FF0F26BF47
:100D00005B42DBB20E23D8E7A8F800300120D6E71B
:100D10002DE9F3411768D7F80480002314461373B4
:100D2000014606469522404600F0A0FC0546207389
:100D300030B93146404600F0D8FD28B90823237366
:100D4000002002B0BDE8F081CDE900553146A3880E
:100D5000A2683846FFF711FF002807DA10F1FF0FED
:100D600026BF4042C0B20E202073E9E70120E8E729
:100D7000F8B50546071F00F1500350F8044CBFF3C7
:100D80005B8F53E8001F21F0040143E80012002AA2
:100D9000F7D1BFF35B8FFCB16B6D83B9636873B13F
:100DA000201DFFF716FC064601463846FFF733FCC8
:100DB00090B163683360A368666003B9A66005F10B
:100DC00058013846FFF7FDFD30B104F10C013846FB
:100DD000BDE8F840FFF7F5BDF8BD08B5437B072B2C
:100DE00001D0002008BD0421FFF7CDFB0028F8D07A
:100DF000BFF35B8F036DBFF35B8FDB07F1D550F85B
:100E0000040CEFE738B50546BFF35B8F0B68BFF303
:100E10005B8FDB0716D550F8040C98B16B6D8BB95E
:100E20000430FFF7D6FB044660B10146281FFFF7E8
:100E3000F2FB38B155F8043C5A6822609A685C604D
:100E400002B99C6038BD70B50E461546FFF7C5FF68
:100E500078B1436A6BB1184650F8A83903B1A83B82
:100E6000691C428D448BA24228BF2246914202D97E
:100E70003BB9002070BD2A463146BDE87040DEF720
:100E800099BDD3F8A84004B1A83C18462346E8E72A
:100E9000DFF73EBF10B504467438DFF791FB54F816
:100EA000740C1321BDE81040FFF77FB970B550F8FE
:100EB000043C0446061F002B34D039B1436D002B8F
:100EC00030D01B7CDA072DD505231EE005682846A7
:100ED000E0F7C8FB6B7A012B24D0646D14B3237C3C
:100EE000DB071FD5E368002BEED06269617C3046DA
:100EF000DEF760FD054638B1D4E90512E36898478E
:100F000050B12846DAF7FCF90E230022304611468C
:100F1000BDE87040DFF71EBB29463046DEF7F2FC25
:100F20000028EED170BD08B500230A8AC968DFF732
:100F300011FB002008BD70B50D46FFF74EFF0446BB
:100F400028B92846DAF7DCF96FF07F0070BD00F1B0
:100F50000C062946304606F0C6FE646AC4B154F851
:100F6000A85905B1A83D0022104607E022467DB1F0
:100F7000D5F8A83003B1A83B2C461D46831C01D1EF
:100F8000002AF4D131462046FFF71BFD0028EDD1A1
:100F90000020DBE738B505460C46F9F709F8284686
:100FA000FFF71BFF20B9F9F717F86FF07F0038BD86
:100FB0000023236083683BB9C0E90144FFF75AFB73
:100FC000F9F70AF80020F2E71C608460F6E70120D8
:100FD000704708B5FFF701FF98B1436A8BB1BFF3C3
:100FE0005B8FA83B03F1540252E8000F20F0080089
:100FF00042E800010029F7D1BFF35B8FD3F8A83096
:10100000ECE708BD08B50421FFF7BDFA30B1BFF326
:101010005B8F006DBFF35B8FC0F3C00008BD106035
:101020000020704710B5029CA36833B1B1F5807FF2
:1010300028BF0E21CAB221469847A37DE268013B32
:10104000DBB2A37522B11BB92046BDE810401047A2
:1010500010BD10609180002070470020704708B5D7
:10106000072208F0D7FDB0FA80F0400908BD10B59E
:1010700003789342044607D10130FFF7F0FF0028C0
:1010800014BF2046002010BD0020FCE710B5034629
:10109000BFF35B8F53E8000F40EA010243E80024EE
:1010A000002CF7D1BFF35B8F10BD10B50346BFF323
:1010B0005B8F53E8000F00EA010243E80024002C94
:1010C000F7D1BFF35B8F10BD0B6803608B88838003
:1010D0008B7983717047BFF35B8F0068BFF35B8FC1
:1010E000704770B50D46064611F8010BDEF796F90C
:1010F000044610B12C89DDF7C3FD6B89A34207D0EC
:10110000EB686C8123B121463046BDE8704018473A
:1011100070BD38B5BDF81040A24215460CD84CB190
:101120006BB1A41A8C42A8BF0C46A4B2224659192E
:1011300008F041FD204638BD6FF00604FAE76FF075
:101140000D04F7E730B585B0C96814461D46DFF7D2
:1011500091FB00B10089ADF80E0002230093BDF8A9
:1011600020200DF10E0329462046FFF7D2FF05B0DF
:1011700030BD1FB50C461946E3681C781046BDF813
:1011800018203CB110240133069404B0BDE810408F
:10119000FFF7BFBF5B88ADF80E30022300930DF15F
:1011A0000E03FFF7B6FF04B010BD30B585B01D4685
:1011B000002314468DF80C30DFF73EFB10B1037AA4
:1011C0008DF80C3001230093BDF8202003AB294695
:1011D0002046FFF79EFF05B030BD10B5DFF7AAFA35
:1011E000044640B1014611F8010BDBF7E7FB002391
:1011F00023606360A36010BD70B500F17006054602
:101200003146007AFEF7CDFB04463146287A1CB100
:10121000BDE87040FFF7E1BFDFF78CFA10B1046062
:101220004460846070BD022A10B508D1002300F12B
:1012300070011A46007ADFF76DFB022010BDFFF740
:10124000DBFFFAE737B504460D46DFF73BFA024607
:1012500098B1037A8DF804300C30FFF73CFF10F0A2
:10126000010318BF01238DF8053001AA0223294686
:101270002046DBF7ABFB03B030BD0346F7E7F0B524
:1012800007683D7889B0064614462DBB7B88B3F5C8
:10129000245F04D01AD8A3F52053032B1CD8ADF833
:1012A0000A1002220DF10A01204607F064FD48B938
:1012B0007B88ADF80A3002220DF10A01204607F0C2
:1012C0005AFD68B16FF01503E36406E003F5564379
:1012D000FF339BB2042B14D90125284609B0F0BD79
:1012E000009003AA776813233146B847021E01DA3B
:1012F000E264F2E703A9204607F03DFD0028EBD0A9
:10130000E0E7ADF80A1002220DF10A01204607F0CD
:1013100032FD0028D6D17B88ADF80A3002220DF1CB
:101320000A01E8E708B50C3029B10121FFF7AEFE4C
:10133000C043084008BD6FF00101FFF7B6FE00F0A2
:101340000100F7E710B50446FFF7ECFF38B121467E
:101350000122BDE8104011F8010BDFF79FBA10BD64
:101360002DE9F0419846BDF81830012B0646174686
:101370002ED84344012B45462DDCDFF75DFA0446A9
:1013800018B9DFF759FA044640B3B8F1000F11D08D
:10139000217A002321FA03F2D00703D53A78DA4004
:1013A000D2071ED50133032BF4D13B7803F007039A
:1013B0001943217206F17001601CFFF785FE337A34
:1013C000237001212046FFF7BDFF2846BDE8F081CC
:1013D0006FF00605F9E76FF00C05F6E76FF0100502
:1013E000F3E76FF01205F0E770B504461546FFF716
:1013F000EEFD48B12046DFF71FFA28B1037ADB077C
:1014000002D50121FFF79EFF85B9207A04F1700112
:10141000DFF790F9024648B101468560BDE87040AB
:1014200011F8010B04230832DBF7BABA70BD2DE9BD
:10143000F043894685B017469846044628B96FF0B0
:101440001505284605B0BDE8F08302A9FDF77AFF2F
:1014500005460028F3D101A92046FCF7DFFB0198DF
:1014600000B30A222946FBF701F80228E7D8C6B2E2
:1014700002A93046DFF726F9044640B9DFF7DCF968
:10148000044648B300F8016B02A9FFF71DFEB9F14D
:10149000000F1DD0022269464046B847002803DAF3
:1014A0000546CEE72E46E3E79DF80030237202287A
:1014B00004D000212046FFF745FFC2E79DF8011048
:1014C0000129F6D801F001012046FFF72BFFB8E70C
:1014D0002046DFF7EFFAB4E76FF00B05B1E738B558
:1014E000BDF81010BDF81840059DA14210460CD85B
:1014F0004CB16DB1641A9C42A8BF1C46A4B22246EE
:10150000294408F058FB204638BD6FF00604FAE77E
:101510006FF00D04F7E713B5044610B9002002B0D0
:1015200010BD00238DF80430006842F6030301A9C2
:10153000ADF80630FDF72CFF0028EFD1E36898885E
:101540000028ECD12046DFF733FC013080B2E6E71B
:1015500070B5CC6888B008461E46A3798DF80C306B
:101560001546FFF7D8FFADF80D00246823786BB956
:101570006388ADF80F3005230093BDF8302003AB2E
:1015800031462846FFF7C5FD08B070BD631C0DF15C
:101590000F02113453F8041B42F8041BA342F9D183
:1015A0001323E9E71FB5CDE90123002300931A4671
:1015B000DFF72EFC05B05DF804FBDFF717BD38B58B
:1015C000044659B100F170052946007ADFF7A4FD01
:1015D000207A2946BDE83840FFF734BE38BDF8B55B
:1015E00006460F46DFF78AF8394604463046FEF7CE
:1015F000D8F968B364B304F108056FF00101284617
:10160000FFF753FDC20703D539463046DFF784FDA7
:101610006FF002012846FFF748FD830703D53946DE
:101620003046FFF70FFE2846FFF755FD80B92346E9
:1016300003F8010BC4F80100C3F80300BFF35B8F8C
:1016400055E8003F45E80002002AF9D1BFF35B8F5F
:10165000F8BD38B5A0F12F05441C15F8010C29463A
:101660000C35FFF7BCFFA542F7D138BD38B54C8A21
:10167000D3070546C4F30E0404D514F0950F2AD001
:101680004B6843B3900704D514F4957F25D08B683D
:101690001BB3144014F4DE7F0DD0EB7A2BB928462F
:1016A000FEF7A3FDD8B9052038BD14F0300F04D1E2
:1016B00014F4C07F07D10020F6E72846FEF7E1FDCD
:1016C0000228F5D8EFE7D5F8A430002BEBD05B7CEF
:1016D000DB06E8D5EFE70220E6E70320E4E70F208A
:1016E000E2E72DE9F041437B072B86B006460C4626
:1016F000154640F0858000238DF81430206842F6AE
:10170000030305A9ADF81630FDF742FE90B96768EE
:10171000002F75D00090012304AA2146B847012864
:101720006ED19DF8103013F0300F69D02046DFF7EE
:101730003FFD0446002320688DF8143005A942F6C9
:101740000213ADF81630FDF723FE18B12046DFF77F
:101750002FFD0446002742F6021820688DF8087015
:1017600002A9ADF80A80FDF713FEF8B9002320683E
:101770008DF8143005A942F60213ADF81630FDF7C6
:1017800007FE00283CD16768002F39D00090022363
:1017900005AA21463046B847022831D1BDF8143099
:1017A00005EA0300003818BF01202AE020688DF800
:1017B0000C7042F6030303A9ADF80E30FDF7E8FD07
:1017C0000028D3D020688DF810704FF4205304A95E
:1017D000ADF81230FDF7DCFD0028C7D020688DF889
:1017E000147042F6010305A9ADF81630FDF7D0FDDF
:1017F0000028BBD02046DFF7DBFC04460028ACD134
:10180000002006B0BDE8F081F8B514460F469422DA
:1018100061680646FFF72AFF20BB61680122304657
:10182000FFF75FFF08B3A2891B2102323046FFF7A2
:101830000AFB0546E0B1A1890C300231FCF7E8FB58
:1018400020F8027BA289A16808F0B5F9D4E9041256
:1018500028460123DEF718FF29463046BDE8F84048
:10186000FFF769BB4FF0FF30F8BD6FF01500FBE7E5
:101870006FF00B00F8E72DE9F04105468846DEF7EA
:10188000DBFF0446E0B1037ADB0719D500F10C0752
:101890003846FFF720FC10F0010611D1B8F1000F17
:1018A0000FD06FF002013846FFF7FFFB10F0020F78
:1018B000284609D0FFF78DFB01212046FFF742FDA6
:1018C00001263046BDE8F081FFF781FB0028F8D003
:1018D0002846FFF797FB0028F3D06FF00201384647
:1018E000FFF7E3FB2846E5E770470120704701203A
:1018F000704713B5C068144668B100238DF80430F2
:1019000001A94FF4C053ADF80630FDF741FD10B901
:10191000236801332360012002B010BD0720704707
:1019200008B50621FEF72FFE00B1EC3808BDBFF365
:101930005B8F0068BFF35B8F084100F001007047C8
:1019400038B50A46034609B9012038BD488A10F067
:10195000240FF9D0197D5D7B147CA94228BF29464C
:101960008C4201D90020F0E7810612D4527CD207C4
:10197000EAD51A7A002AF5D00521181DFFF7D7FFFE
:101980000028E1D1187A0138012894BF00200120F5
:10199000DBE70521181DFFF7CAFF0028E6D1E1E7C4
:1019A00001238B40DB43BFF35B8F50E8002F1A40CD
:1019B00040E800210029F8D1BFF35B8F7047072072
:1019C000704770B500230446EC300D46FEF76BFD02
:1019D00020B12846BDE87040D9F792BC04F5A0704C
:1019E0004FF47022BDE870400023F8F749B8012396
:1019F0008B40BFF35B8F50E8002F1A4340E8002173
:101A00000029F8D1BFF35B8F704708B50E21FFF7AF
:101A1000EEFF002008BD38B505460B4604300D2109
:101A2000FFF785FFA0B1DC68D5F8EC300220197A09
:101A300003F1700200F0F0FB80B1224600F12E03AA
:101A400004F1100152F8040B43F8040B8A42F9D157
:101A500028460921FFF7CBFF002038BD0820FCE70E
:101A600070B5051D0E4628460421FFF760FF68B1DA
:101A70000022002100230846DDF704FE044640B999
:101A800004212846FFF7B3FF204670BD4FF47022B3
:101A9000EFE701210C30FCF7BBFA0670F4E738B52C
:101AA00004210446FFF7DCFF0546A0B110210C30ED
:101AB000FCF7AEFA04F1270304F1370253F8041BD4
:101AC00040F8041B9342F9D1204600222946FFF733
:101AD00078FF002038BD0820FCE72DE9F04790B0E2
:101AE00004460CAD10220021284608F08BF8237A1A
:101AF000052B1ED8DFE803F0060303061D21D4F8EA
:101B0000D8300C93D4F8EC3004F1470204F1C70745
:101B1000CDE9017204F1370803F17E0204F12709CF
:101B2000009277334A46414604F19700E0F738FFC8
:101B300098B1082010B0BDE8F087D4F8E430002B4D
:101B4000E0D02E4603F1100718685968324603C2E8
:101B50000833BB421646F7D1D4E7D4F8EC3003F192
:101B600077027E3308AE019304F1110302920093D1
:101B700003962B4642464946384600F0B9FB0028FA
:101B8000D7D1237A052B0FD1D4F8E010002949D002
:101B90000B46AC4601F1100E18685968624603C244
:101BA000083373459446F7D1D4F8EC3003F17E0244
:101BB00077330DF1100A019304F10A0302920093A6
:101BC000CDF80CA02B464A464146384600F090FB23
:101BD0000028AED11022514604F1B70008F01AF8DF
:101BE00028BB0D212046FFF73BFF07460028A0D069
:101BF00010210C30FCF70CFA32460346164603CE91
:101C0000AE4218605960324603F10803F6D1002253
:101C100039462046FFF7D5FE201D0121FFF7E7FEDC
:101C2000002087E71022284607F0ECFFBCE70B20D6
:101C300080E770B5D0F8EC30DB78012B044619D181
:101C4000CD68061D10213046FFF7AAFE2B4604F191
:101C5000B70205F1100153F8040B42F8040B8B4254
:101C6000F9D107213046FFF762FE28B1092130463D
:101C7000FFF7BDFE002070BD0A213046FFF757FE7A
:101C80000028F3D12046BDE87040FFF726BF70B5AD
:101C9000061DCD6804460B213046FFF781FE2B461A
:101CA00004F1170205F1100153F8040B42F8040B7C
:101CB0008B42F9D1237A012B09D0022B13D1204674
:101CC0000421FFF794FEBDE87040DFF7A7BE0A21AC
:101CD0003046FFF72CFE0028F1D030460021FFF7F8
:101CE00086FE002070BD0820FCE707207047072013
:101CF00070470720704730B5012303FA01F1CA434A
:101D0000BFF35B8F50E8003F03EA020440E8004560
:101D1000002DF7D1BFF35B8F01EA0300003818BF35
:101D2000012030BD38B50446031D0025BFF35B8F8D
:101D300053E8002F43E800510029F9D1BFF35B8F2E
:101D400004F5A07006F0F1F82572BFF35B8F54E83C
:101D5000003F44E80052002AF9D1BFF35B8F2046D0
:101D60000121BDE83840FFF742BE70B500F17006B2
:101D700005460C4607220968304607F04BFFB8B904
:101D800063681A682A679A88A5F874209B7985F891
:101D90007630D5F8A4305BB1A268934208D062686F
:101DA0001168C3F801109188A3F805109279DA71CF
:101DB00070BD2DE9F84FDDF82C80BDF82890044661
:101DC00092461F46FFF7ACFD054600285CD0061D75
:101DD000B9F1000F27D15AEA070324D10321304675
:101DE000FFF7A5FDF8B101213046FFF7A0FDD0B106
:101DF0002C7D6B7B9C4228BF1C46224605F1470187
:101E0000404607F0D8FE0F2C06D8C4F11002494610
:101E100008EB040007F0F6FE30460121FFF7E7FD6E
:101E20000120BDE8F88FD4F8A43083B904F1700B19
:101E3000217A5A462020E0F761FCC4F8A40030B9AA
:101E4000217A5A460120E0F759FCC4F8A400B9F100
:101E5000000F0CD15AEA070709D1D4F8A41031B108
:101E60004B8A9B0603D50C7C1E312246C8E70F2106
:101E70003046FFF75CFD20B1022206212046DDF747
:101E80006BFA2846FFF74EFF0020CAE76FF0850087
:101E9000704730B585B0054610220C4668460021D3
:101EA00007F0B0FE10226946284607F0B3FE80B165
:101EB0000123237022460023214628466370A37025
:101EC000E3706360A360E36005B0BDE83040EAF70B
:101ED000B7BE6FF0150005B030BDF8B5031D06465E
:101EE0000F4618460221FFF722FD044620B1B6F83E
:101EF000E840B4FA84F4640903211846FFF717FD9B
:101F000058B139463046E0F7D3F8052194B1D6F8F8
:101F1000EC00FEF74AF90020F8BD01211846FFF752
:101F200006FD0028EDD10F211846FFF700FD00281F
:101F3000E7D1EAE73046FFF793FD054688B1012176
:101F40000C30FCF765F8234607702246294606F157
:101F5000EC00FEF7A8FA0028DDD02846D9F7D0F922
:101F6000D9E76FF06800D7E770B504460820DFF7BF
:101F700027FC0546E0B1061D08213046FFF710FD9D
:101F8000BCB30721FFF70CFD234605F1970204F1CE
:101F9000200153F8040B42F8040B8B42F9D10A21BB
:101FA0003046FFF7C4FC70B109213046FFF71FFD32
:101FB0000720DFF705FC0446E8B1DFF751FCD0B19C
:101FC0000821204612E010213046FFF7B0FC09211D
:101FD0000028EAD13046FFF7AAFC0028E8D02846BE
:101FE000FFF77BFD01460028E2D02846FFF775FF8A
:101FF000DEE70B21F9E770BD2DE9F0410E460446FE
:10200000D0F8EC80DFF7EAFBF768261D05460A21C9
:102010003046FFF770FE38B16DB920463978E0F7E9
:1020200047F80020BDE8F0810B213046FFF763FE42
:102030000028F1D1F1E72B69002BEED040469847FC
:10204000EBE770B50446A0F1EC0650F8543BE83CD1
:10205000D3F8A45005F069FF03212046FFF767FC81
:10206000A0B108213046E0F723F83DB16B8A13B1E7
:102070006B7C9B0702D5284600F0E2F830464FF40F
:10208000BC72BDE87040002107F0BCBD01212046B4
:10209000FFF74DFC0028E4D10F212046FFF747FC55
:1020A0000028DED1E1E710B508210446A0F5A070B4
:1020B000DFF7FEFFA4F59E700421BDE81040FFF796
:1020C00096BC08B59AB98378012B10D10621FEF78A
:1020D00008FA10F8043C23F0020300F8043C30F83E
:1020E000041C21B9BDE80840EC38DFF7E1BF08BDAA
:1020F00070B50446FFF714FC0546002875D0061D90
:1021000003213046FFF713FC00286ED0D4F8A4005A
:1021100008B100F095F8207A04F17001E0F718FAA0
:10212000C4F8A40028B928460821BDE87040FFF78C
:10213000D4BE0E213046FFF7FAFB28B1D4F8A42014
:10214000537C43F0020353742B7A032B0DD8002BDE
:102150004CD1D4F8A420537C23F020035374D4F83A
:10216000A420537C23F001030DE0053B012BF0D8A4
:10217000D4F8A420537C43F020035374D4F8A42053
:10218000537C43F0010353742B7D697BD4F8A42066
:102190008B4228BF0B46137405213046FFF7C7FB5F
:1021A000D4F8A420537C40B343F0100353740D21A2
:1021B0003046FFF7BCFBC0B1D4F8A400202100F0EA
:1021C0003BF8D4F8A43005F147021E33573552F8D6
:1021D000041B43F8041BAA42F9D1D4F8A42000231D
:1021E00053619361D4F8A420938370BD05213046D8
:1021F000FFF79DFB0028ACD0C0E723F01003537419
:10220000F3E708B5072207F005FDB0FA80F04009B2
:1022100008BD0121DBF780BC70B504460D461646AB
:10222000E0F76CFA38B931462846E0F791F910B179
:10223000438A1C43448270BD438A194341827047DC
:1022400010B5037A5B07044601D5DBF727FD21466D
:1022500011F8010BDAF74CFC20464822BDE810408B
:10226000002107F0CFBC014602463C2311F8010BC8
:102270000C32DAF72FBC531E1944024411F801390D
:1022800000F8013B9042F9D1704710B5431E00F1B0
:102290001002073013F8011F12F8014D1C70834221
:1022A0001170F7D110BDF0B597B014460E4620223C
:1022B000014605A81D461C9FFFF7DDFF2022314681
:1022C0000DA8FFF7D8FF2146102201A88DF8545021
:1022D000FFF7D1FF3B46412205A901A8E0F7F6FB35
:1022E000044610B93846FFF7D0FF204617B0F0BDBE
:1022F0002DE9F04397B00446164605A810221D4666
:10230000DDE91F98219FFFF7B6FF1022314609A88B
:10231000FFF7B1FF102229460DA8FFF7ACFF1E9969
:10232000032211A8FFF7A7FF4946D9F8010011F8C9
:10233000013B8DF8473012908B88ADF84C30062267
:1023400012A8FFF798FF4146062211F8013B8DF8CD
:102350004E30D8F80130CDF84F300DF14F008B885A
:10236000ADF85330FFF787FF2146102201A8FFF791
:1023700082FF3B46412205A901A8E0F7A7FB0446DE
:1023800010B93846FFF781FF204617B0BDE8F0834B
:10239000F6F7CEBFF7F73EB8D9F79AB8013801285B
:1023A0008CBF002001207047EFF758BA38B50346BC
:1023B0001446084601B10AB9002038BD1A8D012A19
:1023C0000CD0022A0CD118252268AA4228BF2A461E
:1023D00003F1280107F0EFFB2560EDE70825F3E79F
:1023E0006FF08500E9E7F7F751BBF8B5B0F88C60FE
:1023F0000446C6F3410600F1600700220023384678
:10240000F7F758F8054640B9384605F03AFC04F1AC
:102410007800BDE8F840FFF7E6BF032E05D1FFF7CF
:10242000E4FF2846F0F7CAFAE7E702F045F8E4E7E8
:102430002DE9F04F154689B081461A460E4621B166
:10244000FDB92F464FF0FF3B04E0002DF9D00F46B9
:10245000D5F800B002F002034FF000080193CDF868
:10246000088009F1600ABBF1000F04D0504605F066
:102470005EFC044638B9002F54D1029809B0BDE87B
:10248000F08F0127E4E78045F5D0B8F1000F08BFD1
:10249000804602F069F9029983455A4628BF0246F0
:1024A00011440291ABEB020103460591BFB102B3A7
:1024B000019919B1E16804912169039131682046BD
:1024C000CDE9062302F0F0F83168069A079B114423
:1024D000019A316082B1049BE360039B2361002277
:1024E00000235046F6F7E6FF0146504605F0FBFB99
:1024F00015E0019A002AF2D19B4510D30023002257
:102500005046F6F7D7FF90F837309B0742BFD9F80F
:102510005C3043F00103C9F85C3001F0CDFFDDF819
:1025200014B0A0E7C5F800B0A7E770B5C36D049E6E
:10253000DB0704460D4604D5BDE87040084601F0AF
:10254000BBBFD0F8800028B14FF0FF324FF0FF330F
:10255000F6F7EEFE002E05DAE36D764243F0040353
:102560006660E36504F16006E5B9304605F0E3FB1B
:1025700088B9E36D43F00103E365304605F081FB64
:1025800004F17800FFF72FFFD4F88000A8B1BDE870
:102590007040F6F73FBF90F8373043F0020380F801
:1025A0003730EDE795F8373023F0020385F8373000
:1025B0002946304605F097FBE2E770BD002910B5CB
:1025C00004460EDAC36D494243F004034160C3651B
:1025D000603005F056FB04F17800BDE81040FFF7CD
:1025E00002BF10BDEDF748BBEDF774BBEDF7A6BB1E
:1025F000EDF7CCBBEDF73CBCEDF764BC07B50023B1
:10260000CDE90033EDF75EFC03B05DF804FB2DE986
:10261000F0474FF0FF338CB015464FF0FF32CDE955
:102620000A230A236A0604460E46099303D4C36D9F
:1026300013F0020339D000220023CDE90A2306A8B3
:1026400005F077FEDDE90A2306A8DDE9068905F035
:1026500070FEDDE90623CDE9042300270DF1240AED
:10266000DDE90A230297CDE90023314600232A46FB
:10267000204601F0B4FC00281FDADDE90A230146F8
:10268000CDE90023CDF808A04B4642462046EDF7A1
:102690003DF9431C11D0DDE9042306A805F06EFEC8
:1026A000DDE90623CDE90A23DAE70AAA0521F0F7D6
:1026B000F3FA4FF4A0220023C1E70CB0BDE8F08785
:1026C000FFF7A5BF10B5D0F8802004460B4692B1A5
:1026D000026E0AB1002010BDD3E90023D0F88010AB
:1026E0007830F7F733FA0028F5DBE36D5B07F1D5B7
:1026F00060684042EFE76FF01500ECE7EDF766BC6D
:10270000EDF71CBF07B50023CDE90033EDF716FF49
:1027100003B05DF804FBEDF73FBFEDF779BFEEF7CF
:102720003BB8EEF737B9EEF775B9006800F0F00086
:10273000A0F1E00358425841704710B1006800B161
:102740008068704710B1006800B10068704710B52C
:10275000FFF7F8FF836823B1DB6813B1BDE81040D1
:102760001847002010BD08B5FFF7E7FF007E08BD41
:1027700070B50346FFF7E6FF856804467DB151B9A1
:102780001846EEF7CDFEAB680BB9002070BD2046B1
:10279000BDE8704018476B68002BF9D1F5E76FF082
:1027A0000100F3E70378FF2B11D14378FF2B0ED103
:1027B0008378FF2B0BD1C378FF2B08D10379FF2B34
:1027C00005D14079A0F1FF035842584170470020DD
:1027D0007047B1F5006FF8B5144624D19368DD68F1
:1027E0002846FFF7DFFF40B994F83730012262F343
:1027F000061384F837300120F8BD05F11006304685
:10280000FFF793FF0028EFD19769EFF7F5FD2A69ED
:1028100003689A42E8D031463846EFF799F8002825
:10282000E2D10220E8E748F2DD639942F9D192F85B
:1028300037300222DBE710B503690446FBB1BFF372
:102840005B8F50F8043CBFF35B8F427D03F00103C4
:1028500002F00101994212D063F30002427500694F
:1028600033B1EEF7F9FB2069BDE8104000F06BBE14
:10287000EEF700FC2069BDE8104000F078BE10BD06
:1028800001230B7000234B705E238B704378CB7059
:1028900082780A71C2784A7103F07F03CB70704767
:1028A00010B583680C463BB1DB682BB1984700EA52
:1028B0000403003B18BF0123184610BD48B100684F
:1028C00038B1BFF35B8FC068BFF35B8F084100F086
:1028D0000100704708B5034648B10021FFF7EEFF3D
:1028E00028B118460821BDE80840FFF7E7BF0020DF
:1028F00008BD03680B604368016003B9416070471D
:10290000136839B9416803608A4200D143600023EB
:10291000136070470B6043689A4208BF4160F6E756
:102920000B680360704710B1006800B11030704749
:102930000278034662B9407850B99A785AB9D87883
:1029400040B91A793AB95879B0FA80F0400970471D
:10295000002070471046704708B505F0E8FC4FF4BA
:102960007A72A0FB020302FB0133C00B40EA434032
:1029700008BD0378FF2B11D14378FF2B0ED183784C
:10298000FF2B0BD1C378FF2B08D10379FF2B05D187
:102990004079A0F1FF03584258417047002070472A
:1029A00040B1006830B1BFF35B8FC068BFF35B8F8D
:1029B000C0F340307047F6F7BBBC31B1062343701B
:1029C0000B68C0F802308B88C380704710B503468F
:1029D000D8B1DC7EA4074FF0000016D51C88012C6E
:1029E00013D193F91940012C0FD119B10C68596812
:1029F0008C420AD12AB1596812684A40D9690A4200
:102A000001D1181D01E00028FBD010BD30B500B980
:102A100030BD84688C4203D1C5681468A542F7D0E4
:102A200003B118600068F2E7F6F7F4BC08B5034696
:102A3000FFF7B6FF28B903F12800BDE80840FFF70B
:102A4000F3BF08BD38B5044619B100F11805A369F4
:102A50002BB90023A360E3602361A38238BD4FF04C
:102A6000FF324FF0FF332846F6F724FD01F024FD36
:102A7000EDE72DE9FF47904682680E460546114670
:102A8000002329B91B2B07D8022004B0BDE8F0872A
:102A9000088A49680344F4E7D4682388B3F5807F43
:102AA000F2D16388082BEFD12279062AECD1637921
:102AB000042BE9D1A37B7F2BE6D0E388B3F5807F9D
:102AC00008D0B3F5007F00F0BC80284601F0F4FC8C
:102AD0000020DAE7A869FFF726FF04F10807811C48
:102AE000384607F097F80028CED04046FFF741FF60
:102AF000E0B104F112021046FFF73BFF18B910468F
:102B0000FFF716FF90B1D4F80E20A3699A420DD1B9
:102B100004F10E0103A8FFF703FF002300933A46D8
:102B200001230146A869EEF74DFCCEE7EEF780F8E9
:102B300006220146404607F06DF828B9D4F80E3059
:102B400003F0F003E02B9FD0AB690022586804F13A
:102B50001801FFF73BFF002896D004F11200FFF7A1
:102B6000E7FE68B103A804F10E01FFF7D9FE0123C7
:102B7000009301460023A8693A46EEF723FC3E463F
:102B8000AF6940F6CD420023CDE9002300231A4669
:102B90001C213846F0F764FA0446002895D0806876
:102BA0001C210C30FBF734FAA368DA68AB68082103
:102BB000D3F80C809170002306211370D37011712B
:102BC00093714FF0010A0421022382F801A0517190
:102BD000D3713368C2F81230B388D3823846FFF716
:102BE000A2FED0F802309360C388938108F10E01F1
:102BF00002F11800FFF794FE08F1180102F10E002F
:102C0000FFF78EFE3846FFF78EFE02F11209811C97
:102C100004F12400FFF7D1FE494604F12C00FFF730
:102C2000CCFE40F60603A38694F83730A0696AF319
:102C3000061384F8373000220023214600F0D6FA2C
:102C400043E704F118063046EEF7FCFE48B104F104
:102C50000E0103A8FFF764FE0023009304F10802AD
:102C60005FE7EFF7C9FBA26903689A42EFD03146EC
:102C70000020EEF76DFE00283FF427AFE7E792F85B
:102C800037301046012262F3061380F8373000F126
:102C90002E0200F12601FFF7ECBE48B1006838B102
:102CA000BFF35B8FC068BFF35B8F084100F001008A
:102CB000704708B501F089FEF0F792F8F0F7ACFD27
:102CC00002F063FAF0F78AFDF2F730FDEFF7B6FC99
:102CD000F0F746FAEFF702FAEFF79AFA002008BD8C
:102CE00010B5836804466BB994F83C0001F08AFE85
:102CF0002146C0B2F0F7F8F930B12046BDE81040E7
:102D000001F0DABB5B68EEE710BD10B582680446DF
:102D10001346C3B992B194F838305B0715D594F8CF
:102D2000383043F0040384F83830204601F057FC73
:102D300094F83730C3F30213032B0FD92046BDE8B4
:102D4000104001F0B9BB5B68E3E7A069214600F0E1
:102D50007BFB0128E3D00028F0D110BDA368DB681D
:102D60001B7803F0F003402BE8D1204602F020F955
:102D7000F1E738B505460C4601B3F8B18B6803B3EB
:102D8000DA68F2B11B8AE3B10021FFF786FFD8B100
:102D900094F8373043F0010384F83730204601F0CF
:102DA0001EFCA5612B6893B11B7C84F8243020465F
:102DB00084F82C30FFF794FF002038BD6FF0150029
:102DC000FBE76FF03C00F8E76FF07200F5E71B7867
:102DD000FFDE2DE9F84317461E460446002800F0A2
:102DE000D9808368002B00F0D5808369002B00F028
:102DF000D48000211846FFF750FF18B96FF0720019
:102E0000BDE8F88308211846FFF747FF0028F5D0F2
:102E1000204601F0AFFB204601F0E1FB94F837308B
:102E2000C3F30213012B0ED06269002A40F08180A7
:102E3000A0693A463346214600F00FFB02280DD127
:102E40006FF00400DCE7A38EB3F5006FECD1A3684C
:102E5000DD682B7A23B9204601F02EFB0020CFE756
:102E6000EFF7C6FA2A6903689A4202D16FF07C0034
:102E7000C6E7A368DD682B7C7F2B10D1A368DB68D5
:102E8000DA68A368DB681969D960A368DB681A612E
:102E90004FF40063A386A36973BB1A462FE0D4F8EE
:102EA0001880EFF7A9FA2A6903689A421ED005F143
:102EB00010014046EEF74CFD0146B8B9A368D3F8BF
:102EC0000C9009F110084046EEF7BCFD05460028BD
:102ED000D4D1EFF791FAD9F8102003689A42CDD0F7
:102EE00041462846EEF734FD0028C7D1A368DB68C9
:102EF0001B7B7F2B98D1B9E71A6802B11032116899
:102F000061625168A16204F12C0113B11B6803B125
:102F100010331A68E2625A684A6094F8383023F035
:102F2000140343F0140384F838302046FFF7D8FE2A
:102F300094E794F83730C3F30213012B7FF478AF92
:102F4000A368DB681B6903F0F003E02B7FF470AF2C
:102F500092F88830002B3FF46BAF0022002320460C
:102F600001F0CEFC054600283FF462AFA069A861DD
:102F700030B10368A3B11B7C85F8243085F82C3070
:102F80002946FFF7F6FE00283FF452AF284601F02D
:102F900093FA4DE76FF03C0032E76FF015002FE732
:102FA0001B78FFDE036800220BB9184670478B427E
:102FB00010D10B6842B942680360914200D143606E
:102FC00000230B600120704713604368994208BFDB
:102FD0004260F5E71A461B68E6E710B1006800B1E9
:102FE0004068704710B1006800B10068704710B4C5
:102FF000846B1CB12346426810BC184710BC704754
:1030000010B50346FFF7E9FF28B1C2681AB1BDE861
:10301000104018461047002010BD48B1006838B174
:10302000BFF35B8FC068BFF35B8F084100F0010006
:10303000704780B1036873B1BFF35B8F012202FA5E
:1030400001F10C3353E8000F084343E80002002A63
:10305000F8D1BFF35B8F704788B103687BB1BFF3D2
:103060005B8F012202FA01F1C9430C3353E8000FD0
:10307000084043E80002002AF8D1BFF35B8F704795
:10308000F6F756B94FF0FF324FF0FF331430FFF729
:10309000F7BFF6F7BFB970B50C4605461646FFF701
:1030A000F1FF012C0DD16C686CB905F11400FFF72C
:1030B000F0FF204670BD626833689A4218BF002452
:1030C000F3E70024F1E7E37EC3F340029B07F2D469
:1030D0001446EAE7F8B50E461746054640B1FFF735
:1030E000D1FF6C68E4B905F11400FFF7D2FF254663
:1030F0002846F8BD721C03D094F91930B34212D19E
:103100002388012B0FD104342046EEF7B9FA18B109
:10311000002F08BF0024E6E7002F18BF0024E2E7D5
:10312000E37E9B07E6D40024DDE770B505460E4636
:10313000FFF7A8FF6B6893B1D97EC1F340048907FC
:103140004FF000020CD51988012906D1D9695B68B6
:1031500063EA010331688B4202D0144600E01C464A
:1031600005F11400FFF795FF204670BD10B5A8B11A
:10317000006898B1BFF35B8F012303FA01F10C30B3
:1031800050E8003F43EA010240E80024002CF7D158
:10319000BFF35B8F1940081E18BF012010BD30B56A
:1031A000B0B10068A0B1BFF35B8F012303FA01F156
:1031B000CA430C3050E8003F03EA020440E80045EF
:1031C000002DF7D1BFF35B8F1940081E18BF0120F7
:1031D00030BD08B505F0ABF84FF47A72A0FB0203DE
:1031E00002FB0133C00B40EA434008BD70B51D46E9
:1031F0008B680C4616467BB994F83C00EFF780FFCD
:1032000032462B462146C0B2EFF762FF30B120466E
:10321000BDE8704001F050B95B68ECE770BD2DE986
:10322000F04104460D4617469846FFF72BFF08214C
:103230002046FFF7F2FED0B9062F1BD8D4B126687E
:10324000C6B106F112006DB9C6F81250858086F835
:1032500010807774002504F11400FFF71AFF284648
:10326000BDE8F0813A46294606F0A5FCEFE74FF0AD
:10327000FF35F0E76FF01505EDE770B505460E4632
:10328000FFF700FF6B688BB1DA7EC2F34004920750
:103290004FF000010BD51A88012A05D15868326811
:1032A000DB6942401A4202D00C4600E01C4605F1A0
:1032B0001400FFF7EEFE204670BDEEF749BB012279
:1032C000FFF708BF0022FFF705BF38B5EEF7C6FAD3
:1032D000044640B1FFF7D6FE65685DB904F11400FD
:1032E000FFF7D7FE2C46204638BD2B88012B18BF90
:1032F0000025F3E7EB7EC3F340029B07F5D41546A8
:10330000ECE7EEF79FBB37B500230D4601461846A4
:103310000193EEF735FB0446EFF76AF8844205D1D6
:10332000EEF7AEFA05B12C6003B030BD01A920461E
:10333000FFF7E7FF01980028F4D1F1E70021FFF73C
:10334000E2BFF8B505460F461646FFF79BFE002183
:103350002846EEF7C9FAB8B96B68ABB1DA7EC2F3AA
:10336000400492070AD51A88012A0FD159683A6891
:103370004A40D9690A4209D13268DA6105F114007C
:10338000FFF787FE2046F8BD0024F7E70446F5E77F
:1033900038B50C46054660B159B1FFF773FE237F7F
:1033A00023F00203237705F11400BDE83840FFF74E
:1033B00070BE38BD38B50546FFF764FE00212846CB
:1033C000EEF792FA044648B96B680BB193F84440A3
:1033D00005F11400FFF75DFEE0B238BD0024F7E709
:1033E00038B50546FFF74EFE00212846EEF77CFA79
:1033F000044648B96B680BB193F8454005F11400D9
:10340000FFF747FEE0B238BD0024F7E710B5FFF73D
:1034100042FEB8B100F11402BFF35B8F4369BFF302
:103420005B8F7BB1BFF35B8F591C52E8004F9C420E
:1034300004D142E8001CBCF1000FF6D1BFF35B8F52
:10344000E8D110BD0020FCE710B50346FFF7C5FD2D
:10345000BDE810400268184610472DE9F0410C46BF
:103460004E690921054617469846FFF7D6FD60B913
:103470006FF072071EB139463046FFF7B8FD94F879
:103480002D30002B45D1022033E004212846FFF7E0
:10349000C4FD0028ECD101212846FFF7BEFDA8B9E4
:1034A00094F8253093B9A36913B900235B78FFDE44
:1034B0001B68002BF9D05A7C062A03F1120105D8AB
:1034C00084F8252004F1260006F075FB9EB1B6F8BD
:1034D0008C1001F0C003C02B0DD1C1F3C201013922
:1034E000012908D828463A4643462146FFF77EFE82
:1034F0000020BDE8F08194F83730C3F30213012BAC
:10350000F0D1204601F03FFE022809D16FF00407F8
:10351000B0E73A4604F12C012846EEF77FFCB2E70B
:103520000028E6D1DEE707B5002301A90193EEF7F5
:1035300089FA28B1019803B05DF804EBEEF7E6BC18
:1035400003B05DF804FB10B5044678B1FFF79AFDAF
:1035500009212046FFF70AFE10B92046EEF740FB8E
:1035600004F11400BDE81040FFF793BD10BD10B585
:10357000044678B1FFF786FD09212046FFF70FFECC
:1035800010B12046EEF72CFB04F11400BDE810400A
:10359000FFF77FBD10BD11F0010C08BF40BA2DE947
:1035A000F04108BF80B20023BCF1000F07D032B158
:1035B00011F8014B240224185B412046013A8C0784
:1035C00009D5012A07D931F8024B2418A2F10202C9
:1035D000204643F100030D4616464FF0000E0F2E15
:1035E00005F1100535D814096FF00F056C4322441E
:1035F000091B0E461546032D41D896086FF00307A8
:1036000022F0030507FB0622012A05EB010407D976
:10361000695A0918A2F10202084643F10003023474
:10362000012A07D12278E10748BF1202121810467A
:1036300043F10003020C42EA0342190C52EA13431D
:1036400080B225D1BCF1000F01D140BA80B2BDE8F3
:10365000F08155E90447E41955F8087C4EEB0E0853
:10366000E41955F8047C48F10008E41948F1000712
:103670002418A6F11006204643EB0703AFE756F8DF
:10368000044B2418A5F10405204643F10003B2E7DA
:10369000801841F10003CDE72DE9F84F90F837305D
:1036A000C3F30213012B0446164640F08E804B1ED6
:1036B000012B30D9836800224BBB94F8363094F844
:1036C0003A000344CD1A1544ADB24FF0080A204623
:1036D000D4E9039800F083FF94F8373094F836105B
:1036E00003F0010743F0010384F83730A1EB0A012E
:1036F000204600F0C3FF002810DA94F83730C4E900
:10370000039867F3000384F83730BDE8F88F188A10
:103710005B680244D0E70025AA46D8E721695246F3
:103720002846FFF738FF94F83A10054651442046E2
:1037300000F0A4FF0028E0DBD4F80CB0BBF1000FD0
:103740002FD023696BB3DBF80C20BBF810A09B1AB9
:10375000AAEB030A284621695246FFF71CFFDBF853
:1037600004B0C4F80CB00546BBF1000F19D0BBF88B
:103770001030B3B1DBF80C3023611AF0010F0DD01B
:103780001A7801331544ADB22361AA42BBF810A0E8
:1037900084BF0135ADB20AF1FF3ADBE7BBF810A0F8
:1037A000D8E765B16DBAADB294F8373067F300036E
:1037B000C4E9039884F8373026B90020A5E74FF60E
:1037C000FF75F1E7ED433580F7E76FF015009CE7F3
:1037D00010B50C4690F83A2090F8361083680A44E9
:1037E0000020D968FFF7D7FE30B140BA80B20CB1E3
:1037F000C0432080002010BD4FF6FF70F7E7F5F7BB
:1038000009BE006800F0F000A0F1E0035842584102
:10381000704748B1006838B1BFF35B8FC068BFF331
:103820005B8F084100F001007047F5F781BDF5F7A7
:10383000F1BDEEF713B8F0B5064687B00F46052583
:1038400002210DF11600FAF751FCBDF81640013DBA
:1038500044F400444FF000010FD0CDE9011164BAE7
:103860000097A4B296F88A2023463046EEF75CFF14
:103870001130E5D0204607B0F0BD2C46FAE790F8AD
:10388000860070470120704700F10803BFF35B8F8B
:1038900053E8000F013043E80002002AF8D1BFF3DB
:1038A0005B8F704738B5044600F10803BFF35B8FA8
:1038B00053E8000F421E43E800210029F8D1BFF36E
:1038C0005B8F012801D0013838BD04F10C05284672
:1038D0004FF0FF324FF0FF33FFF7A7FF206B18B117
:1038E000EFF7F2FD00232363B4F88C3023F00603D6
:1038F000A4F88C302846FFF79AFFB4F88C3023F0F8
:103900000103A4F88C300020DEE7F0B5B0F88C306D
:103910000E4603F0C001402987B0044602D1016B76
:10392000002972D13188012972D10021072A05911D
:103930006ED91B0504D594F98E00FFF77AFF059028
:10394000351D2846FFF75DFF0146B0B1B4F88C3055
:1039500003F0C003802B05D194F8870010B1EDF778
:103960007DFF059005A92846EEF70CF9002841D106
:103970006FF00104204607B0F0BD7268059B9ABB4A
:1039800023B904F12C00FFF7D9FC0590EEF730FDC8
:103990000546059B002B35D004F10C074FF0FF3393
:1039A0004FF0FF323846FFF740FF0598EEF7AEFACA
:1039B000012384F88E00238465627388E3B194F850
:1039C0008620029294F885200599CDE90062204670
:1039D00094F88A20EEF7A8FE88B9738863840024DF
:1039E0003846FFF724FFC5E703B905A92846FFF7C6
:1039F00088FCBBE7051DCCE7638C7380EFE76FF0B5
:103A00006F04EDE76FF07C04B4E76FF07E04B1E77C
:103A10006FF01504AEE713B5B0F88C20C2F3C20105
:103A20000129044617D1436A9BB902F0C002C02A9B
:103A3000ADF80010019303D06946FFF7FCFE034682
:103A4000082269462046ADF80230FFF75EFF02B05B
:103A500010BD0020FBE76FF01500F8E770B5B0F877
:103A60008C30DB0704460E4618D500F10C054FF0EC
:103A7000FF324FF0FF332846FFF7D7FE314620468E
:103A800001F075FE0028284603DBFFF7D0FE00207A
:103A900070BDFFF7CCFE6FF05E00F9E76FF0080035
:103AA000F6E770B50C4605461E46114602B9416A56
:103AB0000B681BB10846FFF7A4FE30B13146A06980
:103AC000EDF75EFF03680146CBB195F8843094F8BA
:103AD0003B009B0863F3050084F83B0095F88430B5
:103AE00063F3871084F83B0095F884305B0984F811
:103AF0003C3032462046BDE8704001F0F5B96FF029
:103B0000150070BD2DE9F74F9846B0F88C30DDF800
:103B100040A00446D807894616469DF84410DDE9C2
:103B20000C2B40F1458149B142B9B8F1000F08D1E1
:103B3000B9F1000F16D16FF0780895E0B8F1000FD9
:103B4000F9D00027C3F3C201012908D12FB1D7F85A
:103B50000080B8F1000F07D07A68072A06D86FF006
:103B6000150881E04F46EDE704F12808D8F8042055
:103B7000002AE0D003F0C003802B4CD0E36A002B76
:103B800058D027B11EB9F96833468B425FD194F9FA
:103B90008E00FFF74EFE034600285FD1B4F88A304E
:103BA00094F98E00C4F838B0062BC4F804A066D18E
:103BB000FFF73FFE0025B4F88A30112B40F0E0807B
:103BC00008F10403002229462046B8F802A0FFF7B6
:103BD00068FFB0F1000819DB2046FFF71CFF8046A4
:103BE000A0B9618C5246284602F08BF9804648B94C
:103BF000B246002F40F0AE8032464946284600F0DB
:103C0000A7FE8046B8F1000F80F2A78065B3284672
:103C100000F052FC28E008F10400FFF7F2FD002854
:103C2000ACD094F887000028A8D0EDF717FE002844
:103C3000A7D1A3E7B4F88C301B05A2D408F1040087
:103C4000FFF77CFBEEF762F984F88E0099E7BA681B
:103C500002EBC30201335268164496E70021FFF7D6
:103C6000D8FD28B96FF07208404603B0BDE8F08F68
:103C700008211846FFF7CDFD00288FD1F2E7FFF7A6
:103C8000D8FD4FF400420023CDE90023314694F8DB
:103C90008A300122EFF7E4F9054660B1446194F8F7
:103CA0008A1000F04DFCB04208D330460FB13A699B
:103CB00072B906467FE76FF06808D5E7B4F88C3034
:103CC000C3F38113023B012BF0D86FF00B089EE782
:103CD0007E69002EEDD00F2EEBD9164411E0142B87
:103CE00005D15168292902D191683429E1D00733DF
:103CF00023F0070110311144B142DAD823F0070351
:103D00001A4495F837101368C1F302110229E6D05E
:103D10000129ECD1142BEAD151680029E7D191682F
:103D20000229E4D1137C85F83930C2E7BB6803EB84
:103D3000C80253F838105268524528BF52462846E8
:103D4000914600F005FE00282DDBBAEB090A04D0ED
:103D500008F10108FB689845E8D3284600F03FFCCD
:103D600094F88A10284601F0D1F8DDE90E232846A0
:103D7000FFF72FF800288046FFF648AFB04673E7FC
:103D8000062B12D13B4632464946204601F095FFAC
:103D9000B0F10008FFF63AAF524659462046464673
:103DA00001F005FDE6E7804630E76FF07A082DE781
:103DB0006FF0080858E72DE9F047044688B000F195
:103DC0000C08404615461F464FF0FF324FF0FF33B8
:103DD000DDF848900E46FFF728FDB4F88C00C0F3DC
:103DE0004102012A00F08280C30740F182803388BB
:103DF0005BB900F0C001802907D120F48070A4F8DD
:103E00008C00A362E362002524E0C0F3C200834279
:103E100075D1032A70D0012B71D1072D6FD9B4F859
:103E20008A30062B0ED07368E362B6F802A0A4F8BD
:103E30002AA001222285B4F88C2023BB22F48072B0
:103E400092B222E004F12C0A5046FFF7DAFC40B1AE
:103E50006FF07C054046FFF7EAFC284608B0BDE855
:103E6000F08794F98E00FFF7E4FC0546EEF7C4FAFC
:103E7000E26A03689A42EBD051462846FFF71DFAE2
:103E80000028D0D0E4E742F48072A4F88C202046C9
:103E9000FFF7C1FD05460028DCD1626A658CADF8EC
:103EA0001A5001232384ADF8183012B11368079318
:103EB00006AAB4F88C30C3F38113022B06D1002F6D
:103EC000A1D04A4600212046B8479CE7012B19D1D2
:103ED000DDE910010095CDE90201CDE904795346F1
:103EE00031462046F0F798F90546B3E76FF07705BD
:103EF000B0E76FF00805ADE76FF05E05AAE76FF079
:103F00001505A7E76FF08505A4E770B5B0F88C300C
:103F1000DB0704460D4626D500F10C064FF0FF32B4
:103F20004FF0FF333046FFF780FCB4F88C30C3F31A
:103F30004102032A03D003F0C003402B0ED1B4F892
:103F40008A30062B0DD12046049A2946EFF708FF48
:103F500004463046FFF76BFC204670BD6FF0150439
:103F6000F7E70024F5E76FF00804F5E72DE9704363
:103F7000044600F10C05284686B091461E464FF0D7
:103F8000FF324FF0FF338846FFF74FFCB4F88C3018
:103F9000C3F3C200421E50425041D9054FEAC0004F
:103FA0001AD5638DC3B1002305930E9B0493DDE9FD
:103FB0000C23CDE90006CDE90223204604F12803B5
:103FC0004A464146FFF79EFD04462846FFF72FFC70
:103FD000204606B0BDE870836FF07804F5E7F0B5D1
:103FE00000F10C0787B004461E4638464FF0FF32FA
:103FF0004FF0FF330D46FFF718FC012305930E9B8E
:104000000493DDE90C23CDE90223002300931A4633
:10401000294601962046FFF775FD04463846FFF70E
:1040200006FC204607B0F0BD2DE9F04100F10C0779
:1040300086B004461646984638464FF0FF324FF099
:10404000FF330D46FFF7F1FB0123DDE90E01059378
:10405000109B04930D9B01930C9B0093CDE90201EF
:104060004346324629462046FFF74CFD0446384673
:10407000FFF7DDFB204606B0BDE8F08170B500F12A
:104080000C064FF0FF324FF0FF3304460D4630462A
:10409000FFF7CBFB2946204601F0B6FD044630462B
:1040A000FFF7C5FB204670BD30B413460D46F0B196
:1040B000E9B1E2B1B0F88C20C2F38112012A03D138
:1040C00030BC002201F0A5BA022A13D1018C0129CB
:1040D00013D11A682980418C6980416A082A0968CD
:1040E000696028BF08221A60002030BC70476FF05A
:1040F0001500FAE76FF06C00F7E76FF06900F4E77E
:10410000816149B10B682BB11B7C80F8243080F8A9
:104110002C3070471B78FFDE704710B5C3685B68B2
:10412000C3600BB9036110BD49B1DA685C69141B47
:104130005A8A121B92B2002AF1D0DB68F2E71A8A7F
:10414000F9E790F8373091F83720C3F3021363F39F
:10415000061281F8372043694B6190F8363081F8B8
:10416000363090F83B2091F83B3062F3050381F83C
:104170003B3090F83B3091F83B209B0963F387126A
:1041800081F83B2090F83C3081F83C3090F83820A2
:1041900091F8383062F3000381F8383090F8373006
:1041A00091F83720C3F3400363F3410281F83720CD
:1041B00090F83730D2B2C3F3800363F3820281F800
:1041C000372090F83730D2B2C3F3C00363F3C30291
:1041D00081F8372090F8383091F83820C3F3C003C5
:1041E00063F3C30281F8382090F8383080F8383013
:1041F00091F83820C3F3800363F3820281F83820FA
:10420000838E8B8683684BB18B683BB1436A4B626C
:10421000836A8B62C36ACB62036B0B6390F837309F
:10422000C3F30213012B01BF90F8393081F8393004
:1042300090F83A3081F83A30704701280CBF1420CA
:104240000020062901D11C307047112901D1083006
:104250007047012901D03A2900D1043070472DE977
:10426000F74F824617466846DDE90C230D4604F0F9
:1042700060F8DDE9008900242646DDE90C2350467C
:10428000F9F72FFEA346044618B9002E2FD10026B9
:1042900029E076B9BBF1000F08D17FB92646638AC1
:1042A0009D423CBFABB26382ED1A11E0CBF8040033
:1042B000F5E7B042CBF80400F1D1EEE7638A3D4464
:1042C0009D423DBF658226460025ED1A28BF264641
:1042D00042464B46684604F051F8DDE90023CDE93B
:1042E0000C23002DC9D1304603B0BDE8F08F304615
:1042F000D7F706F8CBE70346002003B970471A8AC0
:104300005B681044F9E790F8373013F0010CF0B413
:104310000F461146C26819D1C1B1D36854691C1B3C
:10432000538A1B1B9BB20569D4682E1B3E449E42D8
:104330000FD1BCF1000F06D05669A61B548AA41BEE
:10434000A4B29C4205D8F0BCFFF7E7BE138A002157
:10435000E9E73D440561F0BC7047C26810B482B122
:1043600069B1D36854691C1B538A1B1B9BB2046937
:10437000D268A41A9C4204D110BCFFF7CEBE138AA7
:10438000F5E710BC70472DE9F8439DF820800646FC
:104390000F4615469946F3688BB195B196F83740AC
:1043A00004F0010484F0010108EA01013046FFF73E
:1043B000D4FFF3683BB96FF06800BDE8F883002DC7
:1043C000F9D12846F9E7B8F1000F35D0002C33D1E8
:1043D000DA6859695C8A521AA41AA4B23069DB6897
:1043E000C31AE41AE7D0AC4228BF2C4667B1B9F132
:1043F000000F25D0B8F1000F20D003463846014603
:104400002246184605F0D7FBB8F1000F08D096F801
:104410003730DB0704D4F06821460C30F9F7F8FD9B
:10442000424621463046FFF76EFFB9F1000F01D03A
:1044300007B127442D1BAEE71C8ACFE73B46DEE7DA
:104440003968224605F0DEFBDEE72DE9F04106463D
:104450000F4615461C4603F0B7FD08B100252C4653
:10446000802F06D82A4623463046BDE8F041F9F7AA
:1044700038BD0020BDE8F08110B5B8B100F12002D0
:10448000BFF35B8F036ABFF35B8F7BB1BFF35B8FBF
:10449000591C52E8004F9C4204D142E8001CBCF178
:1044A000000FF6D1BFF35B8FE8D110BD0020FCE711
:1044B00008B1D6F725BF704710B5044610B304F114
:1044C0002002BFF35B8F236ABFF35B8FD3B1BFF3CF
:1044D0005B8F591E52E8000F984204D142E8001C3D
:1044E000BCF1000FF6D1BFF35B8FE8D1012B09DCE3
:1044F000A06808B1FFF7DCFF60682146BDE8104006
:1045000003F0C3BA10BD38B5044608460D46F9F7A6
:104510001BFDA3684360A56038BD10B530B180684D
:10452000002103461BB9FFF7E6FE081A10BDDA6842
:104530005C69141B5A8A5B68121B11FA82F1F1E75D
:1045400038B50446A8B190F8373013F0700FC3F3B4
:10455000021001D0FFF771FE0546A068FFF7CBFE01
:10456000A84238BF2D1A204628BF0025FFF7D5FFE7
:10457000401B38BDF8B5044680680027054600B9E1
:10458000F8BD038A46683BB9A368834207D1A66099
:104590004760D6F7B5FE284605463046EFE76B681C
:1045A000834208BF6E60F3E710B584682046FFF7CA
:1045B000A2FE884210D3411A4CB1238A60688B4214
:1045C00007D3218218B1FFF773FF00236360002037
:1045D00010BDC91A0446EFE76FF01500F8E78368CD
:1045E000C36003B1DB680361704710B582680C4695
:1045F00022B98160BDE81040FFF7F1BF1046F9F71E
:10460000A3FC2146BDE81040F9F7A4BC2DE9F04F0A
:1046100085B0DDE910670446154602A832469A4681
:104620003B468B4603F085FE204632463B46DDE99D
:104630000289EEF7F9FB0446D8B15946FFF760FD51
:1046400090F837306AF3061380F83730424602A8F4
:104650004B4603F093FEDDE902679DF83820CDE973
:10466000006729462046EEF7BDFC18B12046FFF74B
:1046700023FF0024204605B0BDE8F08F07B50123D5
:10468000009300230A461946FFF77DFE03B05DF84C
:1046900004FB1FB501230391009303A90023FFF737
:1046A00072FE05B05DF804FB07B5002300930123FB
:1046B000FFF769FE03B05DF804FBF8B506460F4648
:1046C0001446F36893B1FB6883B18CB10121304685
:1046D000FFF743FE00213846FFF73FFED6F80CC037
:1046E000BCF1000F06D16FF06800F8BD002CFAD1C4
:1046F0002046FAE7FB68002BF5D01D8A3969DB6894
:10470000DCF80C203069CB1AED1ADCF81430A2EB7F
:10471000030EBCF81230A3EB0E039BB2821AAC421C
:10472000A3EB020301D29C421CD39D4228BF1D462D
:10473000002DD8D02A4605F03EFA96F83730DB0730
:1047400004D4F06829460C30F9F762FC01222946AE
:104750003046FFF7D8FD002229463846FFF7D3FD43
:10476000641BAEE72546E5E770B1C3685BB100693D
:1047700050B1D9681A8A401A101A5B6803B9704799
:104780001A8A1044F9E71846704783682BB9002944
:1047900014BF6FF01500002070471A8A8A422CBFA0
:1047A0001982891A5B6828BF0021EFE770B50446BB
:1047B0000D4645B92046FFF712FF002D14BF6FF0DC
:1047C0006800002070BD00212046FFF7C6FDE168AB
:1047D0000029EFD02269C8680B8A121A9A1AE9D008
:1047E00095422E4628BF16469B1B921B0B8205D076
:1047F0002069811905F0EDF9AD1BDAE7A06820B159
:104800004368A3604260D6F77BFD2046FFF7E7FED2
:10481000F2E710B5C26803467AB1006938B1996809
:1048200000238A4204D1D268801A034498B210BD92
:104830000C8A496823449BB2F3E71046F7E72DE959
:10484000F04385B004460D4690461F46FFF7E1FF52
:104850008146A06894F83760A169FFF74CFD0023FA
:104860000246CDE9028728460093FFF7CFFE06F007
:1048700001060546F0B194F8373043F0010384F89F
:1048800037302046D4E90387FFF7A9FEA068FFF779
:1048900032FD214602462846FFF70FFF78B1284631
:1048A000FFF70AFE94F83730C4E9038766F3000384
:1048B00084F837300025284605B0BDE8F08395F828
:1048C000373043F0010385F8373029462046FFF79B
:1048D00038FC28464946FFF782FEFFF7CFFE002846
:1048E000DDD195F8373066F3000385F8373094F85A
:1048F000373066F30003C4E9038784F83730DAE71A
:104900004168FFF79CBF38B590F8375005F00105B6
:1049100085F00101FFF721FDC36873B1006920B183
:1049200025B11A8ADB68C01A101A38BDDA685969CD
:10493000511A5A8A521A92B2F4E71846F5E710B59E
:104940000C46FFF7E0FFA04234BF0020012010BD5D
:1049500073B50369994204460E4615460AD1FFF71E
:10496000D2FF854206D82946204602B0BDE87040F5
:10497000FFF784BE012300932A4631462046FFF705
:1049800002FD02B070BDF8B504464E680D46FFF753
:10499000BAFF864203D823692B60286810E094F898
:1049A0003730DB07F9D5296849B16A682046D4E970
:1049B0000376FFF779FEC4E903760028EDD00020E6
:1049C000F8BDD1E90012FFF7C3BF704710B5044628
:1049D0004FF0FF324FF0FF332046F4F76BFD002815
:1049E000F6D0FEF792F9F3E710B504464FF0FF3228
:1049F0004FF0FF332046F4F75DFD0028F6D0EDF7C9
:104A000033FAF3E7EEF77CBB07B501230091694663
:104A1000ADF80430EEF7CCFB03B05DF804FBD9B180
:104A20000B88012B22D10B68C3604B6803614B6874
:104A30002BB190F8243043F0400380F8243090F8F4
:104A4000243043F0040362B143F0100352BA80F8FB
:104A50002430C2810020704790F8243003F0BB035B
:104A6000F1E723F0100380F82430F3E76FF015002E
:104A70007047D9B10B88012B22D10B6843604B687A
:104A800083604B682BB190F8243043F0200380F80A
:104A9000243090F8243043F0020362B143F008035D
:104AA00052BA80F82430C2800020704790F8243039
:104AB00003F0DD03F1E723F0080380F82430F3E787
:104AC0006FF015007047F7B504230F4600256946BF
:104AD000CDE9005304461646FFF755FF48B107706D
:104AE00046708570C57069462046FFF76AFF03B0BF
:104AF000F0BD6FF06800FAE72DE9F04313688E69A6
:104B0000DA6885B0D1E903870D4602921B690393E9
:104B1000029B1BB9022005B0BDE8F0838B68002220
:104B20005BBB95F83A1095F836300B44C3F57F43DC
:104B3000FC3313441FFA83F91BB2032BEADD4FF455
:104B400000420023CDE9002301231A4649443046A0
:104B5000EEF786FA04460028DCD0039B03F0F0034E
:104B6000E02B0ED102A93046ECF70AFF036801469C
:104B7000A3B92046FFF7A0FCCCE7198A5B680A447A
:104B8000CEE7EDF739FC039A03689A42EAD003A90D
:104B90003046FEF792FB0028E4D103A995F83B20AC
:104BA00094F83B3062F3050384F83B3095F83B30D2
:104BB00094F83B209B0963F3871284F83B2020463E
:104BC00002AA00F091F902460028D2D101462046FF
:104BD000FFF779FF0028CCD14A4629462046FFF747
:104BE0006CFD0028C5D12046FFF7F9FC01212046C5
:104BF00000F08CF9002200232046FEF7EAF8002896
:104C0000B7DBC5E90387012085E77FB500260423CC
:104C100002A9CDE902630446ADF80660FFF7B3FED2
:104C20000546C0B18670C6700DF10602012120460E
:104C3000FEF732FD00280CDBBDF806306B8094F8DF
:104C4000383043F0080384F8383002A92046FFF7D3
:104C5000B8FE04B070BD6FF06800FAE72DE9F043CC
:104C6000142389B005460026CDE90463D0F81890D6
:104C70000F469046FFF7B3FC04A92846FFF783FED2
:104C8000044600286CD0437A012B10D1042306A9D6
:104C9000284606960793FFF776FE10B14378072B58
:104CA00005D86FF01506304609B0BDE8F083E3681B
:104CB000039323690693EDF79FFB069A03689A42D4
:104CC0004ED006A94846FEF7F8FA002848D1637A84
:104CD000112B48D0062B14BF002628264FF4004283
:104CE0000023CDE9002301231A46311D4846EEF783
:104CF000B7F90446C8B303AA06A900F0F5F860BBEB
:104D0000394642462046FFF7DEFE014628BB042214
:104D10002046FFF7BEFC00BB324629462046FFF77F
:104D2000CCFC0646C8B92046FFF759FC01212046B5
:104D300000F0ECF895F82520062A05F1260105D8A3
:104D400084F82D2004F12E0004F035FF002200230A
:104D50002046FEF73EF80028A5DA2046FFF7ACFB18
:104D60006FF004069FE71C26B8E76FF00B069AE782
:104D7000F0B585B0002304220E4602A9CDE9023227
:104D80000546ADF80630FFF7FEFD074610B90220D4
:104D900005B0F0BD0DF1060201212846FEF77CFCAE
:104DA0000028F4DBBDF80630002BF0D1AC69EDF73C
:104DB00023FB326903689A42E9D0204606F11001CC
:104DC000ECF7C6FD04460028E1D103992846FFF719
:104DD00055FC3A4631462846FFF716FE0228D6D043
:104DE0002846FFF769FB2046D2E7006800F0F00094
:104DF000A0F1E00358425841704738B50C460546CB
:104E0000EDF7FAFA226803689A4205D0214628464F
:104E1000BDE83840ECF79CBD012038BD10B500213D
:104E20000446ECF70FFE20B92146BDE81040FFF71D
:104E3000E4BF012010BD2DE9F74F0F4699464FF012
:104E4000000814236946CDE90083BDF830B0BDF8F1
:104E500038A005461646FFF796FD0446002840D0C8
:104E6000452303704FEA1B2303719DF8343080F80B
:104E700001905B0143EA1A2380F8028080F80380E6
:104E800080F805B0837180F807A095F83930037277
:104E900043B93046FFF7A9FF6B69D0B1A3B193F8CE
:104EA0009030237200236372A372E372336823612C
:104EB0003B68E360142385F8363069462846FFF7DF
:104EC00080FD03B0BDE8F08FA869FEF789FA207273
:104ED000E8E713B193F88F30E3E7A869FEF76AFAC1
:104EE000F5E76FF06800ECE71FB590F83B30C3F3CF
:104EF0000504C3F3811343EA84030024CDE901448C
:104F00000094DBB2FFF797FF04B010BD2DE9FF411D
:104F100014230027CDE9027390F8373043F00103E2
:104F2000884680F8373002A90546FFF72CFD064673
:104F3000C8B3AC683B4614BB5BBA738086F8098083
:104F4000B472F4720DF106012846ADF80640FEF782
:104F50003FFC002810DBBDF80630738102A928460B
:104F6000FFF72FFD4FF40063B8F1110FAB860AD1A4
:104F70002146284600F0E2FF04B0BDE8F081228A15
:104F800064681344D7E7B8F1060F04D121462846D8
:104F900000F01AFCF0E7B8F1010F07D121462846CE
:104FA000FFF733FEE8E76FF06800E5E72046E3E748
:104FB000F0B5142391B00DEB0302079208220027ED
:104FC00008920BAACDE90373CDE90923836804464F
:104FD00043B903A92046FFF7D6FC054630B90220A5
:104FE00011B0F0BD1A8A5B681744F1E7067806F045
:104FF0000F06B600132EF2D9142384F83630427807
:1050000094F83B30920862F3050384F83B30427811
:1050100062F3871384F83B30037A143EF6B2002B18
:10502000DDD084F83A60418849BA89B2B942D6DC09
:1050300002DA2046FFF7A9FB94F83830DA064DD59E
:1050400005F10C010846FFF7D0FE0028C7D1A06982
:10505000FFF7D3FE0028C2D1EB68002B4DD0002310
:1050600002A92046ADF80830FEF7B2FB0028B6DBF7
:10507000BDF80830002BB2D12B7A84F8393094F87F
:105080003730012262F3061305F1100784F8373038
:105090003846FFF7C3FE00283AD06B7A062B05D1BD
:1050A000A0693946FFF7A9FE002898D13846FFF7D6
:1050B0009CFE00283CD104992046FFF7DFFA002E21
:1050C00046D102956B7A062B49D0112B56D0012B75
:1050D00085D129462046FFF74BFE81E72B7C7F2BAD
:1050E0003FF47DAF2B7B7F2B3FF479AF05F10C00B4
:1050F000FFF794FE0028A3D071E7A06905F1100125
:10510000FFF77BFE0028AAD16B7A022BA7D066E7B7
:105110003846FFF76AFE0028BFD16B7A112B7FF467
:105120005EAFEDF769F92B6902689A42B5D056E790
:10513000A36901932B69029301A902A8ECF722FD50
:1051400000283FF44CAF037F9B077FF548AFB2E7E1
:1051500031462046FFF792FA0028B2D03FE709A96E
:10516000204600F05CFB019000283FF438AF6A7ADB
:1051700001AB02A92046EEF70FFA31E707A9204656
:1051800000F01AFFEFE70020704770470346002049
:1051900003B970471A8A5B681044F9E7D0F86032A7
:1051A000B0F88C22934206D2B0F89022934234BFDA
:1051B0000020012070470120704710B5D0E99812F7
:1051C0008A4212D8B0F88C329A4211DAB0F8904282
:1051D000A2420DDA981AA41AA042A1EB0201A8BFBC
:1051E00020468842A8BF084610BD6FF02100FBE7AB
:1051F0000020F9E713B5044601210DF10700F8F787
:1052000075FF9DF80730C82203F5007353435B0A0E
:10521000A4F88E3202B010BDF4F7B8B9F4F788B82C
:1052200010B53AB14C68D0F8801224BA091B521A52
:10523000D01810BD1046FCE72DE9F04F90F83680ED
:1052400090F83A304FF0140A984485B0044608EBC1
:105250000A0B2046FFF7C3F994F8373043F00103F7
:1052600084F8373041462046FFF708FA08BB14217E
:105270002046FFF764FB00284ED1A068D4F80C90BC
:10528000FFF784FF8345D9F8047012D840F6CD4269
:10529000002314212046EDF7B7FD054648B1C66846
:1052A0004369418AF31AC91A89B2132905D8D6F776
:1052B00027F8002005B0BDE8F08FCDF800A0A26867
:1052C00043463046F8F76EFE142105F10C00F8F75E
:1052D0009FFED4E90323D268B9F810609B1AF61A2E
:1052E000C6F11406A9F810301EB96F60C9F8045051
:1052F000AFE7398AB14228BF314607F10C00761A70
:10530000F8F7BFFE3A8A7B6822B938460393D5F78F
:10531000F7FF039B1F46E7E72069CBE7F8B591F855
:105320003730C3F30213012B04461746084618D141
:105330008B68DD68FFF780FF0646A8B118220021C0
:10534000204604F05FFC012F0CBF33887388638014
:105350000CBF0C3510352B686360012323800020BF
:10536000F8BD6FF01500FBE76FF06800F8E710B5C7
:1053700086B004466846FFF7D1FF68B92388012B41
:1053800014BF182208226946204604F043FCB0FAF4
:1053900080F0400906B010BD0020FBE7F4F73AB8F2
:1053A00038B5A0F58075A0F19C044FF0FF3320467E
:1053B0004FF0FF32FFF732FFA86CD5F7A1FF0023B3
:1053C000AB642046BDE83840FFF7E8BFBFF35B8F12
:1053D00050E8003F013340E80032002AF8D1BFF323
:1053E0005B8F704770B5A0F16C0605464FF0FF3239
:1053F0004FF0FF333046FFF711FF4FF0FF324FF011
:10540000FF333046FFF70AFF55F87C4C4CB155F896
:10541000782C236845F87C3C944208BF45F8783CDA
:105420001C3C3046FFF7BAFF24B93046BDE8704057
:10543000FFF7B4BF2046EEF7FFF9DEE72DE9F041B4
:10544000846806460F461546002C3CD02046F8F7E7
:105450007BFD0446408A6269E368218A9B1A421AEE
:10546000D21A95422CD929441944091A40F6CD4242
:1054700000233046EDF710FDB0F1000806DA6FF0BA
:1054800068084046BDE8F0812946EFE714B9B468E2
:10549000002CF6D0002DF4D0238A668A6269F61AB1
:1054A000E3689B1AF61AAE4228BF2E46394604F12D
:1054B0000C003246F8F7B2FD37446468AD1BE7E7ED
:1054C0004FF00008E4E7002ADED19046DFE710B590
:1054D0000446FFF7B1FE0146A068FFF757FE94F8B7
:1054E0003A2094F8363013440A7BC31A1209A3EB0E
:1054F000820020EAE07010BD38B504468068FFF7EE
:1055000045FE81420D4611D82046FFF768F894F811
:10551000373043F0010384F8373029462046FFF73F
:1055200045F92046FFF726F8002038BD6FF015003A
:10553000FBE773B500F1640604464FF0FF324FF00D
:10554000FF3330460D46FFF769FE012384F87032C1
:105550003046FFF723FF94F8993213F001031BD074
:10556000236E2BB160682946426898470023236662
:1055700094F8993223F0010384F8993204F1780009
:10558000F4F72AF804F19000F3F7C6FF204602B0C2
:10559000BDE87040EEF70ABB6068466B002EF1D0A4
:1055A000226D1946CDE900521A46B047EAE76FF07E
:1055B0007301A0F50070FFF7BCBF6FF07301A0F599
:1055C000B070FFF7B6BF6FF07301A0F50070FFF782
:1055D000B0BF38B5B0F88C30C3F34103032B17D0FC
:1055E000046CACB104F1640528464FF0FF324FF073
:1055F000FF33FFF713FEE06D28B100F51B70FFF7D6
:10560000E5FE0023E3652846BDE83840FFF7C6BE47
:1056100038BDF8B5068C056C012E0346144614BF40
:1056200018270827084659B195F87022042A0AD885
:10563000012E15D15A6A12684A605B8C4B800E802D
:105640003CB90020F8BD3A4605F50C7104F0B3FAF8
:10565000F6E73A4605F51271204604F0ACFAF0E799
:105660006FF01500EEE72DE9F0438DB007AB14277E
:10567000804605930697FFF7DFFD064600285FD0BA
:10568000417B11F004095BD140F6CD40002198F830
:105690003720CDE900010623D8F81800C2F3021222
:1056A0003946EDF7DDFC0546002849D098F837303B
:1056B000C3F30213012B56D1D8F80830DB68DB683E
:1056C0000393D8F80830DB681B69049303AA04A984
:1056D000FFF70AFC002846DB0DEB07012846FFF721
:1056E00052F9044600283ED03A46494604F08AFA68
:1056F0007388238033886380237B052262F307133A
:105700002373737BDA061ED504236373B368636067
:1057100005A92846FFF755F9002824DB2846FEF79F
:105720005EFF95F83730C3F30213012B1BD106211E
:105730002846FFF7EBFB002815DB2846EEF77CF840
:105740000DB0BDE8F08340467768FFF7C0FE737B7D
:105750003FBA9B0738444FF0140348BF01306373CE
:1057600000BAA060D4E72846FEF7A6FEE8E710B529
:10577000036CCBB1BFF35B8F0429A8BF04210129BF
:10578000B8BF012103F51B7353E8002F43E8001451
:10579000002CF9D1BFF35B8FB0F88C3043F00603D7
:1057A000A0F88C30002010BD6FF00100FBE708B5B9
:1057B0000B4609B100219847002008BD036C4163E6
:1057C00003B11A650020704730B589B003AB01936F
:1057D00001A9142304460293FFF7D5F80546D8B172
:1057E0000023037443740DF1020206212046ADF834
:1057F0000230FDF751FF00280CDBBDF802302B8290
:1058000094F8383043F0080384F8383001A9204672
:10581000FFF7D7F809B030BD6FF06800FAE773B54D
:1058200000230E460DF1060206210546ADF80630AE
:10583000FDF732FF002802DBBDF806301BB1002463
:10584000204602B070BD31462846FFF79CF804465A
:105850000028F4D031462846FFF7B3F80028EFD0EF
:10586000EDE708B54268B2F88C30C3F3C203012BF0
:105870000DD192F98E00EBF7F1FF28B1006800B16D
:10588000008B283880B208BD4FF41070F9E7002073
:10589000F9E710B4D0F87442D0F8643200222344FF
:1058A00010BCEEF7CFBA38B5A0F5AE74A0F5E07530
:1058B0004FF0FF3320464FF0FF32FFF7AFFC284692
:1058C0001021FFF7E6FF2046BDE83840FFF766BD30
:1058D000F0B54568B5F88C30DB0787B004460E4656
:1058E00046D595F98E00EBF7B9FF864240D10022EC
:1058F00003AB04A92846CDE90422FFF78AFE064639
:10590000002835D1BDF81010012931D1059B7BB39A
:1059100094F87032012B2BD0B5F88C30C3F34103CF
:10592000032B05D0284607B0BDE8F040EEF78ABB50
:1059300004F1640738464FF0FF324FF0FF33FFF7B2
:105940006DFC286B10B1EDF7BFFD2E63E66D4EB117
:105950006B68009300226FF0720360681146B047D5
:105960000023E365384607B0BDE8F040FFF716BDF9
:1059700007B0F0BD2DE9F3410446FFF71EFC94F893
:10598000C4300546D80720464CBFB4F8C0604FF479
:105990000676FFF766FFB04218DD94F8C430D907E9
:1059A00074D5B4F8C0309D4273DBB4F8C0502046C3
:1059B000FFF757FFA84215DD94F8C430DB0716D572
:1059C000B4F8C050ADB96FF03C0567E02046FFF772
:1059D00048FF85425DDB94F8C430DA07E5D44FF424
:1059E0000675E4E72046FFF73CFF0546EAE74FF47B
:1059F0000675636840F6CD400021B3F88C20CDE9F0
:105A000000010623E06CC2F3C2022946EDF728FB31
:105A10000646A8B1D4F8648204F10807FEF7DFFD5A
:105A20003846FEF7DCFDB8F1000F0CD12A463946A6
:105A30003046FEF742FE002812DA3046FEF73CFD03
:105A40006FF068052AE094F83F3043F0010384F8D2
:105A50003F3041463846FEF711FE0028E6DAECE713
:105A6000D4F87422D4F86432182113442046324604
:105A7000EEF7E8F9074620B9D4F864322B44C4F8AD
:105A800064323046FEF718FD3D4607E0B5F5067F67
:105A9000A5DA2046FFF791FB051E93DA284602B0EF
:105AA000BDE8F08138B590F8C4300446D8072046E8
:105AB0004CBFB4F8C0504FF40675FFF7D2FEA842B1
:105AC00026DD94F8C430D90727D5B4F8C030B4F82F
:105AD0008622B3EB520F4FEA520012DA94F8C43028
:105AE0002046DA074CBFB4F8C0504FF40675FFF7F4
:105AF000B8FEA84214DD94F8C430DB0714D5B4F81E
:105B0000C000B4F888328342CCBF0020012038BDE9
:105B10002046FFF7A6FE0346D9E74FF40673D6E703
:105B20002046FFF79EFEECE74FF40670E9E770B5FC
:105B3000B0F888325B1804461DD4B0F886529D42F6
:105B4000A8BF1D462046FFF7ADFFA4F888520646C1
:105B50002046FFF7A7FF86B178B994F87032052B7D
:105B600042D104F5E07002F0E0F920461021BDE8D2
:105B70007040FFF78EBE0025E4E794F8C430D807E4
:105B800020464CBFB4F8C0504FF40675FFF769FECD
:105B9000A8422ADD94F8C430D9072AD5B4F8C00049
:105BA000B4F88622B0EB520F4FEA520312DD94F89C
:105BB000C4302046DA074CBFB4F8C0504FF4067525
:105BC000FFF74FFEA84217DD94F8C430DB0718D565
:105BD000B4F8C030B4F88812B4F88622914203D1E8
:105BE000B4F884229A42B8DD70BD2046FFF739FE32
:105BF000D6E74FF40670D3E72046FFF732FE0346A0
:105C0000E8E74FF40673E5E770B5046C05460E4609
:105C100084B164344FF0FF324FF0FF332046FFF77A
:105C2000FDFA286C3146FFF782FF2046FFF7B6FBEE
:105C3000002070BD6FF06A00FBE7F8B50446002550
:105C40002046FFF7BAFA061E08DD94F89932590784
:105C500012D52046FFF78EFE051EF1DA04F5A0707E
:105C6000D4F8606202F043FB084303D116B120462A
:105C7000EDF700FE2846F8BDD4F86432002BE8DDCD
:105C800094F8C4302046DA074CBFB4F8C0704FF423
:105C90000677FFF7E6FDB84208DD94F8C430DB076D
:105CA00008D5B4F8C0008642D3DAD7E72046FFF71C
:105CB000D8FDF8E74FF40670F5E72DE9F84F046CCE
:105CC000894690461E46002C7ED094F87032052BF3
:105CD0007AD104F1640738464FF0FF324FF0FF33BA
:105CE000FFF79CFA2046FFF759FA002869D11EB148
:105CF000F2688046824219D1B4F88C52D4F86032EE
:105D0000ED1A454528BF4546002E48D12A4649464A
:105D100004F10800FFF792FB00282ADA6FF068060A
:105D20003846FFF73BFB3046BDE8F88FB36803EB1E
:105D3000C00301305B689844DCE7B5EB0A05D14449
:105D400016D008F10108F368434511D9B36803EB95
:105D5000C80253F838105268AA4228BF2A4658464B
:105D60009246FFF76BFB0028E7DAB9F1000FD5D0B8
:105D70004D46D4F860322B44C4F8603294F8713246
:105D8000012B12D02046FFF758FF061E0DDA16F140
:105D9000690F0AD031462046FFF7CBFBC0E74FF032
:105DA0000008C14604F1080BCDE72046FFF7F6F9DD
:105DB00028B10022002304F19000FFF72DFA2E46AF
:105DC000AEE76FF00A06ABE76FF07F06ABE738B5DA
:105DD00090F8C4300446D80720464CBFB4F8C050F1
:105DE0004FF40675FFF73DFDA84223DD94F8C4305B
:105DF000D90723D5B4F8C00094F8C430A4F89002B1
:105E0000DA0720464CBFB4F8C0504FF40675FFF7D0
:105E100028FDA84215DD94F8C430DB0715D5B4F889
:105E2000C00000EB400080B20023A4F89202A4F866
:105E3000943238BD2046FFF714FDDDE74FF40670BD
:105E4000DAE72046FFF70DFDEBE74FF4C960EBE71B
:105E50002DE9F041056C05F164080C4616461F4615
:105E60004FF0FF324FF0FF334046FFF7D7F9012CD8
:105E70000AD0023C032C12D86FF06C044046FFF7A6
:105E80008DFA2046BDE8F081042F0AD13268012A3C
:105E900007D895F8993262F3820385F89932002485
:105EA000ECE76FF01504E9E72DE9F041D0F8408008
:105EB00008F164070C4616461D464FF0FF324FF0BE
:105EC000FF333846FFF7AAF9012C0AD0023C032C15
:105ED0000FD86FF06C043846FFF760FA2046BDE833
:105EE000F08198F89932C3F3800333600DB1042335
:105EF0002B600024EFE7006C90307047006C783026
:105F000070477FB508230E460DEB03010446154686
:105F1000CDF808D00393FEF736FD60B1002306806C
:105F20004580037143718371C37102A92046FEF756
:105F300048FD04B070BD6FF06800FAE730B587B077
:105F400002AB049304A9082304460593FEF71BFD46
:105F5000054670B3A36800223BBB94F83A0094F85E
:105F60003610AB710144521A52BAAA80EB710DF18E
:105F7000060211212046ADF80630FDF78DFB002802
:105F800011DBBDF806304FF6FF72002B08BF134639
:105F9000EB8094F8383043F0080384F8383004A9D3
:105FA0002046FEF70EFD07B030BD198A5B680A4433
:105FB000D2E76FF06800F6E773B5002304460E469B
:105FC000ADF80630FEF7DFFC054690B131462046BD
:105FD000FEF7F7FC034660B9AA88A16852BA92B2EC
:105FE00059B994F8361094F83A0001445B1A9A4271
:105FF00007D00025284602B070BD088A49680344CE
:10600000EEE7EB8833B994F83730C3F30213012B72
:10601000F0D0EEE70DF1060211212046FDF73CFB22
:106020000028E6DBBDF80630002BE3D0E1E738B509
:106030000446807AD5F7BCF86169054649B1637AB0
:10604000DB0704D4436A1B6820469B6898470023FB
:10605000636121462846BDE8384001F04FBE30B5A7
:106060000906847E054614D414F0400016D0298B0E
:10607000C3F30A00C1F30A01884222D802F00300E8
:10608000022809D003280AD0012811D004F0010009
:1060900004E014F02000E9E7C4F3800030BD14F000
:1060A0000200FBD013F4C05F09D0C4F30010F5E781
:1060B00014F0080205D013F4C05FEFD0F5E701201B
:1060C000ECE70020EAE7BFF35B8FD0F8A000BFF356
:1060D0005B8F00F001007047BFF35B8FD0F8A0002A
:1060E000BFF35B8FC0F340007047026902F1A00369
:1060F000BFF35B8FD2F8A020BFF35B8FBFF35B8F42
:1061000051B153E8001F41F0040143E80012002A96
:10611000F7D1BFF35B8F704753E8001F21F00401F4
:1061200043E80012002AF4D0F6E701F00F03090655
:10613000026948BF103352F823007047007FC0F354
:1061400000107047037F61F304130377704708B5AD
:1061500002691046FFF7B7FF68B991F8200000F018
:106160000F03000648BF103342F82310084601F021
:106170007CFD002008BD6FF00C00FBE7002200232F
:10618000F3F798B901F0D3BD01F0ADBD407EC0F387
:10619000C0007047437E23F00803437670471FB565
:1061A00004698DF80410CDE90220D4F8983001A9D3
:1061B000984704B010BD1FB50469034606208DF84A
:1061C00004002046CDE90213FFF77DFF40B1C1F87E
:1061D0001E20D4F8982001A91846904704B010BD9D
:1061E0004FF0FF30FAE738B505460C462046FFF77A
:1061F000C5FF014600B938BD6FF070022846FFF7B1
:10620000DAFFF3E72DE9F84306690746D6F8009070
:10621000D6F840800D464FF0FF324FF0FF3306F1C5
:106220008400F3F785F84046FFF7A8FF014618BB46
:106230004846FFF7A3FF044620BB99F81C3023F023
:10624000100389F81C3098F81C3023F0100388F8EC
:106250001C3024BB012286F8B020EDB12B68C6F8B3
:10626000A8306B68C6F8AC3086F8B1203869843045
:10627000BDE8F843F3F7CEB86FF067023846FFF792
:106280009AFFD0E7637EDB07D7D46FF06702214621
:106290003846FFF790FFCBE786F8B150E6E72DB11F
:1062A0000822294604F10C00F7F7B8FE0022214627
:1062B0003846FFF780FFD9E72DE9F8430546D0F8C7
:1062C0000890884614461F46FFF72FFF0646002811
:1062D00035D0D9F83C302846984741463B8822467D
:1062E0003046FFF7BCFE804690B18BB92B6993F81E
:1062F0008030DB0758BF402204F0030446BF4FF450
:1063000080624FF400711146022C0DD0032C11D085
:106310002846D9F840309847B8F1000F14BF002044
:106320006FF08500BDE8F883338B8B4228BF0B46A6
:106330003B80EDE7338B934228BF1346F8E76FF0BD
:106340001200EFE72DE9F0470546D0F808A089468E
:1063500090461F46FFF7E9FE044618B3067FF30791
:106360001DD43B4642464946FFF779FED0B19DF821
:10637000203084F8218026F00606678484F82430D3
:106380002677DAF81830214628469847227FB0FA57
:1063900080F35B0963F300022277BDE8F0876FF0BA
:1063A0007700FAE76FF01200F7E72DE9F3411F4697
:1063B0004B06D0F8088004460D4616461BD0D8F888
:1063C0003C3098472069FFF787FE88B19DF8203060
:1063D000009329463B4632462046FFF7B3FF054669
:1063E000D8F8403020469847284602B0BDE8F081F2
:1063F0004FF0FF35F4E76FF01505F5E770B505468A
:106400008668FFF792FE044688B1037FDB0711D54B
:106410000146F3692846984738B1237F03F001030A
:10642000227F63F30002227770BD0346F8E76FF026
:106430001200F9E76FF07700F6E770B54B06866853
:1064400004460D4612D0F36B98472069FFF73BFED8
:1064500048B129462046FFF7D1FF0546336C204658
:106460009847284670BD4FF0FF35F7E76FF01505E8
:10647000F7E770B586680546F36B0C4698472869C0
:10648000FFF72AFEB8B121462846FFF74EFE014627
:10649000A0B1037FDB0711D590F8213003F003038F
:1064A000012B0ED0F3682846984704462846336CE3
:1064B0009847204670BD4FF0FF34F7E76FF01204A5
:1064C000F4E76FF08504F1E7F8B587680646FB6BE3
:1064D0000C4698473069FFF7FFFDE8B1214630468A
:1064E000FFF723FE0546D0B1037FDB0717D590F8F1
:1064F000213003F00303012B14D001463B693046E1
:106500009847044618B92B7F60F341032B77304638
:106510003B6C98472046F8BD4FF0FF34F7E76FF02B
:106520001204F4E76FF08504F1E72DE9F041866885
:106530000769F36B05460C4698472869FFF7CCFDC1
:1065400098B394F8188028464146FFF7EEFD0146BF
:1065500070B3037FDA072BD518F07F0F20D197F89F
:10656000B030EBB1637EDB0717D597F8B13033B1AC
:10657000082207F1A80104F10C00F7F74FFD0022F3
:1065800087F8B02021462846FFF715FE0446284626
:10659000336C98472046BDE8F0816FF06702F1E761
:1065A0007368224628469847F0E74FF0FF34EEE73D
:1065B0006FF01204EBE770B5866805460C46F36B86
:1065C000984721462846FFF7B0FD48B101F0AFFBE0
:1065D000B0FA80F464092846336C9847204670BDB1
:1065E0000124F8E770B586680546F36B0C469847BA
:1065F0002869FFF768FD80B121462846FFF795FD21
:10660000014668B104681CB1B3682846984704463F
:106610002846336C9847204670BD4FF0FF34F7E7AB
:106620006FF01204F4E708B503691B6800215A8C67
:10663000EFF7A4F828B1437E23F0070343F00103EA
:10664000437608BD08B539B903691B685B8C013A0C
:106650001A44B2FBF3F25A43EFF790F828B1437EA5
:1066600023F0070343F00203437608BD08B561B980
:1066700003691B685A8CEFF781F828B1437E23F039
:10668000070343F00403437608BD0022F3E770B527
:1066900086680D46F36B044698472846D4F730FECB
:1066A0002046336C9847002070BD70B5866805465B
:1066B000F36B98472869FFF70FFD044620B1336854
:1066C0003BB12846984704462846336C98472046F5
:1066D00070BD0124F8E7F8B587680669FB6B0446CE
:1066E00098472069FFF7EFFCD8B12069FFF7F4FC69
:1066F000D0B9FB6A20469847054668B9BFF35B8F5F
:1067000006F1A00353E8001F41F0020143E8001224
:10671000002AF7D1BFF35B8F20463B6C9847284691
:10672000F8BD4FF0FF35F7E76FF07705F4E7F8B500
:1067300087680669FB6B044698472069FFF7CCFC25
:10674000B0B13B6B20469847BFF35B8F054606F11F
:10675000A00353E8001F21F0020143E80012002AC1
:10676000F7D1BFF35B8F20463B6C98472846F8BDB6
:106770006FF07705F7E72DE9F0410546D0F808807E
:10678000066914460F4631B32AB3D8F83C3098470F
:106790002869FFF798FCD8B9C6E926742846D8F8C6
:1067A00034309847044660B9BFF35B8FA03656E893
:1067B000003F43F0010346E80032002AF7D1BFF35F
:1067C0005B8FD8F84030284698472046BDE8F081D6
:1067D0006FF07704F5E76FF01504F6E7F8B5876812
:1067E0000669FB6B044698472069FFF775FCD0B932
:1067F0002069FFF768FCC8B1BB6B20469847BFF320
:106800005B8F054606F1A00353E8001F21F001014C
:1068100043E80012002AF7D1BFF35B8F20463B6CA0
:1068200098472846F8BD6FF00F05F7E76FF077053A
:10683000F4E74FF08053D3F83021082A05D1D3F87C
:106840003401003818BF0120704700207047C3434F
:10685000C3F3C01300F00F0000EB0310704708B53E
:1068600001F039F8F1F72EFF002008BD01238B401D
:10687000BFF35B8F50E8002F1A4340E80021002946
:10688000F8D1BFF35B8F704700698430F2F7C2BD67
:10689000006984304FF0FF324FF0FF33F2F748BD0C
:1068A00010B5807A0C46D4F783FC436A21465868B9
:1068B000BDE8104001F0ABB8F7B50D46807A174639
:1068C0001E46D4F775FC2C68436A033424F0030297
:1068D00058682A600421CDE90076F2F709FC00B976
:1068E000286003B0F0BD0369C9B20C2202FB01337A
:1068F000186C00F00700704770B50346C9B2006914
:10690000EFF31186202484F31288BFF36F8F0C25D8
:1069100005FB0104246C14F0C00401D0A24210D184
:1069200005FB010001220264002086F31188BFF3F9
:106930006F8F28B95B6803EBC1035B689847002041
:1069400070BD4FF0FF30F0E78022FFF7D5BFF8B5FC
:10695000069F04690546C9B2EFF3118C202080F32D
:106960001288BFF36F8F0C2606FB0146306C00F0D7
:10697000070EBEF1010F11D1376400268CF3118888
:10698000BFF36F8F46B90C2000FB0144C4E90E230E
:106990006B6853F8313098473046F8BD00F0C000BE
:1069A00087420CBF6FF077064FF0FF36E6E713B56E
:1069B00080240094FFF7CBFF02B010BD10B4006933
:1069C000CBB21C2404FB0300002110BC104710466E
:1069D000F2F7A2BD00F09DBCF1F716BCF7B51C465E
:1069E0001646002382682360A36053690D4601AAFE
:1069F00069469847019B5A1E01921BB96FF015001A
:106A000003B0F0BD0098A26847682168676085B947
:106A1000B31AD0F800C0634528BF63461A4403FB8D
:106A200007112160A26002689A4206D808300090DF
:106A3000E0E76B1AB3FBF7F3EBE70020E0E7134660
:106A40000022FFF7CBBF2DE9F047836886B05B6972
:106A50008846914601A902AA98470024A2462546E5
:106A6000029BAB4202D806B0BDE8F087019F07EB5E
:106A7000C50700267B6804933A68B2420AEB060316
:106A800002D801359A46EBE703940593494603A8DB
:106A9000C0470028E7D0049B01361C44ECE74FF4C4
:106AA00000120023C1E900230020704718B901F14A
:106AB0001800F2F731BD704737B50D4638B341685D
:106AC000F9B1D1E900138468ECB1D4E90024DCB158
:106AD000D3B19C421BD10133092B18D800788DF813
:106AE000013040F201138DF80000ADF80230684625
:106AF00000238DF804308DF80550F2F799F803B0B3
:106B000030BD0B46DFE7224601332344E4E76FF054
:106B10001500F4E77FB5FF2202288DF803200DF160
:106B200003020CBF35230523002101920122CDE988
:106B3000022103A88DF80C3001AB04910593FFF7F7
:106B4000BBFF0028A8BF9DF8030007B05DF804FB59
:106B50001FB5002188420CBF0623042301A8CDE9FC
:106B6000011103918DF80430FFF7A6FF002818BF2C
:106B70006FF0040005B05DF804FB31B94FF0FF324F
:106B80004FF0FF331830F2F701BD704710B50169BF
:106B9000BFF35B8F044601F1300353E8002F013A45
:106BA00043E800200028F8D1BFF35B8F4B6B1A43FA
:106BB00001D1F2F79DF82069BDE81040F2F7ACBCB6
:106BC0000369BFF35B8F303353E8001F013143E8A3
:106BD0000012002AF8D1BFF35B8F00694FF0FF323B
:106BE0004FF0FF33F2F7D2BC2DE9F7430E460746CC
:106BF00041681D469046002A6CD0002B6AD0042BB9
:106C000001D9AB0766D116F0030463D1002E61DB16
:106C1000CA6A731993425DD83846FFF7D1FF204600
:106C2000FFF796FF002852D1032D1CD804210DEB4D
:106C30000100324600F060FE044601463869FFF765
:106C40009CFF94BB2A46414601A802F0B4FF0421F0
:106C500032460DEB010000F04CFE04460146386957
:106C6000FFF78BFF21E008F06043B3F1005F02D132
:106C700018F0030F27D0042DA94628BF4FF00409B0
:106C80004A46414601A802F096FF4946324601A80D
:106C900000F02FFE044601463869FFF76EFF24B965
:106CA000B5EB0905C8444E44E5D10120FFF750FF7C
:106CB00005463846FFF76AFF002C18BF25462846D0
:106CC00003B0BDE8F083324629464046C3E76FF083
:106CD0000404EAE76FF01505F1E72DE9F04F82466D
:106CE00085B088461C461746002A7FD0002B77D0F7
:106CF00000297BDB4268D26ACB18934276D8C8F170
:106D0000000505F00305FFF75BFFA54228BF2546F8
:106D10007B4203F0030307F0030658BF5E4276424E
:106D200006F00306A64228BF2646631BA41B24F0D8
:106D3000030423F00309A145C8BFA14603F0030BD8
:106D4000C8BFA3EB040BB9F1000F16D0BB1949461D
:106D500008EB05021846019300F0CEFD04460146FB
:106D6000DAF81000FFF709FFBCBBB54205D0019B64
:106D70004A461946781902F02CFFADB102ABC5F1B5
:106D800004060421A8EB0602184600F0B5FD0446EF
:106D90000146DAF81000FFF7F0FEF4B902AB2A461C
:106DA0009919384602F007FFBBF1000F1CD00821EB
:106DB00008EB05020DEB01004A4400F09DFD04467E
:106DC0000146DAF81000FFF7D8FE34B909EB0500E8
:106DD0005A4602A9384402F0EEFE5046FFF7D6FEAE
:106DE000204605B0BDE8F08F5C46F6E76FF015046D
:106DF000F6E72DE9F8430D4607464168C5F30B0356
:106E00001646002A61D0C2F30B0252EA03045CD199
:106E1000002D5ADBCB6AAA199A4256D8FFF7D0FE4A
:106E20002046D7F80480FFF793FE00284AD1D8F80F
:106E30002C30B34227D100F062FDB14604463869D8
:106E40002146FFF79AFE8CB94D44A6EB09060021B6
:106E50004FF4A47001F06FF90120FFF75BFE041EF0
:106E600004DB14F00104F2D1002EE0D10120FFF781
:106E70006FFE002C14BF254605463846FFF786FEF8
:106E80002846BDE8F883B6F5803F09D3ABB253B9C5
:106E900029460120F1F746FF4FF480390446CEE73A
:106EA000B6F5805F09D3C5F30B0030B92946F1F779
:106EB00039FF4FF480590446C1E74FF000096FF0E5
:106EC0001504BCE76FF00405D7E76FF01505D7E7A9
:106ED00010B50C4600F0DEFC0023C4E900031846A0
:106EE00010BD38B505460C4600F0D4FC002D07DB7C
:106EF000A84205D9401B84428CBF0020012038BD28
:106F00000020FCE770B50D462846194616461C467B
:106F1000FFF7E7FF38B124B122462946304602F098
:106F20004AFE002070BD6FF01500FBE743685B6808
:106F3000D3F810350B600020704743685B6802EAA5
:106F4000010021EA0201C3F80805C3F80C1500206E
:106F5000704743685B680020C3F8081570474368B2
:106F60005B680020C3F80C15704743685B68D3F872
:106F7000042521EA02001140C3F80805C3F80C15E6
:106F80000020704730B50369586800B30024884278
:106F900019D108688CB99C685860A14200D19860EA
:106FA000002008602AB15A680A609A68596002B9DC
:106FB000996000200FE02846E9E720609868814248
:106FC00008BF9C60ECE705680446002DF3D1002A59
:106FD000E9D16FF0150030BDF1F726BA13B54FF0C7
:106FE00080520829136E526E28BF082112BA0092EF
:106FF0001BBA0C460A466946019302F0DCFD2046A6
:1070000002B010BD30B543681360057A446804EBE4
:10701000C504A34202D36FF0010030BD5C798C42FD
:1070200003F10803F0D10020F7E743681B68D3F8A9
:107030008004C3F88004704742681368D3F81001D5
:1070400050B1D269002012780A70C3F81001D3F849
:10705000102101221A6070474FF0FF30704702681C
:107060000346D2F8580140B95B68DB0706D4D2F872
:107070002001003818BF0120704701207047436885
:107080001B68D3F80423D20517D5D3F82021A2B169
:10709000EFF31182202181F31288BFF36F8FD3F8B1
:1070A000201131B10021C3F82011D3F820110121A2
:1070B000D96082F31188BFF36F8FD3F858317047CE
:1070C00013B501AA0446FFF79DFF002805DB019BCD
:1070D000226819791868F0F775FB02B010BDF8B591
:1070E0000022054601210220D3F76AFD0220D3F7D2
:1070F00037FD6C680121E068FFF7E2FF6B681A68F2
:107100002369C2F82435617D237D0B43A17D0B43A8
:10711000C2F86C356E68D6E9004313F001030ED057
:107120002F6904F10C0107F1080204F5907000F0DA
:107130009BF800283ADB387AF0F798FF0123082201
:10714000C4F80025B269C4F8442501210022C4F81E
:107150004825A1606BB9D4F82031002BFBD0C4F8CE
:107160002021D4F820310123E3604FF48073C4F868
:107170000433D4F85831002BFBD00021C4F800159B
:107180006D682C68E868FFF79BFF0823C4F800359A
:107190002A7A52B9EB69C4F834350123C4F838357A
:1071A000C4F81021D4F8102123600020F8BD00F1AC
:1071B00050039B009BB203F1804303F58833002208
:1071C0001A601B68704708B5F0F7A4FC08BD4FF0C3
:1071D0008053D3F83021082A03BFD3F83401B0FA22
:1071E00080F040090020704703460020184700F057
:1071F00092BB10B502461168B1B1BFF35B8FB1FA13
:1072000081F3C3F11F000123834021EA030352E805
:10721000004F8C4204D142E8003CBCF1000FF6D193
:10722000BFF35B8FE7D110BD6FF00B00FBE710B52C
:107230000368CB40DB0714D401238B400268BFF303
:107240005B8F43EA020150E8004F944204D140E8CA
:10725000001CBCF1000FF6D1BFF35B8FEED1002014
:1072600010BD6FF01500FBE770B50C460021054618
:1072700008461646F0F7ECFE48B93378DB0003F118
:10728000804303F5F833C3F81055C3F8144570BDB7
:1072900010B1012802D07047F0F7B6BFF0F766BF13
:1072A00018B1012803D100F019B800F032B87047C6
:1072B00008B5F0F777FFBDE80840F0F7E5BF4FF0FD
:1072C0008053D3F83021082A06D1D3F8340102289C
:1072D0008CBF00200120704700207047F0F70CBFE2
:1072E00038B54FF080440223C4F808330123E3602B
:1072F0000023C4F80431D4F8043142F21075D4F8F4
:107300001834DB0304D50120FFF771FF013DF6D1EE
:1073100038BDFFF7E5BFF7B5019001A8DDE90847E3
:1073200016461D46F0F7E8FF019BB6F1000C18BFAA
:107330004FF0010C00EB83000B1E18BF0123002D42
:1073400043EA4C030CBF4FF0000C4FF00C0C002C28
:1073500043EA0C030CBF4FF0000C4FF4E06C002F1D
:1073600043EA0C03D0F800270CBF4FF0000C4FF499
:10737000403C43EA0C0322EA030301B109780EB151
:107380003678760019430DB12D78AD0031430CB13C
:107390002478240229430FB13F783F040C433C4337
:1073A000C0F8004703B0F0BD1FB50DF10F03019306
:1073B00000238DF80F1000931A461946FFF7ABFF14
:1073C00005B05DF804FB10B504460846F0F7A4FFCD
:1073D00004EB4004207DC0F3401010BD10B50446FE
:1073E0000846F0F799FF04EB4004207DC0F340000D
:1073F00010BD10B504460846F0F78EFF04EB4004BC
:10740000A08A400B10BD70B5044608461646F0F73A
:1074100083FF08300D4634F81030DA0509D5C3F380
:10742000432304EBC302314654F8333052682846F4
:107430009847A3682BB1E26831462846BDE8704002
:10744000184770BD10B504460846F0F765FF04EB19
:107450004000838ADA051DD5C3F3432123F4F85392
:10746000838204F1120204F1720032F8023F13F435
:10747000807F03D0C3F3432399420BD08242F4D1DF
:1074800004EBC10300225A6004F17800BDE810400B
:10749000FFF7CDBE10BDF0B5034600F580740020A7
:1074A00005460127844695420AD1D3F87C2132B1A2
:1074B0000022C3F87C21D3F87C3140F00040F0BDBD
:1074C00025F0404607FA06F6314209D0D4F800E02C
:1074D000BEF1000F04D0C4F800C0D4F800E030437F
:1074E00001350434DFE738B504460D46FFF76BFF7E
:1074F000A8B12046FFF772FF88B92046FFF779FF51
:10750000226801238340C2F80833236803EB80001C
:10751000D0F8103523F00303C0F8103538BD2846E5
:107520000021BDE83840FFF73FBF2DE9F043174683
:1075300085B004460846F0F7EFFED7F800800E4607
:107540000546B8F1000F1ED02046FFF747FF18B1DF
:107550002046FFF738FF20BB0023CDE900338DF82C
:107560000E308DF80F300DF10F0243460DF10E0174
:107570003046FFF7D0FE04EB4502938A23F0020366
:1075800043F0010393827B689BB33146204693F816
:107590000080D3F80490FFF721FF28B1B9F1000F64
:1075A0001FD06FF0150027E004EB4500838A23F419
:1075B000604323F020038382B9F1000F11D0B8F1AA
:1075C000030FEED87B6821685B6893F800C04FEA30
:1075D0008C031944B8F1000F11D1C1F81085C1F81E
:1075E000108504EB4502938A23F01C0343EA8803C9
:1075F0009382BB6843BB002005B0BDE8F083D1F89F
:10760000102522F00302C1F8102522681344D3F894
:10761000102522F44F3222F44072C3F810253202B2
:10762000D3F8101502F47C5242EA08420A43C3F828
:10763000102504EB4C03A3F87C60838A43EA4C33A7
:1076400043F020038382CCE7D3E90078314620461B
:10765000FFF7F8FE002FCED063689F4206D004F1FA
:107660007800FFF7C6FD002804DAC5E7A36898454F
:10767000F5D1002004EBC003C3E9017804EB450514
:10768000C0B2AB8A43EA402343F48073AB82B2E7D3
:107690002DE9F043054685B0084616461F46F0F72B
:1076A0003BFE0C46804626B32846FFF797FE18B9E6
:1076B0002846FFF788FE18BB05EB4809B9F81430D7
:1076C00003F01C0313B17378012B19D001238DF83B
:1076D0000F300023CDE90063721CB31C0DF10F01C4
:1076E0002046FFF718FEB9F8143043F00303A9F859
:1076F0001430002F3FD021462846FFF76FFE20B9F7
:107700006FF0150005B0BDE8F0833E782B6803EB01
:1077100086030022C3F81025C3F8102505EB4802A4
:107720004FEA860C938A23F4604323F0200393826C
:10773000787800B32968BF7861440004D1F8103527
:1077400023F4991323F4F853C1F81035230200F4FD
:10775000403003F47C5303433805D1F8105500F44E
:10776000801003432B43C1F81035938A43EA463314
:1077700043F0200393820020C4E7C0E9031270475E
:1077800070B504461546FFF71EFE48B10846F0F7EF
:10779000C3FD04EB40040020A38A5B0B2B7070BD7B
:1077A0006FF01500FBE738B590F88C4005469CB9A2
:1077B00060222146143002F025FA2868C0F87C4186
:1077C000D0F87C3140F30730D3F7CAF9012385F8AC
:1077D0008C30AB67204638BD6FF07700FBE790F840
:1077E0008C00003818BF01207047F0F7CFBD2DE99D
:1077F000F34104461746FFF7E6FD0D462668F0B153
:107800002046FFF7EBFD8046C8B92046FFF7F1FDA3
:10781000820002F5807346F80380F358236813440E
:10782000D3F8102542F00102C3F8102527B12268D1
:1078300001238340C2F8043302B0BDE8F081D6F8DA
:107840000433002BA4BF4FF00043C6F8043328468E
:10785000F0F762FD04EB4004A38AC3F38203042B18
:1078600012D0052B12D001A80195F0F745FD019B20
:10787000D0F81015D94001F001010231284602B0BC
:10788000BDE8F041FFF790BD0321F7E70221F5E7DE
:10789000FFF729BE4FF080531A695869504370476B
:1078A0004FF08053186970474FF080535869704704
:1078B00000F180431A68002A1FBF00221A601B686B
:1078C000012008BF002070474FF080434FF46072E2
:1078D000C3F8042370474FF080434FF46072C3F83D
:1078E0000823704708B5F0F703FFBDE80840FFF72D
:1078F000DFBC0223F0F78EBF0323F0F78BBF00211C
:107900000220F1F70FBA08B5F3F710FA002818BFF4
:107910006FF0040008BD08B1D3F728BE704710B55A
:10792000436904463BB90020E268537843F0010301
:107930005370404210BD98470028F4D00028B8BFCB
:107940004042E368FF28A8BFFF201870ECE740B171
:10795000C368587810F001001EBF1878B0FA80F0A4
:1079600040097047EFF31183202383F31288BFF39C
:107970006F8FFEE708B5FFF7F5FF2DE9F04F89B0EF
:10798000DDE91268059243460546324606A80F46D1
:1079900000F0CFFCDDE90634CDE90234EFF31184C9
:1079A0004FF0200989F31288BFF36F8F05F10C0A9D
:1079B00005F1140B059A149B39462846984730B1B7
:1079C00084F31188BFF36F8F09B0BDE8F08F56EADA
:1079D0000806F5D0DDE9022306A800F0CFFCDDE9BA
:1079E00006685246CDE9006821465846F2F73EFA4D
:1079F000EFF3118489F31288BFF36F8FDAE710B4C5
:107A000000F10C04C0E9034410BCF5F707BA38B51F
:107A10000446EFF31185202383F31288BFF36F8FA1
:107A2000F5F705F904F10C0000F076FB30B12946BA
:107A300004F11400BDE8384000F053BB85F3118811
:107A4000BFF36F8F38BD10B542696AB1836842EAEF
:107A50000301890708D10169A2FB011424B95B184D
:107A60002CBF0121002102D36FF0150005E0C16099
:107A70009B1A02698A4201D8002010BDC2681A60B0
:107A80004269C36001319B1AF3E72DE9F0410546D5
:107A90000F46EFF31188202383F31288BFF36F8F13
:107AA000C668FEB90468A0421CD0DCB1D4E900323B
:107AB00013605A60237CA66023F002032374C4E998
:107AC000006604F1180000F0DDFB2046C4F8846075
:107AD000676100F0BAFA414605F10800BDE8F041DF
:107AE00000F0FFBA3E60AB69EF60013BAB6188F329
:107AF0001188BFF36F8FBDE8F08108B52024EFF344
:107B0000118384F31288BFF36F8FF6F7B8F9F6E7A5
:107B1000D0E9003213605A60027C002322F0020296
:107B2000C0E9003302748360704713B501240094E8
:107B3000F1F72EFB02B010BD90F90E308B4201D050
:107B4000F2F7B6B90020704703460020C3E90200EF
:107B5000C3E900337047D0E9003213605A60027CF9
:107B6000002322F00202C0E90033027483607047F0
:107B70002DE9F843914604469DF820200D46EFF389
:107B80001186202181F31288BFF36F8F02B14568FF
:107B9000D4F8088004F10807474518D0B8F1000F61
:107BA00015D04046FFF7D7FF08F1180000F06AFB38
:107BB0000023C8F88430C8F81490404600F045FA15
:107BC0003846314600F08DFA0020BDE8F883A3B1B5
:107BD0000820F2F72BFE002838D00122C0F80490CC
:107BE0000260016801F003015DB922680A43026086
:107BF000626820606AB960600BE0C9F800304846EE
:107C0000EFE72A68032A16D80160616869B9C4E9F8
:107C10000000042104F1100000F0CDFC0028CFD1B9
:107C200086F31188BFF36F8FCFE70A6802F0030273
:107C300002430A60DFE722F003020A4302602A6877
:107C400002F0030240EA02032B60E2E76FF00B0050
:107C5000E6E710B5044630B10268930703D04468E4
:107C600009B100F037FD204610BD0023C0E9003304
:107C700000F10803C0E9023300F11003C0E9043346
:107C80007047F8B50546EFF31187202383F3128878
:107C9000BFF36F8F846800F10806A6421BD074B151
:107CA0002046FFF758FF04F1180000F0EBFA00231C
:107CB000C4F884306361204600F0C7F9012408212C
:107CC00005F1100000F077FC38B934B987F311885A
:107CD000BFF36F8FF8BD0024F1E739463046BDE8A9
:107CE000F84000F0FEB907B50123009300230A46CF
:107CF0001946FFF73DFF03B05DF804FB07B500230D
:107D00000A4600931946FFF733FF03B05DF804FB02
:107D100008B503681BB9FFF7E6FF012008BD8B42D9
:107D200003D01B6823F00303F4E70020F6E70068A4
:107D30000021FFF78EBF40680021FFF78ABF5AB1CC
:107D40008A4209D300F11003C0E90212C0E9000021
:107D5000C0E90433002070476FF0150070470268D7
:107D600001238B4022EA0303036022FA01F000F0B2
:107D700001007047704710B5032104460C30FFF72F
:107D8000EEFF30B104F1100000F07CFAB0FA80F0A0
:107D9000400910BD20B100221146943000F004BA11
:107DA000704770B5C368C3F340069B07044616D4FA
:107DB000856802210C30FFF7D2FF80B1D5F88C2006
:107DC0006AB194421DD122689EB9D5F89030C5F8A9
:107DD0008C209C4201D1C5F8902000232360E368E9
:107DE00013F01F001EBF43F00203E36040F00200E7
:107DF00070BD3260D5F89020944208BFC5F89060FD
:107E0000EBE716461268DBE773B50446EFF311851E
:107E1000202383F31288BFF36F8F00230193D0E9EF
:107E20000423B3F1004F08BF012A05D085F3118860
:107E3000BFF36F8F02B070BDA0F1100603210438AC
:107E4000FFF78DFF0028F1D0A369019301A9304607
:107E5000F1F7E4FCEAE738B504460D4610220021AC
:107E600001F0D0FE656038BDEFF31183202282F36C
:107E70001288BFF36F8FC06800F01F0083F3118872
:107E8000BFF36F8F704713B501900846EFF311846D
:107E9000202383F31288BFF36F8F01A9F1F7BEFC93
:107EA00084F31188BFF36F8F02B010BD10B5FFF7D8
:107EB000EAFF041E08DDEFF31180202383F312880C
:107EC000BFF36F8FF2F760F8204610BD70B50D4616
:107ED000EFF31186202383F31288BFF36F8FF1F73E
:107EE000EFFC044686F31188BFF36F8F38B14FF073
:107EF000FF324FF0FF3305F11000F1F747FB20464A
:107F000070BD08B5A822002101F07CFE08BD38B57F
:107F1000302204460D46002101F074FE4FF48073B8
:107F20006560E36038BDFFF79FBF38B50446EFF3E7
:107F30001185202383F31288BFF36F8FFFF71BFF98
:107F40002046FFF72EFF85F31188BFF36F8F38BDF2
:107F5000F8B504460D46EFF31187202383F312880A
:107F6000BFF36F8FC36803F01F03002B14BF0126FC
:107F7000002609D0FFF7FFFE2046FFF712FF294633
:107F80002046F1F72DFC034687F31188BFF36F8F6E
:107F90003BB14FF0FF324FF0FF3305F10800F1F72E
:107FA000F5FA3046F8BDD0E9003213605A60027C21
:107FB000002322F00202C0E900330274836070479C
:107FC000C0E9000000207047EFF30580003818BFBB
:107FD000012070476FF057007047D0E900321360FE
:107FE0005A600023C0E90033704708B5FFF7F5FF7A
:107FF000037C23F0020303740023836008BD38B5BB
:1080000004460D46F1F7B0FE237C43F002032374CF
:10801000D5B1A5602B689D4209D16B68C4E90053B6
:108020001C606C6010E06A689A42F6D01B68002BF6
:10803000F3D093F90E1094F90E209142F3DD5A68B3
:10804000C4E9003214605C6038BD10B5EFF31184F0
:10805000202383F31288BFF36F8FF1F745FE84F37B
:108060001188BFF36F8F10BD08B5EFF31181202287
:1080700082F31288BFF36F8F83680BB1FFF7B5FFF0
:1080800081F31188BFF36F8F08BD08B5037C13F02F
:10809000280F01460CD183680BB1FFF7A6FF0B7CBC
:1080A00023F004030B740846BDE80840F1F71CBE3A
:1080B00008BD10B5EFF31184202383F31288BFF3BA
:1080C0006F8F1838FFF7E1FF84F31188BFF36F8FCC
:1080D00010BD10B5FFF7C8FFBDE81040183000F024
:1080E000D1B80846F1F778BE38B504680546AC4209
:1080F0004FF0000000D138BD002CFCD02046FFF727
:1081000074FF04F1180000F0BDF82046F1F7ECFD13
:108110002C680120A542EDE710B5EFF31184202370
:1081200083F31288BFF36F8FFFF7DEFF84F31188AC
:10813000BFF36F8F10BD38B50C460546F1F7C0FF91
:10814000B4F1FF3F08BFB5F1FF3F1FBF47F6FF7314
:1081500000224FF47A71E0FB01321ABFD80B40EADB
:1081600042404FF0FF3038BD38B50446EFF311857B
:10817000202383F31288BFF36F8F037C5B070ED538
:10818000183000F07FF8237C23F00403204623748A
:10819000F1F7AAFD2846BDE83840F1F71DBE85F38A
:1081A0001188BFF36F8F38BD38B5EFF311852023E9
:1081B00083F31288BFF36F8F0468A04213D0A4B179
:1081C000C4F8841062612046FFF70FFF04F1180025
:1081D00000F058F82046F1F787FD012085F311885B
:1081E000BFF36F8F38BD0020F8E72046F6E72DE992
:1081F000F04706460F4691469A46EFF31188202332
:1082000083F31288BFF36F8F0068864206D028B1CF
:108210007368984214BF0568002568B90024B9F155
:10822000000F02D051462046C84788F31188BFF39B
:108230006F8F2046BDE8F0875146B84704460028B6
:10824000EDD135B17368AB4200D02C682846254685
:10825000E3E72C46FAE708B50246F2F7A3F870B157
:10826000D0E904319B1A61EBE272B3F1004F72F175
:10827000000104DA002AACBF1846002008BD6FF0E8
:108280000040FBE738B50246EFF31185202383F366
:108290001288BFF36F8F0368D3B1F2F783F80446F7
:1082A0001046F2F791F800224FF000438442C0E9F3
:1082B000042305D0002085F31188BFF36F8F38BDEC
:1082C000F2F778F8FFF7C7FF0021EFF78DFDF1E730
:1082D000D0E90413B3F1004F08BF012904D10020F5
:1082E0004FF00041C2E904016FF01500E3E770B5FB
:1082F000EFF31186202282F31288BFF36F8F036899
:1083000073B1F2F77DF804460D46F2F753F80346D1
:10831000201A65EBE37186F31188BFF36F8F70BD90
:1083200018461946F7E708B5F2F76EF908BDF2F7F7
:108330006BB9B3F1FF3F08BFB2F1FF3F70B506461E
:108340001D46144614D01A4316D0002B08DBF2F752
:108350005BF9041941EB0501C6E90041304670BDE7
:108360006FF001031C1B4FF0FF3363EB0501F3E7D4
:108370004FF0FF342146EFE70024FBE7B3F1FF3F66
:1083800008BFB2F1FF3FF8B5074616461C4610D0AD
:1083900054EA020311D0F2F737F9B0420A46A1417C
:1083A00003460AD2F31A64EB0204C7E900343846E4
:1083B000F8BD4FF0FF331C46F7E70023FBE730B56D
:1083C000D0E90034984208D03CB1A568DDB112F97B
:1083D000522C15F9525CAA4207DDC1E90004216064
:1083E00041600FE0A342F8D01B68002BF5D09D68D8
:1083F0004DB115F9525C9542F4DD5A68C1E900327D
:108400001160596030BD00239B7BFFDE2DE9F84FE2
:1084100000250F461446984601462E464FF0200A86
:10842000A946BD4202DB3046BDE8F88FEFF3118B61
:108430008AF31288BFF36F8F4B7B03F03F03082B47
:1084400009D853B1013B072B07D8DFE803F0281CFC
:1084500006220606062E102B2DD0B8F1000F3BD1B8
:108460002378002B38D04B7B03F03F03082B3AD8FE
:10847000002B3AD0013B072B37D8DFE803F03F3918
:108480003639363636420B699B68002BE5D002231D
:1084900017E00B691B68002BDFD0042311E00B6988
:1084A0009B68002BD9D001230BE00B691B6A002BC2
:1084B000D3D0102305E00B69DA895B899A42CCD0CE
:1084C0002023CA68C1F80890C2F38630034363F3DF
:1084D0009432CA6084F800908BF31188BFF36F8FD9
:1084E000013514319DE7102B0FD08C600136F3E776
:1084F000086922461030FFF762FFF6E70869224656
:10850000F9E7086922462430F5E7086922462C304D
:10851000F1E72DE9F041846805460E46D4B1637851
:10852000012B22D114F8503C9A0711D5A4F1600711
:108530003846FFF7CEFD082E14BF00236FF003036B
:10854000636214F8503CDB0602D13846FFF77DFD2C
:10855000002323700023AB60EB68C3F3863216431D
:1085600066F39433EB60BDE8F081022BF0D1237801
:10857000002BEDD054F8048CB8F1000FE8D004F1D2
:108580001400FFF77FFEA4F114070023E3623946CD
:108590004046FFF778FCDBE710B55205090201F40D
:1085A0007C5102F400120A43017B00240A43C0E913
:1085B0000323846010BD38B5EFF31185202383F3C6
:1085C0001288BFF36F8F0468A04211D0D4E9003243
:1085D00013605A600023C4E900332046FFF799FF77
:1085E00085F31188BFF36F8F201E18BF012038BD9F
:1085F0000024F5E72DE9F3470446DDE90A9815461E
:108600000E4659B302F0010AF1F796FD0746EFF363
:108610001181202383F31288BFF36F8FA80744BF13
:108620000023A360A36803EA0600BAF1000F0CD090
:1086300086420CD16A0744BF8343A36081F311884B
:10864000BFF36F8F02B0BDE8F0870028F2D159EA7E
:10865000080305D181F31188BFF36F8F0020F1E784
:10866000C7E919652246CDE9009804F10C00F1F73D
:10867000FDFB0028F2D1786EE4E710B50446D0E99E
:1086800019020B6812F0010F03EA000301D09842AF
:1086900010D17BB16366520742BF4A681A434A60F1
:1086A00004F11800FFF7EEFD0023C4F884302046E3
:1086B000FFF7EBFC002010BD0A46F2F76BB84FF055
:1086C000FF32F2F767B80A460021F2F763B85200AA
:1086D000FFF790BF20B1011F50F8040CFFF797B9C6
:1086E000704700F4E040B0F5805F04D0A0F500537F
:1086F000584258417047012070473AB1002918BFCD
:108700000023D21A2121184401F07CBA704738B5F1
:1087100013464FF480420D46F2F708FA044640B97A
:10872000286843681B0A04D000F0C6FC2C606FF078
:108730008504204638BD2DE9F04F89B09B460023C3
:108740008DF81B30159BDDF85080002B91460B46B1
:108750000E460CBF4FF400624FF4806207A9DDE9BA
:1087600012A7F2F7E3F90446F0B9079D0DF11B02D9
:1087700029883046F2F744FA0446A8B99DF81B3020
:10878000BB4223D868686A6E000A05F1200120D137
:10879000CDE90338CDE901BACDF80090334628463B
:1087A00000F016FD044608B1C8F80070D8F8003093
:1087B0003A4621465046FFF7A0FF079800F07CFCA0
:1087C000002C18BF204609B0BDE8F08F6FF0890477
:1087D000EAE76FF08604E7E72DE9F341D0F804807B
:1087E0004769044640460E4600F068FC054660BBFB
:1087F0005FFA88F31BB93FB16FF0860525E0013FB2
:108800006FF040439F42F7D2A06820F47F4020F0F1
:1088100003000028F0D162884FF6F8739A4218D806
:10882000277907B901A83146F2F714FB054660B96C
:108830000FCCD6F800C066460FC694E8030086E861
:10884000030017B9019BCCF81430284602B0BDE8EC
:10885000F0816FF08505F8E700F6FF7240F67E7351
:108860009A4243D9434213F07F0306D0202BC3F131
:10887000000015D16FF08500704710F1920F0FDAEC
:1088800010F5994F2AD02CDC10F5C54F26D010F5E5
:10889000C14FEFD010F5C74F23D16FF0960070474E
:1088A00010F11F0F15DA10F13D0F1DD010F13C0F24
:1088B00007DA10F1400F14BF6FF083006FF09300E0
:1088C000704710F1220F14BF6FF083006FF0850026
:1088D0007047002818BF6FF0830070476FF0860064
:1088E00070476FF0830070476FF09300704741F25C
:1088F000052398421AD8B0F5905F09D241F20103DE
:1089000098420CD0B0F5885F09D06FF085007047B1
:10891000A0F5905080B22923C340DB07F5D511F0B4
:10892000070F14BF6FF0860000207047B0F5105F8E
:10893000EBD121F04003802B06D0B1F5807F14BF2E
:108940006FF086000020704700207047F8B504469D
:108950000F4600881E46154692B1FFF7C2FE78B159
:10896000089BD10019602088FFF7C1FF044628B991
:108970003946304601F01FF9079B1D602046F8BDBF
:108980006FF08504FAE710B5436E04461BB1412130
:108990002030F2F703FF0020606610BD38B50446B2
:1089A000FFF7F1FF237E012B0FD0023B012B0FD8E5
:1089B000E369012B14BF6FF09605002568220021A2
:1089C000204601F01FF9284638BDE369002BF1E786
:1089D0006FF09605F2E708B1FFF7E0BF704713B5F7
:1089E000A0B101A9F2F77EFA80B90198037E022BAB
:1089F0000ED1032303760379FF2B0CBF6FF08404A1
:108A0000002400F044FB002808BF204602B010BD3F
:108A10006FF09604F5E770B514460288049E104680
:108A20001D46FFF75EFE68B922F4405044F2010390
:108A3000984207D002F44F42B2F5824F02D0B2F50D
:108A4000844F0ED1B4420FD82246284601F0B3F825
:108A5000321B0021281901F0D5F8059B00201C606D
:108A600070BD6FF08500FBE76FF08900F8E72DE936
:108A7000FF4188461F46164612B300233B60012281
:108A800003A9F2F753F8044698B9039D6B686A6E20
:108A90001B0A05F1200110D1CDE9006743462846A5
:108AA000FFF7B9FF0446284600F006FB002C08BF7C
:108AB0000446204604B0BDE8F0816FF08604F2E77A
:108AC0006FF08904F5E770B514460288049D02F43E
:108AD000E040B0F5804F1CD122F4405644F2010032
:108AE000864207D002F44F42B2F5824F02D0B2F56F
:108AF000844F0ED1AC420FD81846224601F05BF8E5
:108B00002A1B0021204401F07DF8059B00201C60F9
:108B100070BD6FF08500FBE76FF08900F8E7F0B5F6
:108B20000F4685B01E46154602B3002333601A4631
:108B300003A9F1F7FBFF044690B9039803885B048F
:108B400011D5CDE900563B46426E00F1200100F000
:108B5000C1FA0446039800F0AFFA002C08BF04469F
:108B6000204605B0F0BD6FF08604F3E76FF089048E
:108B7000F6E72DE9F04F984689B00023064689466E
:108B80000693C8F800301546002A6DD0B2F1005F98
:108B90006DD206A9FFF720FE044650B9069FD7F80C
:108BA00064A0BAF1000F0FD173681B0A05D06FF0F3
:108BB00086040698FFF70FFF52E0412D02D96FF0AF
:108BC0008504F6E77D66AA4672687B880793120AD9
:108BD00007F1200307F16407E9D10DF11C0BCDE982
:108BE000017BCDF800A02A4649463046059300F0A7
:108BF000B5FB10F1860F059B044609D1CDE9017B39
:108C0000CDF800A02A4649463046FFF79FFE0446AD
:108C1000002CCED10699079B4A88E2B94B80079A6F
:108C20004FF6F8739A42CAD83388069A13B111885E
:108C30009942BCD1738813B151889942B7D1536915
:108C4000C8F80030137E012B08D00023C8F800308C
:108C50006FF09604ADE79A42A9D1E0E702231376BC
:108C6000204609B0BDE8F08F6FF08604F8E76FF09A
:108C70008504F5E730B4039C0025256000F0FE4430
:108C8000B4F1007F02D130BC00F062BA6FF0860010
:108C900030BC704710B50446006858B101280AD1AD
:108CA00004F10800F2F7FAF900232360A3886FF3B8
:108CB0000803A38010BD6FF08600F5E72DE9F043AF
:108CC0000C4685B001689846002305461746039375
:108CD000002941D100F108094022484600F092FFE6
:108CE000B8F1000F20463B460CBF4FF400624FF432
:108CF000806203A9F1F71AFF044678BB039C2A1D82
:108D000021883846F1F77CFF064660BB6B7968F333
:108D100000036B716168636E090A04F12002B8F107
:108D2000000F12D009BB00972146484600F03DFADB
:108D3000044698B901232B60039800F0BDF9002E7A
:108D400018BF304605B0BDE8F08371B900972146E1
:108D5000484600F02DFAEBE76FF088042846FFF74D
:108D600099FF2646E8E70446F8E76FF08604F5E742
:108D70000123FFF7A3BF38B50546006898B112B9C3
:108D80000024204638BD01280AD105F10800F2F779
:108D9000DFF904460028F3D02846FFF77BFFF0E711
:108DA0006FF08604F8E76FF08804EAE72DE9F041F8
:108DB000054600680F461646984610B36A79D207F2
:108DC0001FD52A79EAB1B2421ED801281FD105F178
:108DD000080000F0F0F9044618B10023C8F800605C
:108DE0002B7137B1D8F80030324621463846FFF7AC
:108DF00084FC2846FFF74EFF002C18BF2046BDE834
:108E0000F0816FF08804E8E76FF08904E5E76FF020
:108E10008604E2E71FB501240394089C0294079C92
:108E20000194069C0094FFF786FC04B010BD036813
:108E30001943B1FA81F0400970472DE9F04786B037
:108E400005469A460023059305F0FE43B3F1106FE3
:108E5000DDE90E67DDF840800846914634D12A46A8
:108E600005A9FFF754FC044680BB0599088820F04B
:108E7000FF00B0F5E24F02D0B0F5E44F04D14B88CB
:108E80000733B7EBD30F24D3CDE9017800965346CF
:108E90004A462846F1F712FE044666B90023C8F890
:108EA0000030059800F008F9002C08BF0446204661
:108EB00006B0BDE8F0870028F3D039463046F1F718
:108EC000E1FDC8F80070ECE76FF08604002EE5D0F5
:108ED000F3E76FF08904F9E7F1F7D4BD08B500882E
:108EE000DDE90221FFF7FDFB20B1BDE80840104697
:108EF000F1F7C8BD6FF0850008BD2DE9F04F89B0CE
:108F00001F46DDF848900023C9F8003006934388D7
:108F100005460E469046002B00F0B280038803F40D
:108F2000E043B3F5804F00F0AB8039463046FFF7A1
:108F30007EFF002800F0A48006A92846FFF74CFC1D
:108F40000446002851D1069BD3F864A0BAF1000F63
:108F500021D16B681B0A66D12A8869881046FFF701
:108F6000C0FB00283AD01046FFF7C1FC0446002899
:108F70003BD147F201039A424ED14C080134E40838
:108F800004EBC4043B340794DDE9063ABAF1410F1F
:108F900029D8C3F864A06A68120A03F1200B03F110
:108FA000640367D12A88510445D4CDE901A3CDF8E3
:108FB00000B03B46424631462846FFF78FFF044645
:108FC000002C59D1069B5A69C9F800201A7E012A43
:108FD0004AD0C9F800406FF0960406E002F44F430F
:108FE000B3F5824F05D06FF085040698FFF7F3FCC8
:108FF0003CE002F4E043B3F5E04FF4D147F2010363
:109000009A42BAD0CC1D22F0FF02E408B2F5824F9A
:1090100004BF64000134B6E744F201039A42F1D17F
:10902000CC081034AFE707A9284600F04EF80446F4
:109030000028A9D0D9E702F44F41B1F5824FB4D14D
:1090400047F212118A42B0D16A88B2F5807FACD162
:10905000524659462846059300F0DFF910F1860F75
:10906000059B0446ACD1A0E702221A76204609B03F
:10907000BDE8F08F6FF086040698FFF784FCB4E734
:109080006FF08604F2E71822002100F0BBBD034612
:1090900068B1017E8A1E012A0BD80329C26903D157
:1090A000012A01D1FFF77ABC1AB1013ADA61002036
:1090B00070476FF096007047FFF7E9BFC0B2002815
:1090C00014BF6FF085000020704700230B606FF025
:1090D000860070472DE9F34747683F0ADDE90A9AA1
:1090E00004460D461646984611D1CDE9009A00F087
:1090F0006DF910F1860F0CD14346324629462046C1
:10910000CDE90A9A02B0BDE8F047FFF7DCBC6FF08A
:10911000860002B0BDE8F08773B515461C460026F0
:109120000DF107030DF106028DF80760F1F7F0FE6F
:1091300058B99DF8070004B120709DF80620294613
:1091400002B0BDE87040F2F735BB304602B070BDEA
:109150002DE9F0439DB0DDE9248904460E4617460B
:1091600000216C2201A81D4600F04CFD2146C9F8E3
:10917000008001A8F1F7FEFE044668B93A46314680
:1091800001A8F1F723FF044630B94B464246294671
:1091900001A8F1F72DFF044601A8F1F7D9FE002C34
:1091A00018BF20461DB0BDE8F083009BF1F790BFCB
:1091B000009BF1F78DBF38B51C460368154623B1F7
:1091C000F1F74AFF00B9256038BD6FF08800FBE772
:1091D0002DE9F04190B004460D461E464022002184
:1091E0006846DDF85C80199F00F00CFD214633468F
:1091F0002A466846F1F76CFF044648B9B8F1000FFB
:109200000DD118993A466846F1F726FF044678B121
:109210006846F1F743FF204610B0BDE8F08116998B
:1092200042466846F1F794FF04460028E9D0EFE78C
:109230001A9B1F60ECE76822002100F0E3BC10B12C
:109240006821F2F7ABBA70472DE9F04105460E46AA
:10925000144612B3036C03F03F079B18036422BF4C
:10926000436C013343647FB1C7F1400842450FD3DB
:109270004246384400F09FFC29462846F1F77CFF1F
:1092800027444644A7F140043F2C09D82CB10027BD
:1092900022463146E81900F08EFC0020BDE8F0813E
:1092A000374606EB0408394628464037F1F764FF95
:1092B000A8EB07033F2BF6D8A4F1400323F03F03AC
:1092C00040331E44E41ADFE738B5036C03F03F0374
:1092D0005A1C0D46382A4FF08001C15404461044F0
:1092E0002FD8C2F13802002100F08CFCD4E91031F3
:1092F0005A0F42EAC102DB0012BA1BBAA263E3634F
:1093000021462046F1F738FFA36C1BBA2B60E36CB3
:109310001BBA6B60236D1BBAAB60636D1BBAEB604D
:10932000A36D1BBA2B61E36D1BBA6B61236E1BBA75
:10933000AB61636E1BBA2046EB61FFF780FF002034
:1093400038BDC2F14002002100F05CFC21462046FD
:10935000F1F712FF382200212046C5E7F8B5089F33
:109360001E463B68144633F480720D462BD10288AA
:1093700044F212118A4213D1412C03D01BB36FF077
:109380008600F8BD681C00F041FA0028F7D14FF4C0
:1093900080733B60069B9C420CD96FF08900F0E71C
:1093A00047F212118A420ED1202CE7D1284600F054
:1093B0003BFAEAE722462946304600F0FCFB079BD1
:1093C00000201C60DDE76FF08500DAE770B5044629
:1093D000184626886488B4F5807FDDE9043513D10A
:1093E00047F21214A6420FD1202A10D1402B11D9D6
:1093F000042300F8013BF2F799F908B941232B60E7
:10940000BDE87040F1F780BF6FF0850070BD6FF070
:109410008600FBE76FF08900F8E730B5202A91B0AD
:10942000084614461D4609D16946F2F731F900B9DC
:109430002C6011B0BDE83040F1F766BF6FF08900D5
:1094400011B030BD70B51446202CDDE90426DDE9ED
:109450000603089D0CD1412E0AD11F2B0BD90132D6
:10946000F2F738F900B92C60BDE87040F1F74CBF55
:109470006FF0860070BD6FF08900FBE740F8041BB9
:109480001C22002100F0BEBBF0B500240546264694
:10949000204652F8247051F82430DB1946EB0607B9
:1094A0001B1845F8243004F1010447F10000082C92
:1094B000EFD1F0BD002370B50646184652F8235090
:1094C00051F82340641B65EB0505241A46F8234038
:1094D00003F1010365F10005082BC5F10000EDD192
:1094E00070BD70B504395642041F013A1C3054F85F
:1094F000043F51F8045F134035402B4384422360FE
:10950000F5D170BD002330B50446184654F8232029
:1095100051F8235001336A40082B40EA0200F5D18C
:1095200030BD70B504460568166800200346E1FBAF
:109530006653256056686568E1FB6653656096680A
:10954000A568E1FB6653A560D668E568E1FB665354
:10955000E56016692569E1FB665325615669656911
:10956000E1FB665365619669A569E1FB6653A561F8
:10957000D569E269E1FB6523E261226A9B182362F7
:10958000404170BD10B50438A1F120024B7F0C7F23
:109590001B0443EA0463CC7F23438C7F043943EAF2
:1095A00004238A4240F8043FF0D110BD0B1F1C3148
:1095B00053F8042F120E02775A8842771A68120A5B
:1095C00082771A68C2778B42A0F10400F0D170470D
:1095D00070B588B01E460446FFF756FF3246054672
:1095E00021466846FFF766FFC0F101022A4369463B
:1095F0002046FFF776FF08B070BD2DE9F04F8BB025
:109600000D46064691460021242201A8D3F840A029
:109610001F4600F0F7FAA5F1040B1C355BF8041F98
:10962000D9F80020019B01A802FB01334A460AFB3E
:1096300003F8FFF776FF3A460446414601A8FFF7D4
:1096400070FF2022044402A901A800F0C2FA5D457F
:109650000994E3D13A4601A93046FFF72BFFC0F148
:1096600001022243C2F101023046FFF73AFF0BB07C
:10967000BDE8F08F0B4601F120020146FFF7BDBFA8
:1096800030B589B004460D4668460121FFF7F6FE65
:109690002B466A4621462046FFF7AFFF09B030BD92
:1096A00038B504461546FFF7E9FE29462046BDE8D1
:1096B0003840FFF7DFBF2DE9F04389B01446064676
:1096C00001226846FFF70DFF224601213046FFF7D1
:1096D000E7FF25682746023D04F11C094FF02008EA
:1096E000EB0705D523466A4631463046FFF785FF2E
:1096F00023466A4669466846FFF77FFFB8F10108CE
:109700004FEA5505ECD14F4502D057F8045FE5E725
:1097100009B0BDE8F08330B589B004461546684607
:109720000122FFF7DEFE29466846FFF7A9FF6946DA
:109730002046FFF73BFF09B030BDF0B599B00446B5
:109740000D461646114668461F46F1F7E9FD3246BA
:10975000694608A8F1F7E4FD3A4669466846F1F71C
:10976000DFFD08A91E9A0846F1F7DAFD2246694690
:109770006846F1F71DFE08A92A460846F1F718FECB
:109780006A4631463046F1F7CBFD6A46694610A875
:10979000F1F7C6FD6A4610A96846F1F7C1FD10A9A8
:1097A00022460846F1F7BCFD08AA11462046F1F70B
:1097B000B7FD10AA21462046F1F7FAFD10AA21466E
:1097C0002046F1F7F5FD6A4621462046F1F7F0FD07
:1097D00010A922460846F1F7EBFD10A908AA084691
:1097E000F1F79EFD2A4669466846F1F799FD6A46FB
:1097F00010A92846F1F7DCFD19B0F0BD08B5FFF758
:109800006BFB003818BF0120404208BD00B591B085
:10981000024608A96846F1F7DFFD002818BF6FF07F
:10982000010011B05DF804FB10B588B00146684630
:10983000F1F79EFD202104466846F1F7AFFF002CAA
:109840000CBF20466FF0020008B010BD10B50446F2
:1098500008B1F1F7A3FF2046BDE81040F1F798BF2B
:109860003C22002100F0CEB910B5044600F09DF96D
:109870002046BDE81040F1F78BBF10B54FF48C7156
:109880000120F1F77FFF044608B100F089F9204676
:1098900010BDF2F745B9F2F779B8F2F7C5B938B5A6
:1098A000054618B96FF08604204638BD0468002CC0
:1098B000F8D00029F6D00123F1F7D6FF044600289E
:1098C000F2D12B68002BEDD09B79023B022BE9D81B
:1098D00024210120F1F756FF20B1A8631021F1F7F0
:1098E0005DFFE1E76FF08C04DEE72DE9F04F0F46F6
:1098F00085B016468046002879D00368002B76D0C4
:10990000002974D0846B002C71D01D79206A05F079
:109910001F05F8B12A1AB2421CD21030204400F0C0
:109920004AF904F110020023191DA9422CD923443D
:109930001A1B954231D803AB00932A462346214691
:109940004046F1F7C1FFE0B9236A2062EA1A3344C6
:1099500017445E1B05F1FF394FF0010A0DF10C0BA6
:10996000B144B9FBF5F9CA4538D34EB1206A10307D
:1099700032463946204400F01EF9236A33442362FC
:10998000002005B0BDE8F08F52F8100C136843407A
:1099900042F8103C04320B46C6E71A7C19784A405C
:1099A00003F8012BC4E7FA58E0584240E2500B4656
:1099B000191D8D4204EB0302F5D2AB4210D3CDF852
:1099C00000B023462A4621464046F1F77DFF002895
:1099D000D7D1761B2F440AF1010AC4E70023E7E739
:1099E000F85C1178414002F8011B0133E5E76FF0A4
:1099F0008600C6E72DE9F04F93B006460391002894
:109A000000F0CB800368002B00F0C780856B002D31
:109A100000F0C380002900F0C08006AF1021384656
:109A20000DF128081C790DF13809F1F7B7FE102166
:109A30004046F1F7B3FE10214846F1F7AFFE326819
:109A400004F01F0492B392F804A00AF01F0A0DF16B
:109A5000140BCDF800B04B46524649463046F1F75C
:109A600033FF50B9BAF1100F07D149463846F1F724
:109A70006BFF39464046F1F767FF10214846F1F782
:109A80008DFE2B6AA34205F1100A11D33846CC464D
:109A90000022111DA14265D9A2421ED21AF802105D
:109AA000B85C414009F802100132F5E79246CEE772
:109AB0004846CC46002293423ED91AF802100CF8D0
:109AC000011B01329442F6D8C4460022111DA14266
:109AD00037D909EB0201A2423BD348460022A5F147
:109AE000040C111DA14246D9A918A2424CD33046FC
:109AF000CDF800B02B4622462946F1F7E5FE064692
:109B000020B903982246294600F055F8102138461E
:109B1000F1F744FE10214046F1F740FE00231021EA
:109B200050462B62F1F73AFE10212846F1F736FE37
:109B3000304613B0BDE8F08F0CBF01210021C901F0
:109B4000BDE702685CF8043B5A4040F8042B0A4623
:109B5000BCE7087818F802C080EA0C0001F8010B95
:109B60000132B8E76A1850F8043BD2685A404CF802
:109B7000042B0A468DE75CF8012050F8043B5A405C
:109B80004CF801200A46ACE719F802C0087880EAD0
:109B90000C0001F8010B0132A7E76FF08606C7E75A
:109BA0004FF48C72002100F02DB818B14FF48C7175
:109BB000F1F7F4BD70470A44914200F1FF3300D140
:109BC000704710B511F8014B03F8014F9142F9D1DC
:109BD00010BD884210B501EB020402D9844223462D
:109BE00007D8431EA14207D011F8012B03F8012F1B
:109BF000F8E70244824200D110BD13F8011D02F8BB
:109C0000011DF7E702440346934200D1704703F871
:109C1000011BF9E710B501390244904201D100203F
:109C200005E0037811F8014FA34201D0181B10BDC5
:109C30000130F2E7C9B20346184613F8012B12B1FE
:109C40008A42F9D17047002918BF0020704710B52B
:109C50006AB10139841810F8012B11F8013F9A42BA
:109C600003D1A04201D0002AF5D1D01A10BD104670
:109C7000FCE710B5024601448A42134603D01C7823
:109C80000132002CF8D1181A10BD38B511F0FF04BC
:109C900003460ED12146BDE83840FFF7CBBF431C39
:109CA000054621461846FFF7C5FF0028F7D128468C
:109CB00038BD0025F5E70A7870B56AB970BD9A42DB
:109CC00009D10C46054614F8013F002BF6D015F8D3
:109CD000016F9E42F7D001300378002BEFD1184678
:109CE000ECE7F0B5C3F137070446FFB203F01F03FA
:109CF0001046082BE6B233D0102B3ED06508A408DE
:109D000044EA817445EAC1752D194FEA910242EB8C
:109D10005102290941EA02716D1842EB1212290A17
:109D200041EA02616D1842EB1222290C41EA02411C
:109D30006D1842EB1242AD1842F10002EC0844EA01
:109D40004274D10804EB8402A6EB4205EDB2092D62
:109D50000CD90134A5F10A0541F10001EDB212E080
:109D6000E40844EA417406F00705C908303554EAAE
:109D7000010200F8015BBCD1F0BD240944EA017482
:109D800006F00F050909092D84BFED19EDB2EDE7C5
:109D9000D1E9043293421EBF5A1C0A611870704701
:089DA000B8D3FC7F01000000B4
:109DA800B5B502000000000035B502000000000053
:109DB80000000000609E0500CD9004000000000037
:109DC8000D9104000000000000000000989E0500AE
:109DD800000000007C9E050000000000B49E050005
:109DE80000000000D09E0500897C040000000000EF
:109DF800B1B0020000000000077905000000000073
:109E0800559604000000000000000000EC9E0500CC
:109E180000000000409F050000000000089F0500AA
:109E280000000000249F050001CB02000000000094
:109E3800000000005C9F0500E9C10200000000006E
:109E4800B32C05000000000029CD0200000000002E
:089E580059A102000000000006
:109E6000A5C6050048AD050090A10500460A0020E2
:109E700000690020116A040000000000E8C6050027
:109E8000D4AD050060A105004E0A0020C86900207D
:109E90006D76040000000000F6C60500E8AD050080
:109EA00060A10500500A0020D46900206D760400EE
:109EB00000000000B4C605000000000028A1050055
:109EC000480A002054690020E56E040000000000EC
:109ED00004C70500FCAD0500ACA10500520A002036
:109EE000E0690020DF70050000000000C4C6050026
:109EF00060AD050048A105004A0A00200C090020B9
:109F0000E16F040000000000F4A90500000000005B
:109F100084A10500420A00207046002000000000D5
:109F20000000000097C6050024AD0500E0AC050068
:109F3000440A002058080020455C0400000000008E
:109F4000CEC605000000000030A105004C0A00202C
:109F500000000000F171040000000000C4BC050016
:109F600000000000A0A60500400A002030000020EC
:089F700025C4020000000000FE
:109F7800E5780500E97105000000000063DE0400D3
:109F8800D09E05007F7005000000000063DE04001D
:109F98000000000063DE04000000000063DE04002F
:109FA80074040020D96F05000000000063DE04007F
:109FB8000000000063DE04000000000063DE04000F
:109FC8000000000063DE040000000000E1CD030093
:109FD8000000000063DE040054690020556F04008F
:109FE8000000000079F403000000000063DE0400B4
:109FF8000000000063DE040000000000197D04007A
:10A008000000000063DE04000000000063DE0400BE
:10A018000000000063DE04000000000063DE0400AE
:10A028000000000063DE04000000000063DE04009E
:10A038000000000011CE03000000000063DE0400F1
:10A048000000000063DE04000000000063DE04007E
:10A058000000000063DE04000000000063DE04006E
:10A068000000000063DE04000000000063DE04005E
:10A078000000000063DE04000000000063DE04004E
:10A088000000000063DE04000000000063DE04003E
:10A098000000000063DE04000000000063DE04002E
:10A0A8000000000063DE040005630400E971050098
:10A0B8000000000063DE0400AD8D0400E9710500B6
:10A0C8000000000063DE04000000000063DE0400FE
:10A0D8000000000063DE04000000000063DE0400EE
:10A0E8000000000063DE04000000000063DE0400DE
:10A0F800081000208072002000080000CD8F0200A8
:10A108000000000000000000000000000500000042
:10A118000000000038BF050000000000000000003B
:08A12800916E0400E16D0400DA
:10A13000056F05002174040005730400E971040033
:10A14000D16E0500D9710400DB6C0500E96B0500D8
:10A15000F36D0500D96F04009F6A0500C96F040004
:10A160009D7404002D6F05003B6F0500536F0500C3
:10A170005F6F05006B6F0500A9760400856F050011
:04A1800000000000DB
:0CA18400B5540300D552030051520300F3
:10A19000696A040049690500AF6905000000000014
:0CA1A000E768050000000000000000005F
:0CA1AC00397005005D7904002B7005007F
:10A1B80065C60500E00E00207F2C0500060800009B
:10A1C80060C60500E00E0020D32705000008000047
:10A1D80000000000000000009D23050085F8030032
:10A1E8000500000069F60200060000009D17030044
:08A1F80004000000E502030071
:10A20000658F02001D8F02000000000000000000AA
:10A21000000000000000000000000000000000003E
:10A22000000000000000000000000000000000002E
:10A2300000000000551103000000000000000000B5
:10A2400098A8050008000000C0A505000700000050
:10A2500034A505000700000020A405000800000048
:10A2600036C005000000000000000000358E02002E
:10A270000000000000000000F5C405000000000020
:10A28000000000008DC7020061CA0200000000004B
:10A2900035C6050001000000000000005B1005004D
:10A2A000000000000000000044C60500010000009E
:10A2B000000000002F140500000000000000000056
:10A2C0003CC605000100000000000000AD060300D0
:10A2D000691003000000000050C6050001000000E6
:10A2E0000000000055280300E926030000000000DC
:10A2F0004AC60500010000000000000089090300B3
:08A30000890A030000000000BF
:10A31000000106020100000000010201040404041F
:10A32000FF000000FF000000FF000000FF00000031
:10A33000FF000000FF0000001800280000002A00B5
:10A340001C000100000800000400000004000000E0
:10A3500000080000040000000400020000080000E3
:10A360000100000001030062746C65000000000041
:10A3700000000000000000000000000000000000DD
:10A3800000000000000000000000000000000000CD
:10A3900000000000000000000001000000000000BC
:10A3A0000338FDD8704700000400000004000000DE
:10A3B0000400000000A40500E0A30500C0A3050000
:10A3C0000101000087090020030200008509002028
:10A3D00019020000830900200909000018C00500C7
:10A3E000010100008C090020030200008A090020FE
:10A3F00019020000880900200909000022C0050098
:10A400000101000091090020030200008F090020D3
:10A41000190200008D090020090900002CC0050068
:10A42000FEB805007311050000000000FAB8050031
:10A4300000000100F6B805005115050000000000FD
:10A440005403002000000100EEB80500DBC9040041
:10A45000000000009209002000000100EAB8050099
:10A4600051150500000000004C0300200000010011
:10A47000E2B80500798E0200000000000000000034
:10A4800000000100DEB805005115050000000000C5
:10A490004403002000000100D6B80500C5C904002F
:10A4A000000000000000000000000400D2B8050019
:10A4B00045110500790B03004021002000000C002D
:10A4C0007C9E05000C0011007C9E05000B00110015
:10A4D000989E050003001100989E050006000100EB
:10A4E000989E05001E000100989E05001A000100BC
:10A4F00004000000000000000000000000700200E6
:10A50000409F0500010000000070020000500C0098
:10A51000409F05000200000000C00E000080000007
:10A52000409F05000300000000400F0000C0000035
:10A53000409F05002CB905007311050000000000C4
:10A5400028B905000000010024B9050051150500D7
:10A550000000000040040020000001001CB90500BC
:10A560002BDB0400000000007CC00500000001009F
:10A5700018B905005115050000000000380400203E
:10A580000000010010B905002BDB040000000000F2
:10A5900085C00500000001000CB90500511505003B
:10A5A00000000000300400200000010004B9050094
:10A5B000E5A1020000000000CC090020000001001D
:10A5C00058B90500731105000000000054B90500DA
:10A5D0000000010050B90500511505000000000001
:10A5E000580400200000010048B9050093DB040076
:10A5F00000000000000000000000010044B9050058
:10A60000511505000000000050040020000001006A
:10A610003CB905005FDB0400000000000000000002
:10A620000000010038B905005115050000000000C8
:10A63000480400200000010030B9050001A202001A
:10A64000000000000000000000000100BDA40200A6
:10A65000000000000000000000000000C7DC040053
:10A6600000000000ABDC040000000020000000003F
:10A6700000000B06020000007CA6050000000000A0
:10A6800097C4050026000202000000209FC40500B8
:10A6900022000B11E1B1020000000000D7DE04002F
:10A6A0004BEF040099F10400BFEF0400E9EE040051
:10A6B0002FEF04000000000000000000E5EF0400A0
:10A6C00094A60500D0A605000008000000000000C8
:10A6D0004C28002094A60500E4A605004A000000CE
:10A6E00000000000B0E5002094A60500F8A60500D3
:10A6F0002E0000000000000078EA002094A605006B
:10A700000CA7050002010000000000004CEB002037
:10A710000E030000A9D602000F040000A5D7020016
:10A720001A01000039F5040005040000DDCC020028
:10A7300013010000C5F604003E010000ADCE02008A
:10A7400001120000B7F604000A1E000085F704009D
:10A75000FF01000085CD02003E010000A5CD0200F2
:10A7600005040000B7F504000804000029F90400FE
:10A7700030030000C3F804001001000011F60400CB
:10A78000011200004DD502000A1E00001DFA04004F
:10A7900003090000C3F70400040B000019F60400CD
:10A7A000060A00006DFB0400070A0000F9F504002A
:10A7B0000C050000DFF50400050C0000A5FA0400FC
:10A7C00094A60500D0A70500470000000000000087
:10A7D00068EC002094A60500E4A705000000000036
:10A7E0000000000088ED002094A60500F8A70500F1
:10A7F0004A00000000000000B0ED00203D0305000D
:10A800008F030500000000000000000000000000B1
:10A8100033050500000000000000000000000000FB
:10A82000000000000202010083080500040401008A
:10A83000F1FA02000606010055FD020008040100BD
:10A8400015FE02000A020100AB0905000C0401001C
:10A85000930905000E0401002DFC020020040100F4
:10A86000C1FC02001004010029FF020012020100D5
:10A87000F50905001E000400270F05005202000024
:10A880001B0A050094A6050094A805004C000000D2
:10A890000000000008EF002088B9050073110500D2
:10A8A0000000000084B905000000010080B9050027
:10A8B00051150500000000009C060020000001006A
:10A8C00078B9050000000000000000000000000052
:10A8D0000000000074B9050045110500790B030064
:10A8E000A40600200000030070B905005115050002
:10A8F00000000000940600200000010068B9050077
:10A90000AB1105006113050000000000000003000A
:10A9100064B9050051150500000000008C060020F8
:10A92000000001005CB90500750F03000000000085
:10A930000000000000000100811C0300432005000E
:10A94000B523030000000000000000001D220300EA
:10A9500000000000000000000000000000000000F7
:10A9600000000000000000003D1D03000600000084
:10A97000EF1C0500060000008F1C05001000000001
:10A98000C518030010000000F91F050001000000B9
:10A990001D19050010000000EB1C05000A00000056
:10A9A000171A050010000000A12203000700000094
:10A9B000F31C050010000000BF1905000100000095
:10A9C000D91B030040000000331C050010000000EC
:10A9D0000B1A05000100000042542043544C522041
:10A9E000525820707269000042542043544C522047
:10A9F0005258000062745F6863695F636F6E7472BF
:10AA00006F6C6C65720000005A6570687972204F37
:10AA1000532076342E342E31000000005745535415
:10AA20005F544F504449522F7A65706879722F7382
:10AA300075627379732F626C7565746F6F74682FAC
:10AA4000636F6E74726F6C6C65722F6C6C5F737772
:10AA50002F756C6C5F636F6E6E2E63006572722073
:10AA60003D3D2030207C7C20657272203D3D202DB4
:10AA700031323000415353455254494F4E204641E4
:10AA8000494C205B25735D20402025733A25640ADC
:10AA90000000000009706172616D313A2025752057
:10AAA000706172616D323A2025750A005745535422
:10AAB0005F544F504449522F7A65706879722F73F2
:10AAC00075627379732F626C7565746F6F74682F1C
:10AAD000636F6E74726F6C6C65722F6C6C5F7377E2
:10AAE0002F6E6F726469632F6C6C6C2F6C6C6C5F73
:10AAF0006164762E63000000300000000925733A7F
:10AB00002041637475616C204556454E545F4F5625
:10AB10004552484541445F53544152545F55532078
:10AB20003D2025750A000000574553545F544F508F
:10AB30004449522F7A65706879722F737562737900
:10AB4000732F626C7565746F6F74682F636F6E74AA
:10AB5000726F6C6C65722F6C6C5F73772F6E6F7297
:10AB60006469632F6C6C6C2F6C6C6C5F70657269C0
:10AB700070686572616C2E6300000000818E0300B6
:10AB8000918E0300A18E0300B18E0300000000002F
:10AB900000000000C18E0300598F0300D18E030016
:10ABA00000000000898F030000000000E18E030018
:10ABB000698F030000000000F18E0300D98F0300AD
:10ABC000018F0300998F0300A98F0300B98F030041
:10ABD000C98F0300E98F0300F98F0300118F030071
:10ABE0000000000000000000000000000000000065
:10ABF00000000000798F030008020B020A0305021F
:10AC00000000000000000000020200000602000038
:10AC1000040300000000090300000000010300001D
:10AC20000C0300000703000000000000000000000B
:10AC3000F401FA00960064004B0032001E0014007C
:10AC4000707265706172655F63620000707265703A
:10AC50006172655F6362000001030405052705005A
:10AC6000FD250500E52505002DFA0300E925050071
:10AC7000ED250500F1250500F5250500FD2605005B
:10AC8000F9250500012705001B2705001F270500E2
:10AC9000C1260500172705002327050027270500E3
:10ACA000FFFFFFFF0000000094A60500B8AC050000
:10ACB000800000000000000034F1002094A6050090
:10ACC000CCAC05008000000000000000341801201A
:10ACD00030AD0500180B002000000000000000004F
:10ACE00000000000A55D0400FD5B04002D5A040077
:10ACF000D15D040000000000C5590400F55D0400AA
:10AD000085670400DD5B040000000000FD670400AF
:10AD1000F5610400255B04005F680500916805008B
:10AD2000896805000000000003000000715B04005A
:10AD3000B968050000000000A1680500CD690400A5
:10AD40009D69040000000000216B0400A16A04005A
:10AD5000D9690500D56905000400000000FF000066
:10AD600000000000000000000000000000000000E3
:10AD700000000000000000000000000000000000D3
:10AD800000000000F40100000001010000002000AC
:10AD90008560150098AD050000900240A4AD050047
:10ADA00001000000ACAD0500060000001500001D0C
:10ADB0001400001F180000201600002117000022B8
:10ADC0001900001E20000000000001000400000027
:10ADD00000FF0000FFFF000000030050740400208B
:10ADE0000000000001000000FFFFFFFF0000005016
:10ADF000740400200000000000000000002000405B
:10AE000001000000000000001CAE05000000D6019B
:10AE10000000000043720020427200200020004029
:10AE200028AE05000100000030AE05000200000061
:10AE30002B0000002C0600010800000003000000A9
:10AE4000A89D0500B09D0500F09D0500F89D05003A
:10AE5000589E0500609E050017C705000001000010
:10AE60000000000000000000982F8A4291443771D2
:10AE7000CFFBC0B5A5DBB5E95BC25639F111F1597D
:10AE8000A4823F92D55E1CAB98AA07D8015B8312BF
:10AE9000BE853124C37D0C55745DBE72FEB1DE806B
:10AEA000A706DC9B74F19BC1C1699BE48647BEEF9A
:10AEB000C69DC10FCCA10C246F2CE92DAA84744A25
:10AEC000DCA9B05CDA88F97652513E986DC631A89B
:10AED000C82703B0C77F59BFF30BE0C64791A7D57A
:10AEE0005163CA0667292914850AB72738211B2E02
:10AEF000FC6D2C4D130D385354730A65BB0A6A76EA
:10AF00002EC9C281852C7292A1E8BFA24B661AA8F5
:10AF1000708B4BC2A3516CC719E892D1240699D605
:10AF200085350EF470A06A1016C1A419086C371E7E
:10AF30004C774827B5BCB034B30C1C394AAAD84E5C
:10AF40004FCA9C5BF36F2E68EE828F746F63A57897
:10AF50001478C8840802C78CFAFFBE90EB6C50A42A
:10AF6000F7A3F9BEF27871C60A5695CE5753F2DDB3
:10AF70005CE419BAE4B84A8B25F321DD8886E8D26F
:10AF8000855D882518FF71853C14A918D430E779B0
:10AF900001B6ED5FFC95BA75102562772B73FB79CE
:10AFA000C65537A5765F9018DFBDC42962DF9CD8EF
:10AFB00090308478CD05F0ACD62E21F7AB20A2E5F9
:10AFC000344887041D0630DC512563FCC2CAB9F33E
:10AFD000849E17A7ADFAE6BCFFFFFFFFFFFFFFFF50
:10AFE00000000000FFFFFFFFA2EE79BE954C248316
:10AFF000A66FBD499C79994659EC6B2B39B245280F
:10B000002056D9F3942DE1664FBC00EEFFFFFFFF01
:10B01000FFFFFFFFFFFFFFFF000000000000000038
:10B020000000000001000000FFFFFFFF0300000020
:10B0300000000000FFFFFFFFFBFFFFFFFEFFFFFF21
:10B04000FFFFFFFFFDFFFFFF040000000100000005
:10B05000059C050090B005000200000088B00500C6
:10B060000300000080B005000400000078B0050077
:10B07000000000000000000048C705001014040094
:10B0800054C705001013030060C70500101202002A
:10B09000020000009B980500979805009398050012
:10B0A0007B9805006998050001000000020000007F
:10B0B0000400000008000000100000002000000054
:10B0C00040000000800000001B000000360000006F
:10B0D00051F4A7507E4165531A17A4C33A275E96D0
:10B0E0003BAB6BCB1F9D45F1ACFA58AB4BE30393E5
:10B0F0002030FA55AD766DF688CC7691F5024C2568
:10B100004FE5D7FCC52ACBD726354480B562A38F3F
:10B11000DEB15A4925BA1B6745EA0E985DFEC0E1CB
:10B12000C32F7502814CF0128D4697A36BD3F9C6DD
:10B13000038F5FE715929C95BF6D7AEB955259DAB4
:10B14000D4BE832D587421D349E069298EC9C844DF
:10B1500075C2896AF48E797899583E6B27B971DD8A
:10B16000BEE14FB6F088AD17C920AC667DCE3AB4CB
:10B1700063DF4A18E51A31829751336062537F4585
:10B18000B16477E0BB6BAE84FE81A01CF9082B9400
:10B19000704868588F45FD1994DE6C87527BF8B76C
:10B1A000AB73D323724B02E2E31F8F576655AB2A72
:10B1B000B2EB28072FB5C20386C57B9AD33708A503
:10B1C000302887F223BFA5B202036ABAED16825C6B
:10B1D0008ACF1C2BA779B492F307F2F04E69E2A153
:10B1E00065DAF4CD0605BED5D134621FC4A6FE8A49
:10B1F000342E539DA2F355A0058AE132A4F6EB75D7
:10B200000B83EC394060EFAA5E719F06BD6E105152
:10B210003E218AF996DD063DDD3E05AE4DE6BD4692
:10B2200091548DB571C45D050406D46F605015FF4F
:10B230001998FB24D6BDE997894043CC67D99E77FE
:10B24000B0E842BD07898B88E7195B3879C8EEDB27
:10B25000A17C0A477C420FE9F8841EC90000000067
:10B2600009808683322BED481E1170AC6C5A724EE9
:10B27000FD0EFFFB0F8538563DAED51E362D392706
:10B280000A0FD964685CA6219B5B54D124362E3A00
:10B290000C0A67B19357E70FB4EE96D21B9B919EB1
:10B2A00080C0C54F61DC20A25A774B691C121A1668
:10B2B000E293BA0AC0A02AE53C22E043121B171D04
:10B2C0000E090D0BF28BC7AD2DB6A8B9141EA9C877
:10B2D00057F11985AF75074CEE99DDBBA37F60FD73
:10B2E000F701269F5C72F5BC44663BC55BFB7E3470
:10B2F0008B432976CB23C6DCB6EDFC68B8E4F1635A
:10B30000D731DCCA426385101397224084C61120CE
:10B31000854A247DD2BB3DF8AEF93211C729A16D13
:10B320001D9E2F4BDCB230F30D8652EC77C1E3D07B
:10B330002BB3166CA970B999119448FA47E96422A5
:10B34000A8FC8CC4A0F03F1A567D2CD8223390EF75
:10B3500087494EC7D938D1C18CCAA2FE98D40B36C2
:10B36000A6F581CFA57ADE28DAB78E263FADBFA439
:10B370002C3A9DE45078920D6A5FCC9B547E4662D5
:10B38000F68D13C290D8B8E82E39F75E82C3AFF5B8
:10B390009F5D80BE69D0937C6FD52DA9CF2512B358
:10B3A000C8AC993B10187DA7E89C636EDB3BBB7B68
:10B3B000CD2678096E5918F4EC9AB701834F9AA8F4
:10B3C000E6956E65AAFFE67E21BCCF08EF15E8E69C
:10B3D000BAE79BD94A6F36CEEA9F09D429B07CD60A
:10B3E00031A4B2AF2A3F2331C6A5943035A266C03E
:10B3F000744EBC37FC82CAA6E090D0B033A7D815F3
:10B40000F104984A41ECDAF77FCD500E1791F62FF0
:10B41000764DD68D43EFB04DCCAA4D54E49604DF63
:10B420009ED1B5E34C6A881BC12C1FB84665517F7D
:10B430009D5EEA04018C355DFA877473FB0B412E27
:10B44000B3671D5A92DBD252E91056336DD64713BB
:10B450009AD7618C37A10C7A59F8148EEB133C897A
:10B46000CEA927EEB761C935E11CE5ED7A47B13CBD
:10B470009CD2DF5955F2733F1814CE7973C737BF8A
:10B4800053F7CDEA5FFDAA5BDF3D6F147844DB869E
:10B49000CAAFF381B968C43E3824342CC2A3405FDC
:10B4A000161DC372BCE2250C283C498BFF0D95414B
:10B4B00039A80171080CB3DED8B4E49C6456C1907D
:10B4C0007BCB8461D532B670486C5C74D0B857427F
:10B4D000C66363A5F87C7C84EE777799F67B7B8DD9
:10B4E000FFF2F20DD66B6BBDDE6F6FB191C5C55427
:10B4F0006030305002010103CE6767A9562B2B7DC7
:10B50000E7FEFE19B5D7D7624DABABE6EC76769A7F
:10B510008FCACA451F82829D89C9C940FA7D7D872D
:10B52000EFFAFA15B25959EB8E4747C9FBF0F00B09
:10B5300041ADADECB3D4D4675FA2A2FD45AFAFEA95
:10B54000239C9CBF53A4A4F7E47272969BC0C05B7B
:10B5500075B7B7C2E1FDFD1C3D9393AE4C26266A3C
:10B560006C36365A7E3F3F41F5F7F70283CCCC4F1D
:10B570006834345C51A5A5F4D1E5E534F9F1F1085E
:10B58000E2717193ABD8D873623131532A15153FEC
:10B590000804040C95C7C752462323659DC3C35EA8
:10B5A00030181828379696A10A05050F2F9A9AB5D4
:10B5B0000E070709241212361B80809BDFE2E23D52
:10B5C000CDEBEB264E2727697FB2B2CDEA75759F8A
:10B5D0001209091B1D83839E582C2C74341A1A2EB1
:10B5E000361B1B2DDC6E6EB2B45A5AEE5BA0A0FB6C
:10B5F000A45252F6763B3B4DB7D6D6617DB3B3CE5F
:10B600005229297BDDE3E33E5E2F2F71138484975B
:10B61000A65353F5B9D1D16800000000C1EDED2C5F
:10B6200040202060E3FCFC1F79B1B1C8B65B5BED44
:10B63000D46A6ABE8DCBCB4667BEBED97239394B50
:10B64000944A4ADE984C4CD4B05858E885CFCF4A3B
:10B65000BBD0D06BC5EFEF2A4FAAAAE5EDFBFB16D6
:10B66000864343C59A4D4DD766333355118585942E
:10B670008A4545CFE9F9F91004020206FE7F7F8171
:10B68000A05050F0783C3C44259F9FBA4BA8A8E3BB
:10B69000A25151F35DA3A3FE804040C0058F8F8A65
:10B6A0003F9292AD219D9DBC70383848F1F5F5046C
:10B6B00063BCBCDF77B6B6C1AFDADA75422121636D
:10B6C00020101030E5FFFF1AFDF3F30EBFD2D26D4C
:10B6D00081CDCD4C180C0C1426131335C3ECEC2F74
:10B6E000BE5F5FE1359797A2884444CC2E17173987
:10B6F00093C4C45755A7A7F2FC7E7E827A3D3D478E
:10B70000C86464ACBA5D5DE73219192BE6737395B2
:10B71000C06060A0198181989E4F4FD1A3DCDC7F6F
:10B7200044222266542A2A7E3B9090AB0B88888361
:10B730008C4646CAC7EEEE296BB8B8D32814143C21
:10B74000A7DEDE79BC5E5EE2160B0B1DADDBDB76A1
:10B75000DBE0E03B64323256743A3A4E140A0A1E79
:10B76000924949DB0C06060A4824246CB85C5CE468
:10B770009FC2C25DBDD3D36E43ACACEFC46262A6C0
:10B78000399191A8319595A4D3E4E437F279798B76
:10B79000D5E7E7328BC8C8436E373759DA6D6DB7D6
:10B7A000018D8D8CB1D5D5649C4E4ED249A9A9E0AE
:10B7B000D86C6CB4AC5656FAF3F4F407CFEAEA2529
:10B7C000CA6565AFF47A7A8E47AEAEE910080818FC
:10B7D0006FBABAD5F07878884A25256F5C2E2E721C
:10B7E000381C1C2457A6A6F173B4B4C797C6C6511B
:10B7F000CBE8E823A1DDDD7CE874749C3E1F1F21AB
:10B80000964B4BDD61BDBDDC0D8B8B860F8A8A8527
:10B81000E07070907C3E3E4271B5B5C4CC6666AABD
:10B82000904848D806030305F7F6F6011C0E0E12E1
:10B83000C26161A36A35355FAE5757F969B9B9D0AE
:10B840001786869199C1C1583A1D1D27279E9EB91A
:10B85000D9E1E138EBF8F8132B9898B322111133A2
:10B86000D26969BBA9D9D970078E8E89339494A700
:10B870002D9B9BB63C1E1E2215878792C9E9E920A5
:10B8800087CECE49AA5555FF50282878A5DFDF7A04
:10B89000038C8C8F59A1A1F8098989801A0D0D1785
:10B8A00065BFBFDAD7E6E631844242C6D06868B8E1
:10B8B000824141C3299999B05A2D2D771E0F0F113E
:10B8C0007BB0B0CBA85454FC6DBBBBD62C16163A3B
:10B8D00009040000022900004D2A00004D2A000042
:10B8E000032800004B2A00004B2A00000328000018
:10B8F0004A2A00004A2A000003280000121800000B
:10B90000002809040000502A0000502A00000328E3
:10B910000000292A0000292A000003280000242A08
:10B920000000242A0000032800000A180000002854
:10B930000000042A0000042A000003280000012A55
:10B940000000012A000003280000002A0000002A4D
:10B9500000000328000000180000002800002A2B27
:10B9600000002A2B000003280000292B0000292BAF
:10B9700000000328000002290000052A0000052A13
:10B980000000032800000118000000286BFF79FF69
:10B9900079FF7CFF00003E3E3E20E9A0BBE9819399
:10B9A00020256420E9858DE5B08DE5A4B1E6959765
:10B9B0002028E58E9FE59BA03A202564290A003EB9
:10B9C0003E3E20E9A0BBE9819320256420E9858DD6
:10B9D000E5B08DE68890E58A9FE4B8A6E7B681E5F4
:10B9E000AE9AEFBC810A000A5B20E9A0BBE9819313
:10B9F000202564205D20E6ADA3E59CA8E5BBA3E679
:10BA000092ADE6BB91E9BCA0E8A88AE8999F2E2EEA
:10BA10002E2028E5BA95E5B1A449443A20256429A9
:10BA20000A000A5B20E98CAFE8AAA4205D20E5BBF0
:10BA3000A3E692ADE5A4B1E6959720286572722041
:10BA40002564290A006170702F6368000A3D3D3D3E
:10BA50003D3D3D3D3D3D3D3D3D3D3D3D3D20E58840
:10BA600087E68F9BE9A0BBE98193203D3D3D3D3DAD
:10BA70003D3D3D3D3D3D3D3D3D3D3D0A003E3E3E63
:10BA800020E5B7B2E696B7E7B79A2028E58E9FE59E
:10BA90009BA03A20307825303278290A003E3E3E7D
:10BAA00020E5B7B2E980A3E7B79AE887B3E9A0BB7E
:10BAB000E981932025640A005849414F2D50616E59
:10BAC000656C000A3D3D3D3D3D3D3D3D3D3D3D3DBF
:10BAD0003D3D3D3D20E59FB7E8A18CE789A9E79072
:10BAE00086E5B1A4E6A0B8E5BD88E68AB9E999A4DF
:10BAF000203D3D3D3D3D3D3D3D3D3D3D3D3D3D3D93
:10BB00003D0A003E3E3E20E6ADA3E59CA8E5959F9C
:10BB1000E58B95E789A9E7908620466C61736820DC
:10BB2000E68AB9E999A42028E7B99EE9818EE6AAB8
:10BB300094E6A188E7B3BBE7B5B1292E2E2E0A0003
:10BB40003E3E3E205BE68890E58A9F5D20E5AFA6FD
:10BB5000E9AB94E7A381E58D80E5B7B2E585A8E977
:10BB600083A8E5A1ABE585A52030784646EFBC81EA
:10BB70000A003E3E3E20E7B3BBE7B5B1E5B087E63D
:10BB800096BC203120E7A792E5BE8CE9878DE6962A
:10BB9000B0E5959FE58B952E2E2E0A000A3D3D3D82
:10BBA0003D3D3D3D3D3D3D3D3D3D3D3D3D3D3D3DC5
:10BBB0003D3D3D3D3D3D3D3D3D3D3D3D3D3D3D3DB5
:10BBC0003D3D3D3D3D0A005849414F206E524635AE
:10BBD0003238343020506C7573202D20E5AE8CE760
:10BBE000BE8EE9A1AFE5BDA2E59586E794A8E789F9
:10BBF000880A000A3E3E3E205BE7B3BBE7B5B1E8EA
:10BC000087AAE799925D20E581B5E6B8ACE588B0F2
:10BC1000204E565320E8BAABE58886E795B0E5B8E4
:10BC2000B82028E79BAEE5898D20256420E5808B30
:10BC300029E380820A006170702F696473002D3ED1
:10BC400020E8BAABE58886E9878DE5BBBAE5AE8C1E
:10BC5000E68890EFBC814348312049443A2025646E
:10BC60002C204348322049443A2025642C20434864
:10BC7000332049443A2025640A002D3E20E5BE9E2B
:10BC8000204E565320E68890E58A9FE8BC89E585DA
:10BC9000A5E697A2E69C89E8BAABE58886EFBC8169
:10BCA0004348312049443A2025642C20434832201F
:10BCB00049443A2025642C204348332049443A2003
:10BCC00025640A006364635F6E636D5F3000313921
:10BCD000322E3136382E342E31003235352E323573
:10BCE000352E3235352E30000A3E3E3E20E7B3BBBE
:10BCF000E7B5B1E79BAEE5898DE89995E696BC205E
:10BD00005BE7B494E8978DE78999E5B7A5E4BD9C16
:10BD1000E6A8A1E5BC8F5D0A003E3E3E20E88BA56B
:10BD2000E99C80E4BFAEE694B9E8A8ADE5AE9AEF31
:10BD3000BC8CE8AB8BE68C89E4B88BE5AFA6E9ABAD
:10BD40009420443720E98DB5E4BBA5E8A7B8E7996E
:10BD5000BC205BE7B7A8E8BCAFE6A8A1E5BC8F5D57
:10BD60002E2E2E0A0A003E3E3E20F09F9A80205B37
:10BD7000E7B7A8E8BCAFE6A8A1E5BC8F5D20E5B7B2
:10BD8000B2E8A7B8E799BCEFBC81E6ADA3E59CA8F3
:10BD9000E5959FE58B952055534220E7B6B2E58D9A
:10BDA000A1E88887E7B6B2E8B7AFE4BCBAE69C8DF5
:10BDB000E599A82E2E2E0A003E3E3E20E7B6B2E9B7
:10BDC000A081E4BCBAE69C8DE599A8E5B7B2E5B0E0
:10BDD000B1E7B792EFBC81E8AB8BE980A3E68EA513
:10BDE000E99BBBE885A6E4B8A6E7808FE8A6BD205E
:10BDF000687474703A2F2F3139322E3136382E3420
:10BE00002E310A00474554202F6578697400474554
:10BE100054202F6C65642F6F6E00474554202F6CA3
:10BE200065642F6F666600474554202F666176690A
:10BE3000636F6E2E69636F00485454502F312E315A
:10BE400020343034204E6F7420466F756E640D0AB6
:10BE5000436F6E6E656374696F6E3A20636C6F73C7
:10BE6000650D0A0D0A00474554202F6170692F6344
:10BE700068616E6E656C7300485454502F312E31DA
:10BE800020323030204F4B0D0A436F6E74656E7454
:10BE90002D547970653A206170706C6963617469C2
:10BEA0006F6E2F6A736F6E0D0A436F6E6E656374EB
:10BEB000696F6E3A20636C6F73650D0A0D0A5B2221
:10BEC0002573222C222573222C222573225D004704
:10BED0004554202F2000474554202F696E64657813
:10BEE0002E68746D6C000A3E3E3E20E694B6E588EE
:10BEF000B0204558495420E8AB8BE6B182EFBC8CAA
:10BF0000E7B3BBE7B5B1E58DB3E5B087E9878DE66B
:10BF100096B0E5959FE58B95E4BBA5E5AE89E585F3
:10BF2000A8E98080E587BAE7B7A8E8BCAFE6A8A192
:10BF3000E5BC8F2E2E2E0A00646863705F746872F1
:10BF40006561645F696400485454502F312E31207C
:10BF500033303220466F756E640D0A4C6F63617426
:10BF6000696F6E3A20687474703A2F2F3139322E0F
:10BF70003136382E342E312F0D0A436F6E6E6563C5
:10BF800074696F6E3A20636C6F73650D0A0D0A0059
:10BF9000485454502F312E3120323030204F4B0D29
:10BFA0000A436F6E74656E742D4C656E6774683AE3
:10BFB00020320D0A436F6E6E656374696F6E3A20AE
:10BFC000636C6F73650D0A0D0A4F4B004854545053
:10BFD0002F312E3120323030204F4B0D0A436F6EFF
:10BFE00074656E742D547970653A20746578742F79
:10BFF00068746D6C0D0A436F6E6E656374696F6E65
:10C000003A20636C6F73650D0A0D0A0073616D70E1
:10C010006C655F75736264005849414F5F43485FC8
:10C0200033005849414F5F43485F32005849414F00
:10C030005F43485F3100617070004661696C656400
:10C0400020746F207265626F6F743A207370696E2E
:10C050006E696E6720656E646C6573736C792E2EE5
:10C060002E0A006364635F61636D5F300063646325
:10C070005F61636D5F73657269616C006E726635D6
:10C0800032383430005849414F0072302F61313A14
:10C090002020307825303878202072312F61323AD4
:10C0A0002020307825303878202072322F61333AC2
:10C0B00020203078253038780A0072332F61343AE6
:10C0C0002020307825303878207231322F69703A4C
:10C0D0002020307825303878207231342F6C723A35
:10C0E00020203078253038780A0020787073723A32
:10C0F00020203078253038780A004661756C7469E4
:10C100006E6720696E737472756374696F6E2061F7
:10C1100064647265737320287231352F7063293A15
:10C12000203078253038780A00556E68616E646C6E
:10C130006564204952516E3A2025640A002A2A2A51
:10C140002A2A204D5055204641554C54202A2A2A4F
:10C150002A2A0A002020537461636B696E67206588
:10C1600072726F722028636F6E74657874206172CA
:10C170006561206D69676874206265206E6F742048
:10C1800076616C6964290A002020556E73746163BE
:10C190006B696E67206572726F720A0020204461BD
:10C1A0007461204163636573732056696F6C6174B9
:10C1B000696F6E0A0020204D4D4641522041646453
:10C1C000726573733A20307825780A002020496E12
:10C1D000737472756374696F6E2041636365737302
:10C1E0002056696F6C6174696F6E0A002020466C7E
:10C1F0006F6174696E672D706F696E74206C617AFF
:10C2000079207374617465207072657365727661EC
:10C2100074696F6E206572726F720A002A2A2A2A68
:10C220002A205553414745204641554C54202A2A3F
:10C230002A2A2A0A0020204469766973696F6E20D1
:10C240006279207A65726F0A002020556E616C69F0
:10C25000676E6564206D656D6F72792061636365DB
:10C2600073730A0020204E6F20636F70726F6365D6
:10C2700073736F7220696E737472756374696F6E15
:10C28000730A002020496C6C6567616C206C6F61DB
:10C2900064206F66204558435F52455455524E20E6
:10C2A000696E746F2050430A002020496C6C6567EA
:10C2B000616C20757365206F662074686520455039
:10C2C00053520A002020417474656D707420746F9D
:10C2D000206578656375746520756E646566696E42
:10C2E000656420696E737472756374696F6E0A0099
:10C2F0002A2A2A2A2A20425553204641554C5420A6
:10C300002A2A2A2A2A0A002020537461636B696E44
:10C3100067206572726F720A00202050726563692F
:10C320007365206461746120627573206572726F39
:10C33000720A0020204246415220416464726573B3
:10C34000733A20307825780A002020496D70726594
:10C35000636973652064617461206275732065721E
:10C36000726F720A002020496E737472756374696B
:10C370006F6E20627573206572726F720A0052656B
:10C3800073657276656420457863657074696F6E55
:10C3900020280053707572696F757320696E74651B
:10C3A00072727570742028495251200053505345C1
:10C3B0004C20696E20746872656164206D6F6465DD
:10C3C00020646F6573206E6F7420696E64696361A9
:10C3D0007465205053500A002A2A2A2A2A204841EC
:10C3E0005244204641554C54202A2A2A2A2A0A001F
:10C3F0002020427573206661756C74206F6E207604
:10C400006563746F72207461626C6520726561642B
:10C410000A0020204465627567206576656E740A9F
:10C420000020204661756C7420657363616C6174D3
:10C43000696F6E20287365652062656C6F77290AC5
:10C4400000415243485F4558434550542077697432
:10C450006820726561736F6E2025780A0A002A2AA7
:10C460002A2A2A204465627567206D6F6E69746F91
:10C470007220657863657074696F6E202A2A2A2A93
:10C480002A0A002A2A2A2A2A2025732025642920FC
:10C490002A2A2A2A2A0A00464C4153485F30005370
:10C4A00052414D5F300069726B0062742F25732F0B
:10C4B0002530327825303278253032782530327880
:10C4C000253032782530327825752F257300627437
:10C4D0002F25732F25303278253032782530327869
:10C4E0002530327825303278253032782575006253
:10C4F000742F2573006274004254204C572057510A
:10C5000000574553545F544F504449522F7A657039
:10C510006879722F7375627379732F626C756574A5
:10C520006F6F74682F686F73742F6863695F636FD0
:10C5300072652E630062745F6863695F6576745F1D
:10C540006765745F666C616773286864722D3E6509
:10C550007674292026202831554C203C3C20283157
:10C56000292900415353455254494F4E20464149D1
:10C570004C205B25735D20402025733A25640A001A
:10C580006576745F666C6167732026202831554C90
:10C59000203C3C2028302929005849414F5F4D6FED
:10C5A00075736500657272203D3D20300009436F50
:10C5B0006E74726F6C6C657220756E726573706FDD
:10C5C0006E736976652C20636F6D6D616E64206F8C
:10C5D00070636F6465203078253034782074696D1D
:10C5E000656F7574207769746820657272202564A0
:10C5F0000A00425420525820575100627566005775
:10C600004553545F544F504449522F7A65706879AE
:10C61000722F7375627379732F626C7565746F6FA7
:10C6200074682F686F73742F6863695F636F6D6DD3
:10C630006F6E2E630062742F6363630062742F68F1
:10C640006173680062742F63660062742F73630005
:10C6500062742F6B6579730006FFFFFFFFFFFF0019
:10C66000495076340041525000776C616E25640069
:10C670006574682564006E65742564006E65745F7A
:10C680006D676D74007463705F776F726B007564B3
:10C69000635F6E7266780075736264403430303266
:10C6A0003730303000636C6F636B40343030303083
:10C6B0003030300072616E646F6D40343030306401
:10C6C0003030300070323571313668403000666C81
:10C6D0006173682D636F6E74726F6C6C6572403439
:10C6E00030303165303030006770696F4035303040
:10C6F0003030333030006770696F40353030303063
:10C700003030300075617274403430303032303047
:10C7100030006D61696E00737973776F726B7100B1
:10C720002A2A2A20426F6F74696E67205A657068E2
:10C730007972204F53206275696C642076342E34F0
:10C740002E31202A2A2A0A004145532D3235362D12
:10C75000454342004145532D3139322D4543420076
:10C760004145532D3132382D45434200286E756CBA
:10C770006C29002A666C6F61742A003C21444F4387
:10C78000545950452068746D6C3E0D0A3C68746DB8
:10C790006C206C616E673D22656E223E0D0A3C681E
:10C7A0006561643E0D0A202020203C6D6574612087
:10C7B000636861727365743D225554462D38223E7C
:10C7C0000D0A202020203C6C696E6B2072656C3D48
:10C7D0002269636F6E2220687265663D226461740F
:10C7E000613A2C223E0D0A202020203C7469746C92
:10C7F000653E5849414F20E68EA7E588B6E99DA2DF
:10C80000E69DBF3C2F7469746C653E0D0A202020A4
:10C81000203C6D657461206E616D653D22766965B1
:10C8200077706F72742220636F6E74656E743D2230
:10C8300077696474683D6465766963652D776964BA
:10C8400074682C20696E697469616C2D7363616C06
:10C85000653D312E30223E0D0A202020203C73748D
:10C86000796C653E0D0A20202020202020202F2AD0
:10C8700020E8BC89E585A5E5AEA2E8A3BDE58C96D8
:10C88000E5AD97E59E8B202A2F0D0A202020202041
:10C8900020202040666F6E742D66616365207B0DDD
:10C8A0000A202020202020202020202020666F6EBB
:10C8B000742D66616D696C793A2027437573746FC6
:10C8C0006D466F6E74273B0D0A202020202020200B
:10C8D00020202020207372633A2075726C286461D6
:10C8E00074613A666F6E742F7474663B626173652F
:10C8F00036342C54315255544141413D3D29206636
:10C900006F726D617428277472756574797065270C
:10C91000293B0D0A20202020202020207D0D0A0DFB
:10C920000A2020202020202020626F6479207B0DA7
:10C930000A2020202020202020202020206469732D
:10C94000706C61793A20666C65783B0D0A20202076
:10C95000202020202020202020666C65782D64690E
:10C9600072656374696F6E3A20636F6C756D6E3BB0
:10C970000D0A202020202020202020202020616C53
:10C9800069676E2D6974656D733A2063656E7465B1
:10C99000723B0D0A20202020202020202020202053
:10C9A0006D617267696E3A20303B0D0A20202020AD
:10C9B000202020202020202070616464696E672D73
:10C9C000746F703A20383070783B200D0A20202098
:10C9D0002020202020202020206261636B67726F5E
:10C9E000756E642D636F6C6F723A20233232323B66
:10C9F000200D0A202020202020202020202020631D
:10CA00006F6C6F723A2077686974653B200D0A205D
:10CA10002020202020202020202020666F6E742DD2
:10CA200066616D696C793A2073616E732D736572FE
:10CA300069663B0D0A202020202020202020202075
:10CA400020746578742D616C69676E3A2063656E39
:10CA50007465723B0D0A20202020202020207D0DAF
:10CA60000A0D0A20202020202020202E66697865CB
:10CA7000642D686561646572207B0D0A202020208A
:10CA80002020202020202020706F736974696F6E31
:10CA90003A2066697865643B200D0A20202020201A
:10CAA00020202020202020746F703A20303B200D61
:10CAB0000A2020202020202020202020206C6566B5
:10CAC000743A20303B200D0A2020202020202020F6
:10CAD0002020202077696474683A20313030253B6B
:10CAE000200D0A202020202020202020202020622D
:10CAF00061636B67726F756E642D636F6C6F723AF2
:10CB000020233333333B200D0A20202020202020F7
:10CB1000202020202070616464696E673A203135DE
:10CB2000707820303B200D0A20202020202020205B
:10CB300020202020626F782D736861646F773A201F
:10CB4000302032707820313070782072676261282E
:10CB5000302C302C302C302E35293B200D0A202053
:10CB6000202020202020202020207A2D696E64653E
:10CB7000783A20313030303B200D0A202020202010
:10CB800020202020202020646973706C61793A2075
:10CB9000666C65783B200D0A202020202020202074
:10CBA000202020206A7573746966792D636F6E7416
:10CBB000656E743A2063656E7465723B0D0A2020C1
:10CBC00020202020202020202020616C69676E2DED
:10CBD0006974656D733A2063656E7465723B0D0A06
:10CBE00020202020202020207D0D0A0D0A2020203A
:10CBF00020202020202E66697865642D6865616498
:10CC00006572206831207B0D0A2020202020202002
:10CC100020202020206D617267696E3A20303B2011
:10CC20000D0A202020202020202020202020666F98
:10CC30006E742D73697A653A20323470783B0D0A30
:10CC4000202020202020202020202020636F6C6FB7
:10CC5000723A20233443414635303B200D0A2020D0
:10CC60002020202020207D0D0A0D0A2020202020B9
:10CC70002020202E637573746F6D2D666F6E742087
:10CC80007B0D0A202020202020202020202020662C
:10CC90006F6E742D66616D696C793A2027437573E8
:10CCA000746F6D466F6E74272C2073616E732D73D5
:10CCB000657269663B0D0A2020202020202020205C
:10CCC000202020636F6C6F723A20236161613B20EA
:10CCD0000D0A202020202020202020202020666FE8
:10CCE0006E742D73697A653A20313870783B0D0A7D
:10CCF0002020202020202020202020206C657474FB
:10CD000065722D73706163696E673A203170783B8C
:10CD10000D0A20202020202020207D0D0A0D0A2031
:10CD2000202020202020202E6D61696E2D636F6EE3
:10CD300074656E74207B0D0A202020202020202086
:10CD400020202020646973706C61793A20666C65DC
:10CD5000783B0D0A20202020202020202020202089
:10CD6000666C65782D646972656374696F6E3A20CC
:10CD7000636F6C756D6E3B0D0A20202020202020F3
:10CD800020202020206A7573746966792D636F6E88
:10CD900074656E743A2063656E7465723B0D0A208B
:10CDA0002020202020202020202020616C69676E18
:10CDB0002D6974656D733A2063656E7465723B0D01
:10CDC0000A20202020202020202020202077696495
:10CDD00074683A20313030253B0D0A202020202075
:10CDE000202020202020206D696E2D6865696768ED
:10CDF000743A2063616C63283130307668202D20CE
:10CE000038307078293B200D0A2020202020202057
:10CE1000207D0D0A0D0A20202020202020202F2AEE
:10CE2000203D3D3D3D3D3D3D3D3D3D3D3D3D3D3D4F
:10CE30003D3D3D202A2F0D0A2020202020202020AB
:10CE40002F2A20E9A0BBE98193E981B8E69387E521
:10CE50008D80E5A18AE6A8A3E5BC8F2020202A2F9B
:10CE60000D0A20202020202020202F2A203D3D3D7B
:10CE70003D3D3D3D3D3D3D3D3D3D3D3D3D3D3D20FF
:10CE80002A2F0D0A20202020202020202E636861D8
:10CE90006E6E656C2D73656C6563746F72207B0DAF
:10CEA0000A202020202020202020202020776964B4
:10CEB00074683A203935253B0D0A20202020202097
:10CEC0002020202020206D61782D77696474683AD5
:10CED0002034353070783B0D0A202020202020207F
:10CEE00020202020206D617267696E2D626F74743E
:10CEF0006F6D3A20323070783B0D0A2020202020C0
:10CF00002020207D0D0A0D0A202020202020202016
:10CF10002E6368616E6E656C2D73656C6563746FEE
:10CF2000722073656C656374207B0D0A20202020BD
:10CF3000202020202020202077696474683A203146
:10CF40003030253B0D0A20202020202020202020CA
:10CF5000202070616464696E673A203132707820F5
:10CF6000313570783B0D0A20202020202020202001
:10CF7000202020666F6E742D73697A653A203138EF
:10CF800070783B0D0A202020202020202020202007
:10CF9000206261636B67726F756E642D636F6C6F77
:10CFA000723A20233333333B0D0A202020202020E7
:10CFB000202020202020636F6C6F723A20776869F0
:10CFC00074653B0D0A2020202020202020202020D6
:10CFD00020626F726465723A2031707820736F6CD2
:10CFE000696420233535353B0D0A20202020202080
:10CFF000202020202020626F726465722D7261648F
:10D000006975733A203870783B0D0A202020202063
:10D01000202020202020206F75746C696E653A20D6
:10D020006E6F6E653B0D0A202020202020202020DE
:10D03000202020637572736F723A20706F696E746E
:10D0400065723B0D0A202020202020202020202057
:10D0500020666F6E742D66616D696C793A20696E19
:10D0600068657269743B0D0A202020202020202052
:10D0700020202020617070656172616E63653A20C6
:10D080006E6F6E653B202F2A20E99AB1E8978FE5F5
:10D090008E9FE7949FE7AEADE9A0ADE4BBA5E58820
:10D0A000A9E887AAE8A882EFBC8CE68896E4BF9D31
:10D0B000E68C81E58E9FE6A8A3202A2F0D0A20206A
:10D0C000202020202020202020202D7765626B69E1
:10D0D000742D617070656172616E63653A206E6F68
:10D0E0006E653B0D0A2020202020202020202020BB
:10D0F000202D6D6F7A2D617070656172616E636550
:10D100003A206E6F6E653B0D0A20202020202020E3
:10D110002020202020746578742D616C69676E3A38
:10D120002063656E7465723B0D0A2020202020204C
:10D1300020207D0D0A0D0A20202020202020202ED6
:10D140006368616E6E656C2D73656C6563746F7278
:10D150002073656C6563743A666F637573207B0D2D
:10D160000A202020202020202020202020626F72F2
:10D170006465722D636F6C6F723A202334434146AD
:10D1800035303B0D0A20202020202020207D0D0A54
:10D190000D0A20202020202020202F2A203D3D3D48
:10D1A0003D3D3D3D3D3D3D3D3D3D3D3D3D3D3D20CC
:10D1B0002A2F0D0A20202020202020202F2A20E4A2
:10D1C000B88AE696B9E7B6B2E6A0BCE58D80E5A1DF
:10D1D0008AE6A8A3E5BC8F2020202A2F0D0A202054
:10D1E0002020202020202F2A203D3D3D3D3D3D3D5B
:10D1F0003D3D3D3D3D3D3D3D3D3D3D202A2F0D0A00
:10D2000020202020202020202E636F6E7461696E04
:10D210006572207B0D0A2020202020202020202045
:10D220002020646973706C61793A20666C65783B84
:10D230000D0A202020202020202020202020776977
:10D240006474683A203935253B200D0A20202020BF
:10D2500020202020202020206D61782D77696474A3
:10D26000683A2034353070783B200D0A2020202089
:10D270002020202020202020626F726465722D748F
:10D280006F703A2031707820736F6C69642023309E
:10D2900030303B0D0A20202020202020202020207C
:10D2A00020626F726465722D6C6566743A2031700D
:10D2B0007820736F6C696420233030303B0D0A2076
:10D2C00020202020202020202020206D61726769EE
:10D2D0006E2D626F74746F6D3A20323070783B201F
:10D2E0002F2A20E88887E78B80E6858BE58897E7FB
:10D2F0009599E9BB9EE99693E8B79D202A2F0D0AE0
:10D3000020202020202020207D0D0A0D0A20202012
:10D3100020202020202E677269642D337833207BF3
:10D320000D0A202020202020202020202020646999
:10D3300073706C61793A20677269643B0D0A202032
:10D3400020202020202020202020677269642D7456
:10D35000656D706C6174652D636F6C756D6E733A7D
:10D360002072657065617428332C20316672293B08
:10D370000D0A202020202020202020202020666C44
:10D3800065783A20323B200D0A20202020202020E2
:10D39000207D0D0A0D0A20202020202020202E672D
:10D3A0007269642D317832207B0D0A2020202020E4
:10D3B00020202020202020646973706C61793A203D
:10D3C000677269643B0D0A20202020202020202045
:10D3D000202020677269642D74656D706C617465BE
:10D3E0002D636F6C756D6E733A203166723B0D0A5A
:10D3F000202020202020202020202020666C6578FE
:10D400003A20313B200D0A20202020202020207DA2
:10D410000D0A0D0A20202020202020202E626F7867
:10D42000207B0D0A202020202020202020202020CA
:10D430006173706563742D726174696F3A20312075
:10D440002F20313B200D0A202020202020202020CA
:10D4500020202070616464696E673A20303B0D0AB9
:10D460002020202020202020202020206D61726795
:10D47000696E3A20303B0D0A2020202020202020F9
:10D48000202020206F75746C696E653A206E6F6E77
:10D49000653B0D0A20202020202020202020202055
:10D4A000626F726465723A206E6F6E653B200D0A82
:10D4B000202020202020202020202020626F726445
:10D4C00065722D72696768743A2031707820736FC5
:10D4D0006C696420233030303B0D0A20202020204E
:10D4E00020202020202020626F726465722D626FE0
:10D4F00074746F6D3A2031707820736F6C6964209A
:10D50000233030303B0D0A202020202020202020F6
:10D510002020206261636B67726F756E642D636F8C
:10D520006C6F723A20236630663066303B200D0AFD
:10D5300020202020202020202020202064697370BB
:10D540006C61793A20666C65783B0D0A20202020BA
:10D5500020202020202020206A7573746966792D90
:10D56000636F6E74656E743A2063656E7465723BAA
:10D570000D0A202020202020202020202020616C47
:10D5800069676E2D6974656D733A2063656E7465A5
:10D59000723B0D0A20202020202020202020202047
:10D5A000666F6E742D73697A653A20323070783BFD
:10D5B0000D0A202020202020202020202020666FFF
:10D5C0006E742D66616D696C793A20696E6865725A
:10D5D00069743B200D0A20202020202020202020BC
:10D5E0002020636F6C6F723A20233030303B202F45
:10D5F0002A20E7A2BAE4BF9DE68C89E98895E5ADCB
:10D6000097E9AB94E782BAE6B7B1E889B2202A2F4E
:10D610000D0A20202020202020202020202063759B
:10D6200072736F723A20706F696E7465723B200D71
:10D630000A20202020202020202020202074726119
:10D640006E736974696F6E3A206261636B67726FA3
:10D65000756E642D636F6C6F7220302E31733B20BA
:10D660000D0A20202020202020207D0D0A0D0A20D8
:10D67000202020202020202E626F783A6163746978
:10D680007665207B0D0A20202020202020202020CD
:10D6900020206261636B67726F756E642D636F6CBF
:10D6A0006F723A20236430643064303B0D0A2020CE
:10D6B0002020202020207D0D0A0D0A20202020205F
:10D6C0002020202F2A203D3D3D3D3D3D3D3D3D3D1F
:10D6D0003D3D3D3D3D3D3D3D202A2F0D0A20202072
:10D6E00020202020202F2A20E4B88BE696B9E78B53
:10D6F00080E6858BE58897E58D80E5A18AE6A8A37D
:10D70000E5BC8F202A2F0D0A202020202020202059
:10D710002F2A203D3D3D3D3D3D3D3D3D3D3D3D3D77
:10D720003D3D3D3D3D202A2F0D0A20202020202078
:10D7300020202E646973706C61792D70616E656C48
:10D74000207B0D0A202020202020202020202020A7
:10D7500077696474683A203935253B0D0A2020200A
:10D760002020202020202020206D61782D776964E2
:10D7700074683A2034353070783B0D0A2020202020
:10D7800020202020202020202F2A20E5B7B2E7B635
:10D7900093E7A7BBE999A4206D617267696E2D625A
:10D7A0006F74746F6D3A20343070783B20E5B08729
:10D7B000E99693E8B79DE68EA7E588B6E6AC8AE4DD
:10D7C000BAA4E7B5A6202E6C65642D636F6E7472E3
:10D7D0006F6C73202A2F0D0A20202020202020206B
:10D7E00020202020626F726465723A2031707820A8
:10D7F000736F6C696420233030303B200D0A202089
:10D8000020202020202020202020646973706C615B
:10D81000793A20666C65783B0D0A20202020202074
:10D8200020207D0D0A0D0A20202020202020202EDF
:10D83000646973706C61792D6C6162656C207B0D1D
:10D840000A20202020202020202020202062616328
:10D850006B67726F756E642D636F6C6F723A202305
:10D860006630663066303B0D0A20202020202020C4
:10D87000202020202070616464696E673A20313571
:10D88000707820313070783B0D0A20202020202035
:10D89000202020202020626F726465722D726967DB
:10D8A00068743A2031707820736F6C69642023307B
:10D8B00030303B200D0A2020202020202020202056
:10D8C0002020666F6E742D7765696768743A2062F0
:10D8D0006F6C643B0D0A2020202020202020202077
:10D8E0002020646973706C61793A20666C65783BBE
:10D8F0000D0A202020202020202020202020616CC4
:10D9000069676E2D6974656D733A2063656E746521
:10D91000723B0D0A202020202020202020202020C3
:10D920006A7573746966792D636F6E74656E743A87
:10D930002063656E7465723B0D0A20202020202034
:10D9400020202020202077696474683A203132300A
:10D9500070783B200D0A202020202020202020202D
:10D960002020746578742D616C69676E3A20636558
:10D970006E7465723B0D0A2020202020202020207C
:10D98000202020636F6C6F723A20233030303B20B0
:10D990002F2A20E5BCB7E588B6E59CA8E69A97E96A
:10D9A000BB91E6A8A1E5BC8FE4B8ADE6A899E7B1C4
:10D9B000A4E69687E5AD97E9A1AFE7A4BAE782BAF6
:10D9C000E6B7B1E889B2202A2F0D0A2020202020B6
:10D9D0002020207D0D0A0D0A20202020202020203C
:10D9E0002E646973706C61792D636F6E74656E74EB
:10D9F000207B0D0A202020202020202020202020F5
:10DA0000666C65783A20313B200D0A2020202020CA
:10DA100020202020202020646973706C61793A20D6
:10DA2000666C65783B0D0A202020202020202020D5
:10DA3000202020616C69676E2D6974656D733A20D2
:10DA400063656E7465723B0D0A2020202020202023
:10DA500020202020206A7573746966792D636F6EAB
:10DA600074656E743A2063656E7465723B0D0A20AE
:10DA70002020202020202020202020666F6E742D62
:10DA800073697A653A20323470783B0D0A20202081
:10DA9000202020202020202020636F6C6F723A20ED
:10DAA000236537346333633B200D0A202020202078
:10DAB00020202020202020666F6E742D77656967F6
:10DAC00068743A20626F6C643B0D0A20202020208D
:10DAD000202020202020206261636B67726F756EAA
:10DAE000642D636F6C6F723A207472616E73706133
:10DAF00072656E743B202F2A20E9A1AFE7A4BAE536
:10DB00008E9FE69CACE79A84202332323220E69A3C
:10DB100097E9BB91E5BA95E889B2202A2F0D0A2032
:10DB2000202020202020207D0D0A0D0A20202020EA
:10DB3000202020202F2A203D3D3D3D3D3D3D3D3DC7
:10DB40003D3D3D3D3D3D3D3D3D202A2F0D0A2020E0
:10DB50002020202020202F2A20E7B6A0E78788E673
:10DB60008EA7E588B6E68C89E98895E58D80E5A1E4
:10DB70008A2020202A2F0D0A20202020202020204B
:10DB80002F2A203D3D3D3D3D3D3D3D3D3D3D3D3D03
:10DB90003D3D3D3D3D202A2F0D0A20202020202004
:10DBA00020202E6C65642D636F6E74726F6C732011
:10DBB0007B0D0A2020202020202020202020206DE6
:10DBC000617267696E2D746F703A20333070783BE4
:10DBD000202020202F2A20E8AABFE695B4E88887D5
:10DBE000E4B88AE696B9E78B80E6858BE58897E707
:10DBF0009A84E8B79DE99BA2202A2F0D0A202020B5
:10DC00002020202020202020206D617267696E2D49
:10DC1000626F74746F6D3A20313070783B202F2A18
:10DC200020E8AABFE695B4E88887E4B88BE696B901
:10DC3000E68F90E7A4BAE69687E5AD97E79A84E881
:10DC4000B79DE99BA2202A2F0D0A2020202020200A
:10DC500020207D0D0A0D0A20202020202020202FAA
:10DC60002A20E58E9FE69CACE68C89E98895E6A89B
:10DC7000A3E5BC8F202A2F0D0A2020202020202061
:10DC800020627574746F6E207B0D0A202020202086
:10DC900020202020202020666F6E742D73697A6505
:10DCA0003A20323470783B0D0A202020202020209A
:10DCB000202020202070616464696E673A2031352D
:10DCC000707820343070783B0D0A202020202020EE
:10DCD0002020202020206D617267696E3A2031304B
:10DCE00070783B0D0A20202020202020202020209A
:10DCF00020626F726465722D7261646975733A2077
:10DD00003870783B0D0A2020202020202020202061
:10DD10002020637572736F723A20706F696E74653C
:10DD2000723B0D0A202020202020202020202020AF
:10DD3000626F726465723A206E6F6E653B0D0A20E9
:10DD400020202020202020202020207472616E734B
:10DD50006974696F6E3A20302E33733B0D0A2020B0
:10DD60002020202020207D0D0A0D0A2020202020A8
:10DD70002020202F2A20E8A487E5AFABE7B6B2E643
:10DD8000A0BCE68C89E98895E79A84E59C93E8A78E
:10DD900092E9828AE7958CE8A8ADE5AE9AEFBC8C53
:10DDA000E7A2BAE4BF9DE88887206772696420E62D
:10DDB00096B9E6A0BCE58887E9BD8A202A2F0D0A1E
:10DDC00020202020202020202E626F78207B0D0A2A
:10DDD000202020202020202020202020626F72641C
:10DDE00065722D7261646975733A20303B0D0A20AB
:10DDF00020202020202020202020206D61726769B3
:10DE00006E3A20303B0D0A20202020202020207D4B
:10DE10000D0A0D0A20202020202020202E6F6E2D9C
:10DE200062746E207B206261636B67726F756E64D3
:10DE30002D636F6C6F723A20233443414635303B7B
:10DE400020636F6C6F723A2077686974653B207D40
:10DE50000D0A20202020202020202E6F66662D62B3
:10DE6000746E207B206261636B67726F756E642DC8
:10DE7000636F6C6F723A20236634343333363B2041
:10DE8000636F6C6F723A2077686974653B207D0D13
:10DE90000A20202020202020202E657869742D6201
:10DEA000746E207B206261636B67726F756E642D88
:10DEB000636F6C6F723A20233535353B20636F6C8E
:10DEC0006F723A2077686974653B20666F6E742DB7
:10DED00073697A653A20313870783B2070616464E8
:10DEE000696E673A203130707820333070783B208B
:10DEF0006D617267696E2D746F703A203130707881
:10DF00003B207D0D0A20202020202020202E657817
:10DF100069742D62746E3A686F766572207B206238
:10DF200061636B67726F756E642D636F6C6F723AAD
:10DF300020233737373B207D0D0A2020202020204A
:10DF400020200D0A202020202020202062757474BB
:10DF50006F6E3A64697361626C6564207B206261F4
:10DF6000636B67726F756E642D636F6C6F723A20AE
:10DF7000233434343B20636F6C6F723A202338387B
:10DF8000383B20637572736F723A206E6F742D6127
:10DF90006C6C6F7765643B207D0D0A0D0A20202094
:10DFA00020202020202E6E6F7465207B20636F6CF4
:10DFB0006F723A20236161613B20666F6E742D732E
:10DFC000697A653A20313570783B206D61726769F6
:10DFD0006E2D746F703A20323070783B206C696E11
:10DFE000652D6865696768743A20312E353B207D60
:10DFF0000D0A20202020202020200D0A2020202073
:10E00000202020202E666F6F746572207B0D0A2001
:10E0100020202020202020202020206D6172676990
:10E020006E2D746F703A20323070783B0D0A2020CC
:10E03000202020202020202020206D617267696E22
:10E040002D626F74746F6D3A20323070783B0D0A18
:10E0500020202020202020207D0D0A202020203C70
:10E060002F7374796C653E0D0A3C2F686561643EC0
:10E070000D0A3C626F64793E0D0A0D0A20202020B3
:10E080003C212D2D203D3D3D20E59BBAE5AE9AE596
:10E090009CA8E69C80E4B88AE696B9E79A84204872
:10E0A0006561646572203D3D3D202D2D3E0D0A20A9
:10E0B0002020203C64697620636C6173733D226686
:10E0C000697865642D686561646572223E0D0A2079
:10E0D000202020202020203C68313E5849414F20FC
:10E0E000E68EA7E588B6E99DA2E69DBF3C2F683184
:10E0F0003E0D0A202020203C2F6469763E0D0A0D3B
:10E100000A202020203C212D2D203D3D3D20E4B83B
:10E11000BBE8A681E585A7E5AEB9E58D80E5A18AD6
:10E12000203D3D3D202D2D3E0D0A202020203C6429
:10E13000697620636C6173733D226D61696E2D6336
:10E140006F6E74656E74223E0D0A20202020202000
:10E1500020200D0A20202020202020203C212D2DB1
:10E16000203D3D3D20E9A0BBE98193E981B8E693DC
:10E1700087E58D80203D3D3D202D2D3E0D0A202040
:10E180002020202020203C64697620636C6173731A
:10E190003D226368616E6E656C2D73656C6563749A
:10E1A0006F72223E0D0A20202020202020202020D7
:10E1B00020203C73656C6563742069643D2263684C
:10E1C000616E6E656C53656C65637422206F6E635F
:10E1D00068616E67653D226F6E4368616E6E656C47
:10E1E0004368616E67652829223E0D0A20202020A1
:10E1F0002020202020202020202020203C6F707410
:10E20000696F6E2076616C75653D22223EE6ADA396
:10E21000E59CA8E8AE80E58F96E9A0BBE98193E88C
:10E22000B387E696992E2E2E3C2F6F7074696F6E11
:10E230003E0D0A2020202020202020202020203CCD
:10E240002F73656C6563743E0D0A2020202020200A
:10E2500020203C2F6469763E0D0A0D0A20202020E4
:10E26000202020203C212D2D20E4B88AE696B9E715
:10E27000B6B2E6A0BCE58D80202D2D3E0D0A2020F3
:10E280002020202020203C64697620636C61737319
:10E290003D22636F6E7461696E6572223E0D0A20C5
:10E2A00020202020202020202020203C646976206F
:10E2B000636C6173733D22677269642D3378332216
:10E2C0003E0D0A2020202020202020202020202059
:10E2D0002020203C627574746F6E20636C617373D0
:10E2E0003D22626F7822206F6E636C69636B3D2202
:10E2F00073686F7753656C6563746564282731278D
:10E3000029223E313C2F627574746F6E3E0D0A20D7
:10E310002020202020202020202020202020203CE1
:10E32000627574746F6E20636C6173733D22626FEB
:10E330007822206F6E636C69636B3D2273686F7720
:10E3400053656C65637465642827322729223E3241
:10E350003C2F627574746F6E3E0D0A2020202020C1
:10E3600020202020202020202020203C6275747452
:10E370006F6E20636C6173733D22626F7822206F31
:10E380006E636C69636B3D2273686F7753656C6570
:10E39000637465642827332729223E333C2F627536
:10E3A00074746F6E3E0D0A20202020202020202033
:10E3B000202020202020203C627574746F6E206322
:10E3C0006C6173733D22626F7822206F6E636C699B
:10E3D000636B3D2273686F7753656C656374656426
:10E3E0002827342729223E343C2F627574746F6EBF
:10E3F0003E0D0A2020202020202020202020202028
:10E400002020203C627574746F6E20636C6173739E
:10E410003D22626F7822206F6E636C69636B3D22D0
:10E4200073686F7753656C65637465642827352757
:10E4300029223E353C2F627574746F6E3E0D0A20A2
:10E440002020202020202020202020202020203CB0
:10E45000627574746F6E20636C6173733D22626FBA
:10E460007822206F6E636C69636B3D2273686F77EF
:10E4700053656C65637465642827362729223E3608
:10E480003C2F627574746F6E3E0D0A202020202090
:10E4900020202020202020202020203C6275747421
:10E4A0006F6E20636C6173733D22626F7822206F00
:10E4B0006E636C69636B3D2273686F7753656C653F
:10E4C000637465642827372729223E373C2F6275FD
:10E4D00074746F6E3E0D0A20202020202020202002
:10E4E000202020202020203C627574746F6E2063F1
:10E4F0006C6173733D22626F7822206F6E636C696A
:10E50000636B3D2273686F7753656C6563746564F4
:10E510002827382729223E383C2F627574746F6E85
:10E520003E0D0A20202020202020202020202020F6
:10E530002020203C627574746F6E20636C6173736D
:10E540003D22626F7822206F6E636C69636B3D229F
:10E5500073686F7753656C65637465642827392722
:10E5600029223E393C2F627574746F6E3E0D0A206D
:10E5700020202020202020202020203C2F6469768D
:10E580003E0D0A0D0A2020202020202020202020BF
:10E59000203C64697620636C6173733D2267726905
:10E5A000642D317832223E0D0A20202020202020A8
:10E5B0002020202020202020203C627574746F6E63
:10E5C00020636C6173733D22626F7822206F6E63EB
:10E5D0006C69636B3D2273686F7753656C65637418
:10E5E00065642827412729223E413C2F62757474B7
:10E5F0006F6E3E0D0A202020202020202020202089
:10E6000020202020203C627574746F6E20636C6142
:10E6100073733D22626F7822206F6E636C69636B47
:10E620003D2273686F7753656C6563746564282752
:10E63000422729223E423C2F627574746F6E3E0D54
:10E640000A2020202020202020202020203C2F6471
:10E6500069763E0D0A20202020202020203C2F64B7
:10E6600069763E0D0A0D0A20202020202020203C23
:10E67000212D2D20E4B88BE696B9E9A1AFE7A4BA25
:10E68000E58D80E5A18A202D2D3E0D0A2020202039
:10E69000202020203C64697620636C6173733D22E6
:10E6A000646973706C61792D70616E656C223E0DCA
:10E6B0000A2020202020202020202020203C6469C7
:10E6C0007620636C6173733D22646973706C617949
:10E6D0002D6C6162656C223E53656C656374656484
:10E6E0003C62723E425554544F4E3C2F6469763E14
:10E6F0000D0A2020202020202020202020203C64E3
:10E70000697620636C6173733D22646973706C6118
:10E71000792D636F6E74656E74222069643D227377
:10E72000656C65637465642D646973706C617922CE
:10E730003E2D2D3C2F6469763E0D0A20202020209E
:10E740002020203C2F6469763E0D0A2020202020C6
:10E750002020200D0A20202020202020203C212DB8
:10E760002D203D3D3D20E58AA0E585A5E4BA862023
:10E77000636C6173733D226C65642D636F6E74729C
:10E780006F6C7322203D3D3D202D2D3E0D0A202033
:10E790002020202020203C212D2D20E58E9FE69C4E
:10E7A000ACE79A84E7B6A0E78788E68EA7E588B647
:10E7B000E68C89E98895202D2D3E0D0A2020202009
:10E7C000202020203C64697620636C6173733D22B5
:10E7D0006C65642D636F6E74726F6C73223E0D0AEC
:10E7E0002020202020202020202020203C62757422
:10E7F000746F6E2069643D2262746E4F6E222063D6
:10E800006C6173733D226F6E2D62746E22206F6E89
:10E81000636C69636B3D2273656E64526571282772
:10E820002F6C65642F6F6E2729223EE68993E99647
:10E830008BE7B6A0E787883C2F627574746F6E3ED5
:10E840000D0A2020202020202020202020203C6293
:10E850007574746F6E2069643D2262746E4F6666D3
:10E860002220636C6173733D226F66662D62746E45
:10E8700022206F6E636C69636B3D2273656E645218
:10E88000657128272F6C65642F6F66662729223EE5
:10E89000E9979CE99689E7B6A0E787883C2F6275DF
:10E8A00074746F6E3E0D0A20202020202020203C12
:10E8B0002F6469763E0D0A20202020202020200D84
:10E8C0000A20202020202020203C212D2D20E99BE3
:10E8D000A2E9968BE68C89E98895202D2D3E0D0ABC
:10E8E00020202020202020203C627574746F6E2030
:10E8F000636C6173733D22657869742D62746E2256
:10E90000206F6E636C69636B3D22636C6F73655738
:10E91000696E646F772829223E457869743C2F62BE
:10E920007574746F6E3E0D0A202020202020202058
:10E930000D0A20202020202020203C212D2D20E405
:10E94000BDA0E79A84E5B088E5B1ACE7B0BDE5903D
:10E950008DE58D80E5A18A202D2D3E0D0A202020F9
:10E9600020202020203C64697620636C6173733D15
:10E9700022666F6F746572223E0D0A2020202020CF
:10E9800020202020202020C2A9203C7370616E200E
:10E99000636C6173733D22637573746F6D2D666F65
:10E9A0006E74223E4F524553414E4A4F3C2F737076
:10E9B000616E3E202F203C7370616E20636C61732A
:10E9C000733D22637573746F6D2D666F6E74223E96
:10E9D0005348554E4E4E3C2F7370616E3E0D0A20CB
:10E9E000202020202020203C2F6469763E0D0A2024
:10E9F000202020202020200D0A202020203C2F64D1
:10EA000069763E0D0A0D0A202020203C736372694E
:10EA100070743E0D0A20202020202020202F2A2044
:10EA20003D3D3D3D3D3D3D3D3D3D3D3D3D3D3D3D16
:10EA30003D3D202A2F0D0A20202020202020202F9D
:10EA40002A20E7B6B2E9A081E8BC89E585A5E88877
:10EA500087E9A0BBE98193E78DB2E58F96202A2F45
:10EA60000D0A20202020202020202F2A203D3D3D5F
:10EA70003D3D3D3D3D3D3D3D3D3D3D3D3D3D3D20E3
:10EA80002A2F0D0A202020202020202077696E6464
:10EA90006F772E6F6E6C6F6164203D2066756E63BC
:10EAA00074696F6E2829207B0D0A202020202020E9
:10EAB000202020202020666574636828272F61703D
:10EAC000692F6368616E6E656C7327290D0A2020BB
:10EAD00020202020202020202020202020202E74D4
:10EAE00068656E28726573706F6E7365203D3E2099
:10EAF000726573706F6E73652E6A736F6E28292945
:10EB00000D0A20202020202020202020202020202E
:10EB100020202E7468656E2864617461203D3E205B
:10EB20007B0D0A20202020202020202020202020B3
:10EB300020202020202020636F6E73742073656C6A
:10EB4000656374456C656D656E74203D20646F630C
:10EB5000756D656E742E676574456C656D656E7454
:10EB60004279496428276368616E6E656C53656CF1
:10EB700065637427293B0D0A2020202020202020B7
:10EB800020202020202020202020202073656C655C
:10EB90006374456C656D656E742E696E6E65724842
:10EBA000544D4C203D2027273B202F2F20E6B885B1
:10EBB000E999A4E9A090E8A8ADE8BC89E585A5E6B7
:10EBC0009687E5AD970D0A0D0A20202020202020F1
:10EBD000202020202020202020202020206461745C
:10EBE000612E666F724561636828286E616D652CC1
:10EBF00020696E64657829203D3E207B0D0A202027
:10EC00002020202020202020202020202020202004
:10EC10002020202020202F2F20E88BA5E59B9EE59B
:10EC200082B3E79A84E5908DE7A8B1E782BAE7A9B5
:10EC3000BAE5AD97E4B8B2EFBC8CE58987E9A1AF3E
:10EC4000E7A4BA20224E6F6E65220D0A20202020F4
:10EC500020202020202020202020202020202020B4
:10EC600020202020636F6E737420646973706C6160
:10EC7000794E616D65203D20286E616D65202626E8
:10EC8000206E616D652E7472696D282920213D3DCD
:10EC900020272729203F206E616D65203A20274ECE
:10ECA0006F6E65273B0D0A20202020202020202089
:10ECB0002020202020202020202020202020206311
:10ECC0006F6E7374206F7074696F6E203D20646F77
:10ECD00063756D656E742E637265617465456C65F0
:10ECE0006D656E7428276F7074696F6E27293B0DF0
:10ECF0000A2020202020202020202020202020202A
:10ED00002020202020202020206F7074696F6E2E1C
:10ED100076616C7565203D20696E6465783B0D0AEF
:10ED200020202020202020202020202020202020E3
:10ED300020202020202020206F7074696F6E2E7498
:10ED4000657874436F6E74656E74203D206043680F
:10ED5000616E6E656C20247B696E646578202B2063
:10ED6000317D202D20247B646973706C61794E6144
:10ED70006D657D603B0D0A20202020202020202072
:10ED80002020202020202020202020202020207330
:10ED9000656C656374456C656D656E742E6170702D
:10EDA000656E644368696C64286F7074696F6E295E
:10EDB0003B0D0A2020202020202020202020202061
:10EDC000202020202020207D293B0D0A20202020EB
:10EDD0002020202020202020202020207D290D0AF6
:10EDE0002020202020202020202020202020202023
:10EDF0002E636174636828657272203D3E207B0D2E
:10EE00000A20202020202020202020202020202018
:10EE10002020202020636F6E736F6C652E6C6F67EF
:10EE20002827E8AE80E58F96E9A0BBE98193E8B397
:10EE300087E69699E5A4B1E69597272C206572722E
:10EE4000293B0D0A202020202020202020202020C7
:10EE50002020202020202020636F6E737420736593
:10EE60006C656374456C656D656E74203D20646FE0
:10EE700063756D656E742E676574456C656D656E42
:10EE8000744279496428276368616E6E656C5365C6
:10EE90006C65637427293B0D0A2020202020202048
:10EEA0002020202020202020202020202073656C7E
:10EEB000656374456C656D656E742E696E6E657202
:10EEC00048544D4C203D20273C6F7074696F6E2074
:10EED00076616C75653D22223EE8AE80E58F96E551
:10EEE000A4B1E69597EFBC8CE8AB8BE7A2BAE8AA91
:10EEF0008DE980A3E7B79A3C2F6F7074696F6E3EFF
:10EF0000273B0D0A20202020202020202020202008
:10EF1000202020207D293B0D0A2020202020202099
:10EF2000207D3B0D0A0D0A20202020202020202FAC
:10EF30002A203D3D3D3D3D3D3D3D3D3D3D3D3D3D31
:10EF40003D3D3D3D202A2F0D0A202020202020205D
:10EF5000202F2A20E9A0BBE98193E58887E68F9BD3
:10EF6000E68EA7E588B6202020202020202A2F0D1D
:10EF70000A20202020202020202F2A203D3D3D3D1A
:10EF80003D3D3D3D3D3D3D3D3D3D3D3D3D3D202AE1
:10EF90002F0D0A202020202020202066756E63740B
:10EFA000696F6E206F6E4368616E6E656C43686159
:10EFB0006E67652829207B0D0A2020202020202034
:10EFC0002020202020636F6E73742073656C65634E
:10EFD00074456C656D656E74203D20646F63756D5E
:10EFE000656E742E676574456C656D656E744279E7
:10EFF000496428276368616E6E656C53656C656350
:10F000007427293B0D0A20202020202020202020AA
:10F010002020636F6E73742073656C656374656420
:10F020004368616E6E656C203D2073656C6563742A
:10F03000456C656D656E742E76616C75653B0D0A69
:10F04000202020202020202020202020636F6E738D
:10F05000742073656C656374656454657874203DD1
:10F060002073656C656374456C656D656E742E6F99
:10F070007074696F6E735B73656C656374456C6502
:10F080006D656E742E73656C6563746564496E643A
:10F0900065785D2E746578743B0D0A202020202051
:10F0A00020202020202020636F6E736F6C652E6CF3
:10F0B0006F672822E79BAEE5898DE981B8E69387E3
:10F0C000E79A84E9A0BBE98193E7B4A2E5BC953A4D
:10F0D000222C2073656C65637465644368616E6E91
:10F0E000656C2C2022E5908DE7A8B13A222C207384
:10F0F000656C656374656454657874293B0D0A20FA
:10F10000202020202020207D0D0A0D0A20202020F4
:10F11000202020202F2A203D3D3D3D3D3D3D3D3DD1
:10F120003D3D3D3D3D3D3D3D3D202A2F0D0A2020EA
:10F130002020202020202F2A20E7B6B2E6A0BCE61F
:10F140008C89E98895E79A84E4BA92E58B95E68EF6
:10F15000A7E588B6202A2F0D0A2020202020202075
:10F16000202F2A203D3D3D3D3D3D3D3D3D3D3D3D2A
:10F170003D3D3D3D3D3D202A2F0D0A2020202020F1
:10F1800020202066756E6374696F6E2073686F77D8
:10F1900053656C656374656428627574746F6E4E34
:10F1A000616D6529207B0D0A202020202020202051
:10F1B00020202020636F6E737420646973706C610B
:10F1C00079456C656D656E74203D20646F63756D67
:10F1D000656E742E676574456C656D656E744279F5
:10F1E0004964282773656C65637465642D6469736D
:10F1F000706C617927293B0D0A20202020202020D7
:10F200002020202020646973706C6179456C656DE5
:10F21000656E742E74657874436F6E74656E7420B9
:10F220003D20627574746F6E4E616D653B0D0A20F2
:10F23000202020202020207D0D0A0D0A20202020C3
:10F24000202020202F2A203D3D3D3D3D3D3D3D3DA0
:10F250003D3D3D3D3D3D3D3D3D202A2F0D0A2020B9
:10F260002020202020202F2A20E7B6A0E78788E64C
:10F270008EA7E588B6E58A9FE883BD202020202060
:10F2800020202A2F0D0A20202020202020202F2A75
:10F29000203D3D3D3D3D3D3D3D3D3D3D3D3D3D3DBB
:10F2A0003D3D3D202A2F0D0A202020202020202017
:10F2B00066756E6374696F6E2073656E64526571F6
:10F2C0002875726C29207B0D0A2020202020202008
:10F2D00020202020206C65742062746E73203D20F5
:10F2E000646F63756D656E742E71756572795365A3
:10F2F0006C6563746F72416C6C28272E6F6E2D6283
:10F30000746E2C202E6F66662D62746E27293B0D5D
:10F310000A20202020202020202020202062746E1F
:10F32000732E666F72456163682862203D3E2062DD
:10F330002E64697361626C6564203D20747275652A
:10F34000293B0D0A202020202020202020202020C2
:10F3500066657463682875726C292E6361746368CE
:10F3600028657272203D3E20636F6E736F6C652E50
:10F370006C6F672827E5BEAEE68EA7E588B6E599EF
:10F38000A8E5BF99E7A28CE4B8ADEFBC8CE5BFBDA2
:10F39000E795A5E6ADA4E98CAFE8AAA42729290D35
:10F3A0000A20202020202020202020202020202073
:10F3B000202E66696E616C6C79282829203D3E20DC
:10F3C00073657454696D656F7574282829203D3EF6
:10F3D0002062746E732E666F7245616368286220C6
:10F3E0003D3E20622E64697361626C6564203D203D
:10F3F00066616C7365292C2031303029293B0D0A58
:10F4000020202020202020207D0D0A0D0A202020F1
:10F4100020202020202F2A203D3D3D3D3D3D3D3DEB
:10F420003D3D3D3D3D3D3D3D3D3D202A2F0D0A20CA
:10F43000202020202020202F2A20E99BA2E9968B43
:10F44000E8A696E7AA97E79A84E58A9FE883BD2015
:10F45000202020202A2F0D0A2020202020202020BC
:10F460002F2A203D3D3D3D3D3D3D3D3D3D3D3D3D0A
:10F470003D3D3D3D3D202A2F0D0A2020202020200B
:10F48000202066756E6374696F6E20636C6F7365A0
:10F4900057696E646F772829207B0D0A2020202071
:10F4A0002020202020202020666574636828272FD4
:10F4B0006578697427292E7468656E282829203D8F
:10F4C0003E207B0D0A2020202020202020202020EC
:10F4D000202020202077696E646F772E6F70656E14
:10F4E0002827272C20275F73656C6627292E636CDD
:10F4F0006F736528293B0D0A202020202020202022
:10F50000202020202020202073657454696D656FB1
:10F510007574282829203D3E207B0D0A20202020BC
:10F5200020202020202020202020202020202020DB
:10F53000646F63756D656E742E626F64792E696E8B
:10F540006E657248544D4C203D20600D0A202020ED
:10F5500020202020202020202020202020202020AB
:10F5600020202020203C646976207374796C653DEE
:10F5700022646973706C61793A20666C65783B200F
:10F58000666C65782D646972656374696F6E3A2084
:10F59000636F6C756D6E3B206A7573746966792D47
:10F5A000636F6E74656E743A2063656E7465723B4A
:10F5B00020616C69676E2D6974656D733A206365AF
:10F5C0006E7465723B206865696768743A203130F3
:10F5D0003076683B223E0D0A20202020202020206B
:10F5E000202020202020202020202020202020201B
:10F5F000202020203C6832207374796C653D2263A2
:10F600006F6C6F723A20233443414635303B223EC3
:10F61000E5AE89E585A8E9979CE996893C2F683293
:10F620003E0D0A20202020202020202020202020E5
:10F630002020202020202020202020202020203CAE
:10F6400070207374796C653D22636F6C6F723A2021
:10F65000236161613B223EE8A8ADE58299E7B6B23D
:10F66000E8B7AFE58DA1E5B7B2E68890E58A9FE9F6
:10F67000979CE99689E4B8A6E58887E68F9BE59B89
:10F680009EE7B494E8978DE78999E6A8A1E5BC8F39
:10F69000E380823C62723EE682A8E58FAFE4BBA5C0
:10F6A000E5AE89E585A8E59CB0E9979CE99689E6F1
:10F6B000ADA4E58886E9A081E4BA86E380823C2F88
:10F6C000703E0D0A202020202020202020202020F5
:10F6D0002020202020202020202020203C2F646972
:10F6E000763E0D0A202020202020202020202020CF
:10F6F0002020202020202020603B0D0A20202020D8
:10F700002020202020202020202020207D2C20337D
:10F710003030293B0D0A20202020202020202020CE
:10F7200020207D292E636174636828657272203DF4
:10F730003E20636F6E736F6C652E6C6F672827E9D0
:10F74000979CE99689E8AB8BE6B182E799BCE980A2
:10F7500081E5A4B1E695972729293B0D0A202020B1
:10F7600020202020207D0D0A202020203C2F7363A4
:10F77000726970743E0D0A3C2F626F64793E0D0A07
:10F780003C2F68746D6C3E5849414F204344432DD3
:10F790004E434D205A466C6970005849414F00460F
:10F7A0005320436F6E66696775726174696F6E008E
:10F7B00005010902A101C0465320436F6E666967C7
:10F7C00075726174696F6E004344432041434D205C
:10F7D00073657269616C206261636B656E64005A67
:10F7E00065706879722050726F6A65637400303199
:10F7F0003233343536373839414243444546003098
:10F8000032626164633066666565300000FFFFFF49
:10F81000FFFFFF00000000000000FFFFFFFFFFFFF1
:10F820000000000000000000000000001000800048
:10F8300000805F9B34FB0104000200000002000016
:10F8400000000000000500000000000000000000B3
:10F850000000000000050009090909010209090961
:10F86000090909090909090907090909090906090D
:10F8700009090909090909090909090909090905FC
:10F88000E69D350E480103CCDBFDF4AC1191F4EF9D
:10F89000B9A5F9E9A7832C5E2CBE97F2D203B0205C
:10F8A0008BD28915D08E1C742430ED8FC2456376BF
:10F8B0005C15525ABF9A32636DEB2A65499C80DC15
:10F8C0000005061F1F2918120308020305080A0075
:10F8D00008010304010504050906070101060608DD
:10F8E0000000010001000301000302020100020008
:10F8F0000000000002030100036C888391AAF5A5B3
:10F900003860370BDB5A6083BE00070E091C1B12E0
:10F9100015383F363124232A2DFFFFFFFFFFFF005C
:10F9200000000000000000000102030405060700BB
:10F930002030303030303030303030303030300007
:10F940000110141400001C2030401C2000001C205A
:10F95000304010141400001C2030401C2000001CFB
:10F9600020304052096AD53036A538BF40A39E8169
:10F97000F3D7FB7CE339829B2FFF87348E4344C44B
:10F98000DEE9CB547B9432A6C2233DEE4C950B426C
:10F99000FAC34E082EA16628D924B2765BA2496D1F
:10F9A0008BD12572F8F66486689816D4A45CCC5D79
:10F9B00065B6926C704850FDEDB9DA5E154657A7F2
:10F9C0008D9D8490D8AB008CBCD30AF7E45805B861
:10F9D000B34506D02C1E8FCA3F0F02C1AFBD030135
:10F9E000138A6B3A9111414F67DCEA97F2CFCEF060
:10F9F000B4E67396AC7422E7AD3585E2F937E81CBE
:10FA000075DF6E47F11A711D29C5896FB7620EAA9D
:10FA100018BE1BFC563E4BC6D279209ADBC0FE783E
:10FA2000CD5AF41FDDA8338807C731B1121059270A
:10FA300080EC5F60517FA919B54A0D2DE57A9F933F
:10FA4000C99CEFA0E03B4DAE2AF5B0C8EBBB3C83B0
:10FA5000539961172B047EBA77D626E16914635552
:10FA6000210C7D637C777BF26B6FC53001672BFEC9
:10FA7000D7AB76CA82C97DFA5947F0ADD4A2AF9C04
:10FA8000A472C0B7FD9326363FF7CC34A5E5F171DB
:10FA9000D8311504C723C31896059A071280E2EBE4
:10FAA00027B27509832C1A1B6E5AA0523BD6B32974
:10FAB000E32F8453D100ED20FCB15B6ACBBE394A01
:10FAC0004C58CFD0EFAAFB434D338545F9027F5008
:10FAD0003C9FA851A3408F929D38F5BCB6DA211007
:10FAE000FFF3D2CD0C13EC5F974417C4A77E3D649F
:10FAF0005D197360814FDC222A908846EEB814DECF
:10FB00005E0BDBE0323A0A4906245CC2D3AC629158
:10FB100095E479E7C8376D8DD54EA96C56F4EA6542
:10FB20007AAE08BA78252E1CA6B4C6E8DD741F4B41
:10FB3000BD8B8A703EB5664803F60E613557B986AF
:10FB4000C11D9EE1F8981169D98E949B1E87E9CE5C
:10FB50005528DF8CA1890DBFE6426841992D0FB071
:04FB600054BB16007C
:10FB640000000000E9C202000000000000010000E3
:10FB74000000000000000000000000000000000081
:10FB84000000000000000000000000000000000071
:10FB94000405002018050020D3090020600500207A
:10FBA40030050020000000000000000000000000FC
:10FBB4000000000000000000000000005C000020C5
:10FBC4005C00002000000000010000006C00002028
:10FBD4006C00002000000000000000000000000095
:10FBE4000000000000000000000000000000000011
:10FBF4000000000000000000000000000000000001
:10FC040000000000000000000000000000000000F0
:10FC140000000000000000000000000000000000E0
:10FC240000000000000000000000000000000000D0
:10FC340000000000000000000000000000000000C0
:10FC440000000000000000000000000000000000B0
:10FC540000000000000000000000000000000000A0
:10FC64000000000000000000000000000000000090
:10FC74000000000000000000000000000000000080
:10FC84000000000000000000000000000000000070
:10FC94000000000000000000000000000000000060
:10FCA4000000000000000000000000000000000050
:10FCB4000000000000000000000000000000000040
:10FCC4000000000000000000000000000000000030
:10FCD4000000000000000000000000000000000020
:10FCE400D9D5020000000000000000000000000060
:10FCF4000000000000000000000000000000000000
:10FD040000000000000000000000000000000000EF
:10FD140000000000000000000000000000000000DF
:10FD240000000000000000000000000000000000CF
:10FD340000000000000000000000000000000000BF
:10FD440000000000000000000000000000000000AF
:10FD5400000000000000000000000000000000009F
:10FD6400000000000000000000000000000000008F
:10FD7400000000000000000000000000000000007F
:10FD840000000000089F05000000000000000000C3
:10FD9400000000000000000000000000000000005F
:10FDA400000000000000000000000000000000004F
:10FDB400000000000000000000000000000000003F
:10FDC400000000000000000000000000000000002F
:10FDD400000000000000000000000000000000001F
:10FDE4000000000000000000840300000000000088
:10FDF4001F00000000000000FFFFFFFFFF1F0000C6
:10FE040090BF0500CCBF050000000000000000000A
:10FE140000030300000000000000000000030000D5
:10FE240000000000000000000002010000000000CB
:10FE340087F7050026030000000000000000000012
:10FE440000010100000000009AF705000A03000009
:10FE5400000000000000000000000000000000009E
:10FE6400D0B8050004030000000000007A09002057
:10FE74001C0300200000000000000000000000003F
:10FE84000000000000040100000000009FF70500CE
:10FE9400220300007D8D0200658D02000000000039
:10FEA40000000000DAB8050000001200E6B8050002
:10FEB40000000200F2B8050000000200000000008B
:10FEC40087CA0400000000000000000000000000D9
:10FED4001592020000000000000000000000000075
:10FEE400058E020000000000000000000000000079
:10FEF400E18E020000000000000000009FCE04001C
:10FF0400F4A4050000000000B1090020B80300209B
:10FF140000000000000000000000000000000000DD
:10FF24000004010000000000B7F7050022030000F0
:10FF340000000000000000000003030000000000B7
:10FF440000000000000300000000000000000000AA
:10FF54000002010000000000C8F705002E030000A5
:10FF6400000000000000000000010100000000008B
:10FF7400DFF705001E030000000000000000000081
:10FF8400000000000000000002B9050004030000A6
:10FF940008B905000000020014B9050000000200C1
:10FFA40020B905000000020034B905000000020079
:10FFB40040B90500000002004CB905000000020031
:10FFC4006004002060040020000000000000000025
:10FFD4000E0000000060004000000000000000006F
:10FFE400000000000000000000000000000000000D
:0CFFF40000000000000000000000000001
:0200000260009C
:1000000000000000000000000000000000000000F0
:1000100000000000000000000000000000000000E0
:1000200000000000000000000000000000000000D0
:1000300000000000000000000000000000000000C0
:1000400000000000000000000000000000000000B0
:1000500000000000000000000000000000000000A0
:100060000000000000000000C4BC0500000000000B
:1000700090050020000000005C9F050000000000CB
:10008000000000000005010000000000FFF705006F
:100090001A030000D3090020DB090020E409002036
:1000A000E9090020EE090020FB090020080A0020D1
:1000B0000F0A0020180A00202F0A0020360A00200C
:1000C0003D0A0020D3090020DB090020E4090020BC
:1000D000E9090020EE090020FB090020010A0020A8
:1000E0000F0A0020180A0020210A0020280A0020F8
:1000F0003D0A00200000000053F20400DDC30200AE
:1001000019C5020085C50200D9F10400B3EF04004F
:1001100000000000C5EE04009BEF0400EFEE0400B9
:10012000C7EE0400E1EE0400000000002DC902004B
:1001300000000000000000000000000009C90200EB
:10014000000000000000000000000000E5D60200F2
:10015000000000000000000000000000C5CD02000B
:100160000000000000000000000000006DE7020039
:1001700000000000000000000000000059E602003E
:1001800000000000000000000000000041EE02003E
:1001900000000000000000000000000011EB020061
:1001A00000000000000000005DFB0200C10503002C
:1001B000AD0E05000000000000000000D9000300A3
:1001C000710D0500050E05004DFA0200000000004B
:1001D00000000000B1030300000000000000000068
:1001E000BF15050000000000000000000000000036
:1001F00060B90500000002006CB9050000000A00AB
:100200007CB9050000002000000000000000000094
:1002100000000000000000002712050000000000A0
:10022000BC060020BC06002000000000000000000A
:100230000E000000D0060020D0060020C1210300DF
:100240000000000000000000583C002000000000FA
:100250000952030000000000603C00200000000084
:100260002946030000000000683C00200000000058
:10027000B1D2030000000000703C0020000000002C
:10028000B1D2030000000000783C00200000000014
:100290005143030000000000A846002000000000B9
:1002A0002DDC030000000000B0460020000000002C
:1002B000B1D2030000000000B8460020000000009A
:1002C000C168030000000000344700200000000067
:1002D0007D700300000000003C470020000000008B
:1002E000B1D20300000000004447002000000000DD
:1002F00025720300000000004C47002000000000B1
:100300005D7A03000000000070480020000000003B
:10031000C048002000000000A04A002000000000AB
:10032000504B00200000000049E7030000000000DF
:10033000DC4C002000000000D5CF030000000000CE
:10034000FC4C002000000000B1D2030000000000BF
:100350001851002000000000A93603000000000032
:100360001051002000000000A9360300000000002A
:100370000851002000000000D532030000000000FA
:100380000051002000000000A9360300000000001A
:10039000F850002000000000D532030000000000EB
:1003A000F050002000000000A9360300000000000B
:1003B0000124040000000000000000000000000014
:1003C000000000000000000000000000000000002D
:1003D000000000000000000000000000000000001D
:1003E000000000000000000000000000000000000D
:1003F00000000000000000000000000000000000FD
:1004000000000000000000000000000000000000EC
:1004100000000000000000000000000000000000DC
:1004200000000000000000000000000000000000CC
:1004300000000000000000000000000000000000BC
:10044000DC080020DC0800200000000000000000A4
:100450000E0000000000000000000000000000008E
:10046000000000000000000000000000000000008C
:100470000C0900200C090020010000000100000010
:100480001C0900201C090020240900202409002048
:1004900000000000010000003409002034090020A1
:1004A00000000000000000000090D003FF000000EA
:1004B0009002000050090020500900205809002037
:1004C0005809002029B1020045B1020012010002C2
:1004D000EF020140E32F9000040400000000090235
:1004E0000000000100C0FAC203121806C20312186D
:1004F00006C2031218061101000200010257696EBC
:1005000000000000004D61630000000000695061C0
:10051000640000000009020000000100807D12015B
:100520000002EF020140E32F040004040000000079
:10053000026D0423B00001080B0002020D00000947
:1005400004000001020D000005240010010524062E
:1005500000010D240F0000000000EA050000000665
:10056000241A0001000705810340000A07058203E1
:1005700040000709040100000A000100090401010C
:10058000020A000100070581024000000705010280
:100590004000000705820200020007050202000277
:0405A0000000000156
:1005A4000000000000000000000000000000000047
:0405B4000000000043
:1005B800540A0020540A002064F0002000000000C3
:1005C800010000002C00000000000000700A00205C
:1005D800700A0020C0E300200000000001000000B5
:1005E800B0000000000000008C0A00208C0A0020E7
:1005F80090F0002000000000030000001C00000034
:1006080000000000A80A0020A80A002034430120A6
:100618000000000010000000400000000000000082
:10062800C40A0020C40A002034470120000000004A
:1006380020000000A002000000000000E00A0020E6
:10064800E00A0020343F01200000000010000000F4
:100658004000000000000000FC0A0020FC0A002006
:10066800E8E400200000000008000000100000007E
:04067800000000007E
:10067C0000000000349B012000040000000000007A
:04068C00000000006A
:100690002C0B00202C0B00200000000000000000AC
:1006A0000E000000400B0020400B00200000000066
:1006B000000000000E000000540B0020540B00202E
:1006C00000000000000000000E000000680B002089
:1006D000680B002000000000000000000E00000079
:1006E0007C0B00207C0B00200000000000000000BC
:1006F0000E000000900B0020900B00200000000076
:10070000000000000E000000A40B0020A40B00203D
:1007100000000000000000000E000000B80B0020E8
:10072000B80B002000000000000000000E000000D8
:10073000CC0B0020CC0B00201000000005000000B6
:10074000E4F0002034F10020E4F00020E4F0002088
:1007500000000000F00B0020F00B00200000000063
:10076000FC0B0020FC0B00200C0000000A00000025
:1007700070E40020E8E4002070E4002070E4002031
:1007800000000000200C0020200C002000000000D1
:100790002C0C00202C0C00200100000001000000A7
:1007A0003C0C00203C0C0020440C0020440C002099
:1007B00000000000FFFFFFFF540C0020540C00203D
:1007C0005C0C00205C0C002000000000680C002085
:0807D000680C0020000000008D
:1007D80000000000000000007C0C00207C0C0020C1
:0807E800840C0020840C0020A9
:0807F0008C0C00208C0C002091
:1007F80000000000000000009C0C00209C0C002061
:10080800A40C0020A40C002003000300100000002A
:1008180000000000E8A7050090EE0020000000009E
:1008280000000000C80C0020C80C0020D00C0020DC
:10083800D00C00200300030010000000A1FA020001
:1008480084A80500ECEF0020000000000000000074
:10085800F40C0020F40C0020FC0C0020FC0C002000
:10086800020002000A00000000000000C0A6050007
:1008780068E500200000000000000000200D0020B6
:10088800200D0020280D0020280D00200300030063
:100898000000000000000000E8A6050004EB0020AE
:1008A80000000000000000004C0D00204C0D00204E
:1008B800540D0020540D002001000100100000001C
:1008C80061EA0200D4A7050088ED002000000000BE
:1008D80000000000780D0020780D0020800D002019
:1008E800800D00200300030000000000000000004D
:1008F800C0A7050040ED0020000000000000000037
:10090800A40D0020A40D0020AC0D0020AC0D00208B
:100918000C000C0004000000B9CB0200D4A60500AE
:1009280028E900200000000000000000D00D002091
:10093800D00D0020D80D0020D80D00204000400028
:100948000400000000000000BCAC050034380120A1
:100958000000000000000000FC0D0020FC0D00203D
:10096800040E0020040E0020010001000000000019
:1009780000000000FCA6050050EC0020000000006C
:1009880000000000280E0020280E0020300E002055
:10099800300E00204000400004000000000000006D
:1009A800A8AC050034110120000000000000000080
:1009B800540E0020540E00205C0E00205C0E002017
:1009C800100010000A0000002F600500D0AC0500E0
:0409D800349F012027
:1009DC00B80E002000000000000000000000000025
:1009EC0000000000000000000000000000000000FB
:1009FC0000000000000000000000000000000000EB
:100A0C0000000000000000000000000000000000DA
:100A1C005C9F0500E00E0020302800200002000042
:100A2C000000000000000000DC05000000000000D9
:080A3C000000000000000000B2
:100A4400010B0400390C0400712705006727050019
:040A5400000000009E
:100A58006DC005000000000000000000000000005C
:100A68000000000000000000249F050000000000B6
:100A7800000000000000000000000000000000006E
:100A8800000000000000000000000000000000005E
:100A9800000000000000000000000000000000004E
:100AA800000000000000000000000000000000003E
:100AB800000000000000000000000000000000002E
:100AC800BA09002000000000000000000CC005006A
:100AD800000000000000000000000000000000000E
:100AE80000000000249F0500000000000000000036
:100AF80000000000000000000000000000000000EE
:100B080000000000000000000000000000000000DD
:100B180000000000000000000000000000000000CD
:100B280000000000000000000000000000000000BD
:100B3800000000000000000000000000680900201C
:080B48000000000000000000A5
:100B5000000000000405002000000000000000006C
:080B600000000000000000008D
:040B680015E015E09F
:040000032000AB0529
:00000001FF
