:020000022000DC
:1070000040800020C182020053500300AD82020084
:10701000AD820200AD820200AD82020000000000DD
:10702000000000000000000000000000F9820200E3
:10703000AD82020000000000F9840200AD8202006F
:107040007585020075850200758502007585020050
:107050007585020075850200758502007585020040
:107060007585020075850200758502007585020030
:107070007585020075850200758502007585020020
:107080007585020075850200758502007585020010
:107090007585020075850200758502007585020000
:1070A00075850200758502007585020075850200F0
:1070B00075850200758502007585020075850200E0
:1070C00075850200758502007585020075850200D0
:1070D00075850200758502007585020075850200C0
:1070E00075850200758502007585020075850200B0
:1070F00075850200758502007585020075850200A0
:1071000053B94AB9002908BF00281CBF4FF0FF310E
:107110004FF0FF3000F00CB8ADF1080C6DE904CE73
:1071200000F01AF8DDF804E0DDE9022304B070474E
:10713000704700BF10F8012B11F8013B012A28BF4E
:107140009A42F7D0D01A7047034613F8012B002A51
:10715000FBD1181A013870472DE9F0478C468E464E
:10716000089E154604461946002B40F0D080724513
:1071700047D9B2FA82F74FB1C7F120030EFA07FCE4
:1071800020FA03F3BD4043EA0C0CBC404FEA154E15
:10719000A8B2BCFBFEF8230C0EFB18CC08FB00F9D0
:1071A00043EA0C43994528D9EB1808F1FF3204D281
:1071B000994502D9A8F102022B44A3EB0903A4B21A
:1071C000B3FBFEFC0EFB1C330CFB00F044EA034453
:1071D000A04214D92C190CF1FF3304D2A04202D9D9
:1071E000ACF102032C44241A43EA02401EB1FC40D5
:1071F000002334607360BDE8F0874246DDE76346F4
:10720000F1E7002A79D0B2FA82F3002B3FD0194679
:10721000C1F1200302FA01F52EFA03F20EFA01FE83
:1072200020FA03F343EA0E034FEA154E00FA01F485
:10723000B2FBFEFCAFB20EFB1C201A0C0CFB07F8D5
:1072400042EA004290455AD9AA180CF1FF3004D204
:10725000904502D9ACF102002A44A2EB08029BB28D
:10726000B2FBFEFC0EFB1C220CFB07F743EA0243B9
:107270009F4246D9EB180CF1FF3204D29F4202D94B
:10728000ACF102022B44DB1B42EA004202E0AEEB0F
:10729000020301224FEA154EAFB2B3FBFEFC200CF5
:1072A0000EFB1C330CFB07F840EA034398452AD930
:1072B000EB180CF1FF3004D2984502D9ACF1020072
:1072C0002B44A3EB0803A4B2B3FBFEFC0EFB1C3360
:1072D0000CFB07F744EA0344A74216D92C190CF11A
:1072E000FF3304D2A74202D9ACF102032C44E41BC1
:1072F00043EA00400F46114678E71F2188E76046C1
:10730000ABE76246BFE76046DBE76346EFE77345FE
:1073100006D916B9002108466DE7C6E9000EF9E75F
:10732000B3FA83F787B9734501D3824207D8841A29
:107330006EEB030301209C461EB900215BE7384633
:10734000FAE7C6E9004CF8E7C7F1200CBB4022FA87
:107350000CF51D4320FA0CF12EFA0CF30EFA07FE81
:1073600041EA0E014FEA154900FA07F4B3FBF9F8B8
:107370001FFA85FE09FB18300B0C08FB0EFA43EAD6
:1073800000439A4502FA07F240D9EB1808F1FF30A2
:1073900004D29A4502D9A8F102002B44A3EB0A03B8
:1073A00089B2B3FBF9F809FB183308FB0EFE41EA7A
:1073B00003418E452CD9691808F1FF3304D28E455C
:1073C00002D9A8F10203294443EA0040A0FB029835
:1073D000A1EB0E014145CE46434602D306D14C45B2
:1073E00004D2B9EB020E68EB05030138002EA4D0DD
:1073F000B4EB0E0261EB030101FA0CFC22FA07F375
:107400004CEA0303F940C6E9003196E74046C5E778
:107410004346D9E72DE9F047ADF5567D112202210B
:10742000012002F02DFD061EC0F2A880012103916B
:1074300004230093062203AB02F070FE514B0020A0
:10744000CDE90530082205A9304602F079FD002873
:10745000C0F29480DFF83091DFF830814C4F04ABFC
:1074600008221A60019356AD07AB00934FF40072E7
:1074700000232946304602F01BFEEF28EFDD2B7873
:10748000012BECD1F02271E0352902F1010366D124
:10749000911C814264DAEC5C002C61D015F801A0EB
:1074A0000AF0FD03012BDAD10BAC4FF496720021E8
:1074B000204614F058FE4FF4817323800623A370F6
:1074C0006B6863605DAB0FCB12AD85E80F00BAF15E
:1074D000010F40F23513A4F8F03014BF0523022346
:1074E00084F8F230362384F8F3302A4A2A4BC4F861
:1074F000EC70C4E93D23294A332384F8FF30042388
:10750000116884F8003145F20113A4F80231CDF876
:1075100033114FF478635168A4F804311289CDF81F
:1075200037110A231E4984F806314FF6FF70ADF873
:107530003B2109AB4FF0FF32C4E90498A4F8FC00EA
:1075400084F81101C3E900120822CDE90032214676
:1075500000234FF48972304602F074FD7FE721B1B9
:10756000984208DDEB5C023313441A46824202DA89
:10757000A95CFF2988D14FF0000A91E70DF5567DEF
:10758000BDE8F08701000043C0A80402C0A80401C0
:107590006382536304C0A804010104FFDCC8030034
:1075A000010000442DE9F04781EAE174A4EBE174A5
:1075B0000A236425002107465B48B4FBF3F6B4FBBD
:1075C000F5F903FB164605FB1945B5FBF3FA0DF07B
:1075D000C2F9564800210DF0BEF9554800210DF0C2
:1075E000BAF94FF00008B8454CDB4FF48030002169
:1075F0000DF0DFF94FF00008C84558D14FF40040B6
:1076000000210DF0D6F9092D66DD4FF0000847483E
:1076100001210DF0A0F943F2343000210DF0C9F939
:10762000424800210DF097F908F1010843F2343087
:1076300000210DF0BEF9C245E9DC4FF40040002105
:107640000DF0B7F9002E5CD04FF00008384801214A
:107650000DF081F943F2343000210DF0AAF93448DD
:1076600000210DF078F908F1010843F234300021CF
:107670000DF09FF94645E9D14FF4003000210DF09F
:1076800098F9AEE7284801210DF065F942F26760EC
:1076900000210DF08EF9244800210DF05CF942F232
:1076A000676000210DF085F908F101089BE71E488D
:1076B00001210DF050F943F2343000210DF079F939
:1076C000194800210DF047F943F2343000210DF044
:1076D00070F908F101088FE7632CAEDD1348012132
:1076E0000DF039F940F6CD4000210DF062F90F4858
:1076F00000210DF030F943F2343000210DF059F93A
:107700009BE70B4801210DF026F940F6CD40002102
:107710000DF04FF9314606480DF01DF943F23430B3
:1077200000210DF046F9A7E7D8C60300D0C6030034
:10773000C8C603002DE9F04FADF2DC4DAF4813F0A1
:107740006CFE10B1AE480DF01AF9AC4813F065FEAE
:1077500010B1AC480DF013F9A84813F05EFE10B15B
:10776000A9480DF00CF9A949A9480DF06AFE014697
:1077700010B10120FFF716FFA649A5480DF061FEE4
:1077800001460028F5D1A449A1480DF05AFE014652
:107790000028EED1A1499E480DF053FE0146002875
:1077A000E7D19F4A9A480EF033F9024610B10146DC
:1077B0000320DFE79B49964801230EF003FA0146B8
:1077C00008B10420D6E7984991480EF0F2FB014633
:1077D00008B10520CEE78E480DF066FD014608B1E0
:1077E0000620C7E78A480DF08FFD014608B1072043
:1077F000C0E7854801210DF0AEF804F0E7FC04462F
:1078000010B901210820B5E74FF080520AADD2F837
:10781000A430D2F8A81069700A0A62F03F022A70F8
:107820001A0EAA701A0C5BBAEA70AB8005F062F807
:1078300030237E49009322462B46012003F092FF1D
:10784000011E01DA0A2095E7204605F017F800210D
:1078500020460DF075F8B8B1082120460DF070F8FB
:1078600090B1694800210DF076F8714903AA012012
:1078700005F088F90023032203A9204604F0B4FD93
:1078800040B90121092075E740F6CD4000210DF0F7
:1078900090F8DCE7674904AA012005F073F904AA0F
:1078A00003A920460FF07BFD4FF4804000210DF02E
:1078B00080F8544801210DF04EF8012106220846B7
:1078C00002F0DEFA071EC0F2EF805B4B0022CDE92A
:1078D0000632082206A902F033FB0A21384602F0DC
:1078E0005BFB4FF00808CDF8148005AA08A93846BC
:1078F00002F07CFB041E05DA4FF4A47000210DF0A9
:1079000058F8F0E74048012136AD0DF024F8002684
:1079100000214FF48062284614F025FC4FF4FA79D8
:10792000314640F2FF3BB2464023ABEB0102CDE9CA
:1079300000AA2944204602F0BBFB00281CDD0644B7
:107940003E49284614F068FC00283FD03C492846B0
:1079500014F062FC0646002840D0012129480CF0B2
:10796000FAFF384B1D682846FFF7EEFB2946024612
:1079700020460DF020F80DE00AD0002140F26760AB
:10798000A9F132090DF015F8B9F1000F3146CBDC41
:10799000002EDBD10121204602F0A4FA002540236D
:1079A000CDE90055802216A9204602F081FB00286F
:1079B000F5DC40F2676000210CF0FBFF20460EF082
:1079C00019FD114800210CF0C6FF8CE740F2FE3390
:1079D0009E423146BADC4FF4FA79A5E71A492846A7
:1079E00014F01AFC08B13146B8E71849284614F0DB
:1079F00013FC78B316492D22BAE700BFCCC30300AD
:107A0000D8C60300D0C60300C8C60300F800002093
:107A1000F8070020E0000020C8000020B00000208F
:107A200010010020E7C803003F4903000000905008
:107A3000F1C80300FDC8030001000050CDC90300D8
:107A40000BC90300A800002017C9030024C90300C4
:107A500035C903001749284614F0DEFB28B916493A
:107A6000284614F0D9FB0028C4D0144BDFF850A0EE
:107A70001D682846FFF768FB2946024620460CF0A1
:107A80009AFF002543F6252943F62426A9EB050293
:107A90000AEB050120460CF08EFF00287FF77AAF35
:107AA0000544B542F2DD75E74FF0FF300DF2DC4DD5
:107AB000BDE8F08F63C903006AC90300AC00002071
:107AC0006ACF0300014B1B68184700BF3C01002030
:107AD00030B5044685B00D4610220021684614F0EA
:107AE00042FB02238DF802302A46044B01932146C3
:107AF00068460CF0DFFC05B030BD00BFC57A02005F
:107B000080B505460E46174698460CF097F8034692
:107B100000F042FDDFF81890044649F80030424674
:107B200030463946A84754F8090000F0CFFC00BFA2
:107B3000080000002DE9F047058B0446280717468A
:107B40000CD501290CBF45F0100545F02005258313
:107B500087F31188BFF36F8FBDE8F087022905F026
:107B6000070540F0948020460DF051F9052864D8AF
:107B700001A353F820F000BF517B02008F7C02006C
:107B80003B7C0200FD7B0200177C0200297C020086
:107B900001F007035A1F012A1FD8002221F0070114
:107BA000062BD4F8008089B2C4E9002209D14346EB
:107BB00003E0628B013262831B68002BF9D141F034
:107BC0000201218320460DF022F94FF00009002820
:107BD0006DD041F02001218369E0042B0AD121F00E
:107BE000070189B2218320460DF011F910B141F04F
:107BF000200121834FF00008C14658E02369D3F8E3
:107C00000090238B23F0070343F0060323834FF0F8
:107C1000000846464BE02369D3F80490238B23F0F9
:107C2000070343F00403F1E72369D3F80890238B9B
:107C300023F0070343F00503E8E74FF00008C146CF
:107C4000E7E7012243F00803238387F31188BFF39A
:107C50006F8F002A3BD1B8F1000F4AD1B9F1000F64
:107C600002D02D492046C847EFF31187202383F324
:107C70001288BFF36F8F238B23F008039BB22383FB
:107C8000D9063FD523F01002228303F00705666969
:107C9000218B002EBFF67CAF0023D4F8008021F0AA
:107CA0000701C4E9003341F0010121839946238B88
:107CB00003F0070AAA4502D0A268002AC1D1B8F190
:107CC000000F02D1B9F1000FDAD00022BAE7A168A3
:107CD0000029C0D00D680029BDD04F6833465246F8
:107CE0002046B8471DB12B6829461D46F3E72B46B1
:107CF000FAE74146334652462046D8F800800DF058
:107D0000B2F8A8E79A067FF523AF23F0200222837A
:107D100003F0070527E700BF934E0300014B036004
:107D200000207047E0C6030007B51B491B480DF053
:107D300088FB70BB1A4919480DF083FB48BB1949F1
:107D400016480DF07EFB20BB174914480DF079FB57
:107D5000F8B90146154A11480DF05AFEC8B9024655
:107D600013490E4801230DF02DFF90B90123009314
:107D7000014602230948EF220DF06DFA48B9074881
:107D80000DF092FA28B9054803B05DF804EB0DF048
:107D9000BBBA03B05DF804FBB40100207C070020EF
:107DA0009C010020840100206C0100204001002083
:107DB0005ACA030008B50348034A0021121A0DF0FD
:107DC00040F908BD90080020603F00200748084A9D
:107DD000084908B5121A0DF036F90748074A08494C
:107DE000BDE80840121A0DF02EB900BF00000020B7
:107DF0008C080020380A0400000000200000002049
:107E0000380A040038B505460C4699B1D1E901237A
:107E10000F4809680CF0D3FFD4E90423E1680D484A
:107E20000CF0CDFFE1690C480CF0C9FFA1690B48CB
:107E30000CF0C5FF012D05D1EFF30581084810397D
:107E40000CF0BDFF21462846BDE838400AF008BEC8
:107E500073CA0300A3CA0300D3CA0300E3CA030022
:107E600012CB030030BFFFF7FDBF00BF2DE9F0418B
:107E70000B4EDFF8308006EB0807CC1B0546324678
:107E80000949204614F048F9A01942460021083C4F
:107E900014F069F9EC6707F10800BDE8F08100BF54
:107EA00000000000080000008CC603002DE9F84324
:107EB000324D80463248894617460CF080FFAB6A47
:107EC000DE0622D52F480CF07AFF1124AB6A1D077D
:107ED00003D52D480CF073FF1224284DAB6A980788
:107EE00015D52A480CF06BFF6E6BAB6A190642D5AC
:107EF000274831460CF063FFB9F1000F03D0AB6A9D
:107F000023F08003AB62132403E01024DEE76FF05C
:107F100015061A4DAB6ADA0703D51E480CF04FFF61
:107F20001424AB6A9B0603D51B480CF048FF1524AC
:107F3000124B9A6AD50602D49A6A90070AD55B68F2
:107F4000190507D54146304600F076FA10B180F3A6
:107F500009880224094B9A6A920642BF5A6A22F49F
:107F600000525A629A6A42F0FF029A6200233B7002
:107F70002046BDE8F8836FF01506C4E700ED00E089
:107F800026CB03003DCB030071CB030085CB030060
:107F90009ECB0300B5CB0300D5CB030010B51D4C21
:107FA0001D480CF00CFFA36A990130D51B480CF05A
:107FB00006FF1E20A36ADA0103D519480CF0FFFE64
:107FC0001F20144CA36A1B0303D516480CF0F7FEC0
:107FD0002120A36A590303D513480CF0F0FE222098
:107FE0000C4CA36A9A0303D510480CF0E8FE23203A
:107FF000A36ADB0303D50E480CF0E1FE2420054AFA
:10800000936A6FEA03436FEA1343936210BD1D2026
:10801000D0E700BF00ED00E005CC03001ECC03005C
:1080200032CC03004DCC03006CCC030092CC030097
:10803000ADCC030070B5244C064624480D460CF028
:10804000BEFEA36AD90435D521480CF0B8FE17202E
:10805000A36A1A0503D51F480CF0B1FE18201A4C6C
:10806000A36A9B050FD51C480CF0A9FEA16BA36A5F
:10807000180407D519480CF0A2FE1EB1A36A23F418
:108080000043A3621920104CA36A590503D5144874
:108090000CF095FE1A20A36ADA050DD511480CF0F4
:1080A0008EFE1B20084A936A43F47F4393620023A9
:1080B0002B7070BD1620CBE7A36A9B04F2D50A484B
:1080C0000CF07DFE1C20EDE700ED00E0D9CC0300B4
:1080D000F0CC030071CB030002CD03001CCD0300E4
:1080E00032CD03004ECD0300D5CB03002DE9F04186
:1080F0005D4B5F688AB00446C7F30806002585F328
:108100001188BFF36F8F02F07F43B3F17F4F06D129
:1081100002F00C03082B13D154480CF050FE00253C
:108120002C464FF00008F31E8DF80780092B00F253
:108130008C80DFE803F00A80847C8A8A8A8A8A88B5
:1081400010074CBF0C460125EBE74948464E0CF0A2
:1081500036FE8DF80780F36A9A0704D545480CF07F
:108160002EFE00232AE0F36A002B01DA4248F6E7EC
:10817000F36A5B00F5D541480CF021FE7369A269F2
:1081800043F480737361BFF34F8FBFF36F8F32F887
:10819000023C726922F480727261BFF34F8FBFF3A9
:1081A0006F8F03F47F42B2F55F4F27D1DBB2022B12
:1081B00024D1216832480CF002FE23689DF8072084
:1081C000CAB902AE04F1200720686168324603C2D2
:1081D0000834BC421646F7D1099A002D41D0C2F3AB
:1081E000080121B96FEA52226FEA4222099202A9DC
:1081F0001846FFF707FE0AB0BDE8F0811A4B9A6AED
:10820000D2B232B10DF1070201212046FFF74EFE36
:108210000FE09A6A12F47F4F05D00DF1070101209B
:10822000FFF708FF05E09B6AB3F5803F99D3FFF79E
:10823000B5FE0346C2E70DF107020021E5E70DF1A7
:1082400007010020ECE70F4889E70F4B0F49104862
:1082500017F4F87FA6F1100208BF19460CF0AFFD25
:108260007FE76FF30802C1E700ED00E095CD030062
:10827000C1CD0300D9CD0300FBCD03000ACE03001E
:108280002ACE030047CE030067CD03007CCD030058
:108290006CCE0300044B5A6942F010025A615A69CD
:1082A00022F008025A61704700ED00E0EFF3088009
:1082B000EFF3098101B57246FFF718FF01BD00BF5A
:1082C0000B4880F3088809F085FF202080F311888F
:1082D00008484FF40461401880F30988EFF31480D4
:1082E0000221084380F31488BFF36F8F00F06CF80D
:1082F00040800020806600201EF0040F0CBFEFF3CA
:108300000880EFF30980816911F8021C0229FFD06F
:1083100001B572460CF099FE01BD00BF40B20028C5
:1083200007DB044A4109012300F01F00834042F8A3
:108330002130704700E100E040B200280CDB430927
:10834000064900F01F0020330122824041F823201B
:10835000BFF34F8FBFF36F8F704700BF00E100E0A6
:10836000054B420900F01F0053F82220012303FAB5
:1083700000F01040704700BF00E100E040B200286C
:10838000A8BF00F1604001F10101B8BF064B4FEA00
:108390004111ACBF00F5614000F00F00C9B2B4BF9D
:1083A000195480F80013704714ED00E0044B054A9F
:1083B00023F07F039360BFF34F8FBFF36F8F70473E
:1083C0000070020000ED00E008B5FFF7EFFF0B4A78
:1083D000D2F8883023F47003C2F88830EFF31483A6
:1083E00023F0040383F31488BFF36F8FFFF7E2FCDD
:1083F000FFF7ECFC00F0B2F80AF0FAFB00ED00E049
:1084000042F8203C009B42F81C3C0A49019B42F880
:10841000183C029B42F8143C21F001014FF080739C
:1084200042F8043C42F8081C0023203A0265C0F8D8
:1084300080307047017B0200094A0346906870B1A2
:1084400013F1160FC06E05D0A0F14002934205D380
:10845000834203D2814228BF00207047002070472A
:10846000183F002008B515460B4A0C4B9060C26FB0
:108470001A600E4600F0A2F82C4686F30988002008
:10848000034B98472046002100220023014C20473F
:108490006F500300017B0200183F0020C00F002036
:1084A000014B10221A61704700ED00E0054B5A693C
:1084B0009B689A421FBF044A536843F0805353603D
:1084C000704700BF183F002000ED00E0084B9B689C
:1084D00083420BD1EFF3058343B1064B5A6842F058
:1084E00080525A605A6A22F400425A620BF0ACBBC6
:1084F000183F002000ED00E015498A684FF0300079
:108500001044EFF3098C80E8F01F202080F31288DC
:10851000BFF36F8F0F4F4FF000664A698A603E606D
:10852000D06F0D4C2060D2F880000023C2F880305C
:1085300080F3118804B5104600F040F8BDE804400F
:1085400002F1300090E8F01F8CF3098870470000BA
:10855000183F002004ED00E0C00F00200448002375
:108560002021C2180133302B82F80013F9D1704753
:1085700000E100E008B5EFF30583064A103B02EB8B
:10858000C30152F8330049688847BDE80840FFF747
:108590008DBF00BF58C40300014800687047000049
:1085A000C00F0020024B034A0348012100F076B8B7
:1085B0000000042000000020E0C60300C36E054A4E
:1085C000403B1360044B4021C2E9011310460121D6
:1085D00000F06EB8C40F002000000B15084AC2F866
:1085E00098000B6823F01F03034343F01003C2F805
:1085F0009C308B6843F00103C2F8A030704700BF85
:1086000000ED00E02DE9F043DFF8608085B00E4614
:108610001F4604464FF00009B14523DA6068D8B11F
:108620003FB1411E08421BD11F2819D923681942A6
:1086300016D1236801930CF03DFDA3680343039317
:10864000D8F89050C5F30725D0B2013DA84207D80D
:1086500001A9FFF7C3FF421C09F101090C34DBE754
:108660006FF01502104605B0BDE8F08300ED00E0A4
:10867000044B0522C3F89420BFF34F8FBFF36F8FD5
:10868000704700BF00ED00E0BFF35F8F024B002298
:10869000C3F89420704700BF00ED00E010B5034C14
:1086A00001232278FFF7AEFF207010BD4C3F002061
:1086B00008B50B4A00231278FFF7A4FF10F1160F3C
:1086C00007D0084A0021D2F89030C3F3072398421C
:1086D00000DB08BDC2F89800C2F8A0100130F2E734
:1086E0004C3F002000ED00E02DE9F0435A4B5B4D7C
:1086F000D3F890302C68C3F307239C4285B000F276
:10870000A780FFF7C1FF00200C2684421AD1544EE7
:10871000DFF8449134706846FFF700FB514C524D2E
:1087200080460027B84514D133784B490020D1F852
:108730009020C2F307229342C0F28480FFF798FF93
:10874000002045E0696806FB0011FFF747FF013094
:10875000DBE7009800EB07114FEA071CCB682340CA
:10876000B3F5000F4DD00AD8B3F5001F33D0B3F5E1
:10877000800F3BD0B3F5801F13D00137D2E7B3F1A0
:10878000007F47D0B3F1805F4DD0B3F1807FF4D14B
:1087900050F80C3088684A680CF08CFC40F0887007
:1087A00009E050F80C3088684A680CF083FC40F00F
:1087B000885040F43020CDE901230390D9F890305F
:1087C0003078C3F30723013B984234D96FF015008A
:1087D00005B0BDE8F08350F80C3088684A680CF0AA
:1087E00069FC40F0885040F40020E4E750F80C3079
:1087F00088684A680CF05EFC40F0C06040F40030CD
:10880000D9E750F80C3088684A680CF053FC40F007
:108810008270D0E750F80C3088684A680CF04AFC47
:1088200040F48020C7E750F80C3088684A680CF0A4
:1088300041FC2843BFE701A9FFF7D0FE337801339D
:1088400033709AE7C1F89830C1F8A00001336EE7A1
:108850004FF0FF30BCE700BF00ED00E0ECC60300C6
:108860004C3F00200000F0FF0000021108B506494F
:10887000064821F00701C1F1005202F580220CF0F8
:108880005BFA002008BD00BF97360120D00F002002
:1088900070B54169867A0B4D044659B1437ADB07BE
:1088A00006D42C2303FB06535B6A1B689B6898471E
:1088B000002363612C20214600FB0650BDE8704078
:1088C00012F082BF4C060020024B2C2202FB00302B
:1088D000704700BF4C060020827A064B2C2101FB1A
:1088E00002339A6A1B7F1B33801A23F00303B0FB09
:1088F000F3F070474C06002038B5074B827A2C24E1
:1089000004FB02335B6AD3E901240C601568FFF7AE
:10891000E3FF04FB005038BD4C0600202DE9F04376
:1089200085B005466846039190461C4613F020FA30
:10893000DDE90067EFF31189202383F31288BFF389
:108940006F8F6B8B002B41D02A8B9A4225D9002246
:10895000002328460AF0A6FB0446F0B189F31188EB
:10896000BFF36F8F039B002B41D032463B466846D6
:1089700013F023FAA27A264B2C2101FB0233204666
:108980005B6A1B6803A91D68DDE90023A8476061D5
:1089900070BB2046FFF77CFF24E0698B4B1E6B8386
:1089A00089F31188BFF36F8F2B7F2A8BAC6A1B333F
:1089B00023F00303521A02FB0344154B154AEB1A2A
:1089C0009B105343A3722B7FE372CBE789F311888B
:1089D000BFF36F8F2346424628460AF063FB0446E6
:1089E0000028BFD10024204605B0BDE8F0836361B4
:1089F000012300252381039B6382E27A6560294677
:108A000004F1180013F0AFFB63692582E360EAE725
:108A10004C060020A38B2EBA70B50D4C2C2500B946
:108A200070BD037A4668002BFAD0013BDBB20372BB
:108A3000002BF5D1C3604360837A05FB03431B6AB7
:108A400013B198473046EAE7FFF722FFFAE700BF85
:108A50004C060020202800B508D9FFF79DFD094BE2
:108A600009221A504FF0FF305DF804FB30235843C1
:108A7000054BBFF35B8F1B58BFF35B8F002BECD014
:108A80000020F1E70C000000E40F002030B5302397
:108A90001049434308330B44BFF35B8F1A68BFF39D
:108AA0005B8FB2B1BFF35B8F541E53E8005F9542FA
:108AB00004D143E8004CBCF1000FF6D1BFF35B8F4B
:108AC000EAD1012A05D1302358430A1800230B505C
:108AD000536030BDDC0F002038B504461546FFF763
:108AE000B9FF01300DD0084A30236343D0184068E5
:108AF000086015B10C3313442B6030235C431059CC
:108B000038BD0020FCE700BFDC0F002070B54FF03F
:108B1000FF331D484FF0FF320CF086FB1B4B002546
:108B2000BFF35B8F1A68BFF35B8F82B10135212DD4
:108B300003F13003F4D1FFF72FFD154B17221A5024
:108B40004FF0FF3510480CF071FB284670BD302403
:108B50006C43BFF35B8F53E8000F013043E8000123
:108B60000029F8D1BFF35B8F0A4E331932515A6096
:108B70009A6204F10C00304412F04CFD04F1200024
:108B8000304412F03CFFDDE748050020E40F0020F0
:108B90000C000000DC0F00202DE9F04116463024C7
:108BA0000F4A4443101911514660C362B6B1F368CD
:108BB000A3B1FFF7F1FC0B4F0C3450F807801319E9
:108BC000054640F2051230460CF01FFBB8F15F0F6E
:108BD00004D0EB595F2B08BF45F80780BDE8F08152
:108BE000DC0F00200C0000002DE9F0410546FFF7E6
:108BF00031FF431C044621D03026DFF84C806E4301
:108C000006F10C0747444FF0FF324FF0FF33384670
:108C10000CF00AFB08EB06035A68946844B1DB6A5F
:108C200058F8060013F4404F0BD02946A0470446DD
:108C300038460CF0FBFA2846FFF728FF2046BDE82F
:108C4000F081A047F3E700BFDC0F00200C4B0122AE
:108C5000C3F840254FF080434FF08051C3F878258A
:108C6000D1F83001082805D1D1F83411022908BF04
:108C7000C3F838260122C3F880250020704700BFC2
:108C800000E0014048B1054B054A1B68B3FBF2F315
:108C90005843044B43F0010318477047E00300209A
:108CA00040420F00C0C6030008B5054A054B1360DB
:108CB00010463F23536009F063FB002008BD00BF4E
:108CC0000C160020FFFF0F00F7B506460D461446B0
:108CD000124F384612F0A1FBE0B1BB68AAB21B6884
:108CE000314638469847002802DB002003B0F0BD2B
:108CF000002CFBD1AC42F8D22F1B042F28BF042735
:108D000011F0E7FF3A46019001A9301913F004FA77
:108D10003C44EFE76FF01200E8E700BFE8C3030050
:108D20002DE9F04190F8283003F01F03012B044691
:108D30000F4600F128062FD0022B18D08BB394F8E1
:108D4000291020460CF023FB024678B330460CF085
:108D500008FC1D4D002834D113693BB33A46314617
:108D6000204698470346FFF717FC2B5024E0818DDF
:108D7000C9B20CF0EDFE05460028E0D030460CF0FC
:108D8000F0FB024668688368CAB99B6873B13A46CB
:108D90003146BDE8F0411847818DC9B20CF0BFFEE5
:108DA000E9E790F829100CF0F6FEE4E7FFF7F4FB92
:108DB000054B6FF085021A500020BDE8F081DB689A
:108DC000E4E7D368C9E700BF0C0000002DE9F04FCD
:108DD0000B7E33F0800893B004460D46164640F0F3
:108DE0008E847AB10846FFF717FE6B7EDF0703D447
:108DF0009E0711D52B7E7BB9204613B0BDE8F04FFE
:108E00000CF0DBBB4A7E00F12809900708D5802BC7
:108E10000CD12846FFF700FE404613B0BDE8F08FA6
:108E2000910700F02784002B40F02484D2072FD52F
:108E30002B8A082B40F00684EA681368A362536803
:108E4000C9F80430294600200CF074F9054610B129
:108E5000FFF7E2FDEFE048460CF083FBE28D70B9CE
:108E6000B2B12946A06911F01BFC0146002800F0B0
:108E70002D84204613B0BDE8F04F0DF00FB83AB185
:108E8000114620460DF005F80546002800F01E8426
:108E9000FFF782FB94F82880B14F002318F0600F91
:108EA000C351C8F3411307D0032B40F0BD81FFF736
:108EB00073FB6FF0850337E048460CF052FB94F8E3
:108EC0002930002840F04E81013B0A2BEFD801A247
:108ED00052F823F04B900200AF8E0200D7900200B0
:108EE000AF8E0200018F0200AF8E0200AF8E020033
:108EF000AF8E0200718F0200AF8E0200D38F02008E
:108F0000618D7F29D3D8A38D002BD0D1E38D002B89
:108F1000CDD118F01F0FCAD194F83030022B05D1F3
:108F2000FFF73AFB4FF0FF333B5076E0A06903694F
:108F300093F880301B0707D5C9B20CF074FB80464C
:108F400028B1002D6CD167E7012384F8393094F8FB
:108F50003030012B0AD1638D43B984F83030FFF7EC
:108F60001BFB3B58002B00F0858056E00123F4E703
:108F700020460CF06BF9628DFF2A014697D8E38DED
:108F8000002B94D194F82830D80690D194F8303042
:108F9000002BC5D02AB1D2B220460CF0E6FC002846
:108FA000BED0618D94F838308B42D8D0C9B22046FB
:108FB0000CF0E2FC80460028C3D1628D002A14BF69
:108FC0000223012384F83030052120460DF007F8F4
:108FD000C5E708F01F08B8F1010F7FF468AFE38D13
:108FE000002B7FF464AF628DFF2A3FF660AFA18D46
:108FF000FF293FF65CAF94F83030022B90D1D2B20B
:10900000C9B220460CF0C8FE10F1020F804640F0B5
:109010001081FFF7C1FA47F8008065B14FF00008F2
:109020002846FFF7F9FCB8F1000F7FF4F5AEFFF723
:10903000B3FA3B58F3B148460CF093FA0346A069E3
:10904000002B00F04F83802155E3E38D002B7FF44C
:109050002EAF94F83030002B3FF462AF012BA18D7E
:1090600002D100297FF45CAF18F01F080CD0B8F1D2
:10907000020F16D0E38D002B40F0D78220460CF073
:1090800086FA0028D7D1B7E600297FF449AF638D6F
:10909000012BEFD194F86C3061F3C30384F86C308A
:1090A000E8E7B4F82AA0BAF1000FE3D15FFA81F83B
:1090B000414620460CF063FF0346FFF76DFA3B5034
:1090C000013302D14FF0FF383BE75246414620467C
:1090D0000CF04DFA43E7E38D002B7FF4E8AE628D90
:1090E000A38D022A5FFA83FA11D108F01F085AEA09
:1090F00008087FF4DCAEA0690122190A0CF070FAAE
:1091000000287FF4D4AE012384F8393027E794F89F
:10911000301000293FF404AF012902D1002B7FF465
:10912000FFAE18F01F0811D0B8F1020FA2D1002A2B
:10913000A0D1514620460CF00DFF0346FFF72CFA54
:109140003B500133BED001225146C0E7002B7FF4D3
:10915000E7AE012A8ED194F86C3043F008039DE706
:109160000C0000000A2B3FF6A2AE01A252F823F039
:109170009D910200AF8E0200AF8E0200AF8E020002
:10918000AF8E0200AF8E020017920200AF8E020077
:10919000A7950200AF8E0200D1950200E38D022B4D
:1091A0007FF485AE94F83030002B3FF4B9AE012B3C
:1091B000A18D02D100297FF4B3AE18F01F0811D0A1
:1091C000B8F1020F1CD04FF0000805F10C0A504610
:1091D0000CF0BFF9E38D984218D2FFF7DDF96FF07C
:1091E0000B03A1E600297FF49BAE94F86C304FEAA4
:1091F000930808F00208C3F3001348EA0308E4E701
:10920000C9B220460CF0CAFE8046DEE74146504611
:109210000BF0E2FFA3E6B4F82AA018F01F0F4FEA04
:109220001A235FFA8AFA09D029462046FFF778FD0B
:109230008046B8F1000F7FF484AE90E6013B0E2B20
:109240003FF635AE01A252F823F000BF899202002A
:10925000C992020073930200AF8E0200AF8E02002B
:109260006B9302006B930200AF8E0200AF8E020080
:10927000AF8E0200AF8E0200AF8E0200AF8E0200F2
:10928000AF8E0200B594020005F10C0840460CF0C8
:1092900060F983462046B4F82EA00BF0D7FF20B12A
:1092A00001287FF404AE616F00E0216F002900F017
:1092B0002A820A78DA4528BFDA46524528BF524644
:1092C00040460BF078FF4AE620460BF0BFFF0AF15C
:1092D000010201900146D2B220460CF020FB8046EC
:1092E00000283FF4E4AD05F10C0AD0F804B0504674
:1092F0000CF02FF99BF80020824228BF0246594605
:1093000050460BF058FFD8F80CB0BBF1000F09D154
:10931000298AE38D99427FF622AEC91A50460BF096
:1093200065FF1CE6DBF8040083681B6B13B9DBF8F0
:1093300000B0EAE7019998470028F8D0A0F10408A6
:1093400058F8041F0029F2D00A78002AEFD05046BE
:10935000CDE902210CF0FDF8029A0399904238BF42
:1093600082B250460BF027FFEAE720460BF06EFF73
:109370009DE55246032120460CF049F8824600281C
:109380003FF495AD0CF0E0F8B4F82EB09AF8153033
:10939000C8B99AF814808DF828808DF82930DAF849
:1093A000103005F10C0A1B88ADF82A3050460CF03D
:1093B000D0F8C3455A4628BF4246824228BF0246DB
:1093C0000AA950467DE7DAF808208DF81530C14B20
:1093D0001340C14A4FF0000893428DF8148058D1D1
:1093E000102106A811F080FB021EFFF660AD0AA94D
:1093F000102ADFF8E8E20DF1180C084628BF102209
:10940000424501F1020133D8920002325FFA82F83C
:109410008DF81480034605F10C0A504602930CF0B7
:1094200098F8D845424628BF5A46904228BF104671
:1094300002288346804628BF4FF0020B5A46A8EB0D
:109440000B0805A950460BF0B6FE4FEA58030193EE
:10945000029B9B4603EB5802934521D118F0010F64
:109460003FF47DAD019A995C50460BF0ADFE76E578
:109470001CF8013B4FEA131A03F00F031EF80AA071
:109480001EF8033001F802AC01F8013C08F10108B4
:10949000B6E79AF81480DAF810308DF81480BAE73D
:1094A0001BF8011B5046CDE902320BF095FEDDE9B9
:1094B0000232D1E720460BF0C9FE38B101282CD08A
:1094C000FFF76AF86FF085033B5048E5236F002BE8
:1094D00000F019815B88B3F5007FF1D9804B0A93C6
:1094E00000238DF82C30E36C04F14C0B9B4508BF36
:1094F0000023BDF82A10A3B15A7D0F2A08D11A7D86
:109500000A44ADF82A209DF82C2001328DF82C2039
:10951000226D934203D01B68EBE7636FD7E7BDF87A
:109520002A10019105F10C0A50460CF012F8B4F81B
:109530002E800199884528BF8846804528BF8046EF
:109540004246052A28BF05220AA9504601920BF07F
:1095500032FE019AB8EB02083FF401ADE36C5B45C3
:109560003FF4FDAC002B3FF4FAAC5A7D0F2A14D126
:109570001A7D19690193424528BF424650460BF0B7
:109580001AFE019B1A7D424594BFA8EB0208A8EB86
:109590000808B8F1000F3FF4E2AC226D93423FF4AB
:1095A000DEAC1B68DEE794F83030002B3FF4B8AC3B
:1095B000E38D012B7FF47BAC05F10C0840460BF0EA
:1095C000C8FF00283FF409AE94F8381040464CE735
:1095D00008F01F08B8F1010F7FF4A2AC20460CF090
:1095E000B2F900283FF49CACB4F82CA0BAF1FF0FFC
:1095F0003FF65DAC43681B795345FFF458AC5FFA06
:109600008AF30F2B3FF653ACE38D012B7FF44FAC65
:1096100005F10C0840460BF09CFF00283FF4DDAD3F
:1096200004EB0A0393F83A10D0E748460BF099FF91
:1096300018B92846FFF7F0F920E5294620460CF036
:109640002DFC08B1284603E4A069036993F8801053
:1096500011F004017FF4D0AB11F036F80546002874
:109660003FF4E9AC014620460CF018FC00283FF41A
:10967000C3ABE7E752077FF5DEAC002B3FF4C9AB85
:109680002846FFF7C9F994F83930002B3FF4C4ABF2
:1096900094F82930052B05D1618DA069C9B20BF072
:1096A000C2FF064694F82930032B09D1638D022BA3
:1096B00006D1A18DA0690022090A0BF091FF064690
:1096C000002384F83930B046FFF7A6BB6FF00B06D5
:1096D000B1E400BF00FF020000030200EF09040034
:1096E000050F0500E38D002B3FF4ADAC16F10C0126
:1096F00018BF0121C90110F0EAFEFFF77DBB6FF032
:109700000408FFF789BB6FF015081AE40B78062BE5
:1097100010B414D10369D3F89C20EFF311842023F3
:1097200083F31288BFF36F8F4B6800201860506A74
:1097300058B9C2E9083384F31188BFF36F8F044826
:1097400010BC0022002311F056BF03605362F2E701
:10975000F00500202DE9FF4120264FF0FF335E4841
:109760004FF0FF3201A909F077FB039B1B69D3F887
:109770009C40236A93B1EFF3118286F31288BFF302
:109780006F8F216A29B1606A0B682362814208BF2A
:10979000636282F31188BFF36F8FC9B99DF80430FB
:1097A000062BDAD0072BD8D801A252F823F000BF3D
:1097B00003980200F797020023980200099802001C
:1097C000479802003D9802005B970200D198020082
:1097D0000B7ED1F81E205D06204609D1FFF7F6FA70
:1097E00002460028C5D0072120460CF0F8FBC0E750
:1097F0000CF0A5F9F4E70022012120460CF0EFFB64
:10980000ABE700221146F8E794F86C3043F004030C
:1098100001A984F86C3020460BF02DFF00220321B3
:10982000EBE794F86C3023F0040301A984F86C3062
:1098300020460BF020FF00220221DEE701A920468E
:109840000BF019FF89E794F86C30A76923F0040343
:1098500084F86C30D7F808803B69BFF35B8FD3F88E
:10986000A030BFF35B8F9A072FD5D8F83C3038462D
:109870009847D8F82430002138469847D8F8403027
:10988000054638469847ADB9294620460CF074F88D
:10989000054678B9A06910F036FF831E584258413A
:1098A00094F86C3084F8305023F0680343EA401396
:1098B00084F86C300022042120460CF090FB002D2F
:1098C0003FF44BAF2A46072197E74FF0FF35F1E70A
:1098D000029A062191E700BFF005002030B589B05B
:1098E00000220023CDE9062300246FF00703CDE911
:1098F0000334CDE901441A4B1A4900944FF48062B5
:10990000194809F021FF1949174812F082F8184B3D
:1099100018498B4207D3184B184900208B4210D3AB
:10992000002009B030BD03F11402BFF35B8F52E891
:10993000000F42E80045002DF9D1BFF35B8F1833CB
:10994000E7E703F11402BFF35B8F52E8004F42E8F0
:109950000005002DF9D1BFF35B8F1833DEE700BFA0
:1099600055970200C04700201809002055CA03007F
:10997000740800208C0800208C0800208C0800202F
:1099800038B5024609490546806910F022FF0446B1
:1099900048B985F8380028460BF0C4FE044610B1DB
:1099A000A86910F049FF204638BD00BF0D9702009E
:1099B00070B5084C084E0546B44202D30024204638
:1099C00070BD636828461968FDF7B4FB0028F6D01F
:1099D0001834F1E7740800208C08002070B50646A2
:1099E000EFF31181202383F31288BFF36F8F1B4D98
:1099F0002A6881F31188BFF36F8F526892F86C2048
:109A0000D20705D4BDE870402122002309F0BABD79
:109A1000EFF3118283F31288BFF36F8F2C682CB1A0
:109A2000696823682B608C4208BF6B6082F31188E1
:109A3000BFF36F8F44B1606804F10801C3699847B0
:109A40000748214611F087FD2B6833B130460022CC
:109A5000BDE87040002309F061BD70BD1416002000
:109A60000405002030B585B0CDE90012054600227E
:109A70001448002303A909F055F90246E8B9039BED
:109A8000DDE900015D60083383E80300EFF3118036
:109A9000202383F31288BFF36F8F039B1A600A4A57
:109AA000516861B9C2E9003380F31188BFF36F8F49
:109AB00006480022002309F031FD05B030BD0B60DF
:109AC0005360F1E704050020141600200000002078
:109AD0000B7803F01F03012B00B506D14B78432B05
:109AE00009D003F0FD03842B05D0FEF755FD034B91
:109AF0006FF085021A5000205DF804FB0C00000096
:109B000010B500220446002302480BF0E9FA00B128
:109B1000047610BD4C06002010B504690B4904F111
:109B2000480011F03EFFD4F81A10228B52EA31425D
:109B30004FF0000308D16376A37602232376032136
:109B400004F11B000BF076FB002010BD519B0200BE
:109B50002DE9FF4150F8483C0446002128381E6991
:109B60000CF077FA002844D0356995F8247077BB5B
:109B70002B6858680BF06AFB224B234A39460028B1
:109B800014BF904698461022684612F0ECFA42F64E
:109B9000A123ADF80030AB6830699B7AADF8043092
:109BA000102208236946CDE90288ADF806300CF092
:109BB00047FB002802DB032385F8243040F6CD4222
:109BC0000023204604B0BDE8F04109F0DBBC042FBF
:109BD00007D1012130460CF065FB0028EEDB0123A4
:109BE000EAE7022F02D1052385F8243004B0BDE84E
:109BF000F08104F8240C30460CF054FB0028F5D01A
:109C0000DCE700BF001BB70000389C1C70B50B7868
:109C100003F06003202B88B0154605D0FEF7BCFC8E
:109C2000134B86221A501FE04B78802B08D0852BCF
:109C3000F4D1104AD069116A01AB03C308220EE0C7
:109C40000C4B01AC03F1180618685968224603C290
:109C50000833B3421446F7D1186810601C2201A9DA
:109C600005F10C000BF0A7FA002008B070BD00BF92
:109C70000C00000090C603002DE9F04F03691C6939
:109C80000B7E9046A268814692F85700984285B0B4
:109C90000F4640F0BC80B8F1000F40F09280098A76
:109CA0000B2940F28E80FE68B3880C2B40F089802F
:109CB0003268714B9A4240F08480F3881B2903F18B
:109CC000010323857DD9338999427AD1B1F5006F9B
:109CD00077D873890B2B74D9A1F11002934270D8F5
:109CE000F518AA880F2A6CD9F058DFF890C120F037
:109CF0008070604565D1E888002862D19208901E86
:109D00000833032833445CD802F18042033A03EB62
:109D1000820033F82220002A53D14288002A50D1F1
:109D20001A8812B15888002844D140F6CD4000214D
:109D300003F050FD0546002843D039460EF083FC61
:109D400095F8373043F0010385F8373073891E44A6
:109D5000083636F8043C083BC3F38F030393039B98
:109D6000984521DA33880293B6F802A0E3B1BAF13C
:109D7000000F19D04FF0FF324FF0FF336069CDE98B
:109D8000002300231A46514603F022FE834658B1B1
:109D900028460EF052FC029928460EF09DFC002841
:109DA00021DA58460EF0B6FB0023AB6028460EF0D1
:109DB000B1FB06E0914204D302448A4203F104035A
:109DC000AEDD3846FEF728FE032104F120000CF03A
:109DD00070F901210CF03DF908B3484605B0BDE823
:109DE000F04F0CF0A4BA5246294658460EF093FCA8
:109DF0000028D6DB606959460CF0E9FF002802DA3A
:109E000058460EF087FB08F101080436A7E792F8E0
:109E10005000984207D104F12C0009F075F9002098
:109E200005B0BDE8F08F92F830209A421CD1B8F10D
:109E3000000F06D0002384F824303846FEF7ECFDEE
:109E4000EDE794F82430032B08D1042384F8243060
:109E50002122002304F1480009F094FB94F82430F7
:109E6000012BEAD10223E6E7D9F8040005B0BDE8EA
:109E7000F04F0CF06CB800BF4E434D484E434D3090
:109E80002DE9F041144CDFF8548005460E46174684
:109E9000444508D3FEF780FB114B6A221A504FF05D
:109EA000FF30BDE8F0812368AB4200D08BB9A368D6
:109EB0003A4631462846984758B1FEF76DFB084BA5
:109EC0000022C2503146E3683A462846BDE8F041D8
:109ED00018471034DCE700BF7CC603008CC60300C3
:109EE0000C00000037B50D4601AA6946FEF7F4FDE7
:109EF000044648B9FEF750FB104B09221A504FF0A8
:109F0000FF34204603B030BD009B1B6923B9FEF728
:109F100043FB0A4B8622F1E701984FF0FF324FF0E6
:109F2000FF330CF063FA009B29461B6920469847D3
:109F3000044601980CF05CFAE3E700BF0C00000057
:109F400073B50D461646694601AAFEF7C5FD0446DF
:109F5000B0B1009B5B69DBB101984FF0FF324FF06D
:109F6000FF330CF043FA009B20465B6932462946DA
:109F70009847044601980CF03BFA204602B070BDA9
:109F80000923FEF709FB034A4FF0FF341350F4E7AF
:109F90005F23F6E70C00000037B50D4601AA6946BD
:109FA000FEF79AFD0446A8B1009BDB69D3B1019886
:109FB0004FF0FF324FF0FF330CF018FA009B2046B1
:109FC000DB6929469847044601980CF011FA2046AF
:109FD00003B030BD0923FEF7DFFA034A4FF0FF3428
:109FE0001350F4E75F23F6E70C00000073B50D464D
:109FF0001646694601AAFEF76FFD0446B0B1009B04
:10A000001B6ADBB101984FF0FF324FF0FF330CF0C9
:10A01000EDF9009B20461B6A3246294698470446C4
:10A0200001980CF0E5F9204602B070BD0923FEF757
:10A03000B3FA034A4FF0FF341350F4E75F23F6E717
:10A040000C0000002DE9FF410D46164602A903AAA7
:10A050001F46FEF741FD0446E8B1029B5B6A13B35D
:10A0600003984FF0FF324FF0FF330CF0BFF90B9B1A
:10A0700001930A9B0093029B2046D3F8248032462A
:10A080003B462946C047044603980CF0B1F92046E8
:10A0900004B0BDE8F0810923FEF77EFA034A4FF0D1
:10A0A000FF341350F3E75F23F6E700BF0C00000016
:10A0B0002DE9FF410D46164602A903AA1F46FEF7E9
:10A0C0000BFD0446E8B1029B9B6A13B303984FF063
:10A0D000FF324FF0FF330CF089F90B9B01930A9B81
:10A0E0000093029B2046D3F8288032463B462946FF
:10A0F000C047044603980CF07BF9204604B0BDE845
:10A10000F0810923FEF748FA034A4FF0FF34135059
:10A11000F3E75F23F6E700BF0C0000002DE9FF41E5
:10A120000D46164602A903AA1F46FEF7D5FC0446B3
:10A13000D8B1029B1B6B03B303984FF0FF324FF073
:10A14000FF330CF053F90A9B0093029B2046D3F88F
:10A15000308032463B462946C047044603980CF0FF
:10A1600047F9204604B0BDE8F0810923FEF714FA50
:10A17000034A4FF0FF341350F3E75F23F6E700BFC5
:10A180000C00000010B5044609B10C2A05D01623B6
:10A19000FEF702FA0D4A135010BD0B68002BF6D0E3
:10A1A000886860B10CF02EF938B994F98E00002857
:10A1B00009DC02F00BF80028E9D05823E8E7081D75
:10A1C0000DF0DFF9EEE70CF01DF9F4E70C000000EC
:10A1D000F7B507460E461446FEF798FC051E18DB39
:10A1E0003CB97B1E012B04D8022E17D0012E08BFCC
:10A1F0000624F1B201ABA2B2B8B202F0ADFF061E66
:10A200000EDA28460BF014F8FEF7C6F9104B76422A
:10A210001E504FF0FF35284603B0F0BD1124E8E78B
:10A22000019800234360C365603011F084FA0198FF
:10A23000783011F0E4FB062C02D101980DF052FBAE
:10A24000044A01994FF440432846FEF7A5FCE2E793
:10A250000C0000004CC703002DE9F04389B0DDE994
:10A2600010980C4658EA0901129F06464D4613D035
:10A2700014F1690F02D014F10B0F0DD1684611F0E3
:10A280009CFDDDE9002313430ED114F1690F14BFC7
:10A290006FF068046FF00B04FEF77EF9354B6442F3
:10A2A0001C504FF0FF304AE0B8F1FF3F08BFB9F152
:10A2B000FF3F0DD04FF47A71A5FB013201FB08225C
:10A2C000DB0B43EA42433A689A4294BF3A603B60F0
:10A2D000D6F8800008B108F095FE693432D0B6F89F
:10A2E0008C3003F0C003402B2CD196F98E000CF07B
:10A2F00089F830460FF02DFE00220346022103A804
:10A3000011F069FE3C684FF4004540F2E73000214F
:10A310004FF47A720023E4FB0501FCF7F1FE0246DC
:10A320000B46012103A809F039FF3B685B00642B51
:10A3300028BF64233B60D6F8800098B9002009B09C
:10A34000BDE8F0833C684FF4004540F2E73000215F
:10A350004FF47A720023E4FB0501FCF7D1FE11F003
:10A3600009FCE2E74FF0FF324FF0FF3308F0D8FD71
:10A37000E4E700BF0C000000F8B540F20313994277
:10A38000044600F09080B1F5827F0ED2042924D0DB
:10A39000B1F5817F2DD0032919D0FEF7FDF86F4B61
:10A3A0005F221A504FF0FF3016E045F21B439942EE
:10A3B00000F0C68045F22143994200F0BF8040F290
:10A3C00005139942E9D11368C0F880300FE090F886
:10A3D0005C00C0F340008003F8BD1268C36D5504F3
:10A3E00002D543F0020301E023F00203E3650020FD
:10A3F000F2E7D2E900158B889768D8071BD52B6840
:10A400009F4202D16FF00B00E6E704F160021A618F
:10A410002B685A7B042060F305025A732A68937BE9
:10A4200023F0200393732A68D36823F4FE13D360C8
:10A430002B6814332B608B885A072CD5B4F88C30DA
:10A4400003F0C003402B02D06FF07700C4E794F90B
:10A450008E000BF0D7FF2E68B742D3D0B4F88C3003
:10A46000C3F34103012B20461AD10FF075FD306173
:10A470002B685A7B022161F305025A732A68937B89
:10A4800023F0200393732A68D36823F4FE13D36068
:10A490002B6814332B60E36D13F0050FA7D0D3E7BF
:10A4A0000FF057FDE3E7D2E90056AB88DB070ED586
:10A4B0003368DB6813F4EE1F02D1C36DDF0703D5E9
:10A4C000EB8843F00103EB80336814333360AB88CF
:10A4D00058071ED5B4F88C3003F0C003402B28D1A8
:10A4E00094F98E000BF08EFF3368DB6813F4FE1FC7
:10A4F0000CD0E36DD90709D4B4F88C30C3F3410311
:10A50000022B02BFEB8843F00403EB803368143363
:10A510003360E36D5A0742BFEB8843F00803EB80DA
:10A52000E36DDB077FF563AFEB8843F01003EB804F
:10A530005DE7EB8843F00403EB80EAE7C36D50E787
:10A540000023146819461A460BF0A0FF6FF0004371
:10A55000984294BF2060236049E700BF0C000000D0
:10A5600037B5002B069C05461CD1009314490022E8
:10A57000002302F0F1FE05F1600011F0DCF805F1B6
:10A58000780011F03CFA04F16000294611F011F94D
:10A5900028460DF0A7F904F1780003B0BDE830407B
:10A5A0000BF04FBF0ADA5B426360E36D43F00403D4
:10A5B000E36504F1600011F0CAF8ECE703B030BDC8
:10A5C0008765030013B5B0F88C30C3F34103032B48
:10A5D0004FF00001044600914FF000024FF00003DD
:10A5E00019D10DF0C0FC04236360E36D43F0040354
:10A5F000E36520460BF027FF204602F085FE031E90
:10A6000006DAFDF7C9FF054A5B4213504FF0FF33EE
:10A61000184602B010BD02F09FFEE4E70C000000F7
:10A6200037B505460C4619BBB0F88C300091C3F322
:10A630004103032B4FF000024FF000030DD10DF04A
:10A6400092FC031E0CDAFDF7A7FF0E4A5B42135083
:10A650004FF0FF34204603B030BD02F07DFEF0E73E
:10A66000EB6D43F00103EB6528460BF0ECFEF1E7E0
:10A67000FDF792FF4C1E012C024B94BF862216223E
:10A680001A50E5E70C00000013B504460DF06BF915
:10A69000031E07DAFDF780FF0D4A5B4213504FF0AF
:10A6A000FF3007E0B4F88C30C3F38113023B012B79
:10A6B00002D9002002B010BD636800930549002351
:10A6C0000022204602F048FE031EF2DAE2E700BF55
:10A6D0000C000000876503002DE9F043B0F88C30D2
:10A6E0009146C3F38112032A85B00446884607D1F8
:10A6F000FDF752FF2E4B5F221A504FF0FF3038E02B
:10A70000C3F34103022B33D0012BC56D09D1FDF7F3
:10A7100043FF15F0040F264B01D06268ECE7782266
:10A72000EAE715F0020518BF224D436819BF00265D
:10A7300000274FF4C0360027012A1DD100931E497F
:10A740000022002302F008FE002805DA4342FDF74C
:10A7500023FF174A1350D0E763680293CDE90067DF
:10A760002B464A46414620460DF053FB0028EDDBC0
:10A77000002005B0BDE8F0830293CDE900672B46C9
:10A780004A460DF046FB031E03DAFDF705FF5B4268
:10A79000DFE7E36DDB07EBD4636800930649002332
:10A7A0000022204602F0D8FD031EE1DAEDE700BFEB
:10A7B0000C000000196603008765030013B5B0F8AC
:10A7C0008C3003F0C003C02B044608D1FDF7E4FE33
:10A7D0000D4B5F221A504FF0FF3002B010BD0DF04C
:10A7E0006BF9031E05DAFDF7D7FE074A5B421350EB
:10A7F000F1E7002305490094002220460DF0B3FB49
:10A80000031EF0DB0020E8E70C00000061A5020059
:10A810002DE9F04F8FB016460A224FF0FF384FF067
:10A82000FF390B925A06CDE90C89189F04460D4654
:10A8300003D4C36D13F0020328D000220023CDE916
:10A840000C2308A811F094FADDE90C2308A8DDE92F
:10A85000088911F08DFADDE90823CDE90623E36DBF
:10A86000DB071BD46368009329490023002220469C
:10A8700002F072FD031E11DAFDF78EFE254A5B42DF
:10A8800013504FF0FF300FB0BDE8F08F0CAA052138
:10A8900002F0A8FE4FF4A0220023D2E74FF0000AF6
:10A8A0000DF12C0BDDE90C23616837B3CDE90223F0
:10A8B000199B04910093CDF804A03B4632462946EB
:10A8C00020460DF0DFFB0028DDDADDE90C23014630
:10A8D000CDE90023CDF808B042464B462046FFF7AD
:10A8E000BBFC0130CDD0DDE9062308A811F065FAE4
:10A8F000DDE90823CDE90C23D4E7CDE9002302915B
:10A900003B463246294620460DF05EFBDBE700BFA2
:10A91000876503000C000000F7B5B0F88C3003F039
:10A92000C003C02B04460E46174609D1FDF734FE7E
:10A930003F4B5F221A504FF0FF35284603B0F0BD61
:10A94000C36D5A0704D5FDF727FE6268384BF1E75F
:10A950009D0710D44FF0FF334FF0FF326946CDE929
:10A9600000230BF0DDFE031E05DAFDF715FE304A6D
:10A970005B421350DFE7002204F16000002308F07F
:10A9800091FB044620B9FDF707FE294B0B22D1E7C6
:10A990000EF04DFEFEF7BAF8051E06DA20460BF063
:10A9A00052FD204602F0B0FCC5E704F1600010F053
:10A9B00028FFA8B190F83730990711D5E36D43F01F
:10A9C0000103E36528460AF033FC20460BF03BFD0B
:10A9D000204602F099FCFDF7DFFD154B7122A9E737
:10A9E000B4F88C305A0508D5FDF7D6FD104B71220E
:10A9F0001A5028460AF01CFCD0E723F40073A4F890
:10AA00008C303A46314620460BF0FEFC40B12846D9
:10AA10000AF00EFCFDF7C0FD054B86221A50BDE77B
:10AA2000044A4FF4404321462846FEF7B5F884E730
:10AA30000C0000004CC703002DE9F04F8FB01F46FB
:10AA400003924FF0FF334FF0FF32CDE90423189B00
:10AA50000C465906DDE9195A064603D4C36D13F0B6
:10AA6000020331D000220023CDE90423189B13F008
:10AA70000203009306F1600B3AD01022002109A8CE
:10AA8000DDE9048911F06FFB04238DF83130CDF836
:10AA900034B001214B46424609A809F07FFB00F182
:10AAA0000B010B29034619D840F68102CA40D20790
:10AAB00014D5584610F0A1FE8046F8B9FDF76CFD9C
:10AAC000884B0B221A500EE004AA042102F08AFDE2
:10AAD00004A930460BF024FE031EC7DAFDF75CFD27
:10AAE000804A5B4213504FF0FF300FB0BDE8F08F4B
:10AAF000DDE90423584608F0D5FADDE7C368019381
:10AB000003690293002D6DD0BAF1000F6AD0DAF814
:10AB100000B0B6F88A600DF090FD98F83720C2F3C7
:10AB200002122A8098F83720C2F30212012A17D0A5
:10AB30006FF08509019BC8F80C30029BC8F81030F3
:10AB4000B9F1000F48D0C9F10002FDF725FD6549B4
:10AB5000009B0A50002BC6D140460DF0DBFCC2E73B
:10AB600000231422BBF1070FCDE9093229D909A925
:10AB700040460DF036FF834610B96FF06809D9E7FB
:10AB80000A9940460DF0A8FD0028F6D198F83A1031
:10AB900040460DF0A1FD81460028EED1DBF80C10F7
:10ABA0006960F6B2112E0FD107A9099108210A9107
:10ABB00009A940460DF015FF0028DED00188698004
:10ABC000B8E76FF01509B5E7062EB1D109A90791CD
:10ABD0001421089107A9ECE72A88012A0DD108223F
:10ABE000CAF80020002C46D0E2680AB1A26842B937
:10ABF000FDF7D2FC3B4B0C2264E7022A70D11822ED
:10AC0000EEE740460DF0DEFD87423E4628BF064691
:10AC10000546B2464FF0000BBAF1000F0FD1AF421C
:10AC200003D2A26942F02002A2612269002A4ED01A
:10AC3000606978B30F2848D8C4F814A02AE0A26845
:10AC400052F80B1002EB0B0021B9FDF7A5FC254BC8
:10AC5000162237E74268524528BF524640460392C3
:10AC60000DF050FD0BF1080B039A08B169226CE757
:10AC7000AAEB020AD0E740460DF0A4FD87423E460B
:10AC800028BF064605460399324640460DF03AFD78
:10AC90000028EBD1009BE3B940460DF03BFC189B2C
:10ACA00013F0200F0CBF304628461EE78A440731B8
:10ACB00021F00707103717448742BDD821F007015C
:10ACC0000A4411680029F1D1B6E71044F9E762613E
:10ACD000E0E7019BC8F80C30029BC8F81030DEE7B3
:10ACE000862232E70C0000002DE9F04F90468DB02F
:10ACF0001E464FF0FF324FF0FF33CDE90823B0F886
:10AD00008C30DDF858A00D46D90704460ED5C3F3A4
:10AD10004103022B0ED08023FDF73EFC594A13500D
:10AD20004FF0FF3630460DB0BDE8F08F0923F3E752
:10AD30008623F1E71AF0400F02D1C36D9A0715D5AB
:10AD400000220023CDE90823002EEBD0CDE90586B3
:10AD5000DDE908790AF4807BADB1B8F1000F12D1BA
:10AD6000EB685BB96FF015004342D5E713F00503BC
:10AD7000EAD108AA042102F035FCE5E7AB681A68BD
:10AD80005B6805920793CDE90A7902A8DDE90A23F9
:10AD900010F0EEFFDDE90223CDE900234FF00008BB
:10ADA0004646069B73B3E36D13F0040014D060684D
:10ADB0004042002820EAE076D6DBDDE91712204683
:10ADC0000BF022FB0028B3D11AF0020FAAD13146B2
:10ADD00020460DF081F9A5E7DB07EAD457EA09031D
:10ADE00012D1D5B9534606AA05A920460BF04EFB51
:10ADF000831950EA030643D157EA09071AD0BBF179
:10AE0000000F35D13046D4E70AA92046CDE90A79AA
:10AE10000BF086FC0028E4DACBE7534607AA05A925
:10AE200020460BF033FB064450EA060305D157EAEF
:10AE3000090302D16FF00A0096E7AA6852F83810A9
:10AE4000014405910699091A069107994FEAC8032A
:10AE50000029D4D1E96808F101088845D2D0083327
:10AE6000D118D2584B68059207930AB1002BD4D160
:10AE7000DDE900230AA810F0A0FFDDE90A7990E7D8
:10AE80001E46BCE70C000000F0B585B01C46DDE9AD
:10AE90000A6713460AB3B0F88C20C2F38112951EDC
:10AEA000012D08D80A46CDE9016700940021FFF77B
:10AEB000C3FD05B0F0BD012A07D10A46CDE90167FF
:10AEC00000940021FFF710FFF3E7FDF765FB044B4B
:10AED00086221A504FF0FF30EBE71046E9E700BF3B
:10AEE0000C000000F0B5B0F88C30C3F3811C85B0C5
:10AEF000644699B18E68D6B10023CF681D460436EA
:10AF0000AF4218D1023C012C1AD80C1D02940C68D7
:10AF1000CDE900240022FFF78FFD06E01623FDF7A0
:10AF20003BFB0D4A13504FF0FF3005B0F0BD0C2332
:10AF3000F5E78623F3E756F835E001357344DFE79C
:10AF4000BCF1010FF5D10C1D02940C68CDE9002471
:10AF50000022FFF7C9FEE8E70C00000073B50D46BC
:10AF6000062D1C461146069B58D008DC002D5DD0EE
:10AF7000012D13D0FDF710FB594B6D2238E0292D20
:10AF8000F8D1132A00F0A98000F3A280102A00F063
:10AF9000A180122AEED122460E210AE00F2A3AD0D1
:10AFA00013DC032A29D0042A1BD0022AE2D122462C
:10AFB000092102F017FB031E27DAFDF7EDFA484AD4
:10AFC0005B4213504FF0FF3020E0262A20D0272A82
:10AFD000D0D11B68042B07D1B0F88C30C3F3C20367
:10AFE00009E01B68042B05D0FDF7D6FA3C4B16226E
:10AFF0001A50E7E74368236007E0B0F88C20C2F3FB
:10B0000081121B68042BEFD12260002002B070BDBA
:10B01000B0F88A20F5E722460A21CAE7012AA9D119
:10B02000224602B0BDE870400EF06CBF202A13D05B
:10B0300008DC022A0DD00E2A47D0012A9AD12246D6
:10B040000821B6E7212A3DD0222A93D12246172192
:10B05000AFE722461021ACE7B0F88C20C2F3C20261
:10B06000012A04D0FDF798FA1D4B6A22C0E704229A
:10B070001B6801920CB1934205D0FDF78DFA184B75
:10B0800016221A500BE001AB6A46132102F0AAFA0D
:10B09000031E08DAFDF780FA114A5B4213504FF0A5
:10B0A000FF352846B2E7009808B92560F9E70CF0AB
:10B0B0003AF920B9FDF770FA094B0222E1E743683B
:10B0C0002360EEE722460D2173E72246142170E744
:10B0D000432AB3E722460F216BE72246162168E791
:10B0E0000C000000F7B50F46062F1C460646089BCD
:10B0F00011467FD009DC002F00F08480012F29D079
:10B10000FDF74AFA754B6D223BE0292FF8D11A2A38
:10B1100000F3D2800F2AF3DDA2F110010A29EFD843
:10B1200001A252F821F000BFC5B20200CBB202006A
:10B13000D1B20200D7B2020001B1020001B1020097
:10B1400001B1020001B1020001B1020001B102002F
:10B1500063B102000F2A22D006DC022A13D00D2A86
:10B16000CED1002003B0F0BD192AC9D1B0F88C208F
:10B17000C2F3C2010139012914D9FDF70DFA574B69
:10B180006A221A5092E02246092102F08DF9031E2C
:10B19000E7DAFDF701FA514A5B42135086E0224696
:10B1A0000A21F2E713B144B1217821B922F40062F7
:10B1B000A6F88C20D5E7082B04D0FDF7EDF9474B16
:10B1C0001622DEE7204601F00DFC031EE1DB0BF04A
:10B1D00019F920B9FDF7E0F9404B1322D1E7B6F891
:10B1E0008C3043F40063A6F88C3001F035FB86F810
:10B1F0008E00B6E7012A83D1224603B0BDE8F040B5
:10B200000EF054BE242A3FF77BAF1F2A07DC012A29
:10B2100055D0022A7FF474AF22461021B5E7A2F17F
:10B220002105032D03D8DFE805F039443D3D002218
:10B2300000921CB10C2B0AD0082B21D0FDF7ACF9E1
:10B24000264B16221A504FF0FF3738468AE7A0687F
:10B25000B0B10BF0D7F80090009808B101F0FCFAFB
:10B26000042301900DEB03021321304602F01CF978
:10B27000031EEADAFDF790F9184A5B421350E2E741
:10B280006368002BE8D06946201D0CF068F80028A0
:10B29000E2D1FDF781F9114B0222D3E722460D21BD
:10B2A000304672E71A462146FEF76CFF4FF0FF303A
:10B2B00058E722461721F3E7432A7FF421AF2246BD
:10B2C000082162E722460F21EAE722461321E7E739
:10B2D00022460E21E4E722461621E1E70C00000099
:10B2E00013B503461446B3F88C200846C2F3811107
:10B2F000032908D1FDF750F9184B5F221A504FF07F
:10B30000FF3002B010BD00B124B9FDF745F9134B71
:10B310001622F3E712F4807F04D1FDF73DF90F4BBD
:10B320008022EBE7012903D1C2F34102022AF4D1C2
:10B330001A8D012AE9D1ADF800205A8DADF802200E
:10B340002268DB6A0193082A28BF0822694610F0A8
:10B35000E3FE082323600020D3E700BF0C000000B9
:10B36000F0B51546028C012A85B00E464FF0000458
:10B3700023D1436ACDE90244EBB108230DEB03016D
:10B3800001AA01930CF0BEFE031E07DA5B42FDF733
:10B3900003F90D4A13504FF0FF300AE0019F2A686D
:10B3A000BA4228BF3A4602A9304610F0B5FE2F60D7
:10B3B000204605B0F0BD1623E9E7FDF7EDF8024B96
:10B3C00016221A50E7E700BF0C000000F0B58DB060
:10B3D000164605460C4630220021684610F0C3FE92
:10B3E00001238DF800308DF8076055B32B6843B307
:10B3F0005A68154B9A4224D128460BF0D1F9876838
:10B40000064628460BF0D1F9C3041AD5CFB13D69E1
:10B41000BDB12388012B14D18DF801304FF4BC430A
:10B42000ADF802306379A2798DF8052003F07F032F
:10B43000E2798DF806208DF804306A4607213046FF
:10B44000A8470DB0F0BD00BF680700202DE9F84304
:10B45000D1F80880D8F80C3005460C4613B9022004
:10B46000BDE8F883B8F810200D2AF8D9D3F80620E3
:10B47000C1F826205A894A850320062281F8240033
:10B4800081F825201E68C4F82E609E88668684F8A0
:10B490002C0084F82D209B892E319EB25BBAA386A6
:10B4A00008469FB20BF0ACF981466DB32B684BB1E7
:10B4B0005A7C062A28D103F1120010F05CFEB0FA83
:10B4C00080F35B09B9F1000F05D194F82E20D20763
:10B4D00001D4002BC3D00E2108F10C0009F08DFE21
:10B4E000A3689BB9224B234A23499342B7D2988938
:10B4F000B84207D15868884204D1D3F80880B8F11F
:10B50000000F05D11033F0E70023DBE75B68E8E7C5
:10B51000224639462846C0470028A1D002289ED09E
:10B5200048F688639E429BD094F83730C3F30213E9
:10B53000012B13D1A368DB685B885BBA9BB22D2B10
:10B540008ED8A268002A8BD0118A994236BF5B1A26
:10B5500013829BB2526828BF0023F3E7022B7FF4CB
:10B560007FAFA368DB689B885BBA2833E6E700BF40
:10B570005CC603007CC603006807002000487047D3
:10B580000D0A04002DE9F34780460BF009F98A8E75
:10B59000D0F8089057BA0E46BFB2B9F1000F00F0CC
:10B5A000B080D9F81C302BB96FF08505284602B061
:10B5B000BDE8F08791F83730C3F30213012B5DD15A
:10B5C000B2F5006F5AD18B688D69DC6801F0BAFB67
:10B5D000226903689A4227D13446082794F82D300F
:10B5E0004BB9494B1A68C4F82D209A889B79A4F866
:10B5F000312084F8333040F6CD4200230E2120461E
:10B6000002F0A8F8824600283AD16FF00B05B7F592
:10B61000C16FCBD130460CF05DFFA368D9684046BE
:10B62000103100F085FC5EE004F11001284600F0C6
:10B6300035FE0028D0D1B368D968103108460BF028
:10B64000A2F802460028C7D101AB304600F036FA16
:10B6500005460028C0D0012809D130460CF05AFF19
:10B66000019CA78E7FBABFB2002FB7D19CE70228FA
:10B670009CD130460CF04EFF002597E73446F3E7A7
:10B6800050F80C5F0E2109F090FDB7F5C16F2ED078
:10B6900094F83730C3F30213012B28D1A368DA687A
:10B6A000103210460BF06FF808B3294610460BF025
:10B6B00015F9D4F82630C5F80630638D6B815146F4
:10B6C000AF8120460CF04DFF20460CF0B6FF4046FF
:10B6D0000BF066F8D9F81C3021469847054600283B
:10B6E00095D1A3684BB920460CF014FF5EE7D4F85F
:10B6F0002E302B60638EAB80DBE71A8A5B681544C3
:10B70000F0E76FF0010551E78FCE030038B505462D
:10B710000BF041F8012303760F49456104460430DC
:10B7200010F0FEF828460BF040F8420542BF237E99
:10B7300043F00403237628460BF037F8C30404D5FE
:10B74000064A0748002100F053FD00F005FC637E27
:10B7500043F00203637638BD93680300CDB3020063
:10B76000382600202DE9F04707468CB08A461C4653
:10B770009046002A00F00F811368002B00F00B8127
:10B780001E68D6F808903022002168466D4610F0F9
:10B79000EAFCB9F1000F00F0FB80D9F8103023B9B2
:10B7A0006FF085000CB0BDE8F08714B96FF015009C
:10B7B000F8E7149B302BF9D1784B013F4AEB030A91
:10B7C000102F7AF1000AF1D20F2FEFD801A353F80E
:10B7D00027F000BF15B8020047B8020081B8020088
:10B7E000CDB80200F5B8020023B90200ADB70200DF
:10B7F000ADB70200ADB70200ADB70200ADB70200B1
:10B80000ADB702003DB902005BB90200ADB702005E
:10B8100075B90200002140460BF07EF8002875D172
:10B820002068A3880090ADF804306A46D9F810303B
:10B83000304698470028B5DB0323062221464046C0
:10B840000BF01BFDAEE74FF4007130460BF056F8DD
:10B850000028A5D023797BB1023B012BA6D9206813
:10B8600061682B4603C3A06818600121D9F8103025
:10B870002A463046984795E7A368642BEFD995E7A9
:10B880004FF4003130460BF039F8002888D0637946
:10B89000012B8BD02379032B0BD1414B226A9A4287
:10B8A00084D8D4E904128B424FF000039341FFF493
:10B8B0007DAF2A4604F1300720686168134603C350
:10B8C0000834BC421A46F7D10221CFE74FF4802159
:10B8D00030460BF013F800283FF462AF2379042BB5
:10B8E0003FF464AF206861686B4603C3A0681860CA
:10B8F0000321BBE74FF4002130460AF0FFFF002888
:10B900003FF44EAF40460BF013F810B16FF00C004F
:10B9100048E7206861686B4603C3A068186004218B
:10B92000A4E74FF4806130460AF0E8FF00283FF4B6
:10B9300037AF23788DF80030052197E740460AF0AD
:10B94000F7FF0028E2D12068A288A3790090ADF823
:10B9500004208DF80630092188E74FF48011304625
:10B960000AF0CCFF00283FF41BAF23788DF800309D
:10B970000A217BE74FF4805130460AF0BFFF0028D0
:10B980003FF40EAF616820686B4603C307216DE783
:10B990006FF0010006E700239B68FFDEFFFF6FAF3B
:10B9A000FFC99A3B07B500230246044900930120D2
:10B9B00001F0A4FA03B05DF804FB00BF000090D0D2
:10B9C00007B50023024604490093022001F096FACD
:10B9D00003B05DF804FB00BF000090D008B5084B31
:10B9E0005A683AB11B68002123B19A4204D1044835
:10B9F0000AF0B4FF104608BD19461B68F4E700BF03
:10BA0000582600202DE9F8430AF0D4FFDFF89C8087
:10BA100006464FF0FF3226484FF0FF330AF0F9FF99
:10BA2000D8F8004024B12568224FC6F5FA6924B938
:10BA3000BDE8F8431E480BF025B8636809EB030224
:10BA4000002A18DC012120460BF02AF822460021AA
:10BA500040460AF083FF002323607B6833B9C7E9BF
:10BA6000004435B12B682C461D46E0E71C607C6025
:10BA7000F7E72B46F7E79C1B14F5FA6F13D004F594
:10BA8000FA6440F2E73000214FF400454FF47A7237
:10BA90000023E4FB0501FBF733FB02460B46064897
:10BAA00007F070FDC4E700221346F8E76026002087
:10BAB0004426002068260020A00900202DE9F04F30
:10BAC00087B0894690460393054620B96FF015006C
:10BAD00007B0BDE8F08F8368002BF7D05AB98069B2
:10BAE0000BF0F9FB38B9AB695B6823B103F140098E
:10BAF0001B6C002BEAD0804E80484FF0FF324FF095
:10BB0000FF330AF086FF3768A969002305934A4688
:10BB100005AB38460AF0A8FF0446002832D1DFF80A
:10BB2000E0A10346DAF800000AF09EFF064600286E
:10BB300049D174480468002C41D0224631460AF0AD
:10BB40000DFFAB690293B8F1000F4FD140F6CD4223
:10BB50000023CDE900230298434642461C2101F010
:10BB600025FF0646002842D1002C40F0C0806348E3
:10BB70000AF088FF039B002E1E600CBF6FF00B00C5
:10BB80000120A5E7B84207D00599024630460AF0E1
:10BB9000E5FE21460AF0DBFE58480AF073FFA06874
:10BBA0000AF0EFFE811C05F124000AF034FF05F1D4
:10BBB0002C0004F110010AF02EFF002088E7FFF7A7
:10BBC0000DFF0446BDE728460CF084FC05460146FF
:10BBD00006F118000FF002FE20B148480AF052FFAB
:10BBE000022075E728460CF095FCAAE72E4640F6A1
:10BBF0000603B38696F83730B068012262F3061365
:10BC000086F837301C210C3009F0CFFAB36806F102
:10BC1000240BDF68002C56D028460CF05BFC29462C
:10BC200004F118000FF0C5FDB369A360D9F8003026
:10BC3000E360A0680AF0A5FE811C58460AF0EBFEFE
:10BC400000232360DAF80430CBBBCAE900440AF0D1
:10BC5000B1FE60602C4810F069F8084305D12B480C
:10BC60004FF48032002307F08DFCFFF787FC01467C
:10BC700006F12C000AF0CFFE0821B970062100233E
:10BC80000122397104213B70FB707971BB71C7F8D7
:10BC90001230FB827A70FA71494607F118000AF0F7
:10BCA0006DFED6F82630BB60738DBB819CB9AB6846
:10BCB000D9680C3107F10E000AF060FE57E71C60EE
:10BCC000CAF80440C3E702980AF05BFE811C58469C
:10BCD0000AF0A1FEC9E7A368414658684A460AF03F
:10BCE000A3FE01460028E5D1C7F80E003FE705484E
:10BCF00021460AF02CFE3AE7582600204426002070
:10BD00006026002068260020B0090020A00900203D
:10BD10002DE9F34705469DF828900F4616469846AC
:10BD20000AF06CFE38B94FF0FF324FF0FF3305F1E7
:10BD300028000AF06EFE4848DFF820A14FF0FF32DD
:10BD40004FF0FF330AF065FE00230193DAF800009C
:10BD500001AB3A4629460AF087FE044620B1024666
:10BD6000019950460AF0FAFDDAF8003013B93C4860
:10BD70000FF025FE002C44D1B8F1000F0BD039484C
:10BD800001AB00683A4629460AF06EFE18B13368E6
:10BD90000361B3888382B9F1000F0ED031480023CC
:10BDA00001932946006801AB3A460AF05DFE014660
:10BDB00060B133680361B388838227480AF062FE6A
:10BDC000284602B0BDE8F0470AF05EBE2648046887
:10BDD0009CB9FFF703FE04460028EED00AF0EAFD06
:10BDE000C4E901053B68E36033682361B3881D48FB
:10BDF000A38221460AF0ABFDDFE722460AF0AEFD42
:10BE0000ECE733682361B3881648A38221460AF021
:10BE10009EFD04F11807A369002BCED04FF0FF332D
:10BE20004FF0FF32384607F03DF983680646D9687F
:10BE30002C300AF0F0FD65B12B6853B15B683146D8
:10BE40005B68284698470028E5DA30460CF062FB2C
:10BE5000E1E700235B68FFDE442600206026002027
:10BE6000A009002058260020682600202DE9F04176
:10BE7000DFF8A88005464FF0FF3229484FF0FF3326
:10BE80000AF0C7FDD8F8004014B12668002784B92D
:10BE9000244F3C681CB126684FF000081CBB3B686F
:10BEA00013B921480FF08BFDBDE8F0411C480AF0A2
:10BEB000E9BD45B1A368AB4205D027468EB13368D2
:10BEC00034461E46E3E7204600210AF0E9FD3946E4
:10BED000404622460AF042FD144821460AF037FD4A
:10BEE000ECE73346ECE745B1A368AB4205D0A0468A
:10BEF0008EB1336834461E46D0E7204601210AF051
:10BF0000CFFD4146384622460AF028FD0748214623
:10BF10000AF01DFDECE73346ECE700BF5826002091
:10BF20004426002060260020A0090020682600206A
:10BF300008B50A4601460748002300680AF094FD48
:10BF400020B101210AF0ACFD002008BD6FF0010016
:10BF5000FBE700BF6026002038B5124D2B7803BBED
:10BF6000114A124CC2E90033114AC4E90033C2E954
:10BF7000003310480FF0DFFB0F4920460AF0E7FCC2
:10BF800001F148000FF0D7FB20460C490AF0DFFC16
:10BF90000B490C480FF005FD0B480FF03BFB01234C
:10BFA0002B7038BD4D3F0020602600206826002001
:10BFB000582600208826002070260020A026002079
:10BFC00005BA0200A0090020442600200068044BA6
:10BFD00000BA6FF30F00C31A58425841704700BFB0
:10BFE0000000FEA938B54FF0FF324FF0FF33054691
:10BFF0001D480BF073F81D4B1B687BB11A684FF09E
:10C00000FF344FF47A705BB9631C1BD118480FF0F2
:10C01000D6FCBDE8384014480BF069B81A46EEE784
:10C02000D9691B8C491B00FB0313002B09DD9C42C3
:10C0300028BF1C461AB1116813460A46E3E71146A9
:10C04000FAE700244FF4004540F2E73000214FF4B6
:10C050007A720023E4FB0501FBF752F802460B4617
:10C06000034807F08FFAD4E75C050020382700204A
:10C07000D00900202DE9F341054616460C469846A6
:10C080000BF02EF86A6842B900272CE05440B4FA4D
:10C0900084F4183C2344DBB221E09169164B21F073
:10C0A0007D4101F0FF219942EED11388012BEBD1A4
:10C0B000171D3846FFF78AFF4045E5D15368D2691E
:10C0C00013400193601E01A9002310F8014F11F8DD
:10C0D000012B9442DAD10833DBB2202BF5D1327830
:10C0E0009A42D1D8337005F114000BF000F83846AD
:10C0F00002B0BDE8F08100BF000100022DE9F34766
:10C100000BF095F8254D80464FF0FF3224484FF054
:10C11000FF330AF0E3FF2C682CB1002726684FF4A8
:10C120007A7AB94644B94046FFF75CFF1C4802B032
:10C13000BDE8F0470AF0DBBFE369228CA3EB0803FC
:10C140000AFB0233002B05DD27462EB33368344645
:10C150001E46E7E7A388012B08D110230093A269AC
:10C16000104904F10803202000F0C8FE23686FB9CD
:10C170006A682B60944200D16B6094F82230C4F856
:10C18000009069F3000384F82230DEE73B606B68BF
:10C190009C4208BF6F60F0E73346D8E7382700209D
:10C1A0005C050020000030E0002808DD431E054843
:10C1B00000EB8310044B984228BF002070470020FA
:10C1C000704700BFFC0600203C070020054B064AD4
:10C1D000934205D0054A1068002808BF18467047EA
:10C1E00000207047FC0600203C070020402700206C
:10C1F000F8B50E4D04464FF0FF330D4816464FF08C
:10C20000FF320F460AF06AFF214628460AF0F8FE80
:10C210002B6823606B682C6003B96C60C4E90176FD
:10C220000348BDE8F8400AF062BF00BFDC260020EA
:10C230005C05002038B504460D460AF051FF062182
:10C2400020460AF018FF10B3636843B105B12B60B4
:10C25000002504F114000AF04AFF284638BD4FF0CB
:10C26000FF324FF0FF330B480AF038FF0A4B9A6C4D
:10C270003AB963609C6405B12B6006480AF037FF49
:10C28000E6E704480AF033FF6FF00205E1E76FF0DC
:10C290008505DEE75C050020EC26002070B50D4624
:10C2A00068B1BDE870400AF06EBF294620460AF02A
:10C2B0006AFF18B94034B442F7D3002070BD014C76
:10C2C000014EF8E7FC0600203C0700202DE9F34171
:10C2D000002305468DF807300E4600294ED008464B
:10C2E000FFF774FE034628BBFDB10DF10702284697
:10C2F000FFF7C0FE04460CE0384600230DF10702AC
:10C300003146FFF7B7FE4037002818BF04464745BF
:10C31000F2D3A4BB012128460BF002F8044670BBFF
:10C3200002B0BDE8F04100F009BD174FDFF85C80B6
:10C330002C46ECE7EDB1012128460AF0EEFFD9E7E3
:10C34000204601230DF107023146FFF793FE4034EA
:10C35000002818BF07464445F2D3FFF737FF3146A0
:10C3600001230DF10702FFF785FE044638B93C466C
:10C37000CFE7054CDFF814802F46ECE70C4620464B
:10C3800002B0BDE8F08100BFFC0600203C070020A1
:10C39000F8B5134C134F06460D46BC4201D3002599
:10C3A0001BE020460AF09CFE63682BB904F11400E0
:10C3B0000AF09DFE4034F0E7DA7E9207F6D51A883F
:10C3C000012AF3D1326859689142EFD105B12C604E
:10C3D00004F114001D460AF08AFE2846F8BD00BF8D
:10C3E000FC0600203C0700202DE9FF470646884652
:10C3F00091461F460AF074FE03A93046FFF71AFF64
:10C4000006F1140A68BB7568EB7E99071ED5D8F84B
:10C4100000106A68914219D1DA0610D4BFF35B8F1D
:10C4200005F1140353E8001F013143E80012002A0C
:10C43000F8D1BFF35B8FEB7E43F01003EB765046F1
:10C440000AF055FE284604B0BDE8F087039CB9F118
:10C45000020F254602D1237E042B04D0E37E9B07E6
:10C4600031D50025EBE7002CE9D0D8F80010626840
:10C47000914206D000931549231D3246022000F058
:10C480003DFDE37E114923F0120343F01203E376EE
:10C4900001232380D8F800206260B7FA87F7E27E94
:10C4A000636163767F096FF07F4367F30002E361A6
:10C4B0000423E27684F81890324600930120E318B2
:10C4C00000F01CFDBBE7002CDBD1B8E7000030E03A
:10C4D000F8B5144C144F06460D46BC4201D3002457
:10C4E0001EE01DB12B680BB1A34208D120460AF013
:10C4F000F7FD636804F114001BB90AF0F8FD40343D
:10C50000EBE793F83C20D207F7D51EB1596A3268A1
:10C510009142F2D105B12C6003F120040AF0E7FD4D
:10C520002046F8BDFC0600203C0700202DE9F04322
:10C53000036885B000219F7E04460AF09CFD002818
:10C5400055D102252368002B00F0BA8026469D763F
:10C5500020460AF0C5FD56F8149B0FF007FC4FF477
:10C560007A72A0FB020302FB0131C00B40EA41409A
:10C57000C90BC9E9080130460AF0B9FD23689B7E62
:10C58000AB424FF0000840F09B80062D5ED1062F95
:10C5900000F09680082120460AF079FD43464A497A
:10C5A000CDF800802246022000F0A8FC20460AF0C8
:10C5B00055FD030700F1848020460AF091FD2946CD
:10C5C00020460AF058FD002836D003A92046FFF780
:10C5D00031FE88BB03460546FBB130460AF087FDB5
:10C5E0006DB32B685BB3183B4BB39B69FAE72046EE
:10C5F0000AF026FD0EF011FF68B1092120460AF06D
:10C600003AFD00289DD00A2120460AF034FDC0F1F1
:10C610000605EDB296E7032594E7039B93F83C20CB
:10C62000D707DAD59107D8D403F1380598630123E9
:10C630000028D2D12846CEE730460AF058FD062120
:10C64000204605B0BDE8F0430AF015BD062F37D1EE
:10C65000082120460AF02EFD22461B49CDF8008015
:10C660004346012000F04AFC20460AF0F7FC02078E
:10C670000AD420460AF034FD394620460AF0FBFC75
:10C6800070B930460AF033FD30460AF030FD2046DE
:10C6900003F096FC204605B0BDE8F0430AF020BD4B
:10C6A00003A92046FFF7C6FD0028EAD1039991F8B7
:10C6B0003C30DB07E5D5203120460AF097FEE0E765
:10C6C00005B0BDE8F08300BF000010D02DE9F743AE
:10C6D00005468846174699460AF00BFD044620B9E0
:10C6E0006FF0150003B0BDE8F08304F11402BFF34E
:10C6F0005B8F6669BFF35B8F002EF1D0BFF35B8F5A
:10C70000701E52E8003FB34203D142E80001002905
:10C71000F7D1BFF35B8FE8D1012E05DDB9F1000F32
:10C72000E0D0C9F80040DDE7E37EB8F1010F23F067
:10C730000203E37601D00020D4E7002FFBD0284687
:10C740000AF0CEFC6B683BB1042300930549E31863
:10C750002A46022000F0D2FB05F114000AF0C7FCC3
:10C76000E9E700BF000030E0F8B54FF0FF330546C1
:10C7700017460E484FF0FF320E460AF0AFFC0C4B46
:10C780001B680BB11C6823B9BDE8F84007480AF0E4
:10C79000AEBC5B683A463146284698471CB12268D1
:10C7A00023461446EFE72246FAE700BF5C05002067
:10C7B000E4260020F7B50023CDE90033254B84693A
:10C7C0001B6805465BB190F82D20062A00F12E016A
:10C7D0003BD80DF102008DF801200FF09DFC0921DE
:10C7E00020466F690AF047FC88B30D2120460AF005
:10C7F00042FC38B94FF0FF324FF0FF3304F128000C
:10C800000AF06CFC20460AF016FC294643682046D4
:10C8100098470D21064620460AF02DFC18B904F170
:10C8200028000AF064FC002E02DA28460BF072FEA3
:10C830001FB1314638460AF008FC9DF8013023B19B
:10C84000324669462046FFF78FFF03B0F0BD6FF018
:10C850007206EAE7E4260020064B984206D3064A11
:10C86000904203D2C01A8011013070474FF0FF3060
:10C87000704700BFFC0600203C07002037B5054686
:10C880000AF02EFC002128460AF0F5FB50BB284692
:10C890000AF0D1FB044680B1846874B128460AF0DE
:10C8A000CFFB0EF0BAFD00B328460AF0C4FB01210D
:10C8B000836828469847041E0DDB002128460AF0AD
:10C8C000E6FB002308200A4900932A4600F016FBE5
:10C8D0002846FFF72BFE05F114000AF008FC20465D
:10C8E00003B030BD6FF07704F5E76FF00504F2E7B1
:10C8F000000010D037B505460AF0F2FB00212846AB
:10C900000AF0B9FBF8B128460AF095FB044628B1B5
:10C9100084681CB12846A047041E0DDB0021284670
:10C920000AF0C8FB00230420084900932A4600F0BF
:10C93000E5FA2846FFF7FAFD05F114000AF0D7FBE7
:10C94000204603B030BD6FF07704F5E7000010D04B
:10C9500008B503460AF06FFB084A824208D14BB182
:10C960001B683BB19B68987E431E5842584108BDE6
:10C970000020FCE700239B7EFFDE00BF680700204D
:10C980002DE9F0410D460646F8B1F1B10846FAF737
:10C99000DBFB08281CD8114FDFF84480441C4745B6
:10C9A00008D32246294606F108000FF0B5FB002007
:10C9B000BDE8F081B74206D02246294607F10800BB
:10C9C0000FF0D9FB38B14037E9E76FF01500EFE71A
:10C9D0006FF05A00ECE76FF07700E9E7FC06002003
:10C9E0003C07002070B50546B8B10D4C0D4EB44261
:10C9F00002D36FF0010070BD2846FAF7A5FB294667
:10CA0000024604F108000FF0D3FB20B92046BDE830
:10CA10007040FFF721BF4034E9E76FF01500EAE707
:10CA2000FC0600203C0700202DE9F0433B483C4C2D
:10CA30003C4DDFF8F4803D4E85B04FF0FF324FF0B3
:10CA4000FF330AF04BFB01F009F82746AC421AD33A
:10CA5000374B384ADB1B9B09954238BF002363B133
:10CA6000354B364936484FF4A072A3F844200EF0F7
:10CA700098FF344B0022C3E90022284805B0BDE8E6
:10CA8000F0430AF034BB0022C4E90222227420469B
:10CA90000AF0D6FAD0F80890B9F1000F18D0D9F8FA
:10CAA0000030ABB1062120460AF0F1FA04F114007F
:10CAB0000EF0B0FD04F128000EF0ACFDD9F8003006
:10CAC0002046984794F83C3023F0030384F83C3028
:10CAD000237A83B92046FFF73BFF70B11A4A1368E7
:10CAE000591C1160194A092101A807F045FC01A948
:10CAF0002046FFF745FF4034A8E720460AF09BFA9E
:10CB0000804505D1124A1368591C1160114AEAE7A1
:10CB100033685A1C3260104AE5E700BF5C0500200C
:10CB2000FC0600203C07002068070020D0260020DB
:10CB30007B070020BD060020EC260020FDC002007F
:10CB4000D009002038270020D8260020A0CE0300DE
:10CB5000D4260020A7CE0300ADCE030038B5074C85
:10CB6000074DAC4200D338BD032120460AF083FABA
:10CB700010B92046FFF782FE4034F2E7FC060020A1
:10CB80003C07002001282DE9F0470C46164638D115
:10CB9000002313604C1E1A4619461D4614F8010F57
:10CBA00018B12E281CD101339BB2012909D9092AB9
:10CBB00003D9032907D1632A05D86FF01500BDE812
:10CBC000F0870029F9D0FF2AF7D8725522781AB1D8
:10CBD0000135EDB2042D11D1032B00F09880ECE764
:10CBE0003038C7B2092FE8D80131C9B20429E4D0DE
:10CBF00002EB820200EB420082B2CFE70022114634
:10CC0000CCE70228D9D12E2120460FF0C4FA237890
:10CC100000280CBF082706273A2B08BF01342046FE
:10CC2000FAF792FA44490022824226DB062F4FF09F
:10CC300000050CBF4FF005094FF00709A8462378FF
:10CC4000002BBAD03A2B3DD010220021204607F00D
:10CC5000BDFB102282460021204607F0B7FBCAF335
:10CC6000072A4AEA002A26F815A03A2120460FF0A2
:10CC700092FA0446A8B1013415E0A35C462B09D80A
:10CC80002D2B9AD92E3BDBB221FA03F3DB0794D587
:10CC90000132C9E7613B052BFAD98EE7002CCED1D2
:10CCA0008BE7A94589DC0135AF42F7DC062F2ED191
:10CCB0000B369CB981E706EB450306F8158083F82F
:10CCC00001800135BD42F6DB3A2120460FF08EFA95
:10CCD000A0421ED1062F18D101340B36002523782F
:10CCE000002B3FF46AAF00210A22204607F06EFBBA
:10CCF0002E2106F8010F20460FF04DFAC8B101357C
:10CD0000042D00F10104EAD101E063782BB9002081
:10CD100055E7062F08BF00F1FF307D1E013010F8E7
:10CD2000013D3A2B02D1013DFFF447AF8442F6D1D9
:10CD3000A1E7032D51E700BFFD1FF8010048704730
:10CD400094C703000048704790C703002DE9F041E5
:10CD5000474F86B047480022002302A906F07CF81E
:10CD6000054610B106B0BDE8F0814348434CDFF8FA
:10CD700010814FF0FF324FF0FF3306F0D1F84445F9
:10CD80000CD3404D2C681CB126684FF0000824BB22
:10CD900039480AF062FD06F0D3FEDBE7DDE9020167
:10CDA000D4E9002381EA03063E4214D1C1F31306FD
:10CDB000064309D0C3F31306164305D00B400240C7
:10CDC000C3F313031A4306D0E368049ACDE9005372
:10CDD0000023A668B0471034D1E7DDE90223D4E987
:10CDE000021083EA000C1CEA070F2CD1C3F3130CCA
:10CDF00052EA0C0C0CD0C0F3130C51EA0C0C07D007
:10CE000003EA000C1140CCF3130C51EA0C011AD0C8
:10CE10000001616824D5886918B1DDF810C060454B
:10CE200011D1C4E90223049B8B612368B8F1000F80
:10CE30000ED16A682B60944200D16B600023606859
:10CE4000236006F061F98EB1336834461E469EE7D2
:10CE5000C8F800306B689C4208BFC5F80480EDE755
:10CE60000498009020468847A046ECE73346ECE75C
:10CE70000000F037C0050020840500208CC60300A8
:10CE80008CC603004427002070B5184C1848194D73
:10CE9000002200230021C4E900230B460A46A842D1
:10CEA0000CD391B1C4E900321349096881B1086813
:10CEB000002579B90DB1C4E9003270BDD0E9006137
:10CEC00010300A4333430121E9E70B460A46EBE7FA
:10CED0000846EDE7D1E902512B430A4320B105682A
:10CEE000014628460125E4E70546F9E7100A002037
:10CEF0008CC603008CC603004427002070B51C4B71
:10CF00000C461646C1F30172D3E9001332EA1372DC
:10CF100005462BD1C4F3065232EA135226D124EA35
:10CF2000030320EA0101C3F3130319431ED14FF099
:10CF3000FF324FF0FF330F4805F0F2FF0E4B19465A
:10CF4000002241F80C2943F80C5CC1E901464FF47A
:10CF5000A472002309480EF04EFB06480AF07DFC3F
:10CF6000BDE87040064907480EF005BD70BD00BF22
:10CF7000100A0020980500200C0A0020C00500209F
:10CF80001C030020180A00207FB5FFF77DFF002357
:10CF9000CDE904330848094B03930EF0FCFC03ABC6
:10CFA0000093074904484FF0FF334FF4507206F0E6
:10CFB0004BFA07B05DF804FB180A0020B3CE03005B
:10CFC000004C00202DE9F347294C0E4617469846A1
:10CFD0000025A246B4F88C30DB0721D5236B98429C
:10CFE0001ED194235D4305F10C0454444FF0FF33EC
:10CFF0004FF0FF3220460AF046FCB069FFF72CFCE8
:10D000000AEB050989F88E00C6F81490D9F8343077
:10D01000CBB920460AF039FC022002B0BDE8F08707
:10D020000135202D04F19404D4D14FF0FF324FF09C
:10D03000FF330C200AF027FCB069FFF70DFC00233A
:10D0400083F88E30FFDE05F14400504406F05CF8B2
:10D0500020460AF01AFC00240A9B019300944846DB
:10D06000D9F8345043463A463146A8472046D4E7DB
:10D07000642700202DE9F84F364C9DF82CA09DF830
:10D0800030B098460A9B05460E46174604F594595B
:10D09000B4F88C20D10705D494344C45F8D1002045
:10D0A000BDE8F88F0DB1A542F6D0B4F88A10B942A8
:10D0B000F2D1618C4145EFD1120528D41A88012A9A
:10D0C000EAD1626A002AE7D0218C0129E4D11268F2
:10D0D0000AB1596831BBBBF1000F03D094F8861038
:10D0E0000029D9D1BAF1000F0ED0B4F88C1001F09C
:10D0F000C000402803D1C1F34101032904D0002A14
:10D10000CAD15A68002AC7D16FF01000C8E7002EB4
:10D11000D4D094F98E000A930AF0B9FB86420A9B98
:10D12000BAD1CBE78A42B7D1BBF1000F03D094F854
:10D130008620002AB0D1BAF1000FE5D0B4F88C20D7
:10D1400002F0C002402ADFD1226C92F870220B2A32
:10D15000DAD1A1E7642700202DE9F74F02288A469B
:10D160009046019306D868B96FF06904204603B071
:10D17000BDE8F08F0338012894BF6FF05F046FF0B3
:10D180006904F3E7022800F0AC80022907D00329E4
:10D1900000F0AA80012923D06FF06A04E6E7112A83
:10D1A00040F0A280019B002B00F0A1804FF0FF33E4
:10D1B00052484FF0FF3205F0E1FF514B4FF00009AC
:10D1C0001E46B3F88C1011F001010BD009F10109D2
:10D1D000B9F1200F03F19403F3D16FF0010461E082
:10D1E000062ADDE7942202FB09F706EB070B5846F7
:10D1F0000EF0B9FFFEF7EAFFB8F1060F68D09425EC
:10D2000005FB09653F4AFF23002485F88E30A5F809
:10D210008C403A440123BFF35B8F52E8001F42E881
:10D2200000300028F9D1BFF35B8FB5F88C20A5F84A
:10D230008A8042EA8A1242F00802A5F88C2007F19F
:10D24000280285F88830B118B45007F1200206EBA7
:10D25000020A4C605846CAF80240AAF806405146F5
:10D26000B3520AF016FBAAF80200B8B30123402219
:10D2700085F88F2085F8903007F144004FF0FF3299
:10D28000194630440EF0C1FA07F10C0030440EF09C
:10D29000C1F9B5F88C3043F00103A5F88C30019B3F
:10D2A000C3F800B0154805F02FFF002C3FF45EAF27
:10D2B00014F1700F1ED1FEF789FFB8F1060F7FF44D
:10D2C00055AF9420002100FB096001F00DFB4DE7F4
:10D2D000584601F0D9F8002891DA7EE76FF06F0424
:10D2E000E0E76FF05F0441E76FF07A043EE76FF02C
:10D2F00015043BE76FF0010438E700BF4C2700201E
:10D30000642700206C27002070B50446F8B1114B4B
:10D3100098421CD303F59453984218D200F10C069E
:10D320004FF0FF324FF0FF33002530460AF0ABFAE2
:10D330002946C4E90D55E563204601F0D5FA30468B
:10D340000AF0A3FA20460AF0DBFA284670BD6FF017
:10D350001500FBE7642700202DE9F0479846B0F858
:10D360008C308AB0DB07129E05468A46914640F112
:10D37000958000F10C074FF0FF334FF0FF32384635
:10D380000AF081FAB5F88A30112B7CD10023CDF850
:10D390002230ADF82630B5F88C302846C3F3C203EE
:10D3A000ADF820300AF065FB0446002844D1B5F8FA
:10D3B0008C30C3F3C203012B45D16B6A13B11B68D8
:10D3C000099308AB6C8CB5F88C20286BC5F834A099
:10D3D00002F4807E94FA94FA6C8DB0B3BEF1000F23
:10D3E00001D005F1280E64BA1FFA8AF2A4B2CDE981
:10D3F00001322C4900947346324600F047FD002864
:10D40000044619DB59EA080316D04435284605F0CE
:10D41000DBFE38460AF039FA4A464346284605F00C
:10D42000ADFE4FF0FF320B304FF0FF33384608BFF0
:10D430006FF073040AF027FA38460AF026FA2046FD
:10D440000AB0BDE8F0870346BDE7C2F38111B5F825
:10D450008AC0C2F3C202BEF1000F01D005F128005C
:10D4600005F1300ECDE9056E0E4E64BACDE90356D6
:10D47000A4B21FFA8AF6CDE900340296034660464C
:10D4800000F0D4FBBBE7062B05D1324651462846B7
:10D490000CF0C2F9B3E76FF06A04CDE76FF008044F
:10D4A000CDE700BFC5CF02002DE9F0418846154603
:10D4B0001E460446002800F08F80494B9842C0F079
:10D4C0008B8003F59453984280F0868000F10C071E
:10D4D0004FF0FF324FF0FF3338460AF0D4F908F12D
:10D4E000FF31172914D8DFE801F06B6B6B6B6B6BA6
:10D4F0006B0C222D6B6B1E6B6B1A6B6B41386B6B5D
:10D50000616B002D65D0012E63D82B7884F88430B0
:10D51000002438460AF0B9F92046BDE8F0812B68AE
:10D5200084F88F30F4E72B6884F89030F0E7002D12
:10D530004FD0042E4DD12B68003B18BF012384F837
:10D540008530E5E7002D44D0042E42D12B68003B06
:10D5500018BF012384F88630DAE7B4F88C30C3F3BF
:10D56000C203012BD4D16FF05E04D2E7B4F88C3043
:10D570002D68C3F3C202012A25D1042E29D103F05C
:10D58000C003802B25D115B984F88750C0E76B1EE6
:10D59000FE2B1ED82846FEF707FEB8B106210AF07A
:10D5A00066F90028F0D16FF06A04B2E78DB1042E5D
:10D5B0000FD12B68003B18BF012384F88830A7E700
:10D5C0006FF08504A5E76FF06904A2E76FF001042E
:10D5D0009FE76FF015049CE76FF015049CE700BF10
:10D5E000642700202DE9F0410C4616461D46804672
:10D5F000002800F095804C4B9842C0F0918003F5D4
:10D600009453984280F08C8000F10C074FF0FF3269
:10D610004FF0FF3338460AF036F9611E172915D846
:10D62000DFE801F0727272727272720C252F7272E0
:10D630002272721B72724F3272726F7298F884305B
:10D64000002E6AD033700DB101232B6000243846C0
:10D650000AF01BF92046BDE8F08198F88F3033605E
:10D66000002DF3D00423F0E798F89030F7E798F80E
:10D670008530002E51D015B12A68042A4DD133606F
:10D68000E4E798F88630F4E7B8F88C3013F40064D7
:10D6900009D098F98E000AF0FAF810B1006800B1CC
:10D6A000008B3060DCE7C3F3C203012B2FD108F1FC
:10D6B0002C0009F071FE10B1036803B11C8B2046E9
:10D6C000EFE7B8F88C30C3F3C202012A1FD198F8F3
:10D6D00087000028E5D11B0510D598F98E000AF0C7
:10D6E000D6F8062103460AF0C2F898B11846FFF7AB
:10D6F000B3F80028D5DC6FF00104A8E7FEF766FD5B
:10D70000EFE798F88830B4E76FF085049FE76FF093
:10D7100069049CE76FF06A0499E76FF0150496E7D7
:10D720006FF0150496E700BF6427002002484FF011
:10D73000FF3201210EF069B84C2700200146014854
:10D740000AF0B1BE78060020014601480AF0ABBEDF
:10D75000A406002010B404460846646804498C42BC
:10D7600002D110BCFFF7EABF10BCFFF7EDBF00BF4E
:10D77000B004002073B5044616461D460EF043F96A
:10D7800008B1002635462B46324601A9204605F051
:10D79000C9FA0546B8B94022014601980EF0E3FCEB
:10D7A0000A4A0198012394420362446005D180F83B
:10D7B0003C300AF042FF02B070BD054B9C4208BFEE
:10D7C00080F83C50F5E70020F5E700BFE8040020B2
:10D7D000B004002002460B460148FFF7CBBF00BF54
:10D7E000E8040020F7B506461C460F46F1B1154681
:10D7F0000EF009F908B100252C4670680E4BCDE9F2
:10D8000000540E4C0E4DA84208BF1C462046002274
:10D8100039460AF052FD044658B1014630460AF036
:10D8200012FF204607F064FC80234382002003B0EF
:10D83000F0BD6FF00B00FAE7A40600207806002088
:10D84000E80400202DE9F347DDE90A4506461746BE
:10D850009A46894629B923B990F8373013F0700FEA
:10D8600044D00EF0D0F808B10024002530460AF06C
:10D8700082FE96F837208046C2F30212002839D182
:10D88000002A39D0514610460AF005FDB36909EB6C
:10D890000001002B3FD0186880B3B0F818C0012AEF
:10D8A00063462DD1B3F5107F38BF4FF41073CDE927
:10D8B0000045A3EB0803994228BF19467468184B2A
:10D8C0001848194D3A46AC4218BF18460AF0F5FC04
:10D8D0000146E8B130460AF0B6FE3FB1B0683946BD
:10D8E0000C3007F05EFC30460AF0A7FE002002B0C4
:10D8F000BDE8F0870020C9E71046C7E78446CEE7B9
:10D9000058B14268094B9A4207D10CF10E03CEE799
:10D910006FF00B00EBE7012AC4D00B46C7E700BF4E
:10D9200078060020A4060020E804002068070020F4
:10D930002DE9F743DDE90A45064690460F4639B919
:10D9400032B990F8373013F0700FC3F3021026D0BD
:10D950000EF059F808B100240025B06950B94346CB
:10D96000002239463046CDE90A4503B0BDE8F04310
:10D97000FFF768BF72680C4B9A42F0D103688BB115
:10D980005B68D3F81090B9F1000FE8D0CDE90045FD
:10D9900043463A463146C84710F1860FDFD003B000
:10D9A000BDE8F0831B69FFDEE804002030B585B0D8
:10D9B000DDE908450093CDE9024513460A460146D4
:10D9C00002480AF051FE05B030BD00BFE804002057
:10D9D00030B585B0DDE908450093CDE90245134631
:10D9E0000A46014602480AF03FFE05B030BD00BFBE
:10D9F000B004002010B54022044600210EF0B3FB15
:10DA00000123054A2362626084F83C302046BDE869
:10DA100010400AF012BE00BFE804002008B5044B15
:10DA2000A82202FB00300DF0C4FE002008BD00BF9C
:10DA3000680B002008B5044BA82202FB00300DF053
:10DA4000B8FE002008BD00BFC00A00200828024B15
:10DA500028BF0020185C7047130A040010B588B076
:10DA60000F4C20460DF067FE4FF0FF324FF0FF33B2
:10DA7000CDE906230023CDE90323CDE9013309498C
:10DA8000094B00944FF4006204F1180005F05CFEAD
:10DA900020B108B0BDE810400EF085B808B010BD48
:10DAA000680B0020C0570020458A030010B588B0DD
:10DAB0000F4C20460DF03FFE4FF0FF324FF0FF338A
:10DAC000CDE906230023CDE90323CDE9013309493C
:10DAD000094B00944FF4006204F1180005F034FE85
:10DAE00020B108B0BDE810400EF05DB808B010BD20
:10DAF000C00A0020804F0020298A03002DE9F3414D
:10DB00000746884616464FF0FF3318484FF0FF325D
:10DB100005F006FA164B1C68022534B9134805F0C7
:10DB200071FA284602B0BDE8F081B8F80420237CE1
:10DB30009A4218D1627C33789A4214D1A37C7278CD
:10DB40009A4200D07BB9A36813B1BA6993420AD153
:10DB5000E368009365683346424639462046A84745
:10DB600001280546DAD12468D7E700BF70050020F8
:10DB7000E43900202DE9F041DDF818800D46174604
:10DB80001E46044610B3B8F1000F1FD04B1E012BE8
:10DB90001CD8142200210EF0E6FAC4F80480257483
:10DBA0006774A6744FF0FF324FF0FF33094805F059
:10DBB000B7F9094B1A6822605A681C6002B95C60A8
:10DBC000044805F01FFA0020BDE8F0816FF0150051
:10DBD000FAE700BF70050020E439002002460B463A
:10DBE000014805F09DB900BF34050020014805F04B
:10DBF00009BA00BF3405002010B5282200210446D0
:10DC00000EF0B1FA4FF0FF304FF0FF31FFF7E6FFB3
:10DC1000054B1A6822605A681C6002B95C60BDE856
:10DC20001040FFF7E3BF00BFF43900202DE9F04FAB
:10DC300087B01C46139DBDF84830109EBDF844B017
:10DC400003918146904602934DB395F98E00FEF7FD
:10DC5000ABFA0746284609F040FE01904FF0FF302E
:10DC60004FF0FF31FFF7BAFF684B1B6833B1029AE0
:10DC7000D3F800A051BA8AB204929BB9FFF7B6FF5D
:10DC80004FF0FF304FF0FF31FFF7A8FF604B1F68E8
:10DC9000002F6AD1FFF7AAFF6FF0010443E02F467F
:10DCA0000195DBE7198C494514D193F823104145C0
:10DCB00010D193F8241001F004009EB150B13088C7
:10DCC000012807D19889012804D1D6F804C0186921
:10DCD000844509D0BAF1000F45D0DAF80010534658
:10DCE0008A46CAE70028F5D1D889049A9042F1D132
:10DCF00001F00201DCB10029ECD021880129E9D131
:10DD000099880129E6D1606899688842E2D1D8886B
:10DD10009BFA9BF189B28842DCD19B69B3B9FFF7CA
:10DD200065FF6FF06F04204607B0BDE8F08F002953
:10DD3000D0D1019A002AEAD098690028E7D005934B
:10DD400009F0CBFD059B0028E1D0C3E7002FE6D00A
:10DD5000B3F88C100A05E2D593F98E00FEF724FA89
:10DD60008742B7D1DBE75146B9E759683A681A608C
:10DD70008F4208BF5A6000233B60FFF737FF24B192
:10DD80001EB1228833889A423AD1149B7B61159B3D
:10DD9000FB61039B029AA7F8209087F8223087F84E
:10DDA0002380BD61314638460AF067FE40BB2146FC
:10DDB0005A4638460AF08BFE044608BB169B03B150
:10DDC0001F6097F8243043F0010387F824304FF0A8
:10DDD000FF304FF0FF31FFF701FF0C4B1A683A603C
:10DDE0005A681F6002B95F60FFF700FF284609F01C
:10DDF00077FD97F8253060F3000387F8253092E728
:10DE00003846FFF7F9FE6FF015048CE7EC39002077
:10DE1000F43900201B4B984210B504462BD3A03395
:10DE2000984228D890F82430DB0727D54FF0FF31EF
:10DE30004FF0FF30FFF7D2FE134B1A68002152B1AA
:10DE4000944215D1226869B959681A608C4200D190
:10DE50005A6000232360FFF7C9FE2046FFF7CCFE7F
:10DE6000002010BD0A605A68944208BF5960F0E76C
:10DE700011461268E3E76FF01500F2E76FF001005A
:10DE8000EFE700BFFC390020EC3900202DE9F0411C
:10DE9000134DBDF81880A8428C4617460799BDF867
:10DEA000202004461E4603D26FF01500BDE8F08125
:10DEB000A035A842F8D890F82430DB070DD5C0F87B
:10DEC00014C0C7610AF0D9FD0028EDD142463146A1
:10DED0002046BDE8F0410AF0FABD6FF00100E5E729
:10DEE000FC3900202DE9F04F994690F8373089B081
:10DEF000C3F302130493013B012B05460E46039224
:10DF000003D9022009B0BDE8F08F039B112B52D139
:10DF1000D9F800301A880292B3F802B0049B012BA2
:10DF200061D13768D5F8188007F10C04002120462C
:10DF3000FEF72EFA824600284AD0012031680A698D
:10DF4000CC68944213BA00D010B1029A9345D8D04D
:10DF500003F07043B3F1604F47D010314046FEF7F5
:10DF60009DF907464FF0000A4FF0FF304FF0FF31A8
:10DF7000FFF734FE6B4B00201C684FF0FF33CDE9F8
:10DF800005304FF00008A4BBB8F1000F00F0A780E7
:10DF9000D8F81440D8F81CB0FFF728FEBAF1000FEB
:10DFA00000F0A680069B002B00F0AD8028460AF00A
:10DFB000B1FA0020A6E7039B062B04D1D9F8003064
:10DFC000002BA7D19DE74FF0000BCDF808B0A5E7D7
:10DFD000FEF7B8FEFA6803689A42AED02146504672
:10DFE000FEF75CF9AAE70027BCE700274FF0010A1B
:10DFF000BAE7A369002B42D194F82330002B4DD10E
:10E00000238C039A934247D194F824301A0703D5FE
:10E01000E28802998A423FD1D80602D5E2895A4560
:10E020003AD199070ED595F83720A188C2F302128C
:10E03000914231D1012905D1A2681AB13168C9686C
:10E040008A4229D15A070ED595F83720A189C2F303
:10E050000212914220D1012905D122691AB13168F9
:10E0600009698A4218D1059A03F078039A4213DAB3
:10E07000BAF1000F16D11BB20593A0460CE0B3F81D
:10E080008C201105B8D5AA6993F98E000792FEF786
:10E090008BF8079A8242AFD0246874E7049A9A42B8
:10E0A000AED0F9E740F6CD42002328460AF056FCF0
:10E0B000014610B9FFF79AFD23E7E3690093069044
:10E0C000D4F814C04B4632462046E0470228069951
:10E0D00002D108460AF01EFACDF818A0DCE7C346C4
:10E0E000444659E70322114628460AF0E5FD08E7B1
:10E0F00064B9002F7FF405AF039B062BF2D12846AD
:10E100000BF0DFFAFDE6002C3FF4FBAE4B46CDF8FA
:10E1100000B0324629464046A047831E5842584127
:10E120004000EFE6EC3900200A4A002310B5C2E9AE
:10E130000033094A1846114614460133042B08607F
:10E1400003D0283208461146F7E7044B044AC3E9D6
:10E15000002410BDEC390020FC390020F4390020E7
:10E16000743A002007B5054B0093082200230121D3
:10E170000348FFF7FFFC03B05DF804FB558B030079
:10E180009C3A002038B504460AF0A4F90B4B1D68F0
:10E190005DB12046A847002802DA20460AF0BAF905
:10E1A0002046BDE838400AF0B5B90DF02CFC421EFF
:10E1B00065F10003204608F03AFEECE7B43A00208F
:10E1C00070B50021B0F88E5280F8961204464FF4D4
:10E1D000004C40F2E7304FF47A720023E5FB0C016B
:10E1E000F8F78EFF02460B46034804F59871BDE828
:10E1F000704005F099B900BF100C002070B500F513
:10E20000007420460D490DF0CCFB0D4B1D684FF4FA
:10E21000004C25EAE57540F2E73000214FF47A72B0
:10E220000023E5FB0C01F8F76BFF02460B4605489F
:10E230002146BDE8704005F077B900BF0B9603009A
:10E24000C03A0020100C002010B5044600F5007004
:10E250000DF0B5FB04F5B0710348BDE810404FF474
:10E260000052002305F060B9100C00202DE9F8439E
:10E270000546A0F5F874A0F5A476002200233046E8
:10E2800004F010FF0746002840F0B3806368B3F83D
:10E290008C30C3F34103032B0ED14FF0FF33694899
:10E2A0004FF0FF320AF0E8FF674B1E68002E40F087
:10E2B000A38064480BF0A0F8A5F5C6774FF0FF33B4
:10E2C0004FF0FF3238460AF0D7FF6368B3F88C305E
:10E2D000C3F34103032B07D0E06D28B100F51B7099
:10E2E0000BF0A2F80023E3656368186B20B1FFF719
:10E2F00091FD636800221A63E06C50B194F8993282
:10E300001B0706D5B4F83012002305F14402FEF7CE
:10E31000DDF962680023A5F590791364484684F816
:10E3200070320DF04CFBA5F5CE784FF0FF324FF078
:10E33000FF3338460AF0A0FFD8F800604EB1D8F895
:10E3400004203368C8F80030964208BFC8F804308B
:10E350001C3E38460BF050F8002E66D1A5F1C000E7
:10E360000DF02DFB206908B10AF0D0F8A06C18B1AF
:10E37000FAF752FB0023A364A5F190000DF01FFBF8
:10E3800005F110000DF01BFBA5F160000DF017FB6F
:10E39000A5F130000DF013FB48460DF010FBA5F180
:10E3A000F0000DF00CFB38460BF026F84FF0FF3272
:10E3B0004FF0FF3323480AF05FFF606809F0A0FACE
:10E3C00000236360204B1A6852B1944237D122680F
:10E3D0007EBB59681A608C4200D15A6000232360CA
:10E3E00018480BF009F821461848BDE8F8430DF02D
:10E3F000B2B80AF08FF840E706F164084FF0FF3337
:10E400004FF0FF3240460AF037FF7368B3F88C30A4
:10E41000C3F34103032B03D0F36D9C4208BFF765A0
:10E4200040460AF0E9FF366840E730460AF072F8E5
:10E430007BE732605A68944208BF5E60CEE71646BA
:10E440001268C1E7AC050020B83A0020CC040020D7
:10E4500000F51A73BFF35B8FD0F86822BFF35B8FB0
:10E46000BFF35B8F53E8002F013A43E800210029F6
:10E47000F8D1BFF35B8F22B900F5F87101480DF0B8
:10E480007ABA7047100C002037B500230193054677
:10E4900000225048002301A904F044FC044600284F
:10E4A00040F08B8001464FF4287201980DF05BFE1E
:10E4B00001980830FFF79EFA019BBFF35B8F03F5CD
:10E4C0001B7353E8002F43E800410029F9D1BFF343
:10E4D0005B8F019864300DF09DF80198A8300DF025
:10E4E0002AF9019878304FF0FF3221460DF08DF96E
:10E4F00001989030012211460DF087F901983649B4
:10E5000080F89742022280F87022344AC0F87442A0
:10E51000C0E9A12240F6AA22A0F88C2290F8992204
:10E5200022F00D0280F899224FF6FF72A0F8902297
:10E53000C0E91544D0300DF034FA0198284900F5AF
:10E54000B0700DF02EFA0198264900F500700DF01C
:10E5500028FA0198244900F598700DF022FA0198E4
:10E56000224900F580700DF01CFA0198204900F551
:10E57000C8700DF016FA01981E4900F5E0700DF014
:10E5800010FA01981C4900F5F8700DF0C9F90198CE
:10E5900000F51A700AF048FF4FF0FF324FF0FF33DA
:10E5A00016480AF069FE019B154A1C60516859B96A
:10E5B000C2E9003311480AF01FFF019B3BB15D60C7
:10E5C00000202B6403B030BD0B605360F2E76FF0A6
:10E5D0000B00F7E7CC04002041940300AA0AAA0A22
:10E5E0001796030023960300B5EC0200FD93030089
:10E5F000F9E90200039903006DE20200AC05002076
:10E60000B83A0020F0B58BB0036C08AF0446002088
:10E61000089078601BB96FF015000BB0F0BD93F84F
:10E6200070020228F7D1D965B4F88C30C3F3C20365
:10E63000012BADF82030EED1636A0BB11B68099352
:10E64000638C658DADF8223062605BBA206B9EB240
:10E65000FFF7E0FBB4F88C30B4F88A009DF8202076
:10E66000009704F1300CCDE9054C6DBADFF820C0FD
:10E67000ADB2C3F3811113F48073CDE9034CCDE93E
:10E68000015618BF04F12803FFF7D0FAC5E700BF11
:10E6900085EF020070B54FF0FF3305464FF0FF32B3
:10E6A0000F480E460AF0E8FD0E4B186808B10468E2
:10E6B00020B9BDE870400A480AF09EBEBFF35B8FE8
:10E6C000D0F86832BFF35B8F002B01DD3146A847DD
:10E6D0001CB1236820461C46EAE72346FAE700BF40
:10E6E000AC050020B83A00202DE9F04F9A4690F88A
:10E6F000CA3013F0010F43688BB005460F4640F651
:10E70000CD404FF000011646B3F88C20CDE9000152
:10E710004FF00603E86CC2F3C20214BF18211421A3
:10E72000FFF744F90446002800F0D78026B1B1680D
:10E7300009F089FF0023B36094F83730C3F3021364
:10E74000012B40F08880686805F5137305F50D729C
:10E75000214609F0D4F9061E06DA204609F0DAFE51
:10E7600030460BB0BDE8F08F0DF10C090DF1140827
:10E770004FF0140B49462046CDF80C80CDF810B070
:10E780000AF02FF9064610B96FF06806E5E75A4619
:10E7900000210DF0E8FCB5F832323380B5F84A328A
:10E7A0007380337B052262F30713337395F8CA3005
:10E7B000777303F001031344327B63F30712327360
:10E7C000B5F888325BBAF3819AFA8AFAC6F804A0DF
:10E7D00017F0100703D0D5F880321BBAB360494652
:10E7E00020460AF01CF9061EB7DB95F8CA30DB0795
:10E7F0001AD5042341462046CDF8149006930AF01A
:10E80000F0F806460028BFD028460BF058F883B22F
:10E810001BBA43F4806343F0020333604146204651
:10E820000AF0FDF8061E98DB204609F006FF94F872
:10E830003730C3F30213012B0DD1062120460AF015
:10E8400093FB061E89DB264B1B683BB120460BB0B1
:10E85000BDE8F04F18476FF015067EE71FB1B5F819
:10E860008832A5F8843294F83730C3F30213012BB1
:10E870002CD1A368D3F80C8098F810307F2B0FD1DF
:10E880000022E261AA6D04F11C031ABBC5E915332D
:10E890000022002305F1D001124804F015FE5FE7C5
:10E8A00008F110090021484608F059FD07460028E4
:10E8B000E6D1FEF747FAD8F8102003689A42DFD075
:10E8C0004946384608F027FD0028D9D12046FFF7F1
:10E8D00059FC45E71360AB65DAE76FF068063FE780
:10E8E000B43A0020100C0020F8B5046C0D46002C42
:10E8F0007BD004F164064FF0FF324FF0FF33304617
:10E900000AF0BAFC6DB104F598700DF058F8304675
:10E910000AF072FD6FF07D0120460AF038FE0020FB
:10E92000F8BD94F87022131F012B4AD8D4F8601256
:10E9300009B394F89932B4F88E7243F00203294671
:10E9400040F2E7304FF4004584F899324FF47A7280
:10E950000023E7FB0501F8F7D3FB02460B462448EA
:10E9600004F5987104F0E0FD30460AF045FD2046BC
:10E97000FFF76EFDD3E71F4B1D6840F2E73025EA35
:10E98000E5754FF400474FF47A720023E5FB070169
:10E99000F8F7B6FB02460B46154804F5007104F083
:10E9A000C3FD112120460AF0A2FFD4F874320133CE
:10E9B000C4F874322046FFF703FC062384F8703253
:10E9C000D2E794F89932D907CED5012ACCD965F38C
:10E9D000000384F8993204F1780004F0F5FB6FF03D
:10E9E000700120460AF0D3FDBEE76FF0010097E703
:10E9F000100C0020C03A0020F7B50546A0F5967629
:10EA0000A0F5C8774FF0FF324FF0FF3330460AF0E1
:10EA100033FCD5F8E430D5F8D420013B1344102161
:10EA200000223846FFF760FE38460AF011FCB5F8C0
:10EA3000FC30B3BB95F80821B5F8FE403E2A9CBFD8
:10EA40000132D2B2A2F1200004FA00F0C2F120019A
:10EA500003FA02F324FA01F143EA000304FA02F490
:10EA6000134898BF85F808210B43611E43F1FF331B
:10EA70000022884272EB0303019238BF0D4C0199CA
:10EA800040F2E7304FF400474FF47A720023E4FB82
:10EA90000701F8F735FB02460B460748294604F004
:10EAA00043FD304603B0BDE8F0400AF0A5BC00BF0E
:10EAB000BFD40100C0D40100100C00202DE9F04F9C
:10EAC0008BB0046CBDF850900646DDE9168790F9CE
:10EAD0008E008A4693461D46FDF766FBE06420469D
:10EAE0000AF0B6FBB6F88C30C3F3C203012B67D033
:10EAF000022B00F0D480042109A806F09BFB099B9F
:10EB0000C4F87432B6F88C1021F0060141F002010D
:10EB100089B206F13003A6F88C106DBACDE9056311
:10EB2000634BADB2CDE90363CDE900B599FA99F92C
:10EB30001FFA89F30293C1F3C202B6F88A00534662
:10EB4000C1F38111FFF772F8051E35DBB4F83012FE
:10EB5000E06C04F50D7208F087FC94F8993243F0EC
:10EB6000080384F89932189B2366199B736094F804
:10EB7000993243F0010384F8993204F16406D4F821
:10EB80007432C4F878324FF0FF324FF0FF33304622
:10EB90000AF072FB94F8CA3043F0010384F8CA30DB
:10EBA0000022D4F8743202212046FFF79DFD051E95
:10EBB00026DA30460AF020FC28460BB0BDE8F08F7C
:10EBC0000022C4F83422C4F84C22A4F83032A4F84D
:10EBD0004832A4F84A52A4F83292DBF8043043B920
:10EBE00096F98E00FDF7E0FA0AF10401FDF76EFBDD
:10EBF0000368C4F83432DAF80430C4F84C327AE7E7
:10EC00002046FFF7DDFA94F8CA3023F0010384F8B8
:10EC1000CA30D4F874320133C4F87432032384F850
:10EC2000703204F51A700AF0FFFB30460AF0E4FB7C
:10EC300094F87032012B06D894F89932D90631D560
:10EC40006FF06E05B8E758EA070201D1052B2CD109
:10EC500042463B4604F178000AF00CFBB8B194F848
:10EC60007032052B13D094F89932DA0708D523F0C7
:10EC7000010384F899326FF0730120460AF087FC93
:10EC800094F89932DB06DBD46FF0730594E794F8BF
:10EC9000993223F0010384F8993200258CE76FF054
:10ECA000150589E76FF07F0586E76FF0760583E746
:10ECB00085EF0200F8B5A0F59874A0F1CC064FF0EE
:10ECC000FF3205464FF0FF3330460AF0D5FA94F88C
:10ECD0009622082A00F2D18094F87032033B072B69
:10ECE00000F29780DFE803F0042C32BB9532BBBB07
:10ECF000D4F874320022013B02212046FFF7F4FCD5
:10ED000094F89622B4F88E320132D2B2082A84F8EE
:10ED1000962240F3B08023EAE3774FF4004C40F2B0
:10ED2000E73000214FF47A720023E7FB0C01F8F77B
:10ED3000E7F902460B465248294604F0F5FB68E025
:10ED4000D4F874320022013B1221D6E7002A52D1B6
:10ED500094F8C4302046DB074CBFB4F8C0704FF4C1
:10ED600006770AF0ACFDB84263DD94F8C430DF07E3
:10ED700063D5B4F8C0004000D4F8642202EBD2722C
:10ED8000B0EB620F4FEA620313DD94F8C430D8078A
:10ED900020464CBFB4F8C0704FF406770AF08FFDE0
:10EDA000B8424DDD94F8C430D9074ED5B4F8C03020
:10EDB0005B009BB2A4F8923294F8C4302046DA0784
:10EDC0004CBFB4F8C0704FF406770AF078FDB84233
:10EDD0003EDD94F8C430DB073ED5B4F8C000A4F89B
:10EDE000900220460AF008FA28B100220023A5F17B
:10EDF000A0000AF03FFA0123002784F87132C4F81A
:10EE0000647220460AF0E4FD3D307FF479AF84F867
:10EE10007172002530460AF0EFFA85B394F870322B
:10EE2000012B2CD920466FF07301BDE8F8400AF0A1
:10EE3000AEBB20460AF043FD9DE74FF486609BE79A
:10EE400020460AF03CFD4300B3E74FF48663B1E788
:10EE500020460AF034FDC2E74FF40670BFE7D4F84D
:10EE600074320022013B112147E703EB63030131B8
:10EE70009142FADB4FE70021FAE70125CAE7F8BD26
:10EE8000100C00202DE9F74F3D4BD3F800900446BD
:10EE90000D461746B9F1000F04D0C847022003B051
:10EEA000BDE8F08F43685B6B002BF7D0836C002BC1
:10EEB00062D00846D2F800A00AF0ECF9A16C4368D1
:10EEC0008E691BBA0AEB030BABEB060208460193F3
:10EED00000920AF089F9009A019B824280463DD255
:10EEE00032B11146284609F08DFB4644A6EB0B08CB
:10EEF000A16CA86806F00DF90023A36404F58070E6
:10EF00000CF05DFD3B6843443B60284609F095FBEF
:10EF100095F83730A86843F0010385F837300AF0D8
:10EF200063F93968411A284609F0D6FB0028B5DB99
:10EF30003968204649420AF028FEB4F884323A681B
:10EF40009A429ABF9B1A9BB2002304F1A800A4F82E
:10EF5000843229460CF02DFC0020A0E7A6EB0A061F
:10EF6000F61A002E08DC0846F9F756FDC4F848905A
:10EF700004F580700CF023FD4FF00008C2E700BFDD
:10EF8000B03A00202DE9F04F4FF0FF33B5489BB069
:10EF90004FF0FF320D460AF06FF9B34B1C6844B3D3
:10EFA00026680CB9274614E00022294604F50C70A7
:10EFB0000AF00BFA20B9D6B9334634461E46F0E7BC
:10EFC0000122294604F512700AF0FFF907460028CD
:10EFD000F1D0A4480AF010FA17B1002C40F0D88004
:10EFE00028460AF057F930B94FF0020BABE233680C
:10EFF000E3E72646D5E7037B4F2BF5D9467BB707DA
:10F000004AD516F0100647D1249BD3F84080B8F1BA
:10F01000000FE9D0BFF35B8FD8F86C32BFF35B8F82
:10F02000002BE1DD95F837701096C7F302170EAB91
:10F0300006220121384611960E96FEF78DF800281B
:10F040000DF1400928DB0E9B1C6CAB69E364204684
:10F050000AF0FEF895F837306268C3F30213042B08
:10F0600098BFDE00B2F88C301E43A2F88C6004F525
:10F0700012760122294630460AF07EF9024608B18E
:10F080000E9807E0294604F50C700AF075F90E9AFF
:10F0900030B11046FEF738F928460AF012FBA3E714
:10F0A000D4F8483293627368D362B2F88C30178414
:10F0B00043F48073A2F88C30C3F3C203012BADF884
:10F0C000403002D1D4F8343211930E9808224946C8
:10F0D00008F049FC00280E9B01DA1846DAE7B3F87D
:10F0E0008C20C2F3C202012A04BFB4F832225A842F
:10F0F00004210FA806F09EF80F9BC4E99D330E9BD8
:10F1000003F13002CDE90532584ACDE90332B4F8B3
:10F11000322252BA92B20292B4F84A2252BA92B24F
:10F12000CDE9009228333A4601210620FEF77EFD04
:10F130000028A5DBB4F84812E06C04F50D7208F065
:10F1400093F994F89932C4F85C8043F0080384F88A
:10F15000993228460AF09EF8814600283FF444AFD1
:10F1600004F1640890F80CB0467B4FF0FF334FF089
:10F17000FF3240460AF080F894F8703206F03F0AF9
:10F180004FEA1B1B574633B940460AF035F92BE7C7
:10F19000002DDED128E728460AF0C7F90F9094F831
:10F1A0007032023B012B13D9B4F88822002A45D0D3
:10F1B000D9F804C0D4F880129CFA8CFCACEB0103A3
:10F1C00028BB002B43DB1144ACEB010100293EDAE4
:10F1D000BAF1000F4CD073074AD594F8992242F047
:10F1E000100284F8992212F0010200F08F8699F83B
:10F1F0000D30142B40F09086D9F80830D4F87422E2
:10F200001BBA9342C0D16FF06E0A00F049BC002BCC
:10F2100004DB5318ACEB0303002BD9DB431E634420
:10F22000A3EB010CBCF1000F03DB0A449B1A002B7B
:10F23000CEDBBAF1000F0DD100F0B6BE0028F8D138
:10F24000D9F80430D4F880221BBA9342C0D0BAF166
:10F25000000F99D0750740F1A38695E7F20693D584
:10F2600000F0A2BEAC050020B83A002085EF0200F5
:10F27000BBF1050F6CD0ABF105034FEA830BEB68D4
:10F28000099328462B690A9309F0D7F995F83610A7
:10F2900095F83A2011441431284609F01DFA002847
:10F2A00023DB5A46282A10A928BF2822284609F01D
:10F2B00029FA002810A9B8BF0021099BEB600A9B1E
:10F2C0002B6194F8C42022F0030284F8C4200029A2
:10F2D0003CD1BBF1000F3BDC28460AF0F2F96FF09D
:10F2E000670A01264FF0020B0EE10021E5E70B78DB
:10F2F000002BEED0012B27D00128EDD04A78012A2F
:10F30000EAD99042E8DB022B06D0032B13D011443C
:10F31000801A0028EBDCDCE7042ADDD1B1F802C05A
:10F320009CFA9CFCA4F8C0C094F8C4C04CF0010C3A
:10F3300084F8C4C0EBE7032ACED194F8C4C0A4F883
:10F34000C2204CF0020CF3E71A46E0E75846E0E72B
:10F3500094F87032023B012B27D9BAF1000F3FF429
:10F3600013AFB70700D5B7E7F0067FF50DAFD4F8B8
:10F37000742206F02F0794F870120A299FBF4FF4E9
:10F38000CA63CB4003F00103D21AD9F808301BBA84
:10F390009A1A002AC0F20886D4F87422D4F86012AF
:10F3A0000A449B1A002B00F3FF85B9F80E30B4F81D
:10F3B0008A225BBA9BB2934228BF134604F5C876F3
:10F3C000A4F88C323046ABBB0CF0F7FA0146A0B97A
:10F3D000B4F88EC284F898024FF4004E40F2E73041
:10F3E0004FF47A720023ECFB0E01F7F789FE024618
:10F3F0000B46B048314604F097F8204609F0FCFE71
:10F4000004F1900AC8B100220023504609F032FFEF
:10F4100094F87032023B092B00F2C580DFE813F04C
:10F420001100020197004E01C8040F05C3004605F4
:10F43000B1045E050CF0C3FADFE7504603F064FE4A
:10F44000E6E7FFB2022F7FF49FAEE36D63B1BFF337
:10F450005B8F03F51B7353E8001F013943E800126B
:10F46000002AF8D1BFF35B8F94F8CA3043F0010350
:10F4700084F8CA30D9F804301BBAC4F87C32D9F801
:10F480000420D4F8803212BA013313441221C4F894
:10F49000803220460AF02BFA94F8CA3023F0010398
:10F4A00084F8CA30D4F874320133C4F87432204678
:10F4B000FEF786FE804B1E684FF4004726EAE6768C
:10F4C00040F2E7300021E6FB07014FF47A72002397
:10F4D000F7F716FE4FF0000A02460B46754804F592
:10F4E000007104F021F85746564604222846099236
:10F4F00009F010F8099A4FF0000B22B184F870223D
:10F50000002E40F019853E46676807B13F6BD4F87E
:10F510005090404609F070FF97B104F1A808BFF37E
:10F520005B8FD4F86832BFF35B8F002B08DD0022BD
:10F530000023404603F0B6FD0546002840F0108544
:10F54000002E40F01D8558461BB0BDE8F08FD9F85D
:10F550000830D4F874221BBA934224D1D9F804306D
:10F56000D4F880221BBA93421DD1E66DFEB1F76D2F
:10F57000766804F500700CF022FA04F598700CF02F
:10F580001EFA04F51A7009F04FFF6268B2F88C3069
:10F5900023F0060343F00403A2F88C30606847B9F7
:10F5A0003946FFF7A1F94FF0000A56469AE637466A
:10F5B000DFE7D4F848328362D4F84C32C362B6F83D
:10F5C0008C306068C3F3C203022B7368009300F1B0
:10F5D00028014FF0000314BF08221822B847204624
:10F5E0000AF023FC0F9B002B00F0998429460FAAF8
:10F5F0002046FFF747FCD4F880320F9A1344B0F14D
:10F60000000BC4F880324FF01001204608BF0025DF
:10F610000AF06DF900260522002D40F06E84AA46FE
:10F620002F466BE717F0FF0700F06184D9F8083028
:10F63000D4F874221BBA934240F0598417F0120F89
:10F6400000F0558404F598700CF0B9F9D9F804303D
:10F650001BBAC4F87C32D9F80420D4F8803212BA2C
:10F6600001331344C4F880320F9B03B30FAA294619
:10F670002046FFF707FCD4F880320F9AB0F1000B58
:10F68000134408BF0025C4F880326268B2F88C3099
:10F6900023F0060343F00403A2F88C3020460AF05E
:10F6A000C4FB102120460AF022F90126B3E79B464D
:10F6B000EBE700BF100C0020C03A002017F0FF035A
:10F6C00000F02881D9F80420D4F8801212BA8A42B6
:10F6D00040F0208113F0010602D003F0FE0701265E
:10F6E000D9F80830D4F874221BBA934240F0A780AE
:10F6F000D4F86032002B00F016810F9B43BB94F8C6
:10F700009732B4F890B2032B28BF0323013384F857
:10F71000973294F8C430D9074CBFB4F8C0304FF4D6
:10F720000673204609930AF0CAF8099B984240F3F1
:10F73000F38094F8C430DA0740F1F280B4F8C000E6
:10F7400058444FF6FF739842A8BF1846A4F8900299
:10F7500094F87132002B72D194F89722032A6ED15B
:10F76000D4F864B2C4F8643220460AF031F9B4F82F
:10F770009432C4F864B2002B58D194F8C4302046B7
:10F78000DB074CBFB4F8C0B04FF4067B0AF097F823
:10F79000584540F3CB8094F8C430D80740F1CB8073
:10F7A000B4F8C0305B00D4F8642202EBD272B3EB41
:10F7B000620F4FEA620015DD94F8C4302046D90785
:10F7C0004CBFB4F8C0B04FF4067B0AF078F8584547
:10F7D00040F3B48094F8C430DA0740F1B380B4F851
:10F7E000C000400080B294F8C430A4F89202DB0755
:10F7F00020464CBFB4F8C0B04FF4067B0AF05FF867
:10F80000584540F3A28094F8C430D80740F1A18055
:10F81000B4F8C00000EB400080B2B4F89232184453
:10F82000D4F86432A4F89002A4F89432204609F087
:10F83000E3FC20B100220023504609F01BFDD9F85B
:10F8400008301BBA0993D4F874320A93DDE90932FF
:10F85000A3EB020BBBF1000FCDF82CB040F32E81CF
:10F86000D4F8602293453FF637AD594604F10800BD
:10F8700009F070FE0B9B824600287FF42DADB4F892
:10F8800090220B9294F8C42084F89702D1074CBFC1
:10F89000B4F8C0204FF406722046CDE90C320AF0CD
:10F8A0000EF80D9A0C9B904256DD94F8C420D207B6
:10F8B00040F17183B4F8C02093450ED3B4F8C03042
:10F8C0000C93204609F0FBFF0C9B984252DD94F804
:10F8D000C430D80753D5B4F8C030B4F89422002A05
:10F8E00050D1B4F89022B4F89212914297BF03FB22
:10F8F00003230B9A03F1FF3393FBF2F393BF0B9AAD
:10F90000D21813469B184FF6FF729342A8BF1346B6
:10F910009BB23EE00026E3E6204609F0D0FF0FE769
:10F920004FF406700CE784F8973211E7204609F08F
:10F93000C6FF430037E74FF4866334E7204609F0FB
:10F94000BEFF4EE74FF486604DE7204609F0B7FF53
:10F9500060E74FF4C96060E720460C9309F0AFFF01
:10F9600083450C9BB9D394F8C430DB07A6D44FF47D
:10F970000673A5E7204609F0A2FF0346ADE74FF462
:10F980000673AAE7934559D30023A4F89432B4F838
:10F990009232A4F89032DDE909239B1AD4F8602250
:10F9A0001A44C4F86022D4F86422934594BF9B188B
:10F9B0000023C4F86432204609F01EFC18B904F193
:10F9C000900003F0A1FBD4F874325B44C4F87432A5
:10F9D00094F87132012B05D10023C4F8643220461B
:10F9E00009F036FC002384F87132D4F8603213B188
:10F9F0002046FEF7E5FB94F89932990740D5D4F8F4
:10FA00006032002B3CD116B3D4F880320133C4F8F5
:10FA100080322046FEF7F2FB0A221121204609928D
:10FA200009F065FFD4F874320133C4F8743220460B
:10FA3000FEF7C6FB00273E46099A57E51FFA8BF1F1
:10FA4000B4F89032521AA4F894225B1A60E7BD4BC6
:10FA50001F68314627EAE77740F2E7304FF4004667
:10FA60004FF47A720023E7FB0601F7F749FB0246E1
:10FA70000B46B54804F5007103F056FD0622CCE7AD
:10FA800094F87132012B0FD020460AF004F9B0F13E
:10FA9000000A09DA1AF1690F06D0284609F011FEAA
:10FAA00000260127324621E5204609F0A5FB28B1B2
:10FAB0000022002304F1900009F0DCFBD9F804A037
:10FAC000D4F88032DDF83CB09AFA8AFA9A4562D1CD
:10FAD000BBF1000F00F0128117F0FF0703D017F001
:10FAE000080700D001270F9BEBB10FAA294620463B
:10FAF000FFF7C8F9D4F880320F9A13448346C4F84C
:10FB0000803266B9204609F0FBFF04F5E07100B9C8
:10FB1000CFBB8D4840F6CD42002303F0D5FCBBF1AE
:10FB2000000F00F029814FF0020BD4F860321BB9AE
:10FB300004F598700BF043FF204609F05DFB034687
:10FB400004F19000002B00F019810022002309F03D
:10FB500091FB002E00F02E82D4F880320133112167
:10FB6000C4F88032204609F0C2FED4F87432013362
:10FB7000C4F874322046FEF723FB2046FEF73EFB16
:10FB800000260A2248E508460BF019FF10212046FE
:10FB900009F0ADFEC3E7A3EB0A03002B5EDD0023F3
:10FBA00049465A46204609F069FBBBEB0002099022
:10FBB000A8680A922CBF1946012109F015FB83455C
:10FBC000824600F29780002940F094806368B3F881
:10FBD0008C1040F6CD420023A0EB0B0BE06CCDE97E
:10FBE0000023C1F3C20206230421FDF7DFFE814694
:10FBF00000287FD0284608F020FD5A46294648466E
:10FC000008F089FDB0F1000B1CDB099B2846AAEB2C
:10FC1000030109F09FFC8346E8B9A968484608F04B
:10FC200012FDD9F80820AA602846C9F808B008F0E3
:10FC300004FD284609F02EFB42680A9B12BA1344C1
:10FC40001ABA4260484608F065FCBBF1000F51D17A
:10FC5000099B0F9340E76FF0150BF3E7BBF1000F23
:10FC600000F08480A86809F0BFFAA0EB0B012846D9
:10FC700009F070FC00283DD1AB68198A5F68C3F8B1
:10FC800018A05144002F3CD1D4F84890B9F1000F8E
:10FC900069D0D9F818304846C91A09F0A5FA814246
:10FCA00034D28B4526D911B1284608F0ABFCA16CA3
:10FCB000A86805F02EFAAB68A364A06C4FF00109A8
:10FCC00003460022002B41D1B9F1000F03D1F8F710
:10FCD000A3FEC4F84890002304F58077AB60384653
:10FCE0000BF06BFE30B918484FF4803200233946D0
:10FCF00003F01AFC1021204609F0F9FD4FF0000B2B
:10FD000013E73B8AB9617F681944BBE7484605F0B1
:10FD1000EFF98369018AA3EB0A039B45194405D9CE
:10FD20008B45E7D3A06CF8F777FEC4E78B45E1D9A4
:10FD300019B1A06C0C3005F059FAA968A06C05F057
:10FD4000E8F9BAE7C03A0020100C002099692FB1F9
:10FD5000914214BF4FF0000909F001091A8A1F46A9
:10FD60000A445B68AEE7AB68A364B4E717F0FF072B
:10FD7000C4D0FA07C2D5BDE75D46D6E603F0C4F9A4
:10FD8000E7E6D9F80830D4F874221BBA93427FF41E
:10FD90000AAC04F598700BF012FE4FF0000A04F55F
:10FDA00000700BF00CFE012756465246FFF79EBB33
:10FDB000DDF83CA0002352464946204609F05EFA91
:10FDC000984204DD04F598700BF0F9FD40E0D9F895
:10FDD0000820D4F8741212BA8A422AD104F5987015
:10FDE0000BF0EDFD4FF0000B0123072217F0FF068B
:10FDF00000F08380D9F8041009BA8A44D4F880123C
:10FE00008A4579D116F0010677D0D4F880220132E4
:10FE1000C4F880228BB12046FEF716FA0B224FF071
:10FE2000000A102120460992574609F060FD564607
:10FE300002E64FF0020B1A46D8E70922EFE70F9EC1
:10FE4000002332464946204609F018FA98420ADD56
:10FE50002046FEF7F9F9284609F033FC0B2384F815
:10FE60007032FFF7A0BB17F0FF073FF49CABD9F847
:10FE700004301BBA1E44D4F880329E427FF493AB08
:10FE8000FB077FF590ABD4F8803201332046C4F8ED
:10FE90008032FEF7D9F91021204609F028FD4FF0F5
:10FEA000000A574656460B22FFF720BB0F9A012344
:10FEB0004946204609F0E2F9002883DCD9F80830E9
:10FEC000D4F874221BBA93427FF46DAB04F598709A
:10FED0000BF075FD2046FEF7B7F9E0E70F9A012316
:10FEE0004946204609F0CAF900287FF75CAB28464E
:10FEF00009F0E7FBFFF757BB0026BBF1000F14D159
:10FF0000DA465F46FFF7F2BA3246F6E76FF0670A65
:10FF100001271646FFF7EABA6FF0670AC0E59A466E
:10FF20001F461E460522FFF7E1BA4FF0000A57466A
:10FF30004FF0020BFFF7E1BA94F8993223F0010376
:10FF400084F89932236E2BB160680021426898478B
:10FF50000023236604F1780003F0D6F8FFF7D3BA44
:10FF60000023CDF800901A4629463846FDF72AF8B6
:10FF700002287FF4D4AA284608F0CCFAFFF7CFBABB
:10FF800094F87032012B7FF6DEAA5146204609F024
:10FF9000FEFAFFF7D8BABBF5067FBFF4E8AC9CE4E5
:10FFA00010B9F1077FF55AA91021204609F09FFCEE
:10FFB000FFF7EAB8002DA7D1B246FFF7A5BA00BFF8
:10FFC00001460148FEF766BB2D99030013B50024D6
:10FFD0000E490F4800946FF00D034FF4806203F058
:10FFE00033FA09212346C8220139134402EB620285
:10FFF000FAD1084AC83303EB630313600649044887
:020000023000CC
:1000000002B0BDE810400BF004BD00BF006000204E
:10001000100C0020C03A0020BCCE0300F8B5876861
:100020001446FB6B05460E469847214606480022BB
:100030000023F8F773FC044600B1067628463B6CB3
:1000400098472046F8BD00BFD006002010F0080FEA
:100050000B4B42B20CD100F00F00002A4FF01402FB
:1000600002FB0033B4BFD3F80806D3F80807704783
:10007000002AB4BFD3F8A806D3F8A807704700BF7A
:1000800000700240F8B50246EFF31181202383F39C
:100090001288BFF36F8F00F008050AF006FC0124F8
:1000A000844057066FEA04061BD0D5B9174F3B684A
:1000B00023FA00F0C00714D533403B6053B2DB4352
:1000C00022F08000DB0F00F2DA301B0103EB40036B
:1000D0000F48C0F80038D0F8043843F00203C0F8E5
:1000E00004380C4803683340036035B90A48036894
:1000F000120654BF334023430360054BC3F86C44DE
:1001000081F31188BFF36F8FF8BD00BF1C3B002047
:1001100000700240203B0020243B0020EFF31180C0
:10012000202383F31288BFF36F8F0A4BD3F8001C90
:10013000032261B949F27531C3F8001CC3F8142DCC
:10014000C3F8001C80F31188BFF36F8F7047C3F8AA
:10015000142DF7E700E00640EFF31180202383F32E
:100160001288BFF36F8F0A4BD3F8001C61B949F2B4
:100170007532C3F8002CC3F8141DC3F8002C80F3AB
:100180001188BFF36F8F70470022C3F8142DF6E774
:1001900000E0064070B502460AF087FBEFF31185D8
:1001A000202383F31288BFF36F8F531E0124062B85
:1001B00004FA00F40FD80E4E0E4B31681B680B4347
:1001C000C34013F0010306D10B4802F5947221439A
:1001D00040F822303160094A136823431360084B0A
:1001E0008022C3F8042185F31188BFF36F8F70BD9F
:1001F0001C3B0020243B002000700240203B0020DC
:1002000000E100E0F8B50306044623D410F0080727
:1002100020D100F00F02920002F1804202F51C3260
:10022000D2F84434B3B1EFF31186202383F312885C
:10023000BFF36F8F0AF039FB084DC2F8A074012399
:1002400003FA00F12B6823EA01032B6086F311887F
:10025000BFF36F8F024BC3F81845F8BD243B002055
:100260000070024010B591F92000174B91F8202042
:100270000028B4BFD3F81045D3F8144502F00F029C
:100280000123934023420DD10F4A0028B5BFD2F875
:100290001005D2F8140503430343B4BFC2F8103568
:1002A000C2F8143591F820301A070AD4064AC2F869
:1002B0000C3543F48073C2F80C3591F82000FFF739
:1002C000A1FF002010BD00BF0070024091F8203057
:1002D000054A13F07F0F0BBF012343F4807353656E
:1002E000C2F81835002070470070024070B506460D
:1002F0000D4609F048FF044609F04EFF28BB204692
:1003000009F06EFF08B3802D16D1437E9A0744BFD3
:100310000E4A15705B070FD50D4B1B7813B90D4BAB
:1003200001221A65204609F057FF00220146304697
:10033000BDE8704009F06DBF2846FFF72BFF20464F
:100340000121BDE8704009F02BBF70BD503F002077
:10035000553F00200070024070B506460C4609F07B
:1003600012FF054609F018FF20BB284609F038FFA8
:100370000146F8B1ACB9437ED8071BD49A0704D51F
:100380000D4B1C700D4B0122DA644B7E5B0708D5C8
:100390000B4B1B7873B130460022BDE8704009F06A
:1003A00038BF2046FFF7F6FE28460121BDE8704021
:1003B00009F0F6BE70BD00BF503F00200070024043
:1003C000563F002010B54468206801F043F80D4BFB
:1003D00018600D4B1B782BB10C4B0022186811468E
:1003E00009F00BFF002201212720F7F7C7FF201D8E
:1003F00002F09EFA04F1080002F0D8FA0AF0DCFFDD
:10040000002010BDD43A0020523F0020283B00209D
:10041000012810B5014619D0022809D0A8B90F4B00
:100420000246186809F0E9FE0D4B01221A700CE033
:100430000C4B0D4C00221A700C4BC4F800332720D3
:10044000F7F76CFF0123C4F8043510BD034B0022FD
:10045000186809F0D2FE024B0022E7E7283B002093
:10046000523F0020513F002000700240FDFFDF019D
:10047000014601480BF03FBE3806002008B5054B89
:100480001970054B1B7813B10420FFF7F1FF002012
:1004900008BD00BF533F0020543F002010B5046941
:1004A00091F820000D4A0AF000FA012303FA00F047
:1004B00013680343136003F0FDFA4020FFF7D8FFF1
:1004C0004FF0FF324FF0FF3304F18401044803F092
:1004D000BFF803F003FB002010BD00BF183B002055
:1004E000440600202DE9F047494B066988B00546CF
:1004F000186006F184000BF08DF800220023CDE98E
:10050000062300246FF00703CDE90334CDE901444D
:10051000404B414900954FF40072404803F014F9F4
:10052000DFF8FC803F493D483F4F0BF072FAD8F8A6
:1005300018203E4B134043F4820343F04003C8F8B5
:100540001830C1464FF0280A88F820404146284616
:1005500009F02BFE002858D10134092C18D00AFBD1
:100560000491082C8A7E324B42F040028A7608D1F0
:10057000D9F858212F4911402F4A0A43C9F8582168
:1005800003E08A693A401A438A6108F12808DBE7E8
:100590002A4C2B4BA269244F134043F4041343F01D
:1005A0004003A3618046A1464FF0280A68F07F020D
:1005B00084F820202146284609F0F7FD28BB08F1E1
:1005C0000108B8F1090F18D00AFB0891B8F1080F1B
:1005D0008A7E174B42F020028A7608D1D9F858213A
:1005E00014491140144A0A43C9F8582103E08A69A2
:1005F0003A401A438A612834D8E796F8803023F0CD
:10060000720343F0720386F8803008B0BDE8F087CB
:10061000283B0020F906030040640020B80C0020AD
:10062000943C0020C5CE03000000F9FF0000BEFF8F
:10063000400006000000F7FFFF0108002C3B0020EF
:100640000000DEFF10B50C462046114609F0CAFD39
:1006500094F820000AF029F9014604480AF034F918
:100660000120FFF705FF002010BD00BF003E002065
:1006700008B5074A91F82030C2F80C3543F480736E
:10068000C2F80C3591F82000FFF7BCFD002008BD32
:100690000070024010B591F820404FF0FF324FF04B
:1006A000FF33124802F06AFD2046FFF7EBFC04F02E
:1006B0000F02012393400E4A14F0800F14BFD2F8AA
:1006C0001015D2F814156FEA030315BF0B400B4049
:1006D000C2F81035C2F81435044802F015FD054B78
:1006E0008022C3F80421002010BD00BF2006002096
:1006F0000070024000E100E02DE9F04FB04D85B000
:1007000004464FF0FF384FF0FF390022CDE9008951
:100710004FF0FF31AB480BF0F5FCAA484FF0FF312A
:100720000BF0ECFC074638072ED5A74842464B464F
:1007300002F024FDEFF31182202383F31288BFF32C
:100740006F8FA24B1B787BB1D5F8003413F4007384
:100750000AD10121C5F82C15D5F82C15D5F80014AF
:10076000890548BFC5F82C3582F31188BFF36F8F18
:10077000954802F0C9FC0121204609F0E4FC002262
:100780000321204609F039FDFE0608D50021204648
:1007900009F0D9FC00220221204609F02EFDB806FE
:1007A00008D50021204609F0CEFC00220221204677
:1007B00009F023FDB90761D4FA0710D5BFF35B8FA9
:1007C000834B002253E8008F43E800210029F9D130
:1007D000BFF35B8F0126B8F1000F40F0B1807907BD
:1007E00034D57C4B4FF0000C83F800C0D5F8800462
:1007F000C0B28DF80800D5F88414C9B28DF809107C
:10080000D5F88834D5F88C2443EA02239BB2ADF89E
:100810000A30D5F89024D5F8946442EA0622ADF85F
:100820000C20D5F89824D5F89C6442EA062292B2AE
:10083000694EADF80E20002840F09B80052940F05D
:10084000988001213170002A00F09F807B067FF59F
:1008500058AF206984304FF0FF324FF0FF3302F081
:100860005FFB5E4E3168002940F0C2805C4802F0B8
:10087000B5FE2069843002F0C5FB42E7594BBFF357
:100880005B8F002253E8008F43E800210029F9D153
:10089000BFF35B8F4FF0010AB8F1000F8CD098FACC
:1008A000A8F3B3FA83F30F2B1E46C6BFA3F11006BD
:1008B000F6B246F080060AFA03F328EA0308330684
:1008C0003146204627D509F05EFC834609F084FCBA
:1008D0008146D8B10021584609F062FC0022494601
:1008E000204609F096FC802E10D13A4B002183F867
:1008F00000A02046C5F850A009F045FC09F06CFCAA
:10090000014618B10022204609F083FC31462046FA
:10091000FFF7ECFCC0E709F036FC834609F05CFC0D
:10092000814640B10021584609F03AFC0022494670
:10093000204609F06EFC31462046FFF70DFDABE77F
:1009400098FAA8F3B3FA83F30F2B1946C6BFA3F1A5
:100950001001C9B241F0800106FA03F30A0628EA41
:100960000308204602D5FFF7C1FC34E7FFF7F4FC8B
:1009700031E71D4A86F800C0D5F8703412789A42E3
:100980000AD11A4B00221A7014E003F07F03ADF86D
:100990000A30ADF80C20F4E7144A012313703370C9
:1009A0004FF4A063ADF80830D5F87034ADF80A30D4
:1009B000CDF80CC002A9204609F052FC46E700BF62
:1009C000007002403806002020060020513F002021
:1009D000003E0020563F0020553F0020183B0020DD
:1009E00044060020FC3D0020533F0020543F0020DF
:1009F00091FAA1F7B7FA87F70F2F3946C6BFA7F1CB
:100A00001001C9B241F08001204609F0BCFB8046CC
:100A100090F820904FF0FF324FF0FF33134802F070
:100A2000ADFB4846FFF72EFB104802F06DFB104B64
:100A30008022C3F804214146204609F002FC00212F
:100A4000404609F0ADFBBFF35B8F0123BB40094A71
:100A5000DB4352E8000F184042E800010029F8D1BA
:100A6000BFF35B8F326813403360FBE62006002043
:100A700000E100E0FC3D00204FF08053D3F830311E
:100A8000082B02BF024B0022C3F81C2C704700BF8A
:100A9000007002402DE9F04105464FF0FF324FF063
:100AA000FF33384802F06AFB374B8022C3F88421B9
:100AB0002720F7F755FCA0B1344F354B3C681B6835
:100AC0006FF30F041C434FF001088CBB314E40F212
:100AD000FF133B602720C6F80445F7F72DFCC6F846
:100AE00000432D4A13788BB12A4B0021C3F808111B
:100AF0000121C3F80026C3F804165960D3F8081181
:100B00000029FBD00021C3F808111170214B0024EB
:100B1000C3F80045FFF7B0FF1A4802F0F5FA214686
:100B2000284609F099FCC0B16FF00400BDE8F081DF
:100B300094FAA4F6B6FA86F60F2E3346C6BFA6F18F
:100B40001003D8B243F08000030701D4FFF79AFAEC
:100B500008FA06F624EA0604B7E78021284609F0D9
:100B60007BFC0028E0D10D4B0D491C68204604F0A9
:100B70001FFA10F1780F02D1204604F0F5F900EACF
:100B8000E070D3E72006002000E100E0243B0020D5
:100B9000203B0020007002404E3F0020D43A00204D
:100BA000C43A00202DE9F04FB34BDFF8D082D3F8E0
:100BB0005421B34F85B00AB30022C3F85421D3F8AF
:100BC000042391021AD5D3F8C034002B14BF4FF080
:100BD00001224FF48072AB4B9B683BB998F8000040
:100BE00009F063FE0123834022EA03023B681343BA
:100BF000A54A3B60136823F0012313609E4BD3F892
:100C0000604134B10022C3F86021D3F86C44C3F8CA
:100C10006C44D3F828214AB10022C3F828219B4B09
:100C2000187809F042FE012383401C4398F80050D5
:100C300098F900902A0700F10181B9F1000FB4BFC3
:100C4000934B944B05F00F02920013441A684AB379
:100C500000221A602846FFF7F9F98F4B1A7800F046
:100C6000010050401870FFF707FF8C4B28461A68A8
:100C700009F01BFEC240D307064600F1F680B9F129
:100C8000000F80F2E280882D00F0DF807E4A012391
:100C90001168B3400B431360812388F80030794812
:100CA00002F032FA8CB13B68774ADFF8F4A124F005
:100CB00001210B433B60136823EA01031360A4B2D4
:100CC0004FF00109002C40F0F7806B4BD3F8002166
:100CD0004AB10022C3F80021724B1A70704B0421F4
:100CE000186809F08AFA644BD3F858212AB3002215
:100CF000C3F85821D3F80044C3F80044E00505D5F3
:100D0000684B012208201A70FFF7B2FBA10505D538
:100D1000644B002210201A70FFF7AAFB62050CD565
:100D2000604B1A784AB100221A70534B0122C3F863
:100D3000082520209A65FFF79BFB4F4BDFF85CA14D
:100D4000D3F85C31F3B14F4B9B681BB998F8003076
:100D50005B0617D0484B0022C3F85C21DAF800305C
:100D6000494A23F00113CAF800303B6823F480336A
:100D700043F001033B601368042023F00113136068
:100D8000FFF776FBDAF800603B681E4000F02E812A
:100D9000394BD3F82C95B9F1000F40F02781394831
:100DA0000022002302F0EAF9002840F01F8116F02B
:100DB000012314BF93FAA3F696FAA6F6B6FA86F6BE
:100DC000F4B20F2EC8BF103C354BCCBFE4B244F098
:100DD00080041868214609F0D6F9019009F000FA5C
:100DE0004FFA84FB04F00803BBF1000F02460293A4
:100DF00080F29C80019A058A518CC368C1F30A0174
:100E00008D4240F28A800D464FF0000903F06042A7
:100E1000B2F1005F05D0194623482A460BF07CF951
:100E2000214BB9F1000F00F0B280DAF80020012167
:100E3000B14022EA0102CAF80020A8E01B4B1C4A7C
:100E400033EA290328BF134600E71A48314609F060
:100E50003BFD0220FFF70CFBB9F1000FFFF616AFC8
:100E6000013D062D7FF612AF16E7002DF4D1024B9F
:100E70000122DA6410E700BF007002404F3F0020FB
:100E8000243B0020200600201C3B0020503F002077
:100E900008710240307102404E3F0020203B00208C
:100EA000283B0020513F0020D83A002050710240DA
:100EB0002C710240FC3D002094FAA4F5B5FA85F5AA
:100EC00009FA05F345F080052946DAF8000024EA1E
:100ED000030409F058F909F083F906462846FFF79C
:100EE000B5F8014606F10C0004F087F9338A002BAF
:100EF0007FF4E8AE304609F077F918B1304609F0D2
:100F000077F9DFE6284609F0D0FC0146434809F0AE
:100F1000DBFC0220FFF7ACFAD4E6019309F064F998
:100F200080F00109019B5FFA89F96FE704F008017D
:100F30003B4B00295DD0D3F8C03413F4803F08BF89
:100F40009946118AD068558A029243186D1A5169E0
:100F50000393401A2D1A4D4528BF4D46294602F1EC
:100F60000C0004F022F9019B598CC1F30A01494598
:100F7000DDE902237FF459AF5169D068B2F812C09D
:100F8000128A401AACEB000191423FF44EAF4FF091
:100F900080520120D2F83021082A02BF204A822143
:100FA000C2F81C1C3A6888F8004000FA06F622EAEB
:100FB000060204F008013A60194AF9B9BBF1000FC2
:100FC00004F00F044FF0140101FB0421A9BF0A34FF
:100FD00002EB8402C1F80037C1F80457AFBF42F8F2
:100FE0002400C1F80036C1F80456506005B0BDE8D1
:100FF000F08F04F5947153F82190A2E7BBF1000F34
:10100000B5BFC2F8A036C2F8A037C2F8A456C2F8DD
:10101000A457B4BF50629064E8E700BFFC3D0020D5
:101020000070024010B5EFF31184202383F312887F
:10103000BFF36F8F164B1B7803F0FF02CBB115493E
:10104000D1F82C3513B30023C1F82C354FF0805361
:10105000D3F83031082B0CD10F4BD3F8000CC02142
:1010600088B949F27530C3F8000CC3F8141CC3F8F2
:10107000000C84F31188BFF36F8F002A0CBF6FF050
:101080000A00002010BDC3F8141CF2E71A46F0E76E
:10109000513F00200070024000E0064013B50022DE
:1010A000009211464023044609F07AF9024618B12D
:1010B0006FF0040002B010BD009040238021204654
:1010C00009F06EF90028F3D1534901238B60534B8B
:1010D0004860C860186803F0FCFE0028EADBEFF304
:1010E0001184202383F31288BFF36F8F4C4B4FF48E
:1010F0000062C3F8002409F0CAFB08B1FFF70EF83C
:101100004FF08053D3F83031082B18D1EFF3118012
:10111000202383F31288BFF36F8F424BD3F8001C58
:10112000C022002971D149F27531C3F8001CC3F8FF
:10113000142CC3F8001C80F31188BFF36F8F384B59
:101140000122C3F80025D3F800241205FBD54FF483
:101150000062C3F800244FF08053D3F83031082BDD
:1011600017D1EFF31180202383F31288BFF36F8F21
:101170002C4BD3F8001C00294AD149F27532C3F830
:10118000002CC3F8141CC3F8002C80F31188BFF3A3
:101190006F8F09F07CFB30B1FEF7DEFF09F077FBC3
:1011A00008B1FEF7BBFF4FF08053D3F83031082B66
:1011B0001B4B0AD140F2E372C3F800284022C3F867
:1011C0000428BFF36F8FBFF34F8F8022C3F81C2515
:1011D0000122C3F83025144B40F2FF121A60134B62
:1011E00000211960124B1960124B1970FFF744FC73
:1011F000114B197009F04BFB08B1FEF7ADFF84F3FA
:101200001188BFF36F8F002054E7C3F8142C92E7C6
:101210000022C3F8142CB8E7C43A0020D43A0020C6
:101220000070024000E00640243B0020203B0020EC
:101230001C3B00204E3F0020503F0020084B70B563
:10124000C31A0D4607499B100446594306484022DD
:1012500009F080FB2B4601462046BDE87040184748
:10126000183E0020B76DDBB694C3030073B50C4C79
:101270000C4A4023041B00930D460B460A49A41058
:1012800061430646094809F090FB014628B1304603
:101290002B4602B0BDE87040184702B070BD00BFD9
:1012A000183E002019AA0300B76DDBB694C30300F3
:1012B0000022F8B5012105461046F7F75FF81048FF
:1012C00001F086F80446B8B901F0A2F82F690D497B
:1012D000384603F0EBFD031E09DB01263E642D6951
:1012E000084905F11C0003F0E1FD031E02DA1C466B
:1012F0002046F8BDEE64FBE76FF00404F8E700BF9A
:10130000391403002CC8030010B5002286B0012355
:10131000CDE9022304ABCDE904336C46074A6B46A2
:10132000CDE9004409F071FB28B94FF48042002355
:10133000684601F023FF06B010BD00BF2BAA0300D2
:1013400010B5EFF31184202383F31288BFF36F8F5E
:10135000074A136823F00201DB07116002D4012061
:1013600009F024FD84F31188BFF36F8F10BD00BF17
:10137000683E002030B4104B0C2202FB00330146C3
:101380000020D3E90E529863EFF31180202484F3F8
:101390001288BFF36F8F1C6C04F0C00444F0020489
:1013A0001C6480F31188BFF36F8F1DB12B46034877
:1013B00030BC184730BC7047183E002094C303006F
:1013C00010B4EFF31180202282F31288BFF36F8FE5
:1013D00017490B6843F0020413F001030C601AD0A4
:1013E0004FF08043D3F80C14D3F80C3413F00103FE
:1013F00011D0EFF3118182F31288BFF36F8F0D4A82
:10140000136C03F0C00343F00203136481F31188EB
:10141000BFF36F8F012380F31188BFF36F8F1BB170
:1014200010BC0020FFF7A6BF10BC012009F0B6BC1D
:10143000683E0020183E002010B1012804D07047FB
:10144000034B1B6C5B0701D1FFF794BF704700BFD4
:10145000183E0020024AC3B21C2000FB0320704744
:10146000183E00202DE9F0413849BFF35B8F8046DC
:10147000012251E8003F41E800200028F9D1BFF3E4
:101480005B8F33B9324933484B60CB608A6003F0DD
:1014900020FD08F1FF33012B4BD8B8F1010F07D124
:1014A0004FF08043D3F81C3403F00303012B40D0EA
:1014B0000AF0A9FA054658B1EFF31186202383F309
:1014C0001288BFF36F8F0125234F4FF080441EE039
:1014D000224B1B78002BEFD04FF080430222C3F841
:1014E00008230646F0E735B3304603F0D4FDD4F8C0
:1014F000183563B9D4F804214AB1C4F80431D4F8DA
:1015000004310123C4F81835C7F88031A360D4F83A
:101510001824D4F81834D203E5D503F00303012BC3
:1015200002D0B8F1010FDED155B186F31188BFF3B7
:101530006F8FBDE8F081002121200AF01BFBD6E768
:101540004FF080430222C3F80423F2E7143E002048
:10155000043E0020343E002000E100E05B3F00201C
:10156000EFF31182202383F31288BFF36F8F0A4BAE
:10157000D3F8001161B10021D3F80805C3F80011B8
:10158000D3F80031C0B282F31188BFF36F8F704778
:101590006FF00A00F7E700BF00D00040F0B5034647
:1015A0008478C678EFF3118E202080F31288BFF381
:1015B0006F8F1D7893F801C0641B3440A24288BF2E
:1015C000A2B2AF18374028461F708EF31188BFF3C0
:1015D0006F8F8F188F4218D165450CD1EFF31181B1
:1015E000202080F31288BFF36F8F1878587081F332
:1015F0001188BFF36F8F1B79A41AA34228BF074B32
:1016000090B224BF01221A60F0BD03EB000E01303E
:101610009EF805E001F801EB3040DBE700D0004028
:10162000DB432DE9F04713F001050F46144604D0C3
:101630002448FFF7B3FFBDE8F087B2B3EFF311869C
:10164000202383F31288BFF36F8F0D20F6F788FEF7
:1016500080460D20F6F770FE86F31188BFF36F8F7A
:10166000DFF864A0194ECAF80051DAF800314FF4DF
:1016700000590123CAF800302546C6F88091DAF8EF
:101680000031A3B1FFF76CFF031EA4BF05F1FF35C6
:10169000ADB2C6F88091A8BF7B55002DEFD1B8F14F
:1016A000000F02D00D20F6F739FE2046C3E7EFF316
:1016B0001180202383F31288BFF36F8F03F0EBFCBC
:1016C000DDE700BF9C3E002000D0004000E100E0CC
:1016D00070B50D4614460CB9204670BD4FF0FF336F
:1016E0004FF0FF320C4801F049FD224629460B48D5
:1016F000FFF754FF0646084801F006FD3EB94FF0DB
:10170000FF324FF0FF33064801F038FDE6E7A41B37
:10171000A4B23544DFE700BF6C3E0020B13E00209C
:10172000843E002038B50122114618480AF06DF8B1
:10173000164D0122002105F118000AF066F840F26A
:101740000743A5F848304FF070632B630C2385F8EE
:10175000343000240E4B85F84540A5F84640D3F8B8
:10176000042522F00102C3F804250121C3F8004139
:10177000D3F80021C3F80413224619600D20F6F7B0
:10178000FDFD0D20F6F7CAFD204638BD6C3E002059
:1017900000D0004010B5FFF7E3FE002820DB174B18
:1017A00093F8322093F8314093F83310141B31EA48
:1017B0000404C0B20DD193F8472093F8464093F843
:1017C0004810141B31EA04040BD10D4B01225A605E
:1017D0000EE09C180132114084F8350083F8321075
:1017E00010BD9C180132114084F84A0083F847105C
:1017F0000448BDE8104001F087BC00BF6C3E0020EB
:1018000000D00040843E00202DE9F043476840F2BC
:101810000636D0063B7C87B002EA060654BFC2F308
:10182000401C4FF0030C01F01F05B6F5837F1446F2
:1018300045EA43158DF803C044D00DD8062E16D0C6
:1018400005D8A6B1022E3FD06FF0150037E0B6F5EF
:10185000807FF9D101260AE040F20222964235D07B
:10186000B6F5407F34D0B6F5007FEDD102262203D5
:1018700030D57A6801238B40C2F80835B868A0BB20
:1018800005F01F036D092DD0012D77D13E4A02EBE3
:101890008302C4F30043D2F8001783F00103C4F3BA
:1018A000404444EA430421F4E16144EA8C0421F019
:1018B000070144EA06230B43C2F80037002007B0B3
:1018C000BDE8F0830726D2E70426D0E70526CEE759
:1018D0000326CCE7630341BF01237A688B40C2F83B
:1018E0000C35CBE74FF0A042D1E70DF102022946BB
:1018F00009F0CCFC14F4403F80460CD1B86829466E
:1019000009F0F9FCB8F1000FD8D19DF80210B868C1
:1019100000F016FFD2E74FF0000901ABCDE90199C5
:10192000CDE90439CDF80C90B86803AA294609F02E
:1019300082FB4845C2DB14F4003314D0C4F30044E6
:101940009DF803308DF80E3084F001048DF80C60A2
:101950008DF80D40B8684B4603AA294609F01EFCD5
:101960000028CFDAAAE7CDE904330DF1030303938E
:10197000B86803AA294609F05EFBF1E703F5E073B6
:1019800050F82330FFDE00BF00030050420970B55D
:10199000034602D0012A17D070BD0D4E326951683E
:1019A0000029F9D003F01F0301250C689D40002990
:1019B000F2D08A682A4002D04B68304698472CB152
:1019C000236821461C46F2E7024EE7E72346F8E784
:1019D000CCC30300B0C3030038B54568A86890B114
:1019E00009F083FC014670B9A86809F062FC04465E
:1019F00058B902460649A86809F045FC2246052167
:101A00000620F6F7BBFC002038BD6FF00400FBE7B2
:101A10008D190300F0B545681646A8682A7C01F0C8
:101A20001F0487B044EA4214002869D0B6F5001FAD
:101A300004D1214609F0B2FC002052E001AA0020A6
:101A4000B6F5800F0190506037D1B3F1007F14BF1D
:101A5000052304238DF804300023CDE904230393E8
:101A6000EB6823FA01F111F001010DF103073AD1FE
:101A7000B6F1A07F37D104F01F03620903F5E073CC
:101A800026D0012A3FD1214A52F82330DB072AD43D
:101A9000A8683A46214609F0F9FB16301BD0029798
:101AA000A86803AA214609F0C6FA002819DBA8682D
:101AB0000122214609F021FCBEE7B3F1C06F05D039
:101AC000B3F1007F14BF01230223C3E70323C1E75F
:101AD0004FF0A042D8E7A868394600F037FE00284A
:101AE000DDDA07B0F0BDA8683A46214609F0CEFB22
:101AF0000028D5D19DF80310A86800F021FECFE79B
:101B00006FF08500EDE751F82330FFDE0003005051
:101B1000036803F01F025B09026004D0012B034835
:101B200018BF002070474FF0A040704700030050DE
:101B30002DE9F04F00EB8109614985B015468346D8
:101B400040F2FF1AD94503D1002005B0BDE8F08F5F
:101B5000DBF80020C2F3C72818F00808C2F3C3203E
:101B6000C2F3080440F0A680564B120E1E5C54458A
:101B700008BF4FF0FF34222A00F29F80DFE802F016
:101B800012222633292F339D9D9D9D36409D9D9D7C
:101B90009D9D9D9D9D9D437E81849D9D9D878B8E5A
:101BA00091949700C5F80C45621C64D003A8039477
:101BB000FFF7AEFF039A012707FA02F2C0F80825E3
:101BC000384636E0C5F81445002715E0C5F8084545
:101BD000EAE7C5F808450027601C1FD14BE0C5F8AF
:101BE0000C450127F8E7C5F81045EDE7C5F80845AD
:101BF000002EE9D100270626631C3CD0002018E007
:101C0000C5F80C45F4E7C5F86045BBF80220671C31
:101C100002F001022FD0002AC8D1012703A80394A3
:101C2000FFF776FF039A8446012000FA02F2CCF80F
:101C30000C25DBF80020019202F4004CBCF1000FEF
:101C400008BF804603A818BF01270394FFF760FF71
:101C5000039C019A00EB8400C2F3412CD0F80047AA
:101C6000320242EA8C0242EA08020C40224342EA73
:101C70004702C0F800270BF1040B63E7C5F8644581
:101C8000C3E7C5F86845C0E7C5F86C45BDE7C5F8CA
:101C900024450127B0E7C5F8284585E7C5F8304554
:101CA000F7E7C5F83445F4E7C5F83845F1E7C5F876
:101CB0003C4579E76FF0150047E76FF0850044E792
:101CC000F0F8FCFF1B0A04002DE9F04104464768C8
:101CD0000D4609F098FE88B14FF02008EFF3118609
:101CE000314688F31288BFF36F8F606808F03DFFBC
:101CF00050BB86F31188BFF36F8FEFE71F4B1B7844
:101D0000002BE9D04FF020086426606808F02DFF12
:101D100070B9012008F0F1FF013EF6D10021212029
:101D200009F028FFF0E786F31188BFF36F8FF5E71E
:101D3000EFF31186314688F31288BFF36F8F606826
:101D400008F013FF0028EED0BB691D706368BA6904
:101D50001B680020C3F844250122C3F84825C3F8B6
:101D60002001D3F82041C3F85801D3F858019A60F4
:101D700081F31188BFF36F8FBDE8F0815B3F0020D6
:101D800070B5012383400F4ABFF35B8FDC4352E8F9
:101D9000001F01EA040542E80056002EF7D1BFF308
:101DA0005B8F4FF4803282400748C0F80823BFF3AE
:101DB0005F8FBFF36F8F03EA0100003818BF012067
:101DC00070BD00BFE83E00200010014070B4124911
:101DD000D1E90034D01AC31844F1000422F07F4640
:101DE000C1E90034A6F50013B3F5400F09D20B4B3F
:101DF0001B681A0A1B069C19094B42F10005C3E92E
:101E00000045EFF31181202383F31288BFF36F8F16
:101E100070BC02F01FB900BF500D0020EC3E002046
:101E2000580D002011B3BFF35B8F0123104A83408C
:101E300052E800CF4CEA030C42E800C10029F7D178
:101E4000BFF35B8F0B4A4FF480338340C2F80433F7
:101E5000094BBFF35B8F1B68BFF35B8FC340DB078E
:101E600042BF064B4FF40032C3F80021704700BF59
:101E7000E83E002000100140E43E002000E100E0C8
:101E80000D4B1868010A0006BFF35F8F0B4BD3F8A8
:101E90000435181841F10001B3F5801F0AD2084B30
:101EA000D3E90023904271EB030303D210F1807059
:101EB00041F10001704700BFEC3E002000100140DE
:101EC000580D00202DE9F04F85B016461F469DF8AD
:101ED00040A00446FFF754FF0190FFF7D1FFB04246
:101EE00071EB07035ED23E4B301A67EB010198425B
:101EF00071F1000109D36FF0150520460199FFF734
:101F000091FF284605B0BDE8F08F364B03EB041374
:101F1000D3E902239F4208BF964254D032494FF47E
:101F2000803804F1500508FA04F8AD00C1F8488380
:101F30002046ADB208F0C1FE26F07F4B05F180458A
:101F400004F5A87305F58835DC464FF003090293C4
:101F5000029A2CF07F4341F82230C1F84483D1F833
:101F60000435224A6FF00200C01A604420F07F401E
:101F7000904228D9286868B1D1F804350393A3EBBF
:101F80000B0020F07F40B0F5000F1CD9204608F070
:101F900094FE039BBAF1000FADD109EB030C09F1DC
:101FA0000109D5E7BAF1000FA5D10123104ABFF30B
:101FB0005B8FA34052E8000F184342E8000100295C
:101FC000F8D1BFF35B8F07490E98230101EB041290
:101FD000C8500F9B5360C2E9026700258DE700BF20
:101FE00001008000400D002000100140FDFF7F0037
:101FF000E43E00207FB51C4C1C4BC4F80833C4F8E9
:1020000048331B4B00254FF0FF304FF0FF31C4F831
:102010000855C3E902014FF48033C4F80433154B6B
:1020200002264FF400320121C4F804631120C3F8E2
:1020300080212A46F6F7A2F91120F6F76FF90E4A29
:102040000123A360236013600C4B0D4A0093CDE97C
:10205000015500232846FFF735FF3046FFF702FA07
:10206000284604B070BD00BF0010014003000F00FF
:10207000400D002000E100E0E83E0020CD1D0300FF
:10208000FFFF7F002DE9F7432E4CD4F80433990766
:102090000BD5D4F8043143B12B4A0023C4F80431E2
:1020A000D4F80431136801331360D4F80433DA032D
:1020B00043D5BFF35B8F254B53E8002F22F001017E
:1020C00043E800100028F7D1BFF35B8FD30702D499
:1020D000D4F840318BB30025C4F84051D4F84031D6
:1020E000FFF7CEFEEFF31182202383F31288BFF3B4
:1020F0006F8F174BD3E90267B042B94120D34FF03D
:10210000FF304FF0FF31C3E90201D3E900981D60B1
:102110004FF48033C4F84833C4F84051D4F8403108
:1021200082F31188BFF36F8FB9F1000F05D0CDF89E
:10213000008032463B460020C84703B0BDE8F0832C
:10214000A946EDE700100140EC3E0020E43E0020EF
:10215000400D002030B5431C124C85B005D08442A0
:10216000A8BF0446012CB8BF0124FFF789FE0E4B1F
:102170000C4DD3E90013401AB0F5000F10D222180D
:10218000AA4228BF2A4652184FF000000749009182
:10219000CDE9010043F10003FFF794FE05B030BD27
:1021A0002A46F0E7FFFF7F00500D0020CD1D030001
:1021B00008B5FFF765FE024B1B68C01A08BD00BFDB
:1021C000500D0020024AD2F80034002BFBD070479B
:1021D00000E0014010B54FF08053D3F83021082AB9
:1021E0004ED14FF080420021C2F80C11C2F81011FC
:1021F000C2F8381502F54042D3F80414C2F820158D
:10220000D3F80814C2F82415D3F80C14C2F8281512
:10221000D3F81014C2F82C15D3F81414C2F83015E2
:10222000D3F81814C2F83415D3F81C14C2F84015AA
:10223000D3F82014C2F84415D3F82414C2F8481572
:10224000D3F82814C2F84C15D3F82C14C2F8501542
:10225000D3F83014C2F85415D3F83414C2F860150A
:10226000D3F83814C2F86415D3F83C14C2F86815D2
:10227000D3F84014C2F86C15D3F84434C2F8703562
:1022800008F02BFD18B1374B374AC3F88C2608F0FD
:1022900024FD18B1354BFB22C3F8182508F01DFDAD
:1022A00058B14FF080424FF08051D2F8E43ED1F85F
:1022B000581261F30303C2F8E43E08F00EFD20B1AA
:1022C0002B4B4FF40072C3F840264FF08053D3F8E5
:1022D0003031082B17D14FF08043D3F80024D207B8
:1022E00044BF6FF00102C3F800244FF08053D3F8CD
:1022F0003431042B81BF4FF01023D3F808224FF064
:102300008043C3F858254FF01023D3F80022002A49
:1023100003DBD3F80432002B22DA164901234FF0F5
:102320001020C1F804351224FFF74CFFC0F800421A
:10233000FFF748FFC0F80442FFF744FF0023C1F84D
:102340000435FFF73FFFBFF34F8F0B490B4BCA68B4
:1023500002F4E0621343CB60BFF34F8F00BFFDE791
:1023600010BD00BF005000404881030000F0004055
:102370000090024000E0014000ED00E00400FA059A
:10238000014B1860704700BFF03E002010B5054BB0
:102390001868144608F0B3FC0028A4BF2070002081
:1023A00010BD00BFF03E0020024A01238340C2F866
:1023B0000435704700F00140014B00201B681847AE
:1023C000F43E0020014B1B68184700BFF43E00207C
:1023D00010B50C4C237993B9012323710A4B20606B
:1023E000002818BF184600F04BF850B9236807487A
:1023F000002BBDE8104008BF184600F091B86FF000
:10240000770010BDF43E0020B9230300C52303006C
:1024100008B5064B1B682BB10020F5F7A1FF08B9E2
:10242000F5F77CFF024B01221A7008BDF43E002034
:10243000593F002038B54FF080440123C4F80833D9
:1024400063600023C4F80031D4F8003142F2107503
:10245000D4F80C24D4F80C34D20307D5DB0705D507
:10246000012008F04AFC013DF2D138BD08F0ADFC76
:102470000028FAD0014B00225A71F6E7FC3E0020FA
:1024800010B508490C794CB9012308600B7108F0AC
:102490009CFC08B9002010BD4C71FBE76FF0770081
:1024A000F9E700BFFC3E00204FF080430022C3F854
:1024B0000021D3F80021094901221A60096811B1ED
:1024C000C3F804237047D3F80021002AFBD0002270
:1024D000C3F80021D3F80031704700BFFC3E002054
:1024E00010B54FF08043D3F80423D20715D5D3F8A5
:1024F000002192B10022C3F800210121D3F800216C
:10250000C3F8081308F061FC044B10B15A7922B9E2
:102510005971BDE810401B68184710BDFC3E0020F3
:10252000074A137943B90121106011714FF08042BD
:102530001846C2F8183570476FF07700704700BF33
:10254000043F002010B54FF080431D4CD3F8181401
:10255000D3F8182411F4803F1AD002F00302012AA4
:1025600001D092B900224FF08043C3F81825002211
:10257000C3F80421D3F8042101229A6022688AB9A1
:10258000D3F80421002AFBD014E008F02FFCE9E77F
:10259000D3F81424D107E5D5D3F81C249207F4D43A
:1025A00022681AB10222C3F8042310BDD3F8042113
:1025B000002AFBD00022C3F80421D3F80431F4E749
:1025C000043F0020F8B54FF08043194FD3F804437F
:1025D000012504F01A04002604B9F8BDB4FA84F009
:1025E000C0F11F00830003F580739BB203F18043A9
:1025F00005FA00F2196892B224EA02040029EBD02D
:102600001E601B684FF08043022AC3F808230BD1D9
:10261000D3F81814D3F81814890705D1C3F818553E
:10262000C3F804239D60D7E73B68C0B29847D3E75F
:10263000043F0020036803F01F025B09026004D01E
:10264000012B034818BF002070474FF0A04070478F
:1026500000030050034A430900F01F00D35C1844F4
:10266000C0B27047230A0400024611F0010030B5E1
:1026700015D18B07C1F3400022D51249D1F82005AE
:1026800050604FF08052C1F82005D2F83021082A5E
:1026900008BFD1F82025003818BF012010E04FF006
:1026A000A0444FF08055D4F820351360C4F820358D
:1026B000D5F83051082D08BFD4F82045002BD8D0CC
:1026C00030BD00BF00030050F7B504460846FFF7D1
:1026D000C1FF04EB40060D46B38ADB072AD520462E
:1026E00008F087FC2946204608F0F3FB50B120464D
:1026F00008F005FC276807EB80000023C0F81035C0
:10270000C0F810352946204608F022FC0021B1828D
:1027100001A80195FFF78EFF019B00EB8300074B9B
:10272000D0F80027134043F00203C0F800370846F2
:1027300003B0F0BD6FF01500FAE700BFF0F8FCFF42
:10274000014808F0FABA00BFE403002010B50448BD
:102750000C4608F0D4FA0028A4BF2070002010BD59
:10276000E40300202DE9F04F074689B057F8049B99
:10277000D9F80413C9B28346082241F00041484603
:1027800008F00FFC051E2FDA0023032106A8CDE96F
:102790000633FFF769FF634B01930DF118084FF003
:1027A000000A019A604912F8013B0192DA0803F02D
:1027B00007038A5C22FA03F3DB071CD40AF1010346
:1027C000022B08F104084FF0010AEAD14FF0004152
:1027D0000022484608F0E5FB032106A8FFF744FF66
:1027E0000028D8D125F000450124002D40F0848038
:1027F00009B0BDE8F08F4D4B53440293D8F8006008
:10280000002EDBD0029B96FAA6F61C78B6FA86F666
:1028100046EA44142046FFF71DFF0BEB4000F20888
:10282000818A18F802000594C1F382030393009390
:1028300006F00706012303FA06F620EA060008F868
:10284000020005A8FFF7F6FE059A039B02F5E07269
:1028500011F0100F50F82260C6F3014633D0009AF1
:102860003846214608F055FB05A80594FFF7E2FE1F
:10287000059B03F5E073F6B250F82330C3F3014330
:102880009E4207D10021204608F014FB3146204625
:1028900008F010FB05A80594FFF7CCFE059B01226C
:1028A00002FA03F3C0F820354FF08053D3F83031EB
:1028B000082B01BFD0F82035D0F82035D0F82035CE
:1028C000D0F820359AE7022E14BF022103212046BA
:1028D000039308F0EFFA039B032B03D0022E07D1DA
:1028E000012BD7D1009A2146384608F012FBD1E7D8
:1028F000032ECFD1022BF4E795FAA5F3B3FA83F3B5
:1029000004FA03F225EA020503F5A2720BEB430376
:1029100059F82220B3F87C10C2F30142384608F07F
:10292000F8FA62E7330A0400B0C80300330A04006F
:1029300010B5174C23783BBB0278C2F340039207D3
:102940000FD54FF08053D3F83021082A08D1D3F89F
:102950003431022B02BF4FF080430122C3F83826E6
:1029600001234FF08042C2F88035037803F0010361
:10297000C2F878350020F5F7F3FC08B9F5F7CEFC7E
:1029800001232370002010BD6FF07700FBE700BF2C
:102990005A3F00204FF080434FF46072C3F8082381
:1029A000014B00221A6070470C3F002008B5FFF76A
:1029B000F1FF03680BB1014A136008BD0C3F002012
:1029C00010B54FF08043D3F80443620707D54FF4A6
:1029D000847008F0E5FC10B11E4B1B689847A306F5
:1029E00008D54FF48A7008F0DBFC18B11A4B0020B0
:1029F0001B689847600608D54FF48C7008F0D0FC2F
:102A000018B1154B01201B689847210608D54FF4D3
:102A10008E7008F0C5FC18B1104B00201B68984759
:102A2000E20508D54FF4907008F0BAFC18B10B4BD2
:102A300001201B689847A3050AD54FF4927008F04F
:102A4000AFFC28B1054BBDE810401B6802201847B9
:102A500010BD00BF143F0020103F00200C3F00209D
:102A600038B5EFF31185202383F31288BFF36F8FFE
:102A7000064B9C6808F0E4FC85F31188BFF36F8F68
:102A80002046BDE83840F5F721BD00BF183F0020C3
:102A900038B50A4B53F82040013053F82050A54276
:102AA00000D838BD606830B1037EDB0701D408F080
:102AB0009CFC0834F3E723689847FAE7B4C803009E
:102AC00070B52A4B2A4C2B4D86B0012203201A7078
:102AD000FFF7DEFF01F034FC0420FFF7D9FF2646A4
:102AE000AE4204F130040FD300F0E4FF204CAC42BE
:102AF00026D300F0F3FFF4F71DFE1F4A938923F05D
:102B00000103938106B070BD54F80C3C059354F852
:102B1000103C049354F8143C039354F8183C02936B
:102B200054F81C3C019354F8203C009354E90A23C8
:102B300054E90C0100F0BCFD54F8303C5E65CEE772
:102B4000D4E90A23B3F1FF3F08BFB2F1FF3F05D03C
:102B500052EA0301206803D109F025F83034C6E7B2
:102B60000649183001F0E6F9F8E700BF5B3F0020A6
:102B7000D8C5030008C60300E80D0020F1BA030021
:102B800070B5164E164D1749882386B003FB0066B4
:102B900001220023CDE904230F22CDE90232019363
:102BA000142303FB005504464FF4C07000FB0411CE
:102BB0000D4B00954FF4A072304600F079FD337C48
:102BC0000A4AEE6023F0040333744FF4046304FBF9
:102BD000033313442C746B6006B070BD600D00208D
:102BE000183F0020C06E0020C7B50300806600209B
:102BF0007FB50020FFF74CFF284B83F30888284C53
:102C0000636943F4007363610025E02384F8223094
:102C1000E57725766576A57684F82050636A43F4D7
:102C2000E023636284F82350F5F734FBF5F738FCB2
:102C30004FF0FF33A362E362F5F756FDF5F7B2FC00
:102C40001848194C00F0ACFD0120FFF721FF0220CD
:102C5000FFF71EFF00F06CFF144B15495C61154B2C
:102C6000059301234FF48052CDE90353CDE901557B
:102C7000114B0095204600F01BFD237C064623F0F7
:102C800004032046237408F0FFFE2846FFF778FF70
:102C9000094A31462046F5F7E5FB00BFC06E00202B
:102CA00000ED00E0700E0020E80D0020183F00202D
:102CB0004070002025CF0300C12A030038B5064C20
:102CC000064DAC4201D3002038BDD4E901122046A4
:102CD00008F0FBFB1434F4E7200500203405002045
:102CE00030B585B0DDE90845034B0293CDE90045D9
:102CF00008F0A9FB05B030BD574C030038B5074CB0
:102D0000074DAC4201D3002038BD204608F001FC3D
:102D100008B91C34F5E76FF01500F5E7B0040020A2
:102D20002005002073B50C46EFF31181202585F3B3
:102D30001288BFF36F8FC5685DB125602B68C360D3
:102D4000836901338361002081F31188BFF36F8FA2
:102D500011E052EA030603D125606FF00B00F3E7A0
:102D6000CDE900230246083000F002FE18B9034BFB
:102D70009B685B69236002B070BD00BF183F0020F4
:102D8000F7B50E4604469DF82010EFF3118720207A
:102D900080F31288BFF36F8F256AE068854245D2C1
:102DA0002568AC4219D0C5B1284608F017FC05F1DA
:102DB000180008F086FFA2686869314609F0ACF98E
:102DC0000023C5F88430284608F05EFE04F10800B0
:102DD000394608F0A5FE002036E0A268D9B1E069C6
:102DE000314609F099F9E369A26813446269E36125
:102DF000934201D12369E361236A013323621021E5
:102E000004F1240009F0F6F80028DFD187F31188D7
:102E1000BFF36F8F18E0A0692369984208BF60690B
:102E2000801AA061314609F077F9E5E752EA03011B
:102E30000CD00849896804F108004E61CDE90023EF
:102E40003946224600F094FD03B0F0BD6FF0220039
:102E5000DCE700BF183F0020F7B504460846EFF353
:102E60001186202181F31288BFF36F8F216A002918
:102E70003BD0A268A16909F04FF9A369A26825684F
:102E800013446269A361934204BF2369A361236A67
:102E9000AC4203F1FF33236236D02846002D34D0F4
:102EA00008F09CFB05F1180008F00BFF6969A268A7
:102EB000E06909F031F9E369A26813446269E361EA
:102EC000934204BF2369E361236A0027013323622D
:102ED0002846C5F8847008F0D7FD04F10800314693
:102EE00008F01EFE384603B0F0BD52EA030111D0CF
:102EF0000A4989684861CDE900233146224604F138
:102F0000080000F035FDEEE7002086F31188BFF3DE
:102F10006F8FE8E76FF02200F7E700BF183F00204F
:102F20002DE9F341044617461E46EFF3118820238E
:102F300083F31288BFF36F8F304BC2689B6872B106
:102F40008068984217D057EA060216D188F3118894
:102F5000BFF36F8F6FF00F0002B0BDE8F08193F9FF
:102F60000E1021610132C4E9023288F31188BFF3E7
:102F70006F8F0020F0E72169F3E793F90E1090F9C5
:102F80000E30994230DA9942A8BF194608F03AFB50
:102F90000546CDE900761A482246414600F0E8FC95
:102FA0000028E6D0EFF31186202383F31288BFF3C5
:102FB0006F8FA068D0B1236821699C420AD04BB1C1
:102FC00093F90E309942A8BF19466FF07F039942DA
:102FD000B8BF194608F016FB40B10948314608F061
:102FE0009FFD6FF00A00B7E70025D2E7002DF4D16E
:102FF00086F31188BFF36F8FF3E700BF183F0020FF
:103000005C3F0020F8B583680546002B40D0234A7A
:10301000926893423FD1C368012B03D9013BC3603F
:103020000020F8BDEFF31187202383F31288BFF34C
:103030006F8F0169806808F0E5FA2C68A54207D116
:103040000023C5E9023387F31188BFF36F8FE7E7E9
:10305000002CF5D0D4E9003213605A60237C00269E
:1030600023F002032374C4E90066A66004F118008B
:1030700008F027FEAC6094F90E302B612046C4F8AE
:10308000846008F001FD0648394608F049FDC7E7AD
:103090006FF01500C5E74FF0FF30C2E7183F002082
:1030A0005C3F002037B51146EFF31185202282F3F3
:1030B0001288BFF36F8F04689CB12368426823F0C5
:1030C00003039442036008BF43600121204608F0D7
:1030D00026FB044685F31188BFF36F8F204603B0AB
:1030E00030BD51EA0302F5D000F10802CDE900132A
:1030F0001046294600F03CFC0028EFD1014B9B68AC
:103100005C69EBE7183F002070B5EFF311862023D0
:1031100083F31288BFF36F8F0468A0421BD0D4B131
:10312000D4E9003213605A60237C002523F00203A7
:10313000C4E900552374A56004F1180008F0C1FD2E
:10314000C4F88450204608F09FFC31460A48BDE888
:10315000704008F0E5BCD0E902329A4218BF013352
:1031600083600221103008F045FF0028EDD186F37E
:103170001188BFF36F8F70BD5C3F002013B5EFF374
:103180001181202484F31288BFF36F8F846844B1C7
:10319000013C846081F31188BFF36F8F002002B07F
:1031A00010BD52EA030406D181F31188BFF36F8F7B
:1031B0006FF00F00F3E7CDE900230246014800F06D
:1031C000D7FBECE75C3F0020F8B50546EFF311862E
:1031D000202383F31288BFF36F8F00272C68A5424A
:1031E00019D0C4B1D4E9003213605A60227C0023A4
:1031F00022F00202C4E900332274A36004F1180033
:1032000008F05FFD6FF00A03C4F88430204608F030
:103210003BFC0127E2E70023AB60022105F110002F
:1032200008F0E8FE28B927B986F31188BFF36F8F3D
:10323000F8BD31460248BDE8F84008F071BC00BF57
:103240005C3F00202DE9FF41544E04462027EFF358
:10325000118887F31288BFF36F8FD4F88C50F5B9BB
:10326000022104F1A40008F0E0FA002870D004F173
:103270009C0500220121284608F0B5FC0028F8D161
:10328000002302934FF0FF324FF0FF33CDE90023CC
:10329000414604F19402424800F074FDD7E7D4F8A7
:1032A00090202B68C4F88C30954208BFC4F8903049
:1032B000D4F8A43043F00203C4F8A430EB6823F040
:1032C000040343F00103EB606B6888F31188BFF3DC
:1032D0006F8F28469847EFF3118887F31288BFF362
:1032E0006F8FEB68D80623F001023ED4EA60EB68EA
:1032F0009A0717D5306823F00203EB6090B103689A
:10330000002178B1426895423DD10368002934D14B
:1033100072683360904200D17360002340F8083B2C
:10332000FFF7F2FED4F8A43023F00203C4F8A4306F
:10333000DB0530D4D4F88C30003B18BF012388F370
:103340001188BFF36F8F002B81D000F0F9FB7EE76F
:10335000D4F8A430D90693D5C4F8A40088F3118812
:10336000BFF36F8F04B0BDE8F08123F01103EB6071
:1033700005F11000FFF7C8FEB9E70B6073689842CB
:1033800008BF7160C9E701461BB11A6818461346A9
:10339000B7E71A46FAE70023D1E700BF383F00201D
:1033A0005C3F0020F8B5C3689A0704460E46C3F395
:1033B000400542D45F0742D40B680BB983680B60A9
:1033C000E368D80744BFA368336037684CBF022561
:1033D000012557B31B4B9A68D7F888309A421ED103
:1033E00008F011FB80F00100C0B2D7F8A430D90773
:1033F000C3F380021CD5F2B1F8B100232360D7F8E3
:10340000903073B9C7E92344384608F028FAE368D6
:1034100043F00403E3603368A3602846F8BD00204E
:10342000E3E71C60C7F89040EEE76FF0150506E093
:103430006FF0120503E01B07DFD56FF00F050023C7
:103440003360EAE7183F0020F0B589B00446002059
:10345000C4E923000E9D04F19400C4E9250004F1A1
:103460009C00C4E9270055B32879002840F20110D8
:1034700008BF0120C4F8A40000204FF0FF364FF031
:10348000FF37CDE90330CDE90100CDE906670D4BEB
:103490000094204600F058F955B1296811B1204632
:1034A00008F0B7FA6B791BB1A38943F00103A3813C
:1034B000204608F078FBC4F8884009B0F0BD012030
:1034C000D8E700BF4532030037B501900846EFF357
:1034D0001184202181F31288BFF36F8FC16811F02E
:1034E0001E0F16D153EA020508D101A9FFF75AFFB2
:1034F00084F31188BFF36F8F03B030BD41F0080132
:10350000C160019981620449103000F013FD01206F
:10351000EEE70020ECE700BFD3B803000146014806
:10352000FFF7D2BF180F0020F7B50C4601901646E2
:103530001D46EFF31187202383F31288BFF36F8FAB
:10354000084608F07DF955EA060309D101A920468D
:10355000FFF728FF87F31188BFF36F8F03B0F0BD2B
:10356000E368074943F00803E360019BA362324626
:103570002B4604F1100000F0DDFC0120EAE700BF5B
:10358000D3B8030001460148FFF7CEBF180F002053
:1035900038B5EFF31185202383F31288BFF36F8FC3
:1035A0000468A04213D094B1204608F01BFA04F13D
:1035B000180008F086FB00232046C4F8843008F089
:1035C00063FA0548294608F0ABFA002038BD85F3B8
:1035D0001188BFF36F8FF8E75C3F00202DE9F041C1
:1035E0000546EFF31187202383F31288BFF36F8F13
:1035F0000468A0421CD0DCB1204608F0F3F904F1C5
:10360000180008F05EFB0026B046C4F8848020460F
:1036100008F03AFA2C68A54206F1010610D07CB1F8
:10362000204608F0DFF904F1180008F04AFBECE747
:1036300087F31188BFF36F8F00263046BDE8F08115
:103640000248394608F06CFAF7E700BF5C3F0020FB
:103650002DE9F3411C4652EA040307460D4616467F
:1036600008D10846FFF7CEFC6FF00A04204602B0EE
:10367000BDE8F081EFF31188202383F31288BFF3B4
:103680006F8F0846FFF7BEFCCDE9006407483A4655
:10369000414600F06DF904460028E7D14FF0FF32B3
:1036A0004FF0FF332846FFF73BFCDFE75C3F00208D
:1036B0002DE9F043073285B022F007020E461F467F
:1036C0001099818100F158037F32C0E91633044616
:1036D000002322F03F020421836001743F2A0F98E7
:1036E000A073C4E90633E37306F14009A2F1400870
:1036F00005D883F31188BFF36F8F084602DFB51832
:1037000029462046F4F7B2FB07300E9B20F0070055
:103710006067C4E91B9802930D9B01932D1A0C9BC3
:1037200000932A463B4631462046F4F769FE0023C3
:103730006365044B9B6803B19B6FA367284605B084
:10374000BDE8F083183F0020F0B587B0002505954F
:10375000109D04950F9D03950E9D0295DDE912764F
:103760000D9D01950C9D00950446FFF7A1FFB6F154
:10377000FF3F08BFB7F1FF3F05D056EA070305D169
:10378000204608F010FA204607B0F0BD3A4633460E
:1037900004F11800014900F0CDFBF4E7F1BA030091
:1037A0000123037483810023C0E91B338367014B2A
:1037B00098607047183F00200A4A93686FF00A012A
:1037C000C3F884100849C3F880004B6843F0805365
:1037D0004B60002383F31188BFF36F8F9368D3F896
:1037E00084007047183F002000ED00E070B590F9AC
:1037F0001020037C002A2FDBD9062DD11A4C63F050
:103800007F032246037452F8183FE169934207D1BF
:10381000C0E900210860E0610FE09942F8D01B6820
:10382000002BF5D093F90E6090F90E50AE42F4DD06
:103830005968C0E9003108605860A569954200D018
:1038400005B9E568A3681A7CD20606D1DA897F2A11
:1038500003D9AA690AB9636170BDAB4202D0284698
:1038600000F0D2FA6561F7E7183F002038B590F90B
:103870001020037C002A014604DA03F07F0303745E
:1038800008F0CAF80D4D2A46AB6852F8184F94421A
:1038900000D004B9EC688B4207D01A7CD20604D160
:1038A000DA897F2A01D9A2692AB1A34202D020462F
:1038B00000F0AAFA23466B6138BD00BF183F002014
:1038C000B3F1FF3F08BFB2F1FF3F03D00249183008
:1038D00000F030BB704700BFF1BA0300034648B99F
:1038E000EFF3058232B9064A51699268914201D0DC
:1038F000FFF762BF83F31188BFF36F8F704700BF7C
:10390000183F002038B5184CA168E0690B68814267
:1039100014BF1A46002249680B605960A368E16928
:103920002AB9124AC3E900210B60E3610AE092F967
:103930000E5093F90E00854212DD5168C3E9002153
:103940000B605360A569094B9D4200D005B9E5683D
:10395000A3689D4202D0284600F056FA656138BD42
:103960008A42DED01268DBE7183F0020303F00209B
:10397000F8B50E4B0C4611460D4A98681060DDE90B
:103980000667EFF31182202282F31288BFF36F8F54
:103990009D68284608F052F8284632463B46FFF715
:1039A0008FFF2046BDE8F840FFF706BF183F002014
:1039B000403F0020F8B50446EFF31187202383F33E
:1039C0001288BFF36F8F037C03F01F02002A0CBF25
:1039D0000126002649B235D103F07F03037408F0B5
:1039E0001BF8294D037C817363F07F032A4603741F
:1039F00052F8183FE869934207D1C4E900200460F7
:103A0000EC610DE09842F8D01B68002BF5D093F9DB
:103A10000EC08C45F6DD5968C4E900310C605C606D
:103A2000AC69944200D004B9EC68AB689C4202D007
:103A3000204600F0E9F96C6187F31188BFF36F8FBE
:103A40003046F8BD9B071CD5856807F0E5FF8173FC
:103A50002B689D4209D16B68C4E900531C606C60FF
:103A6000EAE76A689A42F6D01B68002BF3D093F914
:103A70000E208A42F5DD5A68C4E9003214605C60A9
:103A8000DAE78173D8E700BF183F0020034648B942
:103A9000EFF3058232B9064A51699268914201D02A
:103AA000FFF78ABE83F31188BFF36F8F704700BFA3
:103AB000183F0020EFF31181202383F31288BFF316
:103AC0006F8F054B9A68D37B013BD37381F31188C9
:103AD000BFF36F8F704700BF183F002070B5EFF342
:103AE0001186202383F31288BFF36F8F0F4DAB68CD
:103AF000DA7B0132DA732A4652F8184F944200D02A
:103B000004B9EC681A7CD20604D1DA897F2A01D97B
:103B1000A2692AB19C4202D0204600F075F92346E2
:103B20006B613046BDE87040FFF7D8BE183F0020FB
:103B3000024B03F11802C3E906227047183F002028
:103B400070B5EFF31186202383F31288BFF36F8FD4
:103B50001A4CA168E0690B68814214BF1A46002222
:103B600049680B605960A368E1692AB9144AC3E93E
:103B700000210B60E3610AE092F90E5093F90E0008
:103B8000854216DD5168C3E900210B605360A569C9
:103B90000B4B9D4200D005B9E568A3689D4202D059
:103BA000284600F031F965613046BDE87040FFF706
:103BB00003BE8A42DAD01268D7E700BF183F002060
:103BC000303F0020F8B550EA010306460C4603D109
:103BD000FFF7B6FF0020F8BDEFF31187202383F332
:103BE0001288BFF36F8F124D124BA8681860FFF751
:103BF0003DFEA868104923463246183000F09AF975
:103C0000AA68137C43F00403137404463846FFF794
:103C1000D3FDAB68D3E90A23B3F1004F08BF002AF4
:103C2000D8D108F09FF8201A20EAE070D3E700BF4F
:103C3000183F0020403F0020F1BA0300014B986874
:103C4000704700BF183F00202DE9F84304468789DC
:103C5000EFF31186202383F31288BFF36F8F037C69
:103C6000190705D586F31188BFF36F8FBDE8F88378
:103C7000D90943F008026FD10274A36813B120463A
:103C800007F0D2FE04F1180008F01BF8A56D04F14E
:103C90005808A84511D04FF0000975B1284607F023
:103CA000C3FE05F1180008F00CF8C5F8849028460A
:103CB000FFF79CFDA56DA845EFD1DFF8BC80D8F8D3
:103CC00008309C4250D1EFF30589B9F1000918BFC3
:103CD0004FF00109D8F81850284A954200D00DB984
:103CE000D8F80C50AB4202D0284600F08DF82046A0
:103CF000C8F8145001F0B8F9B9F1000F02D020480B
:103D0000FFF74EFDD8F808309C4230D1EFF3058321
:103D10006BBBA289D20711D586F31188BFF36F8FD1
:103D200083F31188BFF36F8F0423184602DFEFF38C
:103D30001186202383F31288BFF36F8F3046FFF77D
:103D40003BFDFB0792D5002383F31188BFF36F8FF0
:103D50000423184602DF89E703F07F0343F00803DA
:103D6000037407F059FE88E74FF00009B2E786F3C5
:103D70001188BFF36F8FE4E7183F0020303F002029
:103D8000700E0020D3B5DDE90667089CCDE9006719
:103D9000FFF7EEFD1CB1034B9B685B69236002B02B
:103DA000D0BD00BF183F0020027C12F01F02034666
:103DB00010D10A4988420DD00949086868B1D989EB
:103DC0007F2909D893F90E20064B1B689A42B8BF89
:103DD000002070470020704710467047600D00209B
:103DE000E8030020443F0020044BC01A044BC010DD
:103DF0005843044B01221A54704700BFF80E0020AC
:103E0000ABAAAAAA5C3F002070B50C4B0C4D1E7CDF
:103E1000FFF7CAFF182303FB06550446284607F0A0
:103E200050FF084B00229A553CB1621E28460649B5
:103E3000BDE87040D31700F07DB870BD183F00207A
:103E4000F80E00205C3F0020E93D030038B5EFF399
:103E50001185202383F31288BFF36F8F0F4B104A15
:103E60009C681068A04206D1FFF7CEFF85F3118849
:103E7000BFF36F8F38BD00211B7C1160094AD35CF2
:103E8000002BF3D02046FFF78FFF0028EED0237CD5
:103E9000DB0601D1FFF736FD2046E5E7183F00209D
:103EA000403F00205C3F0020024B1868984208BF4A
:103EB00000207047EC030020034B1B680BB9FEF792
:103EC00077B90020704700BF483F002030B570B17F
:103ED0000B4B5B6898420AD0036843B1D3E90421D5
:103EE000D0E90445121941EB0501C3E90421D0E9E9
:103EF000003213605A600023C0E9003330BD00BFB8
:103F0000EC03002070B50246FFF7CEFF08490346D8
:103F100000204D68014603B970BDD3E9044600197D
:103F200041EB06019342F7D0AB42F5D01B68F2E7B4
:103F3000EC030020B3F1FF3F08BFB2F1FF3F2DE9D2
:103F4000F84F0446994615461F467AD08160EFF334
:103F50001188202383F31288BFF36F8FB9F1000F0C
:103F6000DFF8E4A020DBFFF7A7FFDAE9002701353F
:103F700049F100092D1849EBE073C4E90453AD1869
:103F8000064643EB07074FF00109FFF78DFFDFF807
:103F9000BCE0DEF804A00346EBB9C4E900EACAF8C5
:103FA0000040CEF8044028E0DAE900126FF0010387
:103FB0005B1A4FF0FF3161EB02025B1B62EB0902FF
:103FC000012B72F10001BCBF01230022C0E90432C1
:103FD0004FF00009D9E7D3E9041CD4E904208A4250
:103FE00070EB0C0B24DA891A5A686CEB0000C3E9F9
:103FF0000410C4E9003214605C60FFF755FF84428E
:104000000ED1134B1B685BB9B9F1000F02D1FFF75A
:1040100053FF0646304607F03DFE0021FEF79AF8B2
:1040200088F31188BFF36F8F28463946BDE8F88FB3
:10403000521A60EB0C005345C4E90420ADD01B6854
:10404000AAE700252F46EFE7100F0020EC03002021
:10405000483F00202DE9F047DFF8A890DFF8A8805E
:10406000C9F800000246FFF71FFF0D460026002793
:10407000D8E900134FEAE27E50B1D0E9044CA242E5
:104080007EEB0C0A1BDAA41A6CEB0E06C0E90446A0
:1040900052184FF0000443EB0E032046C8E90023FA
:1040A000C9F8004007F0F6FD2146FEF753F885F306
:1040B0001188BFF36F8FBDE8F047FFF7C7BE6118E7
:1040C00043EBE473C0E90467C8E90013FFF7FEFEA1
:1040D00001224FF00043C0E9042385F31188BFF3A8
:1040E0006F8F83689847EFF31185202383F312883D
:1040F000BFF36F8FD9F80020121BC9F80020FFF71B
:10410000D3FEB5E7483F0020100F002010B5EFF3B5
:104110001184202383F31288BFF36F8FFFF7CCFE47
:10412000054A0346D2E90001181841EBE37184F314
:104130001188BFF36F8F10BD100F0020F0B514234E
:10414000154E03FB01000024202701B9F0BD10F833
:10415000073C40F80C4C03F03F03102BA0F1140C6B
:104160000CD826FA03F3DB0708D550F8143C2BB122
:1041700050F8105C2B605D6040E9054482F31188C3
:10418000BFF36F8FEFF3118287F31288BFF36F8F46
:1041900001396046D9E700BF160101002DE9F74F4C
:1041A0001D46274B9F68012387F8603087F86130F0
:1041B00052EA050316460CBF0123002307F16002F3
:1041C000804607F042FE8146EFF3118B4FF0200A44
:1041D0008AF31288BFF36F8F97F860404CB901469D
:1041E0005A464046FFF7AAFF8BF31188BFF36F8F43
:1041F0000BE0002387F8603056EA050309D18BF302
:104200001188BFF36F8F6FF00A04204603B0BDE83A
:10421000F08FCDE900650B4A0B485946FFF7A8FB24
:104220000446EFF311858AF31288BFF36F8F2A4695
:1042300049464046FFF782FF85F31188D6E700BF65
:10424000183F0020F40300205D3F002010B5034616
:10425000EFF31184202282F31288BFF36F8FC160C5
:10426000012181600068834205D184F31188BFF386
:104270006F8F002010BDD0E9003213605A60002318
:10428000C0E9003307F064FE0248214607F048FC0D
:10429000EFE700BF5D3F002073B50446EFF31186E2
:1042A000202383F31288BFF36F8F8368594003EA9A
:1042B00002050A405340009300226B4608490192D0
:1042C00007F0B4FCDDE9003223EA020304F10C003C
:1042D000A360314607F024FC284602B070BD00BF41
:1042E000B9C00300F8B507460C46164607F08BFB2D
:1042F00008B10020F8BD0D4B9B689D6F002DF8D0D4
:10430000221DF6D2EFF31184202383F31288BFF32A
:104310006F8F47F004012846B04784F31188BFF33C
:104320006F8F0028E5D040F8045BE3E7183F0020DA
:104330000146024A0020FFF7D5BF00BF514C0300E1
:10434000014800F03CBD00BF2ACF030007B5074B72
:104350000093074907484FF0FF334FF48062FFF79F
:1043600073F8002003B05DF804FB00BFCCC8030065
:1043700080800020180F00200CB430B58BB00446AC
:104380000D462022002102A807F0EDFE02238DF841
:104390000A30002D0C4B0393069412DB01D06B1EE8
:1043A0001C440FAA0E99079402A8019200F082F80B
:1043B00015B1069B00221A700BB0BDE8304002B068
:1043C00070470024EDE700BFF3C20300242A2DE963
:1043D000F041054601D8012A0AD1F4F7DDF8344B43
:1043E00016221A5001B10D600020BDE8F081304660
:1043F000064616F8014B202CF9D0A4F10907042F2A
:104400002346F4D92B2C32D02D2C33D14FF0010C74
:104410003378861C302B34D1307840F02000782857
:104420002BD132F0100028D1737835461022023695
:104430000CF10047013F0020B7FBF2FE02FB1E78A3
:10444000392B82BF03F1FF3343F02003263B303B7F
:104450009A421DD9704502D817D1984515D24CF013
:10446000020C3446354614F8013B2646E8E74FF087
:10447000000CCDE74FF0000CCCE7002A08BF082263
:10448000D6E7002A08BF0A22D2E700FB0230E8E79D
:1044900001B10D601CF0010F18BF40421CF0020F6B
:1044A000A3D0F4F779F8024B22221A5038469CE741
:1044B0000C0000002DE9F04F8BB043680093837827
:1044C0009C078046924640F1F98000250878002834
:1044D00000F0F68025280AD04B1C01930135414697
:1044E000009B98470028C0F2E3800199EEE74E78E0
:1044F0008B1C252E0193F1D00027B9463C460A2299
:104500001F2C22D8A6F12003102B20D8DFE803F0BF
:10451000141F1F1A1F1F1F0B1F1F1F121F171F1FE4
:10452000090044F00104019B13F8016B0193002E74
:10453000E6D13AE044F0020444F00404F3E744F026
:104540000804F0E744F01004EDE77F2C24D8A6F12E
:104550003003092B08D860064EBF02FB073702FB69
:10456000093944F02004DEE72A2E0DD161065AF8FD
:10457000043B53D4002BA7BF44F020049946C3F159
:10458000000944F02804CEE72E2E05D1630600F181
:10459000978044F04004C6E76C2E2ED028D8682EB1
:1045A00032D06A2E37D04C2E35D0002F46F0200363
:1045B000B8BF24F04004A3F16502BCBFA4B2002739
:1045C000022A01D9612B2BD10AF1070A2AF0070A26
:1045D0009C4E0AF1080A0727210760D506EB070B56
:1045E00034465C455DD1AE1BA219A9EB070959E120
:1045F000742E98D07A2E96D0D7E7260648BF44F47A
:10460000007444F080048EE7E00548BF44F4007471
:1046100044F4807487E744F4207484E71F4682E7FB
:10462000A6F16302122A00F2D880DFE812F013002C
:104630004D00D600D600D600D6004D00D600D600DC
:10464000D600D600D600E800D100D600D6001A0069
:10465000D600A0005AF8043B8DF81030012704AEB4
:10466000BAE75AF8046B784B002E08BF1E4614F0C8
:10467000400F14BF39464FF0FF31304607F0AAFD16
:104680000746A9E7009B41462020984700280FDBFA
:10469000013CA742F6D34D442D1BA1469EE74C4654
:1046A000F7E714F8010B009B41469847002898DA79
:1046B00098F8023043F0040388F802304FF0FF35D9
:1046C00028460BB0BDE8F08F220630D5A3052AD5C9
:1046D0000AF1070A2AF007039A4659685AF8080BA4
:1046E00024F0100B00291FFA8BFB2FDA404261EBFC
:1046F00041014BF4806B04AC0A23224607F0A2FD73
:104700001BF0400FA0EB040200F08E802BF00104A0
:104710009742A4B240F38F80002E40F08E802BF0A1
:104720001104A4B21DE05AF8040BC117D8E7E00544
:104730005AF8041B01D40846F7E7A2054BBF48B25C
:1047400008B241F3C01141F3C031C9E750EA010397
:10475000D1D16306CFD5002FCDD124F01104A4B25E
:104760003A463B4640F206410C4262D124E024F036
:104770001004A4B20A2314F0800243D014F4007190
:104780001FBF0AF1070A2AF007029246516814BFB8
:104790005AF8080B5AF8040B50EA01023ED124F0F3
:1047A000160B62061FFA8BFB3CD5002F3AD124F082
:1047B0001704A4B23A463B4621075AD4E10705D56F
:1047C000994572DDA9EB03039F184B469B464AE0CF
:1047D00044F0100410237826CDE7782B04D1C6F1DD
:1047E000780343F01003C6E7009B41462520984715
:1047F0000028FFF65DAF02354146304670E60823DB
:104800000026B8E714F480715AF8040BC4D014F4ED
:1048100000711ABFC0B2114680B2BDE724F0060491
:104820001FFA84FB04AC68E713465C46E10699D5A1
:104830002EB90133C0E71346F8E73B46F6E70233EB
:10484000BAE700BF62CF03005BCF0300CDE90232BD
:104850004146009B202098470028FFF629AFDDE95C
:1048600002320BF1010BD945F0DCEB1A03EB0B051F
:104870005B46E10627D5CDE902324146009B302058
:1048800098470028FFF614AFDDE902327EB9013502
:104890002F44791B8A4229DB144604AE9CBB2A4470
:1048A000A9EB03091546914442E017468EE7CDE98E
:1048B0000232023541463046009B98470028DDE928
:1048C0000232E5DAF4E640F206410C42E0D014F0A0
:1048D000020F14BF2B20202014F4806FCDE9023288
:1048E00005F10105414618BF2D20E5E7CDE902326B
:1048F0004146009B302098470028DDE9023205F14F
:104900000105C6DAD4E6013CCDE90232305D009BF8
:10491000414698470028DDE90232BFDAC8E6009B2D
:10492000414620209847002805F10105FFF6C0AE5A
:10493000A9EB0503002BF2DCD7E500BF70477047F9
:10494000006838B1BFF35B8FC068BFF35B8F08416D
:1049500000F00100704703460A46006819790123F8
:1049600003FA01F103691B68194218BF82F00102C2
:1049700012B18368DB68184783681B69FBE7F0B4F2
:10498000034600681979DB88066987683468DA07A6
:1049900054BF43F4B01383F4D01301258D4023F4A6
:1049A0008012DB074CBF2C43AC4334603B68F0BC47
:1049B000184707F0DFB807B50023CDE90033F5F756
:1049C00041FB03B05DF804FB00EBC10040884008E8
:1049D0007047F8B50346FFF7F7FFB0FA80F0C0F173
:1049E0001F0003EB800CCA00DCF81060171D0C469A
:1049F00006328DB256B9012101FA00F0D96801439F
:104A0000D960CCF81040DD539D52F8BDF10004315F
:104A1000585AD85303EBC0009E52C5805D52F4E74C
:104A200010B500EBC104E388994202F104010AD1F8
:104A3000012303FA02F2C36823EA0203C3600023DE
:104A400040F8213010BDA28840F8213000EBC201AF
:104A500000EBC300CB808280F4E708B50346FFF784
:104A6000B3FFB0FA80F2C2F11F021846BDE8084059
:104A7000FFF7D6BF2DE9F843B1FA81F3C3F11F0266
:104A800000EB82090646D9F810700D4687B9C3F1CC
:104A900020034FF0FF349C40F3681C4014D094FA7C
:104AA000A4F2B2FA82F2131D56F82340214608E020
:104AB0003C464FF0030821463046FFF785FFA842E9
:104AC00005D33046FFF7ACFF2046BDE8F88306EB80
:104AD000C404B8F10108E488C9F81040D7D0A7424F
:104AE000E9D1D4E738B50446FFF76EFF0D4603461B
:104AF00011462046FFF768FF03449BB204EBC5054F
:104B00005A006A802046FFF75FFF014424F83130E5
:104B100038BD70B50446FFF757FF0B4604EBC305DD
:104B2000511A9B1A89B203444E009BB204EBC20097
:104B30006E805D00458024F8321020461146FFF754
:104B400043FF014424F8313070BDF8B5002951D03D
:104B500004680D1F2D1BEE0825F007056219538808
:104B600013F0010306D183F31188BFF36F8F042381
:104B7000184602DF31462046FFF726FF304434F85E
:104B80003030C01A864207D0002383F31188BFF368
:104B90006F8F0423184602DF538823F001035380EC
:104BA00031462046FFF710FF371804EBC7035B8838
:104BB000DA0708D439462046FFF74FFF3A46314618
:104BC0002046FFF78FFF655B751B04EBC5035B8811
:104BD000DB0709D429462046FFF73FFF3246294626
:104BE0002046FFF77FFF2E4631462046BDE8F840BD
:104BF000FFF7EFBEF8BD70B509B9002070BD0568BC
:104C000001F007030B33CC0804EBD304AB689C42E0
:104C100028BF1C4621462846FFF72CFF06460028E1
:104C2000EBD001462846FFF7CFFEA04207D9321944
:104C30002846FFF76EFF11462846FFF7CAFE05EB30
:104C4000C6021046538843F0010353800430D5E771
:104C50001146FFF7D0BF2DE9F84314464A4202EA55
:104C6000010931EA020203460BD04A46042A4F46A4
:104C700028BF0422A1EB09096CB900252846BDE82C
:104C8000F883042904D82146BDE8F843FFF7B3BFF1
:104C900000270422F0E71E68A9EB020204F00703D4
:104CA00002F007010B330B44E10801EBD20101EBE9
:104CB000D301B368994228BF19463046FFF7DAFEA0
:104CC00080460028D9D03D1D05EBC00509F1FF3312
:104CD00035441D44B5FBF9F509FB05F5ED1B2C44E6
:104CE0002B1F07349B1B24F00704A41BB0EBD30F2E
:104CF0004FEAD3074FEAE40408D201463A46304669
:104D0000FFF707FF41463046FFF763FE394630465E
:104D1000FFF75AFE3844844207D230462246FFF756
:104D2000F8FE21463046FFF754FE06EBC7067388AF
:104D300043F001037380A1E7043A2DE9F843CC1D49
:104D4000114424F0070421F00706A6EB04084FEAFB
:104D5000D807B7FA87F2C2F12405AD004FF0000979
:104D60000735C2F12002ED0804604946A760C4F887
:104D70000C90920004F1100007F0F5F9AAB253006C
:104D800043F0010363807B1B9BB204EBC501580019
:104D9000A4F80090488024F83520A6F8029024F862
:104DA000083004EBC70329465A8842F001025A80B2
:104DB0002046BDE8F843FFF70CBE002070470FB453
:104DC00007B504A951F8040B0191F2F781FE03B075
:104DD0005DF804EB04B07047036800220BB9184675
:104DE00070478B4210D10B6842B942680360914210
:104DF00000D1436000230B600120704713604368BB
:104E0000994208BF4260F5E71A461B68E6E7038B44
:104E100013F0070306D10368002B18BF032008BF57
:104E200000207047022B05D1408BB0FA80F040097A
:104E300080007047012B04D10368002B18BF0520A8
:104E4000EDE70020704710B50C4600B111B96FF0C6
:104E5000150010BD081D00F0C6F80028F9D1A368A0
:104E6000032BF6D9F3E72DE9F0410D460746194625
:104E7000281D90461E4600F0CAF8044638B1334655
:104E8000424629463846A446BDE8F0416047BDE8A1
:104E9000F08110B4EFF31182202484F31288BFF361
:104EA0006F8F416110BC0121F2F744BE38B50C464A
:104EB000054658B151B10B6843B14B6833B11C2260
:104EC000002107F050F92C61002038BD6FF015006B
:104ED000FBE7F8B504460E46FFF7B5FF051E3BDBC2
:104EE000EFF31182202383F31288BFF36F8F638B5C
:104EF000278B4FF6FF718B4207F007072ED0062F46
:104F00002FD8DFE807F0182E082E180418006FF0CD
:104F10008505002303E0013363830225012382F327
:104F20001188BFF36F8FBBB100233A46314620464C
:104F3000FFF799FF10E000233360636823B9C4E9E9
:104F4000006627B13D46E4E71E606660F9E702218E
:104F50002046F2F7EFFD3D462846F8BD6FF00A0502
:104F6000D7E76FF00405D4E710B5EFF311822023E3
:104F700083F31288BFF36F8F048B04F00704022CB5
:104F80000AD0012C0CBF6FF004006FF0850082F393
:104F90001188BFF36F8F08E0438B013B9BB24383C3
:104FA00023B92146F2F7C6FD204610BD2046EEE7A4
:104FB00038B5A8B1A1B1EFF31185202282F3128890
:104FC000BFF36F8F048BFFF707FF30B104F00700CA
:104FD00085F31188BFF36F8F38BD6FF07700F7E767
:104FE0006FF01500F8E7034640B1426802F0030293
:104FF000022A06D0032A04D0012A05D06FF015003A
:1050000070471A68002AF9D000209860704710B5E0
:105010004268816002F00302022A03460AD0032A92
:105020000BD10468002000225A6008B1FFF70EF986
:10503000204610BD00680024F5E700242046F2E772
:10504000704707F090B807F067B801460068F2F7BC
:10505000D9BE08B5F2F706FFBDE80840F3F726BA57
:1050600000210120F2F7CEBE6FF08500704761B6D7
:1050700062B680F31188BFF36F8F704772B600235A
:1050800083F31188BFF36F8FBFF34F8F30BF62B6CA
:10509000BFF36F8F704772B6002383F31188BFF39D
:1050A0006F8FBFF34F8F20BF80F31188BFF36F8FD7
:1050B00062B67047202809D9B0F1004F08D80138EE
:1050C000B0FA80F0C0F11F00400070470820704720
:1050D0003E2070477047002303824369C3607047D6
:1050E000416A8968F3F71ABC027A0132027270478A
:1050F000034618465B68002BFBD17047426810B529
:105100002AB10B461C465B68002BFBD162604160F4
:1051100010BD10B5044620B90B7A01330B72084656
:1051200010BD034618465B68002BFBD1FFF7E6FF76
:105130002046F5E710B508B14B6843604C68002382
:1051400008464B60F3F768FC204610BD2DE9F0419E
:1051500007460D46144634B9A0464046BDE8F081E6
:1051600064689B1AF7E7228A9A42F9D9069A95420F
:1051700028BF15464FF00008002CEED0002DECD0D3
:10518000268AE168F61AAE4228BF2E46194407EB7C
:105190000800324606F0C0FFB0446468AD1B00232F
:1051A000EAE783680B440360704783880268194408
:1051B0008180D018704730B484880568A318838034
:1051C000281930BC06F0A8BF10B5838802685C1CA3
:1051D0008480D154D01810BD30B5838802689D1CDE
:1051E000D4188580D154090A617030BD83885B1A58
:1051F0009BB283800068184470478288521A034625
:10520000828000680844186070470CB407B50346F4
:1052100004AADB68084652F8041B0192984703B0C1
:105220005DF804EB02B07047FDF77ABEFDF7EABE09
:10523000F3F72CBC0022F3F747BD4FF0FF324FF0DD
:10524000FF330430FDF76CBEFDF7DCBE90F86C0058
:10525000C0F341107047F8B504461E460D46174688
:10526000FFF7EBFF94F86C309B0715D425B1012DA7
:1052700010D06FF0150508E0216F0029F9D09DF8D6
:1052800018300F714E718B710025201DFFF7DCFF68
:105290002846F8BD616FF0E76FF07705F5E790F805
:1052A0006C00C0F38000704738B50446FEF702FC7E
:1052B0002046FFF7C2FFA06940B96FF01205201D1C
:1052C000FFF7C2FFFEF70AFC284638BD94F86C30A1
:1052D000DB0716D406F0A1F80028EED02046F4F73C
:1052E0004FFB05460028EAD10146242204F128009C
:1052F00006F039FF94F86C3043F0010384F86C3009
:10530000DDE76FF07705DAE770B50446FEF7D2FB0C
:105310002046FFF792FF94F86C30DA0731D5C3F3DB
:1053200040019B0730D4A06905F073F90646A069D7
:1053300005F0FFF90546B0B9A36F4BB131462046E1
:1053400000F08DF90546A8B1A06905F01EFA0AE043
:10535000A06905F096F9A0670028EFD1A06905F0D3
:1053600014FA6FF00B05201DFFF76EFFFEF7B6FB7A
:10537000284670BD94F86C3043F0020384F86C301A
:10538000F1E74FF0FF35EEE76FF07705EBE7024608
:10539000034652F8640F90420BD100207047027A06
:1053A0008A42FBD09A6E8242F7D000680028F6D17C
:1053B00070470028F3D1704738B504460D46FFF713
:1053C0003CFF94F86C30DB0718D42B690BB9EB6801
:1053D000BBB1636E1BB904F16403C4E919332B68D4
:1053E00093B9A26E04F16401C5E900121560A566C7
:1053F0001D46201DFFF728FF284638BD4FF0FF351A
:10540000F7E76FF01505F4E76FF07705F1E710B5F2
:105410000446034654F84C0FA0420DD100200DE085
:10542000447D8C4204D1032909D1047A944205D0E9
:105430001C6D8442F2D000680028F1D110BD0F2904
:10544000F5E72DE9F04105460C46061D4FF0FF3209
:105450004FF0FF333046FDF763FD2F6F002F6DD007
:1054600095F86C30DB0769D4EB6C1BB905F14C0384
:10547000C5E913332368002B63D1637D0F2B09D15A
:10548000237A012B0CD02B6D05F14C02C4E90023CB
:105490001C602C65637D032B0FD04FF0000806E0E5
:1054A000E1682846FFF788FF80460028EBD03046A9
:1054B000FDF7A8FD4046BDE8F081EA6C05F14C001F
:1054C00090421ED1002329E091F815C0BCF1030FD2
:1054D00010D0013323724B68C4E900131C604C6088
:1054E000637A022B24D0032B25D0012BD5D1237A2C
:1054F000BB73D2E791F808C00CF1FF3C6345E8D1DB
:105500001268002ADED0517D2B6D03290DD19A42FD
:10551000137A02D011680029D6D1013323722B6D82
:10552000C4E900031C602C65DAE79342E8D1C9E7BF
:10553000237AFB73B1E7237A3B74AEE74FF0FF3871
:10554000B5E76FF07708B2E70346006800B1187A54
:1055500070478388C2888168D21A03685B1AD01AA0
:1055600070470346C08808B11878C009704770B505
:105570000C46154600F0ECFA40B1406883681B68A1
:1055800023B12A462146BDE87040184770BD38B5A2
:1055900080210446806905F097F8054650B1014620
:1055A000204600F07BFC044610B12846F3F734FA9D
:1055B000204638BD6FF00B04FAE738B50446806F1B
:1055C000FFF792FD0546FFF786FD2046294600F0CD
:1055D00065FC044610B12846F3F71EFA204638BD94
:1055E000F8B50446866803690D461746BFF35B8F1E
:1055F000D3F8A030BFF35B8F9B070ED5B36A7BB1A6
:10560000F36B9847B36A29463A4620469847336C6D
:105610000546204698472846F8BD4FF0FF35FAE783
:105620006FF08505F7E770B50446866803690D4697
:10563000BFF35B8FD3F8A030BFF35B8F9B070BD515
:10564000F36B9847736A294620469847336C0546A2
:1056500020469847284670BD4FF0FF35FAE710B551
:10566000044619B9002084F8300010BDFFF7A5FFEB
:105670000028F7D0F9E738B590F83030022B0D4606
:1056800004D100F060F908B1C46804B938BD2B78C2
:10569000032B05D0052B0ED0022B08D02468F4E78D
:1056A000606883685B69002BF8D09847F6E760680C
:1056B00083689B69F7E760688368DB69F3E7012229
:1056C00070B515460B685BB302F07F04103423FA03
:1056D00004F6F60710D5036823FA04F6F60702D499
:1056E0006FF0150070BD05FA04F423EA04030360AB
:1056F0000B6823EA04030B60D340DE070DD5036873
:1057000023FA02F4E407EBD505FA02F423EA0403D2
:1057100003600B6823EA04030B600132102AD1D125
:105720000020DFE72DE9F04F8369026F1B6993F8D2
:105730008030C3F34113022B8FB081460ED0032B70
:105740000ED0012B0CBF10230823D371D9F854803D
:105750000026B8F1000F05D14046AEE02023F4E763
:105760004023F2E7D8F80430D8F80C4003930C96A5
:1057700004967CB9049B039A09339BB293701B0A6D
:10578000D3701671D8F80C40002C40F0B080D8F8D7
:105790000080DDE7606883681B6B00250D95002B9A
:1057A00000F0A38029469847002800F09E80C4E9B5
:1057B0000355A0F1040B35465BF8043F0BB11A7892
:1057C00022B9B5427CD86FF0150076E05A780B2AE2
:1057D00008BF9D70DBF800305A78042A10D1E268C7
:1057E0000D990A43E260DA78002A57D19D70236947
:1057F0000122AA40134301352361EDB200230D932A
:10580000DBF800707B78052BD6D1D9F818300893D7
:105810006FF012004FF0010A7A793B7943EA0223D4
:10582000ADF82E300C9B069397F90230069A002BA8
:105830005FFA8AF1BBBF41F080014BB24FFA8AF3A5
:105840000793B9BF21F08003103307935346DA4022
:10585000D2072AD40D9A059222FA03F3DB0724D447
:10586000BB79FA78089800930DF12E03099104F0A2
:1058700051FD0999C8B9079BB970002BBCBF21F035
:105880008001103101238B4006980599BDF82E2028
:10589000BA8019430343CDE90C318DE76A1E9A7033
:1058A0000DA90CA8FFF70BFFA8E70AF1010ABAF14E
:1058B000100FB1D100283FF47FAF0FB0BDE8F08FDB
:1058C000E3680D9A1343E360606883689B6AD3B111
:1058D00098470028F1D10146606800F000F9049B68
:1058E0002468034404932E4643E73546ECE7E36817
:1058F000A36004F10C010CA8FFF7E1FE00287FF47F
:1059000062AF246840E76FF08500D6E74FF0FF32C2
:105910004FF0FF330430FDF703BBFDF773BB21B13C
:1059200001290DD000231B68FFDE5430006848B108
:1059300043685B79934205D000680028F8D170472E
:105940005C30F3E7704710B590F83030022B044616
:1059500009D1FFF77BFC94F8382001462046BDE8CA
:105960001040FFF7DCBF002010BD08B5FFF7D7FFE0
:10597000003818BF012008BD2DE9F04104460E464D
:10598000FFF764FC94F838308046CBB9002E3BD04A
:10599000324641462046FFF7C2FF0746A8B10246FD
:1059A000204600F0D1F9054688B984F83860FC68D3
:1059B00064B3606883681B6A03B198472468F7E79B
:1059C0002046FFF7C0FF074620B96FF03C05284688
:1059D000BDE8F0810146204600F08CF91022054612
:1059E000002104F13A0006F0BEFB002384F83830B1
:1059F000FF6817B9002DC9D0E9E7786883685B6A4A
:105A000003B198473F68F4E784F838600025DEE783
:105A1000F8B504460E4657681546FFF777FF94F829
:105A20006C30D9074BD4012E4CD0FB799A0605D5A2
:105A3000A3691B6993F880309B0743D5002E41D1A1
:105A4000E36D53B9626D62B9236F6A685B7C0133A1
:105A5000DBB25371226F53740EE09D4235D01B6848
:105A6000EFE7954225D12A68EBB9A36D62659D42A7
:105A700000D1A26500232B60A96841B12046FFF741
:105A8000E0FC064650B9A868FFF75EFDB871002338
:105A90002B60A36D83B9C4E915550026201DFFF7BF
:105AA0003CFF3046F8BD1A60A26D954208BFA36561
:105AB000E0E713461268C6E71D60A565EDE76FF0E5
:105AC0000F06EBE76FF08506E8E76FF01506E5E7F0
:105AD0004FF0FF324FF0FF330430FDF721BA08B525
:105AE00083681B6B0BB198470346002023B153F822
:105AF000042B0AB1127802B908BD1044F6E710B5BC
:105B00001C46FFF70CFF48B10122C06802FA04F3FB
:105B100020B10269134201D10068F9E710BD10B548
:105B20000C46FFF710FF48B10123C06803FA04F1E7
:105B300020B10369194201D10068F9E710BDD1F81D
:105B40001A0083681B6903B118476FF0850070471E
:105B500070B501F07F0311F0800F18BF10330125DD
:105B60009D4090F83030022B044601D0002070BDDB
:105B700090F83860FFF76AFB324601462046FFF78F
:105B8000CEFE0028F2D0C0680028EFD083681D4206
:105B9000EDD10068F8E738B50C46FFF7D4FE80B1C8
:105BA000C06870B14368DA681AB11179002399426C
:105BB00001DC0068F5E71568ED5CA54201D0013312
:105BC000F5E738BD2DE9F04105461E460846002A96
:105BD00042D1F3F7EDFE044600283DD02846FFF7FA
:105BE00077FF95F86C30DA0707D56FF00F04281DA2
:105BF000FDF708FA2046BDE8F081676804F1140853
:105C0000BFF35B8F6369BFF35B8FDB07EDD47B680A
:105C10000BB19D42E9D1324600212846FFF77FFEB5
:105C2000B8B100232360036983B9C0E90344BFF31B
:105C30005B8F58E8003F43F0010348E80032002A38
:105C4000F7D1BFF35B8F00247D60D0E71C60046157
:105C5000EDE76FF03C04CAE76FF01204CAE72DE9E4
:105C6000F8434C689DF820900D4698460646174626
:105C7000FFF7ECFAA3681B6B01461BB96FF0150028
:105C8000BDE8F883204698470028F7D0041F0C355C
:105C9000002054F8041F09B10B782BB9002814BF59
:105CA00000206FF03C00EBE74B78042B0BD1F8B9E8
:105CB0008B784345EDD1CB784B45EAD10B79002B5E
:105CC000DED00120E5E7052BE3D10028E1D0012F4C
:105CD00007D0022FF5D18978B0692A4600F0C3F8C1
:105CE00003E0B0692A4600F0A2F80028E9D0C7E72F
:105CF0000020C5E7F8B5CC6806460CB9204622E07E
:105D000004F10C070125E268AAB165F07F03D9B25E
:105D100003F07F031033DA40D2070ED4E368EB4080
:105D2000DB0705D5B0693A46E9B200F09CF850B9F6
:105D30000135102DE7D12468DFE7B0693A4600F05D
:105D400092F80028EAD0F8BD2DE9F34757680024FF
:105D500097F8058005460E46A1463B79A34203DC31
:105D6000002002B0BDE8F0875FFA84FA314653465E
:105D700042462846FFF7C3FE014650B1CDF80090D9
:105D8000534601222846FFF76AFF0028E9D1013473
:105D9000E3E76FF03C00E4E72DE9F74380460D466A
:105DA0001746FFF7BCFE064628B96FF001042046EF
:105DB00003B0BDE8F0830F2DF7D808EB05090146C5
:105DC00099F83A4000972B4600224046FFF747FFDC
:105DD0000028EAD100942B46022231464046FFF7C4
:105DE0003EFF04460028E2D100972B4601223146AF
:105DF0004046FFF734FF04460028D8D17068836816
:105E00005B6813B13A462946984789F83A70CEE75D
:105E100011F0800F18BF21F0800102684FF00103DC
:105E200018BF10318B4022EA03030360704737B577
:105E30008B7900938B880C461546CA78897804F0D4
:105E4000E2FA70B994F90230A1782A68002BB8BF41
:105E500021F080014FF00103B8BF10318B40134394
:105E60002B6003B030BDF8B506460D46174604F06A
:105E700012FB044658B929463846FFF7C9FF2946A0
:105E8000304604F0DDFB044608B9FDF759FE204614
:105E9000F8BD0A468069802104F002BC2DE9F0417A
:105EA0000B7E0C46590605462ED123B3FFF7F7F9B2
:105EB00070BB2846D5F87080268AEF8DFFF7C6F9AB
:105EC000F8B1421E534253419B01228A9AB1BE420D
:105ED000E98D324628BF3A4691420CD9B2FBF3F124
:105EE00003FB11223AB994F91830002BBEBF637E30
:105EF00043F008036376A8692146BDE8F04104F049
:105F000042BB98F80730E0E76FF01500BDE8F0817C
:105F10004FF0FF30FAE743689869FAF77FB870B539
:105F200091F918304668002B05460C4607DBC4F88B
:105F30001A50B0692146BDE8704004F024BB3046D9
:105F4000FFF7ADF90028F2D04FF0FF3070BD806947
:105F500004F0CBBB38B5054680690C4604F0B7FAAF
:105F600060B914F0800F18BF24F080046A6B4FF002
:105F7000010318BF1034A34013436B6338BD70B5E1
:105F8000054680690E4604F0CDFA044620B9314634
:105F900005F13400FFF73CFF204670BD0B0648BFFB
:105FA00021F08001406B48BF1031C84000F0010073
:105FB0007047F8B505460E46071D4FF0FF324FF00B
:105FC000FF333846FCF7ACFFEC692CB9EE6138467C
:105FD000FDF718F82046F8BD6FF07704F7E782B0B8
:105FE000C3698DF8001001922BB102AB13E90600D2
:105FF00002B0F3F737BD02B07047704703691B6901
:10600000996800228A775B68D3E9001001604860D4
:10601000C3E90022704703691B69D86870474FF4D1
:106020008160704738B5034640681B691D69AC68DC
:10603000A37AA37063760133A376A37F3BB9696823
:10604000FFF7FFF918B96868FFF77EFAA07700201C
:1060500038BDBFF35B8F0068BFF35B8F084100F072
:106060000100704719B1052907D100207047036965
:106070001168996192889A83F7E76FF085007047FD
:1060800038B5044690B1036883B11B681D69686127
:10609000F5F73CFB032305F118012046062201F029
:1060A000ECF82046BDE8384001F08FBA00231B69A8
:1060B000FFDE01238B40DB43BFF35B8F50E8002FF3
:1060C0001A4040E800210029F8D1BFF35B8F7047E8
:1060D00008B50369186901212030FFF7EAFFBDE820
:1060E00008400221FFF7E5BF03691869022120304B
:1060F000FFF7DFBF10B50469002104F12000FFF7AE
:10610000D8FF0121FFF7A5FF28B12122002304F1C8
:106110004800FDF737FA002010BD2DE9F84FD0F800
:1061200010808D68D8F800A08B46002745B940F252
:10613000EA539F4208D96FF00B052846BDE8F88F57
:106140002B8A6D681F44F1E708F1200301211846EE
:10615000FFF77FFF10B96FF00C05EEE729461846F0
:10616000FFF777FF0028F6D0DAF810301B699B683C
:1061700093F85000F3F7C4FC06460028DBD08146B4
:106180004D2259F80C4F4FF00C0C4E204321482360
:1061900084F804C0657120706170A270E370B8F873
:1061A000263001339BB2A8F82630E3803023E37316
:1061B00010232374A3886173103399B2A38211FA58
:1061C00087F384F80AC0E5722073A2736574A5741E
:1061D000E57425766576A576E5762381E7824846DF
:1061E000FEF7E3FF338AF1683A461944584602F055
:1061F00089FA054628B13046F2F70EFC6FF06805C3
:106200009BE739464846FEF7D0FF23899B0607D116
:1062100096F91830002BBEBF737E43F008037376E7
:1062200031465046FFF77BFE4FF0FF324FF0FF3311
:1062300008F12C00FCF7A2FF3046F2F7EDFB7CE7FB
:10624000F8B503460E4653F8204B01211846174671
:10625000FFF7FFFE18B96FF00F042046F8BD0221CA
:106260001846FFF7F6FE0028F5D123691B699B68E5
:10627000204693F83010FFF74EFE054678B13A46B7
:1062800031460C30FEF797FF20462946FFF747FEC0
:1062900004460028E1D02846F2F7BEFBDDE76FF0A8
:1062A0000B04DAE707B50069ADF80210A123ADF8D9
:1062B000003083689B7AADF80430082200236946D9
:1062C000ADF80630FFF7BCFF03B05DF804FB38B54E
:1062D0000469BFF35B8F04F1200555E8003F43F0EC
:1062E000010345E80032002AF7D1BFF35B8F6069F4
:1062F00001F057F901212846FFF7ABFE28B1212212
:10630000002304F14800FDF73DF9002038BD036982
:106310001B69BFF35B8F203353E8001F41F004017A
:1063200043E80012002AF7D1BFF35B8F704738B5FE
:1063300003691B69BFF35B8F0446203353E8002FCA
:1063400042F0080143E800100028F7D1BFF35B8F4B
:10635000130713D423691B699B6893F85700F3F75D
:10636000CFFB054668B101462046FFF7D8FD04463D
:1063700010B12846F2F750FB204638BD6FF00F04ED
:10638000FAE76FF00B04F7E770B503691C69A368BF
:1063900093F847308B420646154607D13AB901219A
:1063A00004F12000FFF785FEE584258570BD012AF4
:1063B000FCD1BFF35B8F04F1200353E8001F41F0D1
:1063C000020143E80012002AF7D1BFF35B8F0023DC
:1063D00084F8243004F1480040F6CD420023FDF754
:1063E000D1F83046BDE87040FFF7A1BFFCF798BD7B
:1063F000FCF708BEF2F7F8BB013801288CBF00207B
:1064000001207047F5F7D0BE38B50346144608465C
:1064100001B10AB9002038BD1A8D012A0CD0022A18
:106420000CD118252268AA4228BF2A4603F1280168
:1064300005F072FE2560EDE70825F3E76FF08500B3
:10644000E9E7FDF7A5B8F8B5B0F88C600446C6F3E7
:10645000410600F16007002200233846FCF722FEC7
:10646000054640B9384605F072F904F17800BDE8F8
:10647000F840FFF7E6BF032E05D1FFF7E4FF2846FB
:10648000F6F742FFE7E702F045F8E4E72DE9F04FC1
:10649000154689B081461A460E4621B1FDB92F46F0
:1064A0004FF0FF3B04E0002DF9D00F46D5F800B0C7
:1064B00002F002034FF000080193CDF8088009F1C3
:1064C000600ABBF1000F04D0504605F096F904466F
:1064D00038B9002F54D1029809B0BDE8F08F0127D8
:1064E000E4E78045F5D0B8F1000F08BF804602F020
:1064F00069F9029983455A4628BF02461144029120
:10650000ABEB020103460591BFB102B3019919B18A
:10651000E16804912169039131682046CDE90623A1
:1065200002F0F0F83168069A079B1144019A316035
:1065300082B1049BE360039B236100220023504649
:10654000FCF7B0FD0146504605F033F915E0019A1D
:10655000002AF2D19B4510D3002300225046FCF7BD
:10656000A1FD90F837309B0742BFD9F85C3043F06B
:106570000103C9F85C3001F0CDFFDDF814B0A0E7ED
:10658000C5F800B0A7E770B5C36D049EDB070446ED
:106590000D4604D5BDE87040084601F0BBBFD0F8F9
:1065A000800028B14FF0FF324FF0FF33FCF7B8FC0A
:1065B000002E05DAE36D764243F004036660E3657E
:1065C00004F16006E5B9304605F01BF988B9E36DC2
:1065D00043F00103E365304605F0B9F804F17800B3
:1065E000FFF72FFFD4F88000A8B1BDE87040FCF79A
:1065F00009BD90F8373043F0020380F83730EDE7FB
:1066000095F8373023F0020385F8373029463046B5
:1066100005F0CFF8E2E770BD002910B504460EDAA8
:10662000C36D494243F004034160C365603005F027
:106630008EF804F17800BDE81040FFF702BF10BDEE
:10664000F3F7C0BFF3F7ECBFF4F71EB8F4F744B8A4
:10665000F4F7B4B8F4F7DCB807B50023CDE900339C
:10666000F4F7D6F803B05DF804FB2DE9F0474FF0DE
:10667000FF338CB015464FF0FF32CDE90A230A23D1
:106680006A0604460E46099303D4C36D13F0020351
:1066900039D000220023CDE90A2306A805F068FBC3
:1066A000DDE90A2306A8DDE9068905F061FBDDE9DD
:1066B0000623CDE9042300270DF1240ADDE90A238E
:1066C0000297CDE90023314600232A46204601F0F7
:1066D000B4FC00281FDADDE90A230146CDE90023D6
:1066E000CDF808A04B4642462046F3F7B5FD431CC3
:1066F00011D0DDE9042306A805F05FFBDDE90623E0
:10670000CDE90A23DAE70AAA0521F6F76BFF4FF471
:10671000A0220023C1E70CB0BDE8F087FFF7A5BFBA
:1067200010B5D0F8802004460B4692B1026E0AB133
:10673000002010BDD3E90023D0F880107830FCF79A
:1067400087FF0028F5DBE36D5B07F1D56068404209
:10675000EFE76FF01500ECE7F4F7DEB8F4F794BB61
:1067600007B50023CDE90033F4F78EFB03B05DF8E5
:1067700004FBF4F7B7BBF4F7F1BBF4F7B3BCF4F7E1
:10678000AFBDF4F7EDBD006800F0F000A0F1E0034C
:1067900058425841704710B1006800B18068704796
:1067A00010B1006800B10068704710B5FFF7F8FF3E
:1067B000836823B1DB6813B1BDE81040184700209F
:1067C00010BD08B5FFF7E7FF007E08BD70B50346B2
:1067D000FFF7E6FF856804467DB151B91846F5F725
:1067E00045FBAB680BB9002070BD2046BDE870408A
:1067F00018476B68002BF9D1F5E76FF00100F3E75C
:106800000378FF2B11D14378FF2B0ED18378FF2B18
:106810000BD1C378FF2B08D10379FF2B05D1407929
:10682000A0F1FF0358425841704700207047B1F56E
:10683000006FF8B5144624D19368DD682846FFF749
:10684000DFFF40B994F83730012262F3061384F871
:1068500037300120F8BD05F110063046FFF793FFF1
:106860000028EFD19769F6F76DFA2A6903689A4212
:10687000E8D031463846F5F711FD0028E2D1022074
:10688000E8E748F2DD639942F9D192F83730022205
:10689000DBE710B503690446FBB1BFF35B8F50F82B
:1068A000043CBFF35B8F427D03F0010302F0010162
:1068B000994212D063F300024275006933B1F5F7D3
:1068C00071F82069BDE8104000F06BBEF5F778F86C
:1068D0002069BDE8104000F078BE10BD01230B70A8
:1068E00000234B705E238B704378CB7082780A71E3
:1068F000C2784A7103F07F03CB70704710B583688C
:106900000C463BB1DB682BB1984700EA0403003B1F
:1069100018BF0123184610BD48B1006838B1BFF355
:106920005B8FC068BFF35B8F084100F001007047C8
:1069300008B5034648B10021FFF7EEFF28B118461D
:106940000821BDE80840FFF7E7BF002008BD036845
:106950000B604368016003B941607047136839B93F
:10696000416803608A4200D143600023136070478E
:106970000B6043689A4208BF4160F6E70B6803600A
:10698000704710B1006800B11030704702780346BC
:1069900062B9407850B99A785AB9D87840B91A791A
:1069A0003AB95879B0FA80F0400970470020704732
:1069B0001046704708B505F0D9F94FF47A72A0FB7C
:1069C000020302FB0133C00B40EA434008BD0378D9
:1069D000FF2B11D14378FF2B0ED18378FF2B0BD1E6
:1069E000C378FF2B08D10379FF2B05D14079A0F1A3
:1069F000FF035842584170470020704740B100687B
:106A000030B1BFF35B8FC068BFF35B8FC0F3403022
:106A10007047FCF785BA31B1062343700B68C0F8A4
:106A200002308B88C380704710B50346D8B1DC7E36
:106A3000A4074FF0000016D51C88012C13D193F940
:106A40001940012C0FD119B10C6859688C420AD138
:106A50002AB1596812684A40D9690A4201D1181D01
:106A600001E00028FBD010BD30B500B930BD84680E
:106A70008C4203D1C5681468A542F7D003B11860F1
:106A80000068F2E7FCF7BEBA08B50346FFF7B6FFA9
:106A900028B903F12800BDE80840FFF7F3BF08BD9F
:106AA00038B5044619B100F11805A3692BB90023C4
:106AB000A360E3602361A38238BD4FF0FF324FF043
:106AC000FF332846FCF7EEFA01F024FDEDE72DE94F
:106AD000FF47904682680E4605461146002329B9B5
:106AE0001B2B07D8022004B0BDE8F087088A49684C
:106AF0000344F4E7D4682388B3F5807FF2D1638838
:106B0000082BEFD12279062AECD16379042BE9D145
:106B1000A37B7F2BE6D0E388B3F5807F08D0B3F565
:106B2000007F00F0BC80284601F0F4FC0020DAE78A
:106B3000A869FFF726FF04F10807811C384605F015
:106B40001AFB0028CED04046FFF741FFE0B104F128
:106B500012021046FFF73BFF18B91046FFF716FF69
:106B600090B1D4F80E20A3699A420DD104F10E0120
:106B700003A8FFF703FF002300933A4601230146D1
:106B8000A869F5F7C5F8CEE7F4F7F8FC0622014648
:106B9000404605F0F0FA28B9D4F80E3003F0F003BF
:106BA000E02B9FD0AB690022586804F11801FFF771
:106BB0003BFF002896D004F11200FFF7E7FE68B112
:106BC00003A804F10E01FFF7D9FE0123009301464B
:106BD0000023A8693A46F5F79BF83E46AF6940F6B0
:106BE000CD420023CDE9002300231A461C2138465C
:106BF000F6F7DCFE0446002895D080681C210C3096
:106C0000FEF7D3FAA368DA68AB680821D3F80C80E2
:106C10009170002306211370D370117193714FF09E
:106C2000010A0421022382F801A05171D371336853
:106C3000C2F81230B388D3823846FFF7A2FED0F8EC
:106C400002309360C388938108F10E0102F11800AD
:106C5000FFF794FE08F1180102F10E00FFF78EFE17
:106C60003846FFF78EFE02F11209811C04F1240060
:106C7000FFF7D1FE494604F12C00FFF7CCFE40F6A9
:106C80000603A38694F83730A0696AF3061384F8E4
:106C9000373000220023214600F0D6FA43E704F102
:106CA00018063046F5F774FB48B104F10E0103A84D
:106CB000FFF764FE0023009304F108025FE7F6F794
:106CC00041F8A26903689A42EFD031460020F5F7F7
:106CD000E5FA00283FF427AFE7E792F8373010468F
:106CE000012262F3061380F8373000F12E0200F122
:106CF0002601FFF7ECBE48B1006838B1BFF35B8FE7
:106D0000C068BFF35B8F084100F00100704708B511
:106D100001F089FEF6F70AFDF7F724FA02F063FAAC
:106D2000F7F702FAF9F752F9F6F72EF9F6F7BEFE81
:106D3000F5F77AFEF5F712FF002008BD10B583685D
:106D400004466BB994F83C0001F08AFE2146C0B2BB
:106D5000F6F770FE30B12046BDE8104001F0DABB16
:106D60005B68EEE710BD10B5826804461346C3B9F0
:106D700092B194F838305B0715D594F8383043F069
:106D8000040384F83830204601F057FC94F837307B
:106D9000C3F30213032B0FD92046BDE8104001F0C6
:106DA000B9BB5B68E3E7A069214600F07BFB0128E3
:106DB000E3D00028F0D110BDA368DB681B7803F096
:106DC000F003402BE8D1204602F020F9F1E738B576
:106DD00005460C4601B3F8B18B6803B3DA68F2B12B
:106DE0001B8AE3B10021FFF786FFD8B194F8373052
:106DF00043F0010384F83730204601F01EFCA56102
:106E00002B6893B11B7C84F82430204684F82C3006
:106E1000FFF794FF002038BD6FF01500FBE76FF01F
:106E20003C00F8E76FF07200F5E71B78FFDE2DE914
:106E3000F84317461E460446002800F0D9808368B0
:106E4000002B00F0D5808369002B00F0D480002156
:106E50001846FFF750FF18B96FF07200BDE8F883CD
:106E600008211846FFF747FF0028F5D0204601F01B
:106E7000AFFB204601F0E1FB94F83730C3F3021377
:106E8000012B0ED06269002A40F08180A0693A4649
:106E90003346214600F00FFB02280DD16FF00400AD
:106EA000DCE7A38EB3F5006FECD1A368DD682B7A25
:106EB00023B9204601F02EFB0020CFE7F5F73EFF77
:106EC0002A6903689A4202D16FF07C00C6E7A36882
:106ED000DD682B7C7F2B10D1A368DB68DA68A368A0
:106EE000DB681969D960A368DB681A614FF4006335
:106EF000A386A36973BB1A462FE0D4F81880F5F770
:106F000021FF2A6903689A421ED005F1100140460C
:106F1000F5F7C4F90146B8B9A368D3F80C9009F1A4
:106F200010084046F5F734FA05460028D4D1F5F7A5
:106F300009FFD9F8102003689A42CDD0414628466F
:106F4000F5F7ACF90028C7D1A368DB681B7B7F2B62
:106F500098D1B9E71A6802B11032116861625168BC
:106F6000A16204F12C0113B11B6803B110331A683C
:106F7000E2625A684A6094F8383023F0140343F010
:106F8000140384F838302046FFF7D8FE94E794F8CD
:106F90003730C3F30213012B7FF478AFA368DB68AB
:106FA0001B6903F0F003E02B7FF470AF92F8883098
:106FB000002B3FF46BAF00220023204601F0CEFCF3
:106FC000054600283FF462AFA069A86130B10368AC
:106FD000A3B11B7C85F8243085F82C302946FFF7B7
:106FE000F6FE00283FF452AF284601F093FA4DE731
:106FF0006FF03C0032E76FF015002FE71B78FFDEE3
:10700000036800220BB9184670478B4210D10B68F9
:1070100042B942680360914200D1436000230B6093
:107020000120704713604368994208BF4260F5E74A
:107030001A461B68E6E710B1006800B14068704767
:1070400010B1006800B10068704710B4846B1CB1C7
:107050002346426810BC184710BC704710B5034661
:10706000FFF7E9FF28B1C2681AB1BDE81040184621
:107070001047002010BD48B1006838B1BFF35B8FE6
:10708000C068BFF35B8F084100F00100704780B11A
:10709000036873B1BFF35B8F012202FA01F10C3375
:1070A00053E8000F084343E80002002AF8D1BFF379
:1070B0005B8F704788B103687BB1BFF35B8F0122A0
:1070C00002FA01F1C9430C3353E8000F084043E8CA
:1070D0000002002AF8D1BFF35B8F7047FBF720BF97
:1070E0004FF0FF324FF0FF331430FFF7F7BFFBF7DD
:1070F00089BF70B50C4605461646FFF7F1FF012C17
:107100000DD16C686CB905F11400FFF7F0FF204653
:1071100070BD626833689A4218BF0024F3E7002408
:10712000F1E7E37EC3F340029B07F2D41446EAE79B
:10713000F8B50E461746054640B1FFF7D1FF6C681B
:10714000E4B905F11400FFF7D2FF25462846F8BD43
:10715000721C03D094F91930B34212D12388012B49
:107160000FD104342046F4F731FF18B1002F08BFC7
:107170000024E6E7002F18BF0024E2E7E37E9B0728
:10718000E6D40024DDE770B505460E46FFF7A8FFFC
:107190006B6893B1D97EC1F3400489074FF00002B8
:1071A0000CD51988012906D1D9695B6863EA010306
:1071B00031688B4202D0144600E01C4605F11400F1
:1071C000FFF795FF204670BD10B5A8B1006898B1D3
:1071D000BFF35B8F012303FA01F10C3050E8003F4D
:1071E00043EA010240E80024002CF7D1BFF35B8F93
:1071F0001940081E18BF012010BD30B5B0B100689D
:10720000A0B1BFF35B8F012303FA01F1CA430C3035
:1072100050E8003F03EA020440E80045002DF7D1A2
:10722000BFF35B8F1940081E18BF012030BD08B5A1
:1072300004F09CFD4FF47A72A0FB020302FB0133C1
:10724000C00B40EA434008BD70B51D468B680C4634
:1072500016467BB994F83C00F6F7F8FB32462B460D
:107260002146C0B2F6F7DAFB30B12046BDE87040E7
:1072700001F050B95B68ECE770BD2DE9F0410446C0
:107280000D4617469846FFF72BFF08212046FFF7CB
:10729000F2FED0B9062F1BD8D4B12668C6B106F1CC
:1072A00012006DB9C6F81250858086F81080777488
:1072B000002504F11400FFF71AFF2846BDE8F0810D
:1072C0003A46294604F028FFEFE74FF0FF35F0E794
:1072D0006FF01505EDE770B505460E46FFF700FFA8
:1072E0006B688BB1DA7EC2F3400492074FF0000165
:1072F0000BD51A88012A05D158683268DB694240EB
:107300001A4202D00C4600E01C4605F11400FFF7BB
:10731000EEFE204670BDF4F7C1BF0122FFF708BFA3
:107320000022FFF705BF38B5F4F73EFF044640B131
:10733000FFF7D6FE65685DB904F11400FFF7D7FECC
:107340002C46204638BD2B88012B18BF0025F3E7BB
:10735000EB7EC3F340029B07F5D41546ECE7F5F747
:1073600017B837B500230D46014618460193F4F7C8
:10737000ADFF0446F5F7E2FC844205D1F4F726FFA1
:1073800005B12C6003B030BD01A92046FFF7E7FF2F
:1073900001980028F4D1F1E70021FFF7E2BFF8B52A
:1073A00005460F461646FFF79BFE00212846F4F7D8
:1073B00041FFB8B96B68ABB1DA7EC2F34004920703
:1073C0000AD51A88012A0FD159683A684A40D96902
:1073D0000A4209D13268DA6105F11400FFF787FE2D
:1073E0002046F8BD0024F7E70446F5E738B50C461B
:1073F000054660B159B1FFF773FE237F23F0020306
:10740000237705F11400BDE83840FFF770BE38BDA2
:1074100038B50546FFF764FE00212846F4F70AFF59
:10742000044648B96B680BB193F8444005F1140069
:10743000FFF75DFEE0B238BD0024F7E738B505463A
:10744000FFF74EFE00212846F4F7F4FE044648B943
:107450006B680BB193F8454005F11400FFF747FE48
:10746000E0B238BD0024F7E710B5FFF742FEB8B12F
:1074700000F11402BFF35B8F4369BFF35B8F7BB1F5
:10748000BFF35B8F591C52E8004F9C4204D142E885
:10749000001CBCF1000FF6D1BFF35B8FE8D110BD2B
:1074A0000020FCE710B50346FFF7C5FDBDE810401E
:1074B0000268184610472DE9F0410C464E69092133
:1074C000054617469846FFF7D6FD60B96FF072077C
:1074D0001EB139463046FFF7B8FD94F82D30002B29
:1074E00045D1022033E004212846FFF7C4FD0028DF
:1074F000ECD101212846FFF7BEFDA8B994F825304C
:1075000093B9A36913B900235B78FFDE1B68002BD6
:10751000F9D05A7C062A03F1120105D884F82520F7
:1075200004F1260004F0F8FD9EB1B6F88C1001F0CD
:10753000C003C02B0DD1C1F3C2010139012908D804
:1075400028463A4643462146FFF77EFE0020BDE826
:10755000F08194F83730C3F30213012BF0D12046A9
:1075600001F03FFE022809D16FF00407B0E73A4668
:1075700004F12C012846F5F7F7F8B2E70028E6D128
:10758000DEE707B5002301A90193F4F701FF28B155
:10759000019803B05DF804EBF5F75EB903B05DF850
:1075A00004FB10B5044678B1FFF79AFD0921204687
:1075B000FFF70AFE10B92046F4F7B8FF04F11400F3
:1075C000BDE81040FFF793BD10BD10B5044678B17B
:1075D000FFF786FD09212046FFF70FFE10B1204678
:1075E000F4F7A4FF04F11400BDE81040FFF77FBDDD
:1075F00010BD11F0010C08BF40BA2DE9F04108BFE1
:1076000080B20023BCF1000F07D032B111F8014B5A
:10761000240224185B412046013A8C0709D5012A2F
:1076200007D931F8024B2418A2F10202204643F197
:1076300000030D4616464FF0000E0F2E05F1100503
:1076400035D814096FF00F056C432244091B0E4610
:107650001546032D41D896086FF0030722F0030565
:1076600007FB0622012A05EB010407D9695A09180C
:10767000A2F10202084643F100030234012A07D1B5
:107680002278E10748BF12021218104643F10003A6
:10769000020C42EA0342190C52EA134380B225D18C
:1076A000BCF1000F01D140BA80B2BDE8F08155E9CC
:1076B0000447E41955F8087C4EEB0E08E41955F818
:1076C000047C48F10008E41948F100072418A6F1E9
:1076D0001006204643EB0703AFE756F8044B241887
:1076E000A5F10405204643F10003B2E7801841F1FB
:1076F0000003CDE72DE9F84F90F83730C3F30213BC
:10770000012B0446164640F08E804B1E012B30D9CB
:10771000836800224BBB94F8363094F83A00034457
:10772000CD1A1544ADB24FF0080A2046D4E90398AB
:1077300000F083FF94F8373094F8361003F0010717
:1077400043F0010384F83730A1EB0A01204600F032
:10775000C3FF002810DA94F83730C4E9039867F3C0
:10776000000384F83730BDE8F88F188A5B6802445C
:10777000D0E70025AA46D8E7216952462846FFF7F8
:1077800038FF94F83A1005465144204600F0A4FF13
:107790000028E0DBD4F80CB0BBF1000F2FD0236938
:1077A0006BB3DBF80C20BBF810A09B1AAAEB030A02
:1077B000284621695246FFF71CFFDBF804B0C4F8E5
:1077C0000CB00546BBF1000F19D0BBF81030B3B1B7
:1077D000DBF80C3023611AF0010F0DD01A78013359
:1077E0001544ADB22361AA42BBF810A084BF013595
:1077F000ADB20AF1FF3ADBE7BBF810A0D8E765B1FC
:107800006DBAADB294F8373067F30003C4E903985A
:1078100084F8373026B90020A5E74FF6FF75F1E769
:10782000ED433580F7E76FF015009CE710B50C4687
:1078300090F83A2090F8361083680A440020D968FE
:10784000FFF7D7FE30B140BA80B20CB1C043208000
:10785000002010BD4FF6FF70F7E7FBF7D3BB0068C1
:1078600000F0F000A0F1E00358425841704748B1E1
:10787000006838B1BFF35B8FC068BFF35B8F08410E
:1078800000F001007047FBF74BBBFBF7BBBBF4F705
:107890008BBCF0B5064687B00F46052502210DF1D9
:1078A0001600FDF7C7FCBDF81640013D44F4004446
:1078B0004FF000010FD0CDE9011164BA0097A4B2D6
:1078C00096F88A2023463046F5F7D4FB1130E5D0F0
:1078D000204607B0F0BD2C46FAE790F886007047C6
:1078E0000120704700F10803BFF35B8F53E8000FDE
:1078F000013043E80002002AF8D1BFF35B8F7047E4
:1079000038B5044600F10803BFF35B8F53E8000F5E
:10791000421E43E800210029F8D1BFF35B8F012804
:1079200001D0013838BD04F10C0528464FF0FF3274
:107930004FF0FF33FFF7A7FF206B18B1F6F76AFA95
:1079400000232363B4F88C3023F00603A4F88C30B2
:107950002846FFF79AFFB4F88C3023F00103A4F80F
:107960008C300020DEE7F0B5B0F88C300E4603F026
:10797000C001402987B0044602D1016B002972D1B1
:107980003188012972D10021072A05916ED91B0582
:1079900004D594F98E00FFF77AFF0590351D28462F
:1079A000FFF75DFF0146B0B1B4F88C3003F0C003BF
:1079B000802B05D194F8870010B1F4F7F5FB059002
:1079C00005A92846F4F784FD002841D16FF0010491
:1079D000204607B0F0BD7268059B9ABB23B904F13D
:1079E0002C00FFF7D9FC0590F5F7A8F90546059B93
:1079F000002B35D004F10C074FF0FF334FF0FF326E
:107A00003846FFF740FF0598F4F726FF012384F876
:107A10008E00238465627388E3B194F88620029215
:107A200094F885200599CDE90062204694F88A20D3
:107A3000F5F720FB88B97388638400243846FFF784
:107A400024FFC5E703B905A92846FFF788FCBBE773
:107A5000051DCCE7638C7380EFE76FF06F04EDE7F3
:107A60006FF07C04B4E76FF07E04B1E76FF01504AB
:107A7000AEE713B5B0F88C20C2F3C2010129044669
:107A800017D1436A9BB902F0C002C02AADF80010BA
:107A9000019303D06946FFF7FCFE034608226946BE
:107AA0002046ADF80230FFF75EFF02B010BD0020A7
:107AB000FBE76FF01500F8E770B5B0F88C30DB0726
:107AC00004460E4618D500F10C054FF0FF324FF07A
:107AD000FF332846FFF7D7FE3146204601F075FEFA
:107AE0000028284603DBFFF7D0FE002070BDFFF71B
:107AF000CCFE6FF05E00F9E76FF00800F6E770B5B6
:107B00000C4605461E46114602B9416A0B681BB178
:107B10000846FFF7A4FE30B13146A069F4F7D6FB62
:107B200003680146CBB195F8843094F83B009B087C
:107B300063F3050084F83B0095F8843063F3871005
:107B400084F83B0095F884305B0984F83C30324679
:107B50002046BDE8704001F0F5B96FF0150070BD2A
:107B60002DE9F74F9846B0F88C30DDF840A0044678
:107B7000D807894616469DF84410DDE90C2B40F1E4
:107B8000458149B142B9B8F1000F08D1B9F1000FF0
:107B900016D16FF0780895E0B8F1000FF9D0002702
:107BA000C3F3C201012908D12FB1D7F80080B8F181
:107BB000000F07D07A68072A06D86FF0150881E011
:107BC0004F46EDE704F12808D8F80420002AE0D059
:107BD00003F0C003802B4CD0E36A002B58D027B1B0
:107BE0001EB9F96833468B425FD194F98E00FFF7D6
:107BF0004EFE034600285FD1B4F88A3094F98E0017
:107C0000C4F838B0062BC4F804A066D1FFF73FFED5
:107C10000025B4F88A30112B40F0E08008F104030D
:107C2000002229462046B8F802A0FFF768FFB0F10D
:107C3000000819DB2046FFF71CFF8046A0B9618CC5
:107C40005246284602F08BF9804648B9B246002FCA
:107C500040F0AE8032464946284600F0A7FE8046F6
:107C6000B8F1000F80F2A78065B3284600F052FCFF
:107C700028E008F10400FFF7F2FD0028ACD094F8EA
:107C800087000028A8D0F4F78FFA0028A7D1A3E72F
:107C9000B4F88C301B05A2D408F10400FFF77CFB7C
:107CA000F4F7DAFD84F88E0099E7BA6802EBC302B4
:107CB00001335268164496E70021FFF7D8FD28B932
:107CC0006FF07208404603B0BDE8F08F08211846F7
:107CD000FFF7CDFD00288FD1F2E7FFF7D8FD4FF475
:107CE00000420023CDE90023314694F88A30012276
:107CF000F5F75CFE054660B1446194F88A1000F027
:107D00004DFCB04208D330460FB13A6972B906460D
:107D10007FE76FF06808D5E7B4F88C30C3F38113C0
:107D2000023B012BF0D86FF00B089EE77E69002E16
:107D3000EDD00F2EEBD9164411E0142B05D151686C
:107D4000292902D191683429E1D0073323F00701B2
:107D500010311144B142DAD823F007031A4495F8E0
:107D600037101368C1F302110229E6D00129ECD1C2
:107D7000142BEAD151680029E7D191680229E4D196
:107D8000137C85F83930C2E7BB6803EBC80253F8AF
:107D900038105268524528BF52462846914600F096
:107DA00005FE00282DDBBAEB090A04D008F1010812
:107DB000FB689845E8D3284600F03FFC94F88A1009
:107DC000284601F0D1F8DDE90E232846FFF72FF809
:107DD00000288046FFF648AFB04673E7062B12D165
:107DE0003B4632464946204601F095FFB0F1000877
:107DF000FFF63AAF524659462046464601F005FD89
:107E0000E6E7804630E76FF07A082DE76FF0080864
:107E100058E72DE9F047044688B000F10C084046C9
:107E200015461F464FF0FF324FF0FF33DDF8489004
:107E30000E46FFF728FDB4F88C00C0F34102012A7A
:107E400000F08280C30740F1828033885BB900F084
:107E5000C001802907D120F48070A4F88C00A362AF
:107E6000E362002524E0C0F3C200834275D1032AF7
:107E700070D0012B71D1072D6FD9B4F88A30062B41
:107E80000ED07368E362B6F802A0A4F82AA001221B
:107E90002285B4F88C2023BB22F4807292B222E0B7
:107EA00004F12C0A5046FFF7DAFC40B16FF07C0574
:107EB0004046FFF7EAFC284608B0BDE8F08794F991
:107EC0008E00FFF7E4FC0546F4F73CFFE26A036826
:107ED0009A42EBD051462846FFF71DFA0028D0D031
:107EE000E4E742F48072A4F88C202046FFF7C1FD3D
:107EF00005460028DCD1626A658CADF81A50012372
:107F00002384ADF8183012B11368079306AAB4F8A9
:107F10008C30C3F38113022B06D1002FA1D04A4627
:107F200000212046B8479CE7012B19D1DDE910015B
:107F30000095CDE90201CDE904795346314620464A
:107F4000F6F7BCFD0546B3E76FF07705B0E76FF0D5
:107F50000805ADE76FF05E05AAE76FF01505A7E726
:107F60006FF08505A4E770B5B0F88C30DB070446E8
:107F70000D4626D500F10C064FF0FF324FF0FF33CF
:107F80003046FFF780FCB4F88C30C3F34102032A7B
:107F900003D003F0C003402B0ED1B4F88A30062B77
:107FA0000DD12046049A2946F6F72CFB04463046AC
:107FB000FFF76BFC204670BD6FF01504F7E7002457
:107FC000F5E76FF00804F5E72DE97043044600F18A
:107FD0000C05284686B091461E464FF0FF324FF002
:107FE000FF338846FFF74FFCB4F88C30C3F3C20070
:107FF000421E50425041D9054FEAC0001AD5638D48
:10800000C3B1002305930E9B0493DDE90C23CDE956
:108010000006CDE90223204604F128034A464146E2
:10802000FFF79EFD04462846FFF72FFC204606B0CA
:10803000BDE870836FF07804F5E7F0B500F10C0748
:1080400087B004461E4638464FF0FF324FF0FF33EC
:108050000D46FFF718FC012305930E9B0493DDE901
:108060000C23CDE90223002300931A4629460196EA
:108070002046FFF775FD04463846FFF706FC20460C
:1080800007B0F0BD2DE9F04100F10C0786B00446C1
:108090001646984638464FF0FF324FF0FF330D46F4
:1080A000FFF7F1FB0123DDE90E010593109B04931B
:1080B0000D9B01930C9B0093CDE902014346324690
:1080C00029462046FFF74CFD04463846FFF7DDFB06
:1080D000204606B0BDE8F08170B500F10C064FF007
:1080E000FF324FF0FF3304460D463046FFF7CBFB1F
:1080F0002946204601F0B6FD04463046FFF7C5FB91
:10810000204670BD30B413460D46F0B1E9B1E2B17E
:10811000B0F88C20C2F38112012A03D130BC0022B6
:1081200001F0A5BA022A13D1018C012913D11A68D2
:108130002980418C6980416A082A0968696028BFE2
:1081400008221A60002030BC70476FF01500FAE773
:108150006FF06C00F7E76FF06900F4E7816149B1F7
:108160000B682BB11B7C80F8243080F82C307047D2
:108170001B78FFDE704710B5C3685B68C3600BB93E
:10818000036110BD49B1DA685C69141B5A8A121B7D
:1081900092B2002AF1D0DB68F2E71A8AF9E790F888
:1081A000373091F83720C3F3021363F3061281F8D6
:1081B000372043694B6190F8363081F8363090F8BB
:1081C0003B2091F83B3062F3050381F83B3090F897
:1081D0003B3091F83B209B0963F3871281F83B20E9
:1081E00090F83C3081F83C3090F8382091F83830E5
:1081F00062F3000381F8383090F8373091F8372077
:10820000C3F3400363F3410281F8372090F837301D
:10821000D2B2C3F3800363F3820281F8372090F86F
:108220003730D2B2C3F3C00363F3C30281F83720FF
:1082300090F8383091F83820C3F3C00363F3C302D9
:1082400081F8382090F8383080F8383091F83820AC
:10825000C3F3800363F3820281F83820838E8B8618
:1082600083684BB18B683BB1436A4B62836A8B6214
:10827000C36ACB62036B0B6390F83730C3F302130E
:10828000012B01BF90F8393081F8393090F83A303D
:1082900081F83A30704701280CBF142000200629CD
:1082A00001D11C307047112901D1083070470129D4
:1082B00001D03A2900D1043070472DE9F74F8246AA
:1082C00017466846DDE90C230D4603F051FDDDE954
:1082D000008900242646DDE90C235046FCF700FF08
:1082E000A346044618B9002E2FD1002629E076B9FE
:1082F000BBF1000F08D17FB92646638A9D423CBF7F
:10830000ABB26382ED1A11E0CBF80400F5E7B0429E
:10831000CBF80400F1D1EEE7638A3D449D423DBFB6
:10832000658226460025ED1A28BF264642464B4662
:10833000684603F042FDDDE90023CDE90C23002D62
:10834000C9D1304603B0BDE8F08F3046F0F764FB8A
:10835000CBE70346002003B970471A8A5B681044D4
:10836000F9E790F8373013F0010CF0B40F461146DE
:10837000C26819D1C1B1D36854691C1B538A1B1B35
:108380009BB20569D4682E1B3E449E420FD1BCF1BE
:10839000000F06D05669A61B548AA41BA4B29C42A7
:1083A00005D8F0BCFFF7E7BE138A0021E9E73D449A
:1083B0000561F0BC7047C26810B482B169B1D3687E
:1083C00054691C1B538A1B1B9BB20469D268A41AF4
:1083D0009C4204D110BCFFF7CEBE138AF5E710BC57
:1083E00070472DE9F8439DF8208006460F46154654
:1083F0009946F3688BB195B196F8374004F00104C3
:1084000084F0010108EA01013046FFF7D4FFF36868
:108410003BB96FF06800BDE8F883002DF9D128461C
:10842000F9E7B8F1000F35D0002C33D1DA6859697B
:108430005C8A521AA41AA4B23069DB68C31AE41A1F
:10844000E7D0AC4228BF2C4667B1B9F1000F25D068
:10845000B8F1000F20D003463846014622461846A0
:1084600003F05AFEB8F1000F08D096F83730DB075A
:1084700004D4F06821460C30FCF797FE42462146B2
:108480003046FFF76EFFB9F1000F01D007B1274466
:108490002D1BAEE71C8ACFE73B46DEE73968224654
:1084A00003F061FEDEE72DE9F04106460F46154672
:1084B0001C4603F0A8FA08B100252C46802F06D8E8
:1084C0002A4623463046BDE8F041FCF709BE0020AD
:1084D000BDE8F08110B5B8B100F12002BFF35B8FA9
:1084E000036ABFF35B8F7BB1BFF35B8F591C52E80C
:1084F000004F9C4204D142E8001CBCF1000FF6D1B1
:10850000BFF35B8FE8D110BD0020FCE708B1F0F7A6
:1085100083BA704710B5044610B304F12002BFF3CC
:108520005B8F236ABFF35B8FD3B1BFF35B8F591EA1
:1085300052E8000F984204D142E8001CBCF1000F41
:10854000F6D1BFF35B8FE8D1012B09DCA06808B13D
:10855000FFF7DCFF60682146BDE8104002F0FBBF7A
:1085600010BD38B5044608460D46FCF7C1FDA368AA
:108570004360A56038BD10B530B180680021034666
:108580001BB9FFF7E6FE081A10BDDA685C69141B18
:108590005A8A5B68121B11FA82F1F1E738B504467A
:1085A000A8B190F8373013F0700FC3F3021001D068
:1085B000FFF771FE0546A068FFF7CBFEA84238BF63
:1085C0002D1A204628BF0025FFF7D5FF401B38BDD8
:1085D000F8B5044680680027054600B9F8BD038A4F
:1085E00046683BB9A368834207D1A6604760F0F7AD
:1085F00013FA284605463046EFE76B68834208BF0A
:108600006E60F3E710B584682046FFF7A2FE88424B
:1086100010D3411A4CB1238A60688B4207D3218260
:1086200018B1FFF773FF00236360002010BDC91A63
:108630000446EFE76FF01500F8E78368C36003B105
:10864000DB680361704710B582680C4622B981600F
:10865000BDE81040FFF7F1BF1046FCF749FD214689
:10866000BDE81040FCF74ABD2DE9F04F85B0DDE9CB
:1086700010670446154602A832469A463B468B468A
:1086800003F076FB204632463B46DDE90289F5F7EA
:1086900071F80446D8B15946FFF760FD90F83730BD
:1086A0006AF3061380F83730424602A84B4603F0BF
:1086B00084FBDDE902679DF83820CDE90067294693
:1086C0002046F5F735F918B12046FFF723FF0024BF
:1086D000204605B0BDE8F08F07B5012300930023C5
:1086E0000A461946FFF77DFE03B05DF804FB1FB58F
:1086F00001230391009303A90023FFF772FE05B045
:108700005DF804FB07B5002300930123FFF769FE22
:1087100003B05DF804FBF8B506460F461446F3684F
:1087200093B1FB6883B18CB101213046FFF743FE62
:1087300000213846FFF73FFED6F80CC0BCF1000F11
:1087400006D16FF06800F8BD002CFAD12046FAE798
:10875000FB68002BF5D01D8A3969DB68DCF80C203A
:108760003069CB1AED1ADCF81430A2EB030EBCF81A
:108770001230A3EB0E039BB2821AAC42A3EB0203AE
:1087800001D29C421CD39D4228BF1D46002DD8D04B
:108790002A4603F0C1FC96F83730DB0704D4F068B2
:1087A00029460C30FCF701FD012229463046FFF72F
:1087B000D8FD002229463846FFF7D3FD641BAEE7FB
:1087C0002546E5E770B1C3685BB1006950B1D9686F
:1087D0001A8A401A101A5B6803B970471A8A104443
:1087E000F9E71846704783682BB9002914BF6FF06A
:1087F0001500002070471A8A8A422CBF1982891AF4
:108800005B6828BF0021EFE770B504460D4645B907
:108810002046FFF712FF002D14BF6FF06800002004
:1088200070BD00212046FFF7C6FDE1680029EFD0AA
:108830002269C8680B8A121A9A1AE9D095422E4604
:1088400028BF16469B1B921B0B8205D020698119FD
:1088500003F070FCAD1BDAE7A06820B14368A360A9
:108860004260F0F7D9F82046FFF7E7FEF2E710B5CF
:10887000C26803467AB1006938B1996800238A4218
:1088800004D1D268801A034498B210BD0C8A49689A
:1088900023449BB2F3E71046F7E72DE9F04385B098
:1088A00004460D4690461F46FFF7E1FF8146A0684B
:1088B00094F83760A169FFF74CFD00230246CDE92B
:1088C000028728460093FFF7CFFE06F00106054613
:1088D000F0B194F8373043F0010384F83730204684
:1088E000D4E90387FFF7A9FEA068FFF732FD214610
:1088F00002462846FFF70FFF78B12846FFF70AFE29
:1089000094F83730C4E9038766F3000384F83730FE
:108910000025284605B0BDE8F08395F8373043F0D0
:10892000010385F8373029462046FFF738FC2846F2
:108930004946FFF782FEFFF7CFFE0028DDD195F80C
:10894000373066F3000385F8373094F8373066F334
:108950000003C4E9038784F83730DAE74168FFF79A
:108960009CBF38B590F8375005F0010585F001013E
:10897000FFF721FDC36873B1006920B125B11A8AE0
:10898000DB68C01A101A38BDDA685969511A5A8A58
:10899000521A92B2F4E71846F5E710B50C46FFF705
:1089A000E0FFA04234BF0020012010BD73B5036971
:1089B000994204460E4615460AD1FFF7D2FF85427A
:1089C00006D82946204602B0BDE87040FFF784BEB5
:1089D000012300932A4631462046FFF702FD02B0EC
:1089E00070BDF8B504464E680D46FFF7BAFF8642E3
:1089F00003D823692B60286810E094F83730DB0730
:108A0000F9D5296849B16A682046D4E90376FFF7A9
:108A100079FEC4E903760028EDD00020F8BDD1E945
:108A20000012FFF7C3BF704710B504464FF0FF3286
:108A30004FF0FF332046FAF735FB0028F6D0FEF75B
:108A400092F9F3E710B504464FF0FF324FF0FF33D1
:108A50002046FAF727FB0028F6D0F3F7ABFEF3E742
:108A6000F4F7F4BF07B5012300916946ADF804306F
:108A7000F5F744F803B05DF804FBD9B10B88012B7E
:108A800022D10B68C3604B6803614B682BB190F82F
:108A9000243043F0400380F8243090F8243043F031
:108AA000040362B143F0100352BA80F82430C2814B
:108AB0000020704790F8243003F0BB03F1E723F067
:108AC000100380F82430F3E76FF015007047D9B138
:108AD0000B88012B22D10B6843604B6883604B6885
:108AE0002BB190F8243043F0200380F8243090F824
:108AF000243043F0020362B143F0080352BA80F815
:108B00002430C2800020704790F8243003F0DD0349
:108B1000F1E723F0080380F82430F3E76FF0150045
:108B20007047F7B504230F4600256946CDE9005389
:108B300004461646FFF755FF48B10770467085702A
:108B4000C57069462046FFF76AFF03B0F0BD6FF0BD
:108B50006800FAE72DE9F04313688E69DA6885B09A
:108B6000D1E903870D4602921B690393029B1BB94F
:108B7000022005B0BDE8F0838B6800225BBB95F84E
:108B80003A1095F836300B44C3F57F43FC33134459
:108B90001FFA83F91BB2032BEADD4FF400420023D6
:108BA000CDE9002301231A4649443046F4F7FEFE7E
:108BB00004460028DCD0039B03F0F003E02B0ED129
:108BC00002A93046F3F782FB03680146A3B92046A9
:108BD000FFF7A0FCCCE7198A5B680A44CEE7F4F7FC
:108BE000B1F8039A03689A42EAD003A93046FEF727
:108BF00092FB0028E4D103A995F83B2094F83B3080
:108C000062F3050384F83B3095F83B3094F83B2041
:108C10009B0963F3871284F83B20204602AA00F0E8
:108C200091F902460028D2D101462046FFF779FF8C
:108C30000028CCD14A4629462046FFF76CFD002883
:108C4000C5D12046FFF7F9FC0121204600F08CF940
:108C5000002200232046FEF7EAF80028B7DBC5E92A
:108C60000387012085E77FB50026042302A9CDE90B
:108C700002630446ADF80660FFF7B3FE0546C0B1D7
:108C80008670C6700DF1060201212046FEF732FD06
:108C900000280CDBBDF806306B8094F8383043F0C8
:108CA000080384F8383002A92046FFF7B8FE04B064
:108CB00070BD6FF06800FAE72DE9F043142389B026
:108CC00005460026CDE90463D0F818900F4690467B
:108CD000FFF7B3FC04A92846FFF783FE04460028EB
:108CE0006CD0437A012B10D1042306A9284606969E
:108CF0000793FFF776FE10B14378072B05D86FF086
:108D00001506304609B0BDE8F083E3680393236994
:108D10000693F4F717F8069A03689A424ED006A90C
:108D20004846FEF7F8FA002848D1637A112B48D05C
:108D3000062B14BF002628264FF400420023CDE95D
:108D4000002301231A46311D4846F4F72FFE04463E
:108D5000C8B303AA06A900F0F5F860BB394642463D
:108D60002046FFF7DEFE014628BB04222046FFF71F
:108D7000BEFC00BB324629462046FFF7CCFC064627
:108D8000C8B92046FFF759FC0121204600F0ECF855
:108D900095F82520062A05F1260105D884F82D200E
:108DA00004F12E0003F0B8F9002200232046FEF75C
:108DB0003EF80028A5DA2046FFF7ACFB6FF004066A
:108DC0009FE71C26B8E76FF00B069AE7F0B585B071
:108DD000002304220E4602A9CDE902320546ADF871
:108DE0000630FFF7FEFD074610B9022005B0F0BDC2
:108DF0000DF1060201212846FEF77CFC0028F4DB79
:108E0000BDF80630002BF0D1AC69F3F79BFF326957
:108E100003689A42E9D0204606F11001F3F73EFAC2
:108E200004460028E1D103992846FFF755FC3A464D
:108E300031462846FFF716FE0228D6D02846FFF70F
:108E400069FB2046D2E7006800F0F000A0F1E003E3
:108E500058425841704738B50C460546F3F772FF43
:108E6000226803689A4205D021462846BDE838406A
:108E7000F3F714BA012038BD10B500210446F3F70A
:108E800087FA20B92146BDE81040FFF7E4BF012072
:108E900010BD2DE9F74F0F4699464FF000081423F7
:108EA0006946CDE90083BDF830B0BDF838A005466D
:108EB0001646FFF796FD0446002840D04523037070
:108EC0004FEA1B2303719DF8343080F801905B0159
:108ED00043EA1A2380F8028080F8038080F805B006
:108EE000837180F807A095F83930037243B9304692
:108EF000FFF7A9FF6B69D0B1A3B193F8903023724B
:108F000000236372A372E372336823613B68E360FA
:108F1000142385F8363069462846FFF780FD03B0F4
:108F2000BDE8F08FA869FEF789FA2072E8E713B16F
:108F300093F88F30E3E7A869FEF76AFAF5E76FF078
:108F40006800ECE71FB590F83B30C3F30504C3F3AA
:108F5000811343EA84030024CDE901440094DBB289
:108F6000FFF797FF04B010BD2DE9FF411423002740
:108F7000CDE9027390F8373043F00103884680F85A
:108F8000373002A90546FFF72CFD0646C8B3AC688A
:108F90003B4614BB5BBA738086F80980B472F472E6
:108FA0000DF106012846ADF80640FEF73FFC00280B
:108FB00010DBBDF80630738102A92846FFF72FFDAC
:108FC0004FF40063B8F1110FAB860AD12146284651
:108FD00000F0E2FF04B0BDE8F081228A6468134427
:108FE000D7E7B8F1060F04D12146284600F01AFC55
:108FF000F0E7B8F1010F07D121462846FFF733FE0D
:10900000E8E76FF06800E5E72046E3E7F0B51423F2
:1090100091B00DEB030207920822002708920BAAD9
:10902000CDE90373CDE909238368044643B903A955
:109030002046FFF7D6FC054630B9022011B0F0BD3E
:109040001A8A5B681744F1E7067806F00F06B60047
:10905000132EF2D9142384F83630427894F83B303A
:10906000920862F3050384F83B30427862F3871379
:1090700084F83B30037A143EF6B2002BDDD084F83E
:109080003A60418849BA89B2B942D6DC02DA204650
:10909000FFF7A9FB94F83830DA064DD505F10C013D
:1090A0000846FFF7D0FE0028C7D1A069FFF7D3FE1E
:1090B0000028C2D1EB68002B4DD0002302A9204626
:1090C000ADF80830FEF7B2FB0028B6DBBDF808307B
:1090D000002BB2D12B7A84F8393094F83730012242
:1090E00062F3061305F1100784F837303846FFF7AE
:1090F000C3FE00283AD06B7A062B05D1A069394609
:10910000FFF7A9FE002898D13846FFF79CFE0028FB
:109110003CD104992046FFF7DFFA002E46D1029594
:109120006B7A062B49D0112B56D0012B85D12946BD
:109130002046FFF74BFE81E72B7C7F2B3FF47DAF72
:109140002B7B7F2B3FF479AF05F10C00FFF794FEEA
:109150000028A3D071E7A06905F11001FFF77BFE9D
:109160000028AAD16B7A022BA7D066E73846FFF712
:109170006AFE0028BFD16B7A112B7FF45EAFF3F744
:10918000E1FD2B6902689A42B5D056E7A3690193C5
:109190002B69029301A902A8F3F79AF900283FF47A
:1091A0004CAF037F9B077FF548AFB2E731462046BF
:1091B000FFF792FA0028B2D03FE709A9204600F055
:1091C0005CFB019000283FF438AF6A7A01AB02A93A
:1091D0002046F4F787FE31E707A9204600F01AFF82
:1091E000EFE70020704770470346002003B970473F
:1091F0001A8A5B681044F9E7D0F86032B0F88C2224
:10920000934206D2B0F89022934234BF002001204E
:1092100070470120704710B5D0E998128A4212D8E1
:10922000B0F88C329A4211DAB0F89042A2420DDACC
:10923000981AA41AA042A1EB0201A8BF20468842B6
:10924000A8BF084610BD6FF02100FBE70020F9E73A
:1092500013B5044601210DF10700FBF7EBFF9DF864
:109260000730C82203F5007353435B0AA4F88E321B
:1092700002B010BDF9F782BFF9F752BE10B53AB18E
:109280004C68D0F8801224BA091B521AD01810BDAD
:109290001046FCE72DE9F04F90F8368090F83A3010
:1092A0004FF0140A984485B0044608EB0A0B204698
:1092B000FFF7C3F994F8373043F0010384F83730EF
:1092C00041462046FFF708FA08BB14212046FFF765
:1092D00064FB00284ED1A068D4F80C90FFF784FFFF
:1092E0008345D9F8047012D840F6CD4200231421EA
:1092F0002046F4F72FFA054648B1C6684369418A0B
:10930000F31AC91A89B2132905D8EFF785FB002093
:1093100005B0BDE8F08FCDF800A0A2684346304606
:10932000FBF714FF142105F10C00FBF73EFFD4E915
:109330000323D268B9F810609B1AF61AC6F1140616
:10934000A9F810301EB96F60C9F80450AFE7398A28
:10935000B14228BF314607F10C00761AFBF74DFFEA
:109360003A8A7B6822B938460393EFF755FB039B93
:109370001F46E7E72069CBE7F8B591F83730C3F32C
:109380000213012B04461746084618D18B68DD6886
:10939000FFF780FF0646A8B118220021204602F000
:1093A000E2FE012F0CBF3388738863800CBF0C353D
:1093B00010352B686360012323800020F8BD6FF017
:1093C0001500FBE76FF06800F8E710B586B00446BB
:1093D0006846FFF7D1FF68B92388012B14BF182214
:1093E00008226946204602F0C6FEB0FA80F0400925
:1093F00006B010BD0020FBE7F9F704BE38B5A0F5B4
:109400008075A0F19C044FF0FF3320464FF0FF32EF
:10941000FFF732FFA86CEFF7FFFA0023AB6420469A
:10942000BDE83840FFF7E8BFBFF35B8F50E8003F6F
:10943000013340E80032002AF8D1BFF35B8F704758
:1094400070B5A0F16C0605464FF0FF324FF0FF33C8
:109450003046FFF711FF4FF0FF324FF0FF33304639
:10946000FFF70AFF55F87C4C4CB155F8782C23686F
:1094700045F87C3C944208BF45F8783C1C3C30469B
:10948000FFF7BAFF24B93046BDE87040FFF7B4BF1C
:109490002046F4F777FEDEE72DE9F04184680646C2
:1094A0000F461546002C3CD02046FBF721FE044613
:1094B000408A6269E368218A9B1A421AD21A95424D
:1094C0002CD929441944091A40F6CD4200233046CC
:1094D000F4F788F9B0F1000806DA6FF06808404642
:1094E000BDE8F0812946EFE714B9B468002CF6D046
:1094F000002DF4D0238A668A6269F61AE3689B1A03
:10950000F61AAE4228BF2E46394604F10C00324608
:10951000FBF751FE37446468AD1BE7E74FF00008E6
:10952000E4E7002ADED19046DFE710B50446FFF7F6
:10953000B1FE0146A068FFF757FE94F83A2094F870
:10954000363013440A7BC31A1209A3EB820020EAC7
:10955000E07010BD38B504468068FFF745FE8142D3
:109560000D4611D82046FFF768F894F8373043F0DD
:10957000010384F8373029462046FFF745F9204695
:10958000FFF726F8002038BD6FF01500FBE773B534
:1095900000F1640604464FF0FF324FF0FF333046CF
:1095A0000D46FFF769FE012384F870323046FFF75D
:1095B00023FF94F8993213F001031BD0236E2BB1D3
:1095C00060682946426898470023236694F89932D8
:1095D00023F0010384F8993204F17800F9F7F4FDDF
:1095E00004F19000F9F790FD204602B0BDE870400C
:1095F000F4F72EBF6068466B002EF1D0226D19463D
:10960000CDE900521A46B047EAE76FF07301A0F5C2
:109610000070FFF7BCBF6FF07301A0F5B070FFF7EB
:10962000B6BF6FF07301A0F50070FFF7B0BF38B59B
:10963000B0F88C30C3F34103032B17D0046CACB1EA
:1096400004F1640528464FF0FF324FF0FF33FFF777
:1096500013FEE06D28B100F51B70FFF7E5FE002357
:10966000E3652846BDE83840FFF7C6BE38BDF8B50B
:10967000068C056C012E0346144614BF18270827D4
:10968000084659B195F87022042A0AD8012E15D13E
:109690005A6A12684A605B8C4B800E803CB900208D
:1096A000F8BD3A4605F50C7102F036FDF6E73A468C
:1096B00005F51271204602F02FFDF0E76FF015005E
:1096C000EEE72DE9F0438DB007AB142780460593F4
:1096D0000697FFF7DFFD064600285FD0417B11F0BB
:1096E00004095BD140F6CD40002198F83720CDE940
:1096F00000010623D8F81800C2F302123946F4F725
:1097000055F90546002849D098F83730C3F30213BD
:10971000012B56D1D8F80830DB68DB680393D8F802
:109720000830DB681B69049303AA04A9FFF70AFC4D
:10973000002846DB0DEB07012846FFF752F90446E7
:1097400000283ED03A46494602F00DFD738823803A
:1097500033886380237B052262F307132373737BB3
:10976000DA061ED504236373B368636005A928462F
:10977000FFF755F9002824DB2846FEF75EFF95F831
:109780003730C3F30213012B1BD106212846FFF704
:10979000EBFB002815DB2846F4F7F4FC0DB0BDE820
:1097A000F08340467768FFF7C0FE737B3FBA9B07A4
:1097B00038444FF0140348BF0130637300BAA0600F
:1097C000D4E72846FEF7A6FEE8E710B5036CCBB158
:1097D000BFF35B8F0429A8BF04210129B8BF012171
:1097E00003F51B7353E8002F43E80014002CF9D154
:1097F000BFF35B8FB0F88C3043F00603A0F88C30D9
:10980000002010BD6FF00100FBE708B50B4609B161
:1098100000219847002008BD036C416303B11A651D
:109820000020704730B589B003AB019301A9142320
:1098300004460293FFF7D5F80546D8B10023037418
:1098400043740DF1020206212046ADF80230FDF707
:1098500051FF00280CDBBDF802302B8294F8383021
:1098600043F0080384F8383001A92046FFF7D7F801
:1098700009B030BD6FF06800FAE773B500230E46FB
:109880000DF1060206210546ADF80630FDF732FF60
:10989000002802DBBDF806301BB10024204602B0D0
:1098A00070BD31462846FFF79CF804460028F4D0E6
:1098B00031462846FFF7B3F80028EFD0EDE708B5AA
:1098C0004268B2F88C30C3F3C203012B0DD192F978
:1098D0008E00F2F769FC28B1006800B1008B2838CF
:1098E00080B208BD4FF41070F9E70020F9E710B41A
:1098F000D0F87442D0F864320022234410BCF4F74C
:10990000F3BE38B5A0F5AE74A0F5E0754FF0FF33A7
:1099100020464FF0FF32FFF7AFFC28461021FFF73B
:10992000E6FF2046BDE83840FFF766BDF0B5456864
:10993000B5F88C30DB0787B004460E4646D595F95E
:109940008E00F2F731FC864240D1002203AB04A91D
:109950002846CDE90422FFF78AFE0646002835D1C5
:10996000BDF81010012931D1059B7BB394F87032FA
:10997000012B2BD0B5F88C30C3F34103032B05D05A
:10998000284607B0BDE8F040F4F7AEBF04F1640725
:1099900038464FF0FF324FF0FF33FFF76DFC286B76
:1099A00010B1F4F737FA2E63E66D4EB16B68009391
:1099B00000226FF0720360681146B0470023E36530
:1099C000384607B0BDE8F040FFF716BD07B0F0BD60
:1099D0002DE9F3410446FFF71EFC94F8C430054618
:1099E000D80720464CBFB4F8C0604FF40676FFF7A6
:1099F00066FFB04218DD94F8C430D90774D5B4F8C6
:109A0000C0309D4273DBB4F8C0502046FFF757FFCB
:109A1000A84215DD94F8C430DB0716D5B4F8C05061
:109A2000ADB96FF03C0567E02046FFF748FF85427F
:109A30005DDB94F8C430DA07E5D44FF40675E4E74B
:109A40002046FFF73CFF0546EAE74FF406756368DA
:109A500040F6CD400021B3F88C20CDE9000106236B
:109A6000E06CC2F3C2022946F3F7A0FF0646A8B194
:109A7000D4F8648204F10807FEF7DFFD3846FEF7EC
:109A8000DCFDB8F1000F0CD12A4639463046FEF70E
:109A900042FE002812DA3046FEF73CFD6FF0680502
:109AA0002AE094F83F3043F0010384F83F30414608
:109AB0003846FEF711FE0028E6DAECE7D4F8742207
:109AC000D4F864321821134420463246F4F70CFED1
:109AD000074620B9D4F864322B44C4F864323046C7
:109AE000FEF718FD3D4607E0B5F5067FA5DA2046EE
:109AF000FFF791FB051E93DA284602B0BDE8F0811E
:109B000038B590F8C4300446D80720464CBFB4F8A6
:109B1000C0504FF40675FFF7D2FEA84226DD94F838
:109B2000C430D90727D5B4F8C030B4F88622B3EBD7
:109B3000520F4FEA520012DA94F8C4302046DA0786
:109B40004CBFB4F8C0504FF40675FFF7B8FEA842FA
:109B500014DD94F8C430DB0714D5B4F8C000B4F8B1
:109B600088328342CCBF0020012038BD2046FFF759
:109B7000A6FE0346D9E74FF40673D6E72046FFF763
:109B80009EFEECE74FF40670E9E770B5B0F8883256
:109B90005B1804461DD4B0F886529D42A8BF1D46EE
:109BA0002046FFF7ADFFA4F8885206462046FFF78F
:109BB000A7FF86B178B994F87032052B42D104F52D
:109BC000E07001F0FCFE20461021BDE87040FFF778
:109BD0008EBE0025E4E794F8C430D80720464CBF79
:109BE000B4F8C0504FF40675FFF769FEA8422ADDAD
:109BF00094F8C430D9072AD5B4F8C000B4F8862246
:109C0000B0EB520F4FEA520312DD94F8C4302046F5
:109C1000DA074CBFB4F8C0504FF40675FFF74FFE9B
:109C2000A84217DD94F8C430DB0718D5B4F8C0306B
:109C3000B4F88812B4F88622914203D1B4F8842291
:109C40009A42B8DD70BD2046FFF739FED6E74FF4E3
:109C50000670D3E72046FFF732FE0346E8E74FF4ED
:109C60000673E5E770B5046C05460E4684B16434AE
:109C70004FF0FF324FF0FF332046FFF7FDFA286C1C
:109C80003146FFF782FF2046FFF7B6FB002070BD8C
:109C90006FF06A00FBE7F8B5044600252046FFF7A1
:109CA000BAFA061E08DD94F89932590712D52046F3
:109CB000FFF78EFE051EF1DA04F5A070D4F860629D
:109CC00002F034F8084303D116B12046F4F778FACD
:109CD0002846F8BDD4F86432002BE8DD94F8C4308F
:109CE0002046DA074CBFB4F8C0704FF40677FFF790
:109CF000E6FDB84208DD94F8C430DB0708D5B4F8B7
:109D0000C0008642D3DAD7E72046FFF7D8FDF8E750
:109D10004FF40670F5E72DE9F84F046C894690463C
:109D20001E46002C7ED094F87032052B7AD104F1B7
:109D3000640738464FF0FF324FF0FF33FFF79CFACD
:109D40002046FFF759FA002869D11EB1F268804613
:109D5000824219D1B4F88C52D4F86032ED1A4545DC
:109D600028BF4546002E48D12A46494604F108003E
:109D7000FFF792FB00282ADA6FF068063846FFF7F3
:109D80003BFB3046BDE8F88FB36803EBC0030130FE
:109D90005B689844DCE7B5EB0A05D14416D008F1BE
:109DA0000108F368434511D9B36803EBC80253F8BF
:109DB00038105268AA4228BF2A4658469246FFF7F2
:109DC0006BFB0028E7DAB9F1000FD5D04D46D4F887
:109DD00060322B44C4F8603294F87132012B12D0F7
:109DE0002046FFF758FF061E0DDA16F1690F0AD05C
:109DF00031462046FFF7CBFBC0E74FF00008C146D5
:109E000004F1080BCDE72046FFF7F6F928B1002250
:109E1000002304F19000FFF72DFA2E46AEE76FF015
:109E20000A06ABE76FF07F06ABE738B590F8C430B1
:109E30000446D80720464CBFB4F8C0504FF406750E
:109E4000FFF73DFDA84223DD94F8C430D90723D5A0
:109E5000B4F8C00094F8C430A4F89002DA072046A1
:109E60004CBFB4F8C0504FF40675FFF728FDA84268
:109E700015DD94F8C430DB0715D5B4F8C00000EB4D
:109E8000400080B20023A4F89202A4F8943238BDB6
:109E90002046FFF714FDDDE74FF40670DAE72046B1
:109EA000FFF70DFDEBE74FF4C960EBE72DE9F0415B
:109EB000056C05F164080C4616461F464FF0FF324C
:109EC0004FF0FF334046FFF7D7F9012C0AD0023C90
:109ED000032C12D86FF06C044046FFF78DFA204631
:109EE000BDE8F081042F0AD13268012A07D895F81D
:109EF000993262F3820385F899320024ECE76FF01F
:109F00001504E9E72DE9F041D0F8408008F1640735
:109F10000C4616461D464FF0FF324FF0FF333846D1
:109F2000FFF7AAF9012C0AD0023C032C0FD86FF0DE
:109F30006C043846FFF760FA2046BDE8F08198F8D7
:109F40009932C3F3800333600DB104232B600024E6
:109F5000EFE7006C90307047006C783070477FB549
:109F600008230E460DEB030104461546CDF808D034
:109F70000393FEF736FD60B1002306804580037130
:109F800043718371C37102A92046FEF748FD04B0F6
:109F900070BD6FF06800FAE730B587B002AB04938C
:109FA00004A9082304460593FEF71BFD054670B37C
:109FB000A36800223BBB94F83A0094F83610AB71CA
:109FC0000144521A52BAAA80EB710DF10602112116
:109FD0002046ADF80630FDF78DFB002811DBBDF8FB
:109FE00006304FF6FF72002B08BF1346EB8094F843
:109FF000383043F0080384F8383004A92046FEF7CF
:10A000000EFD07B030BD198A5B680A44D2E76FF0D5
:10A010006800F6E773B5002304460E46ADF8063037
:10A02000FEF7DFFC054690B131462046FEF7F7FC0F
:10A03000034660B9AA88A16852BA92B259B994F895
:10A04000361094F83A0001445B1A9A4207D0002572
:10A05000284602B070BD088A49680344EEE7EB88E1
:10A0600033B994F83730C3F30213012BF0D0EEE785
:10A070000DF1060211212046FDF73CFB0028E6DB2E
:10A08000BDF80630002BE3D0E1E738B50446807A0E
:10A09000EEF71AFC6169054649B1637ADB0704D41F
:10A0A000436A1B6820469B689847002363612146EA
:10A0B0002846BDE8384001F087BB30B50906847EEC
:10A0C000054614D414F0400016D0298BC3F30A00BF
:10A0D000C1F30A01884222D802F00300022809D005
:10A0E00003280AD0012811D004F0010004E014F084
:10A0F0002000E9E7C4F3800030BD14F00200FBD07B
:10A1000013F4C05F09D0C4F30010F5E714F008029F
:10A1100005D013F4C05FEFD0F5E70120ECE7002095
:10A12000EAE7BFF35B8FD0F8A000BFF35B8F00F0CE
:10A1300001007047BFF35B8FD0F8A000BFF35B8FC7
:10A14000C0F340007047026902F1A003BFF35B8FC8
:10A15000D2F8A020BFF35B8FBFF35B8F51B153E800
:10A16000001F41F0040143E80012002AF7D1BFF3B9
:10A170005B8F704753E8001F21F0040143E8001291
:10A18000002AF4D0F6E701F00F030906026948BF80
:10A19000103352F823007047007FC0F3001070475F
:10A1A000037F61F304130377704708B50269104613
:10A1B000FFF7B7FF68B991F8200000F00F03000621
:10A1C00048BF103342F82310084601F0B4FA0020CB
:10A1D00008BD6FF00C00FBE700220023F8F762BF18
:10A1E00001F00BBB01F0E5BA407EC0F3C000704740
:10A1F000437E23F00803437670471FB504698DF84A
:10A200000410CDE90220D4F8983001A9984704B091
:10A2100010BD1FB50469034606208DF804002046D2
:10A22000CDE90213FFF77DFF40B1C1F81E20D4F83D
:10A23000982001A91846904704B010BD4FF0FF3098
:10A24000FAE738B505460C462046FFF7C5FF01463C
:10A2500000B938BD6FF070022846FFF7DAFFF3E768
:10A260002DE9F84306690746D6F80090D6F84080F5
:10A270000D464FF0FF324FF0FF3306F18400F8F740
:10A280004FFE4046FFF7A8FF014618BB4846FFF7C0
:10A29000A3FF044620BB99F81C3023F0100389F873
:10A2A0001C3098F81C3023F0100388F81C3024BBB5
:10A2B000012286F8B020EDB12B68C6F8A8306B6893
:10A2C000C6F8AC3086F8B12038698430BDE8F84370
:10A2D000F8F798BE6FF067023846FFF79AFFD0E7AD
:10A2E000637EDB07D7D46FF0670221463846FFF75D
:10A2F00090FFCBE786F8B150E6E72DB1082229465A
:10A3000004F10C00FAF757FF002221463846FFF708
:10A3100080FFD9E72DE9F8430546D0F80890884634
:10A3200014461F46FFF72FFF0646002835D0D9F800
:10A330003C302846984741463B8822463046FFF746
:10A34000BCFE804690B18BB92B6993F88030DB0757
:10A3500058BF402204F0030446BF4FF480624FF41C
:10A3600000711146022C0DD0032C11D02846D9F8CB
:10A3700040309847B8F1000F14BF00206FF08500FF
:10A38000BDE8F883338B8B4228BF0B463B80EDE75B
:10A39000338B934228BF1346F8E76FF01200EFE7C4
:10A3A0002DE9F0470546D0F808A0894690461F469B
:10A3B000FFF7E9FE044618B3067FF3071DD43B46BA
:10A3C00042464946FFF779FED0B19DF8203084F827
:10A3D000218026F00606678484F824302677DAF890
:10A3E0001830214628469847227FB0FA80F35B094F
:10A3F00063F300022277BDE8F0876FF07700FAE799
:10A400006FF01200F7E72DE9F3411F464B06D0F835
:10A41000088004460D4616461BD0D8F83C309847B5
:10A420002069FFF787FE88B19DF820300093294608
:10A430003B4632462046FFF7B3FF0546D8F840308A
:10A4400020469847284602B0BDE8F0814FF0FF351E
:10A45000F4E76FF01505F5E770B505468668FFF778
:10A4600092FE044688B1037FDB0711D50146F369EC
:10A470002846984738B1237F03F00103227F63F316
:10A480000002227770BD0346F8E76FF01200F9E78B
:10A490006FF07700F6E770B54B06866804460D4608
:10A4A00012D0F36B98472069FFF73BFE48B129466D
:10A4B0002046FFF7D1FF0546336C204698472846D3
:10A4C00070BD4FF0FF35F7E76FF01505F7E770B592
:10A4D00086680546F36B0C4698472869FFF72AFE05
:10A4E000B8B121462846FFF74EFE0146A0B1037FD2
:10A4F000DB0711D590F8213003F00303012B0ED0B8
:10A50000F3682846984704462846336C9847204607
:10A5100070BD4FF0FF34F7E76FF01204F4E76FF00F
:10A520008504F1E7F8B587680646FB6B0C4698474B
:10A530003069FFF7FFFDE8B121463046FFF723FE03
:10A540000546D0B1037FDB0717D590F8213003F023
:10A550000303012B14D001463B693046984704465B
:10A5600018B92B7F60F341032B7730463B6C98473B
:10A570002046F8BD4FF0FF34F7E76FF01204F4E720
:10A580006FF08504F1E72DE9F04186680769F36B08
:10A5900005460C4698472869FFF7CCFD98B394F818
:10A5A000188028464146FFF7EEFD014670B3037F51
:10A5B000DA072BD518F07F0F20D197F8B030EBB128
:10A5C000637EDB0717D597F8B13033B1082207F166
:10A5D000A80104F10C00FAF7EEFD002287F8B02084
:10A5E00021462846FFF715FE04462846336C984757
:10A5F0002046BDE8F0816FF06702F1E773682246FC
:10A6000028469847F0E74FF0FF34EEE76FF012046A
:10A61000EBE770B5866805460C46F36B9847214614
:10A620002846FFF7B0FD48B101F0E7F8B0FA80F432
:10A6300064092846336C9847204670BD0124F8E72A
:10A6400070B586680546F36B0C4698472869FFF796
:10A6500068FD80B121462846FFF795FD014668B1A7
:10A6600004681CB1B3682846984704462846336CF2
:10A670009847204670BD4FF0FF34F7E76FF01204A3
:10A68000F4E708B503691B6800215A8CF5F7C6FC8E
:10A6900028B1437E23F0070343F00103437608BD4E
:10A6A00008B539B903691B685B8C013A1A44B2FBDF
:10A6B000F3F25A43F5F7B2FC28B1437E23F00703C7
:10A6C00043F00203437608BD08B561B903691B680E
:10A6D0005A8CF5F7A3FC28B1437E23F0070343F01F
:10A6E0000403437608BD0022F3E770B586680D4683
:10A6F000F36B044698472846EEF78EF92046336CF4
:10A700009847002070BD70B586680546F36B984782
:10A710002869FFF70FFD044620B133683BB1284696
:10A72000984704462846336C9847204670BD01245C
:10A73000F8E7F8B587680669FB6B04469847206917
:10A74000FFF7EFFCD8B12069FFF7F4FCD0B9FB6A42
:10A7500020469847054668B9BFF35B8F06F1A00312
:10A7600053E8001F41F0020143E80012002AF7D12C
:10A77000BFF35B8F20463B6C98472846F8BD4FF0EF
:10A78000FF35F7E76FF07705F4E7F8B587680669F6
:10A79000FB6B044698472069FFF7CCFCB0B13B6BDC
:10A7A00020469847BFF35B8F054606F1A00353E8A8
:10A7B000001F21F0020143E80012002AF7D1BFF385
:10A7C0005B8F20463B6C98472846F8BD6FF07705B5
:10A7D000F7E72DE9F0410546D0F8088006691446F0
:10A7E0000F4631B32AB3D8F83C3098472869FFF7B1
:10A7F00098FCD8B9C6E926742846D8F8343098476A
:10A80000044660B9BFF35B8FA03656E8003F43F0C3
:10A81000010346E80032002AF7D1BFF35B8FD8F876
:10A820004030284698472046BDE8F0816FF0770415
:10A83000F5E76FF01504F6E7F8B587680669FB6B76
:10A84000044698472069FFF775FCD0B92069FFF7E7
:10A8500068FCC8B1BB6B20469847BFF35B8F0546C9
:10A8600006F1A00353E8001F21F0010143E80012A4
:10A87000002AF7D1BFF35B8F20463B6C98472846F0
:10A88000F8BD6FF00F05F7E76FF07705F4E74FF0CD
:10A890008053D3F83021082A05D1D3F83401003889
:10A8A00018BF0120704700207047C343C3F3C01393
:10A8B00000F00F0000EB0310704708B500F083FDB7
:10A8C000F8F768F8002008BD01238B40BFF35B8FC9
:10A8D00050E8002F1A4340E800210029F8D1BFF3C7
:10A8E0005B8F704700698430F8F78CBB0069843057
:10A8F0004FF0FF324FF0FF33F8F712BB10B5807AFC
:10A900000C46EDF7E1FF436A21465868BDE8104068
:10A9100000F0E3BDF7B50D46807A17461E46EDF709
:10A92000D3FF2C68436A033424F0030258682A607A
:10A930000421CDE90076F8F7D3F900B9286003B017
:10A94000F0BD0369C9B20C2202FB0133186C00F0A0
:10A950000700704770B50346C9B20069EFF311866E
:10A96000202484F31288BFF36F8F0C2505FB0104AC
:10A97000246C14F0C00401D0A24210D105FB0100E8
:10A9800001220264002086F31188BFF36F8F28B97B
:10A990005B6803EBC1035B689847002070BD4FF014
:10A9A000FF30F0E78022FFF7D5BFF8B5069F0469B6
:10A9B0000546C9B2EFF3118C202080F31288BFF353
:10A9C0006F8F0C2606FB0146306C00F0070EBEF1BF
:10A9D000010F11D1376400268CF31188BFF36F8FFC
:10A9E00046B90C2000FB0144C4E90E236B6853F800
:10A9F000313098473046F8BD00F0C00087420CBFA8
:10AA00006FF077064FF0FF36E6E713B58024009429
:10AA1000FFF7CBFF02B010BD10B40069CBB21C240D
:10AA200004FB0300002110BC10471046F8F76CBB74
:10AA300000F0F5B9F7F786BD43685B68D3F81035C9
:10AA40000B600020704743685B6802EA010021EA5E
:10AA50000201C3F80805C3F80C15002070474368CD
:10AA60005B680020C3F80815704743685B680020E6
:10AA7000C3F80C15704743685B68D3F8042521EAD6
:10AA800002001140C3F80805C3F80C1500207047F8
:10AA900030B50369586800B30024884219D10868AA
:10AAA0008CB99C685860A14200D198600020086071
:10AAB0002AB15A680A609A68596002B99960002000
:10AAC0000FE02846E9E720609868814208BF9C6053
:10AAD000ECE705680446002DF3D1002AE9D16FF0B8
:10AAE000150030BDF7F73EBE13B54FF08052082970
:10AAF000136E526E28BF082112BA00921BBA0C4680
:10AB00000A466946019301F007FB204602B010BDDA
:10AB100030B543681360057A446804EBC504A3426A
:10AB200002D36FF0010030BD5C798C4203F1080361
:10AB3000F0D10020F7E743681B68D3F88004C3F81E
:10AB40008004704742681368D3F8100150B1D2698D
:10AB5000002012780A70C3F81001D3F810210122E6
:10AB60001A6070474FF0FF30704702680346D2F812
:10AB7000580140B95B68DB0706D4D2F820010038E1
:10AB800018BF012070470120704743681B68D3F845
:10AB90000423D20517D5D3F82021A2B1EFF31182F7
:10ABA000202181F31288BFF36F8FD3F8201131B1C8
:10ABB0000021C3F82011D3F820110121D96082F3BC
:10ABC0001188BFF36F8FD3F85831704713B501AABE
:10ABD0000446FFF79DFF002805DB019B22681979D9
:10ABE0001868F6F7A5FF02B010BDF8B500220546BB
:10ABF00001210220EDF7C2FB0220EDF78FFB6C680C
:10AC00000121E068FFF7E2FF6B681A682369C2F868
:10AC10002435617D237D0B43A17D0B43C2F86C3548
:10AC20006E68D6E9004313F001030ED02F6904F1DA
:10AC30000C0107F1080204F5907000F09BF8002861
:10AC40003ADB387AF7F7B0FB01230822C4F8002575
:10AC5000B269C4F8442501210022C4F84825A16046
:10AC60006BB9D4F82031002BFBD0C4F82021D4F8E4
:10AC700020310123E3604FF48073C4F80433D4F827
:10AC80005831002BFBD00021C4F800156D682C68EA
:10AC9000E868FFF79BFF0823C4F800352A7A52B909
:10ACA000EB69C4F834350123C4F83835C4F81021F1
:10ACB000D4F8102123600020F8BD00F150039B0060
:10ACC0009BB203F1804303F5883300221A601B68AE
:10ACD000704708B5F7F7D4F808BD4FF08053D3F8A4
:10ACE0003021082A03BFD3F83401B0FA80F04009BC
:10ACF0000020704703460020184700F072BB10B5D3
:10AD000002461168B1B1BFF35B8FB1FA81F3C3F1B1
:10AD10001F000123834021EA030352E8004F8C42C5
:10AD200004D142E8003CBCF1000FF6D1BFF35B8FC9
:10AD3000E7D110BD6FF00B00FBE710B50368CB4007
:10AD4000DB0714D401238B400268BFF35B8F43EA17
:10AD5000020150E8004F944204D140E8001CBCF1CD
:10AD6000000FF6D1BFF35B8FEED1002010BD6FF066
:10AD70001500FBE770B50C4600210546084616464F
:10AD8000F7F704FB48B93378DB0003F1804303F5A0
:10AD9000F833C3F81055C3F8144570BD10B101283D
:10ADA00002D07047F7F7CEBBF7F77EBB18B101288A
:10ADB00003D100F019B800F032B8704708B5F7F7C2
:10ADC0008FFBBDE80840F7F7FDBB4FF08053D3F889
:10ADD0003021082A06D1D3F8340102288CBF002084
:10ADE0000120704700207047F7F724BB38B54FF0BB
:10ADF00080440223C4F808330123E3600023C4F82D
:10AE00000431D4F8043142F21075D4F81834DB035D
:10AE100004D50120FFF771FF013DF6D138BDFFF7E2
:10AE2000E5BFF7B5019001A8DDE9084716461D46C4
:10AE3000F7F700FC019BB6F1000C18BF4FF0010CB6
:10AE400000EB83000B1E18BF0123002D43EA4C03C7
:10AE50000CBF4FF0000C4FF00C0C002C43EA0C031D
:10AE60000CBF4FF0000C4FF4E06C002F43EA0C03D2
:10AE7000D0F800270CBF4FF0000C4FF4403C43EAE1
:10AE80000C0322EA030301B109780EB1367876008B
:10AE900019430DB12D78AD0031430CB12478240253
:10AEA00029430FB13F783F040C433C43C0F80047AF
:10AEB00003B0F0BD1FB50DF10F03019300238DF812
:10AEC0000F1000931A461946FFF7ABFF05B05DF867
:10AED00004FB10B504460846F7F7BCFB04EB40043E
:10AEE000207DC0F3401010BD10B504460846F7F7AA
:10AEF000B1FB04EB4004207DC0F3400010BD10B551
:10AF000004460846F7F7A6FB04EB4004A08A400B72
:10AF100010BD70B5044608461646F7F79BFB08308F
:10AF20000D4634F81030DA0509D5C3F3432304EB9A
:10AF3000C302314654F83330526828469847A36814
:10AF40002BB1E26831462846BDE87040184770BD15
:10AF500010B504460846F7F77DFB04EB4000838AF2
:10AF6000DA051DD5C3F3432123F4F853838204F19A
:10AF7000120204F1720032F8023F13F4807F03D012
:10AF8000C3F3432399420BD08242F4D104EBC103B3
:10AF900000225A6004F17800BDE81040FFF7CDBEF2
:10AFA00010BDF0B5034600F580740020054601276A
:10AFB000844695420AD1D3F87C2132B10022C3F8ED
:10AFC0007C21D3F87C3140F00040F0BD25F04046B4
:10AFD00007FA06F6314209D0D4F800E0BEF1000FBE
:10AFE00004D0C4F800C0D4F800E030430135043484
:10AFF000DFE738B504460D46FFF76BFFA8B12046E2
:10B00000FFF772FF88B92046FFF779FF2268012316
:10B010008340C2F80833236803EB8000D0F8103572
:10B0200023F00303C0F8103538BD28460021BDE8E1
:10B030003840FFF73FBF2DE9F043174685B004467F
:10B040000846F7F707FBD7F800800E460546B8F12B
:10B05000000F1ED02046FFF747FF18B12046FFF72C
:10B0600038FF20BB0023CDE900338DF80E308DF87A
:10B070000F300DF10F0243460DF10E013046FFF780
:10B08000D0FE04EB4502938A23F0020343F0010350
:10B0900093827B689BB33146204693F80080D3F8B7
:10B0A0000490FFF721FF28B1B9F1000F1FD06FF016
:10B0B000150027E004EB4500838A23F4604323F066
:10B0C00020038382B9F1000F11D0B8F1030FEED83D
:10B0D0007B6821685B6893F800C04FEA8C031944D1
:10B0E000B8F1000F11D1C1F81085C1F8108504EB3B
:10B0F0004502938A23F01C0343EA88039382BB68CA
:10B1000043BB002005B0BDE8F083D1F8102522F044
:10B110000302C1F8102522681344D3F8102522F445
:10B120004F3222F44072C3F810253202D3F81015C2
:10B1300002F47C5242EA08420A43C3F8102504EBA9
:10B140004C03A3F87C60838A43EA4C3343F020032A
:10B150008382CCE7D3E9007831462046FFF7F8FE3A
:10B16000002FCED063689F4206D004F17800FFF72D
:10B17000C6FD002804DAC5E7A3689845F5D100208C
:10B1800004EBC003C3E9017804EB4505C0B2AB8A08
:10B1900043EA402343F48073AB82B2E72DE9F043E6
:10B1A000054685B0084616461F46F7F753FA0C4683
:10B1B000804626B32846FFF797FE18B92846FFF7C2
:10B1C00088FE18BB05EB4809B9F8143003F01C03DE
:10B1D00013B17378012B19D001238DF80F300023A0
:10B1E000CDE90063721CB31C0DF10F012046FFF77F
:10B1F00018FEB9F8143043F00303A9F81430002FF7
:10B200003FD021462846FFF76FFE20B96FF01500AA
:10B2100005B0BDE8F0833E782B6803EB860300227F
:10B22000C3F81025C3F8102505EB48024FEA860C39
:10B23000938A23F4604323F020039382787800B349
:10B240002968BF7861440004D1F8103523F49913BC
:10B2500023F4F853C1F81035230200F4403003F40E
:10B260007C5303433805D1F8105500F48010034394
:10B270002B43C1F81035938A43EA463343F0200349
:10B2800093820020C4E7C0E90312704770B50446FA
:10B290001546FFF71EFE48B10846F7F7DBF904EB49
:10B2A00040040020A38A5B0B2B7070BD6FF015006B
:10B2B000FBE738B590F88C4005469CB960222146E2
:10B2C000143000F050FF2868C0F87C41D0F87C3181
:10B2D00040F30730EDF722F8012385F88C30AB6797
:10B2E000204638BD6FF07700FBE790F88C000038FF
:10B2F00018BF01207047F7F7E7B92DE9F34104467D
:10B300001746FFF7E6FD0D462668F0B12046FFF729
:10B31000EBFD8046C8B92046FFF7F1FD820002F53B
:10B32000807346F80380F35823681344D3F810253C
:10B3300042F00102C3F8102527B12268012383409F
:10B34000C2F8043302B0BDE8F081D6F80433002B14
:10B35000A4BF4FF00043C6F804332846F7F77AF944
:10B3600004EB4004A38AC3F38203042B12D0052B01
:10B3700012D001A80195F7F75DF9019BD0F81015DF
:10B38000D94001F001010231284602B0BDE8F04188
:10B39000FFF790BD0321F7E70221F5E7FFF729BE8C
:10B3A00000F180431A68002A1FBF00221A601B6840
:10B3B000012008BF002070474FF080434FF46072B7
:10B3C000C3F8042370474FF080434FF46072C3F812
:10B3D0000823704708B5F7F7F3FABDE80840FFF710
:10B3E000EDBC08B1EDF74EBC704710B5436904469B
:10B3F0003BB90020E268537843F0010353704042A8
:10B4000010BD98470028F4D00028B8BF4042E36838
:10B41000FF28A8BFFF201870ECE740B1C368587838
:10B4200010F001001EBF1878B0FA80F04009704794
:10B43000EFF31183202383F31288BFF36F8FFEE7AE
:10B4400008B5FFF7F5FF2DE9F04F89B0DDE9126887
:10B45000059243460546324606A80F4600F088FC92
:10B46000DDE90634CDE90234EFF311844FF0200911
:10B4700089F31288BFF36F8F05F10C0A05F1140BE5
:10B48000059A149B39462846984730B184F31188B1
:10B49000BFF36F8F09B0BDE8F08F56EA0806F5D00C
:10B4A000DDE9022306A800F088FCDDE906685246C3
:10B4B000CDE9006821465846F8F75AFAEFF31184AF
:10B4C00089F31288BFF36F8FDAE710B400F10C0430
:10B4D000C0E9034410BCF9F72FBC38B50446EFF3BC
:10B4E0001185202383F31288BFF36F8FF9F72DFBAB
:10B4F00004F10C0000F02FFB30B1294604F11400D8
:10B50000BDE8384000F00CBB85F31188BFF36F8FA6
:10B5100038BD10B542696AB1836842EA0301890700
:10B5200008D10169A2FB011424B95B182CBF0121C9
:10B53000002102D36FF0150005E0C1609B1A02697B
:10B540008A4201D8002010BDC2681A604269C360F7
:10B5500001319B1AF3E72DE9F04105460F46EFF361
:10B560001188202383F31288BFF36F8FC668FEB95A
:10B570000468A0421CD0DCB1D4E9003213605A60E8
:10B58000237CA66023F002032374C4E9006604F15F
:10B59000180000F096FB2046C4F88460676100F054
:10B5A00073FA414605F10800BDE8F04100F0B8BA71
:10B5B0003E60AB69EF60013BAB6188F31188BFF37C
:10B5C0006F8FBDE8F08108B52024EFF3118384F379
:10B5D0001288BFF36F8FF9F751FDF6E7D0E900321B
:10B5E00013605A60027C002322F00202C0E900339B
:10B5F00002748360704713B501240094F7F7C0FB11
:10B6000002B010BD90F90E308B4201D0F8F7D2B9DC
:10B610000020704703460020C3E90200C3E900335D
:10B620007047D0E9003213605A60027C002322F098
:10B630000202C0E900330274836070472DE9F843C9
:10B64000914604469DF820200D46EFF311862021F7
:10B6500081F31288BFF36F8F02B14568D4F8088078
:10B6600004F10807474518D0B8F1000F15D040463F
:10B67000FFF7D7FF08F1180000F023FB0023C8F8FC
:10B680008430C8F81490404600F0FEF93846314640
:10B6900000F046FA0020BDE8F883A3B10820F8F7CF
:10B6A00047FE002838D00122C0F8049002600168EB
:10B6B00001F003015DB922680A43026062682060FC
:10B6C0006AB960600BE0C9F800304846EFE72A68C5
:10B6D000032A16D80160616869B9C4E90000042131
:10B6E00004F1100000F086FC0028CFD186F3118809
:10B6F000BFF36F8FCFE70A6802F0030202430A60CC
:10B70000DFE722F003020A4302602A6802F0030224
:10B7100040EA02032B60E2E76FF00B00E6E710B5AA
:10B72000044630B10268930703D0446809B100F0C1
:10B73000ECFC204610BD0023C0E9003300F10803F3
:10B74000C0E9023300F11003C0E904337047F8B5D3
:10B750000546EFF31187202383F31288BFF36F8F21
:10B76000846800F10806A6421BD074B12046FFF79A
:10B7700058FF04F1180000F0A4FA0023C4F8843044
:10B780006361204600F080F90124082105F11000D2
:10B7900000F030FC38B934B987F31188BFF36F8FEC
:10B7A000F8BD0024F1E739463046BDE8F84000F026
:10B7B000B7B907B50123009300230A461946FFF7DE
:10B7C0003DFF03B05DF804FB07B500230A46009374
:10B7D0001946FFF733FF03B05DF804FB08B50368B3
:10B7E0001BB9FFF7E6FF012008BD8B4203D01B68A1
:10B7F00023F00303F4E70020F6E700680021FFF7D9
:10B800008EBF40680021FFF78ABF5AB18A4209D330
:10B8100000F11003C0E90212C0E90000C0E90433DE
:10B82000002070476FF015007047026801238B40BD
:10B8300022EA0303036022FA01F000F001007047DE
:10B8400010B5032104460C30FFF7EFFF30B104F1CF
:10B85000100000F036FAB0FA80F0400910BD20B1B7
:10B8600000221146943000F0BEB9704770B5C3682D
:10B87000C3F340069B07044616D4856802210C30AA
:10B88000FFF7D3FF80B1D5F88C206AB194421DD167
:10B8900022689EB9D5F89030C5F88C209C4201D121
:10B8A000C5F8902000232360E36813F01F001EBF3B
:10B8B00043F00203E36040F0020070BD3260D5F84F
:10B8C0009020944208BFC5F89060EBE716461268D6
:10B8D000DBE773B50446EFF31185202383F3128869
:10B8E000BFF36F8F00230193D0E90423B3F1004F1E
:10B8F00008BF012A05D085F31188BFF36F8F02B00E
:10B9000070BDA0F1100603210438FFF78EFF002858
:10B91000F1D0A369019301A93046F7F743FDEAE7A7
:10B9200038B504460D461022002100F01CFC65606D
:10B9300038BDEFF31183202282F31288BFF36F8F9B
:10B94000C06800F01F0083F31188BFF36F8F70474A
:10B9500013B501900846EFF31184202383F3128876
:10B96000BFF36F8F01A9F7F71DFD84F31188BFF3B3
:10B970006F8F02B010BD10B5FFF7EAFF041E08DD9F
:10B98000EFF31180202383F31288BFF36F8FF8F752
:10B990007DF8204610BD08B5A822002100F0E3FB89
:10B9A00008BD38B5302204460D46002100F0DBFB0F
:10B9B0004FF480736560E36038BDFFF7BABF38B5F8
:10B9C0000446EFF31185202383F31288BFF36F8FB2
:10B9D000FFF736FF2046FFF749FF85F31188BFF3D5
:10B9E0006F8F38BDD0E9003213605A60027C0023AB
:10B9F00022F00202C0E90033027483607047C0E99C
:10BA0000000000207047EFF30580003818BF0120C8
:10BA100070476FF057007047D0E9003213605A60EA
:10BA20000023C0E90033704708B5FFF7F5FF037C3A
:10BA300023F0020303740023836008BD38B5044675
:10BA40000D46F7F713FF237C43F002032374D5B1AF
:10BA5000A5602B689D4209D16B68C4E900531C6046
:10BA60006C6010E06A689A42F6D01B68002BF3D035
:10BA700093F90E1094F90E209142F3DD5A68C4E94F
:10BA8000003214605C6038BD10B5EFF311842023E0
:10BA900083F31288BFF36F8FF7F7A8FE84F3118842
:10BAA000BFF36F8F10BD08B5EFF31181202282F331
:10BAB0001288BFF36F8F83680BB1FFF7B5FF81F377
:10BAC0001188BFF36F8F08BD08B5037C13F0280FF2
:10BAD00001460CD183680BB1FFF7A6FF0B7C23F066
:10BAE00004030B740846BDE80840F7F77FBE08BDA5
:10BAF00010B5EFF31184202383F31288BFF36F8F07
:10BB00001838FFF7E1FF84F31188BFF36F8F10BD82
:10BB100010B5FFF7C8FFBDE81040183000F0D1B8ED
:10BB20000846F7F7DBBE38B504680546AC424FF06F
:10BB3000000000D138BD002CFCD02046FFF774FF78
:10BB400004F1180000F0BDF82046F7F74FFE2C680E
:10BB50000120A542EDE710B5EFF31184202383F314
:10BB60001288BFF36F8FFFF7DEFF84F31188BFF3F6
:10BB70006F8F10BD38B50C460546F8F723F8B4F1C1
:10BB8000FF3F08BFB5F1FF3F1FBF47F6FF7300221D
:10BB90004FF47A71E0FB01321ABFD80B40EA424001
:10BBA0004FF0FF3038BD38B50446EFF31185202340
:10BBB00083F31288BFF36F8F037C5B070ED51830B9
:10BBC00000F07FF8237C23F0040320462374F7F76A
:10BBD0000DFE2846BDE83840F7F780BE85F3118892
:10BBE000BFF36F8F38BD38B5EFF31185202383F392
:10BBF0001288BFF36F8F0468A04213D0A4B1C4F8B9
:10BC0000841062612046FFF70FFF04F1180000F076
:10BC100058F82046F7F7EAFD012085F31188BFF3B5
:10BC20006F8F38BD0020F8E72046F6E72DE9F04792
:10BC300006460F4691469A46EFF31188202383F378
:10BC40001288BFF36F8F0068864206D028B17368F0
:10BC5000984214BF0568002568B90024B9F1000FA7
:10BC600002D051462046C84788F31188BFF36F8F32
:10BC70002046BDE8F0875146B84704460028EDD17C
:10BC800035B17368AB4200D02C6828462546E3E7FF
:10BC90002C46FAE708B50246F8F706F970B1D0E984
:10BCA00004319B1A61EBE272B3F1004F72F10001B3
:10BCB00004DA002AACBF1846002008BD6FF000402F
:10BCC000FBE738B50246EFF31185202383F3128892
:10BCD000BFF36F8F0368D3B1F8F7E6F80446104658
:10BCE000F8F7F4F800224FF000438442C0E904233F
:10BCF00005D0002085F31188BFF36F8F38BDF8F7AA
:10BD0000DBF8FFF7C7FF0021F6F724FAF1E7D0E9E7
:10BD10000413B3F1004F08BF012904D100204FF0F4
:10BD20000041C2E904016FF01500E3E770B5EFF3DD
:10BD30001186202282F31288BFF36F8F036873B1DC
:10BD4000F8F7E0F804460D46F8F7B6F80346201A6F
:10BD500065EBE37186F31188BFF36F8F70BD1846F2
:10BD60001946F7E708B5F8F7D1F908BDF8F7CEB9E5
:10BD7000B3F1FF3F08BFB2F1FF3F70B506461D4665
:10BD8000144614D01A4316D0002B08DBF8F7BEF97E
:10BD9000041941EB0501C6E90041304670BD6FF062
:10BDA00001031C1B4FF0FF3363EB0501F3E74FF07A
:10BDB000FF342146EFE70024FBE7B3F1FF3F08BF64
:10BDC000B2F1FF3FF8B5074616461C4610D054EABC
:10BDD000020311D0F8F79AF9B0420A46A14103468E
:10BDE0000AD2F31A64EB0204C7E900343846F8BDFE
:10BDF0004FF0FF331C46F7E70023FBE730B5D0E9EF
:10BE00000034984208D03CB1A568DDB112F9522C3B
:10BE100015F9525CAA4207DDC1E9000421604160C6
:10BE20000FE0A342F8D01B68002BF5D09D684DB100
:10BE300015F9525C9542F4DD5A68C1E9003211608F
:10BE4000596030BD00239B7BFFDE2DE9F84F0025B4
:10BE50000F461446984601462E464FF0200AA94642
:10BE6000BD4202DB3046BDE8F88FEFF3118B8AF359
:10BE70001288BFF36F8F4B7B03F03F03082B09D869
:10BE800053B1013B072B07D8DFE803F0281C06223B
:10BE90000606062E102B2DD0B8F1000F3BD12378CB
:10BEA000002B38D04B7B03F03F03082B3AD8002BF4
:10BEB0003AD0013B072B37D8DFE803F03F3936395A
:10BEC000363636420B699B68002BE5D0022317E01B
:10BED0000B691B68002BDFD0042311E00B699B6802
:10BEE000002BD9D001230BE00B691B6A002BD3D0A8
:10BEF000102305E00B69DA895B899A42CCD02023B4
:10BF0000CA68C1F80890C2F38630034363F39432E1
:10BF1000CA6084F800908BF31188BFF36F8F0135EE
:10BF200014319DE7102B0FD08C600136F3E70869C0
:10BF300022461030FFF762FFF6E708692246F9E76C
:10BF4000086922462430F5E7086922462C30F1E7DB
:10BF50002DE9F041846805460E46D4B16378012B83
:10BF600022D114F8503C9A0711D5A4F16007384645
:10BF7000FFF7CEFD082E14BF00236FF003036362AA
:10BF800014F8503CDB0602D13846FFF77DFD002354
:10BF900023700023AB60EB68C3F38632164366F36D
:10BFA0009433EB60BDE8F081022BF0D12378002BB5
:10BFB000EDD054F8048CB8F1000FE8D004F114006F
:10BFC000FFF77FFEA4F114070023E36239464046E1
:10BFD000FFF7BEFCDBE710B55205090201F47C5106
:10BFE00002F400120A43017B00240A43C0E9032340
:10BFF000846010BD38B5EFF31185202383F31288D8
:10C00000BFF36F8F0468A04211D0D4E900321360EF
:10C010005A600023C4E900332046FFF799FF85F3F7
:10C020001188BFF36F8F201E18BF012038BD002478
:10C03000F5E72DE9F3470446DDE90A9815460E4673
:10C0400059B302F0010AF7F7F9FD0746EFF3118142
:10C05000202383F31288BFF36F8FA80744BF002308
:10C06000A360A36803EA0600BAF1000F0CD0864271
:10C070000CD16A0744BF8343A36081F31188BFF3E7
:10C080006F8F02B0BDE8F0870028F2D159EA0803AB
:10C0900005D181F31188BFF36F8F0020F1E7C7E965
:10C0A00019652246CDE9009804F10C00F7F760FC11
:10C0B0000028F2D1786EE4E710B50446D0E9190201
:10C0C0000B6812F0010F03EA000301D0984210D16F
:10C0D0007BB16366520742BF4A681A434A6004F163
:10C0E0001800FFF7EEFD0023C4F884302046FFF768
:10C0F000EBFC002010BD0A46F8F7CEB80A46002136
:10C10000F8F7CAB85200FFF794BF20B1011F50F8EA
:10C11000040CFFF7E2B970470A44914200F1FF3383
:10C1200000D1704710B511F8014B03F8014F91424F
:10C13000F9D110BD884210B501EB020402D9844246
:10C14000234607D8431EA14207D011F8012B03F85C
:10C15000012FF8E70244824200D110BD13F8011DFF
:10C1600002F8011DF7E702440346934200D17047ED
:10C1700003F8011BF9E710B501390244904201D1DF
:10C18000002005E0037811F8014FA34201D0181BED
:10C1900010BD0130F2E7C9B20346184613F8012B6F
:10C1A00012B18A42F9D17047002918BF00207047A8
:10C1B00010B56AB10139841810F8012B11F8013F4C
:10C1C0009A4203D1A04201D0002AF5D1D01A10BD65
:10C1D0001046FCE710B5024601448A42134603D0DC
:10C1E0001C780132002CF8D1181A10BD38B511F0A6
:10C1F000FF0403460ED12146BDE83840FFF7CBBF10
:10C20000431C054621461846FFF7C5FF0028F7D115
:10C21000284638BD0025F5E70A7870B56AB970BDC3
:10C220009A4209D10C46054614F8013F002BF6D07E
:10C2300015F8016F9E42F7D001300378002BEFD143
:10C240001846ECE7F0B5C3F137070446FFB203F038
:10C250001F031046082BE6B233D0102B3ED06508E2
:10C26000A40844EA817445EAC1752D194FEA910288
:10C2700042EB5102290941EA02716D1842EB121298
:10C28000290A41EA02616D1842EB1222290C41EAA7
:10C2900002416D1842EB1242AD1842F10002EC0867
:10C2A00044EA4274D10804EB8402A6EB4205EDB2E5
:10C2B000092D0CD90134A5F10A0541F10001EDB2B7
:10C2C00012E0E40844EA417406F00705C908303575
:10C2D00054EA010200F8015BBCD1F0BD240944EA34
:10C2E000017406F00F050909092D84BFED19EDB29F
:10C2F000EDE7D1E9043293421EBF5A1C0A6118705F
:04C300007047000082
:08C3040054AEFE7F01000000B1
:10C30C00A98C0200000000004D8C0200000000000F
:10C31C000000000094C30300BD2C030000000000CB
:10C32C00FD2C03000000000000000000CCC3030043
:10C33C0000000000B0C3030000000000E8C30300CD
:10C34C000000000004C40300F51F030000000000FF
:10C35C006D880200000000004D4303000000000047
:10C36C000000000020C40300000000003CC40300D7
:10C37C00DD980200000000000F6D030000000000BB
:08C38C00297D02000000000001
:10C39400DCCE030038C8030034C60300A404002024
:10C3A400183E0020B112030000000000FBCE030081
:10C3B40048C8030010C60300A8040020C03E0020A3
:10C3C400D91903000000000009CF03005CC8030072
:10C3D40010C60300AA040020CC3E0020D919030093
:10C3E40000000000EBCE03000000000008C60300BC
:10C3F400A60400206C3E0020251703000000000066
:10C4040017CF030070C8030050C60300AC0400201B
:10C41400D83E0020EBAB030000000000CECE0300AA
:10C4240014C80300D0C70300A20400202C0300207A
:10C43400E504030000000000E7C80300000000005A
:10C4440018C70300A004002030000020199B02003C
:04C4540000000000E4
:10C45800D5B30300F5AC03000000000061500300F1
:10C4680004C403008BAB030000000000615003000C
:10C47800000000006150030000000000615003004C
:10C48800CC010020E5AA0300000000006150030071
:10C49800000000006150030000000000615003002C
:10C4A800000000006150030000000000615003001C
:10C4B80000000000615003006C3E00209517030047
:10C4C80000000000615003000000000061500300FC
:10C4D80000000000615003000000000085200300F8
:10C4E80000000000615003000000000061500300DC
:10C4F80000000000615003000000000061500300CC
:10C5080000000000615003000000000061500300BB
:10C5180000000000615003000000000061500300AB
:10C52800000000006150030000000000615003009B
:10C53800000000006150030000000000615003008B
:10C54800000000006150030000000000615003007B
:10C55800000000006150030000000000615003006B
:10C56800000000006150030000000000615003005B
:10C57800000000006150030000000000615003004B
:10C588000000000061500300A50B0300F5AC030098
:10C59800000000006150030000000000615003002B
:10C5A800000000006150030000000000615003001B
:10C5B800000000006150030000000000615003000B
:10C5C80000000000615003000000000061500300FB
:10C5D80090080020803F0020000800001574020029
:10C5E800000000000000000000000000050000003E
:10C5F800000000007AC903000000000000000000ED
:08C60800D11603002116030006
:10C610000918030039AA030047AA03005FAA030010
:10C620006BAA030077AA0300151A030091AA03005E
:04C630000000000006
:10C6340009130300A5A903000BAA030000000000CE
:0CC6440043A903000000000000000000FB
:0CC6500045AB0300C91C030037AB03001E
:10C65C009CCE030068070020DB6C0300060800007A
:10C66C0097CE0300680700202F6803000008000025
:10C67C000000000000000000F9630300D1A10200DB
:10C690001C0001000008000004000000040000006D
:10C6A0000008000004000000040002000008000070
:10C6B0000100000000000000000000000000000079
:10C6C0000338FDD870470000CCC30300060001000A
:10C6D000CCC303001E000100CCC303001A000100FC
:10C6E000000000200000000000000B060200000017
:10C6F000F4C603000000000080CE030026000206FE
:10C700000000002088CE030022000B11F9880200EF
:10C7100000000000D550030081600300CF620300D9
:10C72000F56003001F600300656003000000000067
:10C73000000000001B6103000CC7030048C7030092
:10C7400000080000000000003816002061670300A8
:10C75000596603004166030079A3020045660300A1
:10C76000496603004D6603005166030059670300E4
:10C77000556603005D670300776703007B6703006E
:10C780001D670300736703007F670300836703006F
:10C79000FFFFFFFF000000000CC70300A8C7030055
:10C7A0008000000000000000508600200CC703003D
:10C7B000BCC70300800000000000000050AD002056
:10C7C00020C8030020050020000000000000000039
:10C7D00000000000450603009D040300CD02030095
:10C7E00071060300000000006502030095060300C7
:10C7F000251003007D040300000000009D100300CD
:10C80000950A0300C5030300BBA80300EDA80300BD
:10C81000E5A803000000000003000000110403006D
:10C8200015A9030000000000FDA803006D1203001D
:10C830003D12030000000000C11303004113030078
:10C8400035AA030031AA0300FFFF000000030050D7
:10C85000CC0100200000000001000000FFFFFFFFEE
:10C8600000000050CC01002000000000000000008B
:10C8700000200040010000000000000090C80300FC
:10C880000000D60100000000583F0020573F002064
:10C89000002000409CC8030001000000A4C8030061
:10C8A000020000002B0000002C0600010800000020
:10C8B000030000000CC3030014C3030054C30300AF
:10C8C0005CC303008CC3030094C3030052CF030076
:10C8D0000001000000000000090409045849414F0C
:10C8E0002D50616E656C006364635F6E636D5F30D5
:10C8F000003139322E3136382E342E310032353572
:10C900002E3235352E3235352E3000474554202F06
:10C910006C65642F6F6E00474554202F6C65642F43
:10C920006F666600474554202F66617669636F6EB7
:10C930002E69636F00485454502F312E312034300B
:10C9400034204E6F7420466F756E640D0A436F6E0F
:10C950006E656374696F6E3A20636C6F73650D0A60
:10C960000D0A00474554202F2000474554202F69C9
:10C970006E6465782E68746D6C00646863705F74B3
:10C9800068726561645F696400485454502F312EA9
:10C99000312033303220466F756E640D0A4C6F6360
:10C9A0006174696F6E3A20687474703A2F2F313950
:10C9B000322E3136382E342E312F0D0A436F6E6EE3
:10C9C000656374696F6E3A20636C6F73650D0A0D51
:10C9D0000A00485454502F312E3120323030204F2D
:10C9E0004B0D0A436F6E74656E742D4C656E6774E3
:10C9F000683A20320D0A436F6E6E656374696F6E1C
:10CA00003A20636C6F73650D0A0D0A4F4B00485452
:10CA100054502F312E3120323030204F4B0D0A43ED
:10CA20006F6E74656E742D547970653A20746578F4
:10CA3000742F68746D6C0D0A436F6E6E6563746954
:10CA40006F6E3A20636C6F73650D0A0D0A00736197
:10CA50006D706C655F75736264006364635F6163CE
:10CA60006D5F30006364635F61636D5F73657269FE
:10CA7000616C0072302F61313A20203078253038D7
:10CA800078202072312F61323A20203078253038DA
:10CA900078202072322F61333A20203078253038C8
:10CAA000780A0072332F61343A20203078253038EC
:10CAB00078207231322F69703A2020307825303852
:10CAC00078207231342F6C723A202030782530383B
:10CAD000780A0020787073723A2020307825303838
:10CAE000780A004661756C74696E6720696E7374AC
:10CAF00072756374696F6E2061646472657373200C
:10CB0000287231352F7063293A20307825303878F3
:10CB10000A00556E68616E646C6564204952516EFE
:10CB20003A2025640A002A2A2A2A2A204D50552014
:10CB30004641554C54202A2A2A2A2A0A00202053EA
:10CB40007461636B696E67206572726F722028630F
:10CB50006F6E746578742061726561206D696768B5
:10CB600074206265206E6F742076616C6964290A96
:10CB7000002020556E737461636B696E6720657267
:10CB8000726F720A00202044617461204163636502
:10CB900073732056696F6C6174696F6E0A00202090
:10CBA0004D4D46415220416464726573733A2030A2
:10CBB0007825780A002020496E7374727563746951
:10CBC0006F6E204163636573732056696F6C617487
:10CBD000696F6E0A002020466C6F6174696E672D64
:10CBE000706F696E74206C617A79207374617465FA
:10CBF00020707265736572766174696F6E206572FC
:10CC0000726F720A002A2A2A2A2A20555341474560
:10CC1000204641554C54202A2A2A2A2A0A0020203C
:10CC20004469766973696F6E206279207A65726FE4
:10CC30000A002020556E616C69676E6564206D6521
:10CC40006D6F7279206163636573730A0020204EF3
:10CC50006F20636F70726F636573736F7220696E9C
:10CC6000737472756374696F6E730A002020496C67
:10CC70006C6567616C206C6F6164206F662045583D
:10CC8000435F52455455524E20696E746F20504395
:10CC90000A002020496C6C6567616C207573652003
:10CCA0006F662074686520455053520A0020204169
:10CCB0007474656D707420746F2065786563757425
:10CCC0006520756E646566696E656420696E73744F
:10CCD00072756374696F6E0A002A2A2A2A2A204212
:10CCE0005553204641554C54202A2A2A2A2A0A0004
:10CCF0002020537461636B696E67206572726F7276
:10CD00000A00202050726563697365206461746154
:10CD100020627573206572726F720A00202042468D
:10CD2000415220416464726573733A2030782578EB
:10CD30000A002020496D7072656369736520646123
:10CD4000746120627573206572726F720A00202010
:10CD5000496E737472756374696F6E2062757320A7
:10CD60006572726F720A005265736572766564202F
:10CD7000457863657074696F6E2028005370757212
:10CD8000696F757320696E7465727275707420288E
:10CD90004952512000535053454C20696E2074680D
:10CDA00072656164206D6F646520646F6573206EC9
:10CDB0006F7420696E646963617465205053500A12
:10CDC000002A2A2A2A2A2048415244204641554C0A
:10CDD00054202A2A2A2A2A0A002020427573206613
:10CDE00061756C74206F6E20766563746F72207449
:10CDF00061626C6520726561640A0020204465628E
:10CE00007567206576656E740A0020204661756C32
:10CE10007420657363616C6174696F6E202873653B
:10CE2000652062656C6F77290A00415243485F456F
:10CE30005843455054207769746820726561736F58
:10CE40006E2025780A0A002A2A2A2A2A20446562A6
:10CE50007567206D6F6E69746F7220657863657099
:10CE600074696F6E202A2A2A2A2A0A002A2A2A2A64
:10CE70002A20257320256429202A2A2A2A2A0A0002
:10CE8000464C4153485F30005352414D5F300006DD
:10CE9000FFFFFFFFFFFF0049507634004152500072
:10CEA000776C616E2564006574682564006E657436
:10CEB0002564006E65745F6D676D74007463705FE8
:10CEC000776F726B007564635F6E7266780075735E
:10CED000626440343030323730303000636C6F631E
:10CEE0006B4034303030303030300072616E646FFF
:10CEF0006D403430303064303030006770696F40DE
:10CF00003530303030333030006770696F40353045
:10CF10003030303030300075617274403430303031
:10CF200032303030006D61696E002A2A2A20426F4B
:10CF30006F74696E67205A6570687972204F53204C
:10CF40006275696C642076342E342E31202A2A2AA8
:10CF50000A00737973776F726B7100286E756C6C51
:10CF600029002A666C6F61742A003C21444F4354A7
:10CF70005950452068746D6C3E0D0A3C68746D6CA8
:10CF8000206C616E673D22656E223E0D0A3C68652D
:10CF900061643E0D0A202020203C6D657461206391
:10CFA0006861727365743D225554462D38223E0DDA
:10CFB0000A202020203C6C696E6B2072656C3D223B
:10CFC00069636F6E2220687265663D2264617461D8
:10CFD0003A2C223E0D0A202020203C7469746C6596
:10CFE0003E5849414F20E68EA7E588B6E99DA2E666
:10CFF0009DBF3C2F7469746C653E0D0A2020202073
:10D000003C6D657461206E616D653D227669657762
:10D01000706F72742220636F6E74656E743D227738
:10D02000696474683D6465766963652D77696474C5
:10D03000682C20696E697469616C2D7363616C651D
:10D040003D312E30223E0D0A202020203C73747981
:10D050006C653E0D0A20202020202020202F2A2031
:10D06000E8BC89E585A5E5AEA2E8A3BDE58C96E51B
:10D07000AD97E59E8B202A2F0D0A2020202020200E
:10D08000202040666F6E742D66616365207B0D0AFB
:10D09000202020202020202020202020666F6E7459
:10D0A0002D66616D696C793A2027437573746F6DD5
:10D0B000466F6E74273B0D0A202020202020202060
:10D0C000202020207372633A2075726C286461748A
:10D0D000613A666F6E742F7474663B626173653675
:10D0E000342C543152555477414C41494141417798
:10D0F000417751305A47494869496C5A6741414123
:10D10000677341414158726B5254535563414141D9
:10D1100041424141416636414141414168485531B2
:10D12000564341414541414141414839774141419F
:10D13000414B54314D764D6D6956693759414141E6
:10D140004C514141414159474E745958434F5359ED
:10D15000744D4141414849414141414F706F5A57D7
:10D16000466B486D663031774141414D51414141F7
:10D1700041326147686C59517976434B6F41414167
:10D180004B73414141414A4768746448682F3942B2
:10D190006658414141412F414141416242745958D1
:10D1A00068774147785141414141414C7741414184
:10D1B0004147626D46745A654A6E634B3441414142
:10D1C0004D7741414144375842766333542F75417E
:10D1D00041794141414944414141414341414146F5
:10D1E00041414147774141414142414141414151E2
:10D1F00042425954504A3256385050505541417766
:10D20000506F41414141414E746532483041414186
:10D21000414132313759665141592F326F49657753
:10D220004E53414141414177414341414141414197
:10D2300041414166514158514751414141454D6736
:10D24000417A424634415141517241446B454F51FC
:10D250004241424563415141524E4145414555414C
:10D260004241424641415141466741454145514154
:10D27000417A4244554151415246414541456141FF
:10D280004241424555415141512F41446745534127
:10D29000424142466B414F41512F414434454E413A
:10D2A000417342464D414C415243414541455341F2
:10D2B0004135424767415141526141446B45556791
:10D2C000416C424451414F51524341454145517790
:10D2D0004241424334414C415244414541454C77DF
:10D2E000417A4245344151415249414541455341BA
:10D2F0004241415745415141524F41444D454E678E
:10D30000424142454D415141526F4145414551775E
:10D310004241424567414F5152424145414557675D
:10D320004135424549415141524E41446B455A5164
:10D33000416C42454941514152434145414561415A
:10D340004241424630414F51524941446B45547726
:10D350004135424659414F514A3541437745545131
:10D360004135424563414F51525A41446B454F77D5
:10D37000413542456B415141513941446B456351FF
:10D380004135424567414F5146734145734261679C
:10D39000424C41586741537746344145734262419C
:10D3A000424C415745415141515A414355455A51CB
:10D3B0004135424B67414F514C6E414355433577A0
:10D3C000416C416749415141494341444D435441B6
:10D3D0004173416B77414F5148704145414236514D
:10D3E000417A416D4D414A514A594141414357416A
:10D3F0004141412B634147414A594145734357419C
:10D40000424C41714D4153774B6B414573426477B8
:10D41000424C4158674153774B6B414573426541DC
:10D42000424C424949415141526841454149757711
:10D430004173415638415051517A414377455A77AB
:10D44000417A417277414A514A6A414141433251DE
:10D45000417A417767414D774D4941437744586759
:10D46000416C417967414C41524541446B423741DF
:10D47000424441414541414151612F326F41414157
:10D480006937414267414741683741414541414120
:10D49000414141414141414141414141414141417C
:10D4A000427341414D446A674751414155414341AF
:10D4B0004B4B416C67414141424C416F6F43574177
:10D4C0004141415634414D67476B414141414141E2
:10D4D0005541414141414141414141414141415118
:10D4E0004141414141414141414141414141414627
:10D4F000564C56303441514141674968494455764C
:10D500003971414D67454767435741414141415159
:10D5100041414141414376414B38414141414941BB
:10D520004141414141414741456D414145414141B1
:10D5300041414141414143674141414145414141AF
:10D540004141414145414667414B4141454141418E
:10D550004141414149414277416741414541414152
:10D56000414141414D414A67416E4141454141413F
:10D570004141414151414867424E4141454141414C
:10D580004141414155414D6742724141454141410F
:10D5900041414141594147774364414145414141FE
:10D5A000414141416741435143344141454141413A
:10D5B000414141416B414351433441414541414126
:10D5C00041414141734146774442414145414141D6
:10D5D00041414141774146774442414145414141C2
:10D5E0004141414130414651445941414D414151F0
:10D5F000514A414141414641447441414D414151AB
:10D60000514A414145414C41454241414D414151C1
:10D61000514A414149414467457441414D4141515D
:10D62000514A41414D415441453741414D4141519C
:10D63000514A414151415041474841414D41415179
:10D64000514A414155415A41484441414D4141515E
:10D65000514A414159414E67496E41414D41415105
:10D66000514A4141674145674A6441414D414151F9
:10D67000514A41416B4145674A6441414D414151E5
:10D68000514A414173414C674A7641414D414151B4
:10D69000514A414177414C674A7641414D414151A0
:10D6A000514A414130414B674B64715535444945BE
:10D6B000567463476C795A557870596D5679595834
:10D6C000527062323467526D39794944636753321C
:10D6D0006C6A61334E535A576431624746794D53F1
:10D6E00034774D44453756557458546A744D6157D4
:10D6F0004A6C636D463061573975526D39794E30D9
:10D7000074705932747A4C564A6C5A33567359585D
:10D710004A4D61574A6C636D4630615739754945CA
:10D720005A7663694133494574705932747A49466F
:10D730004A6C5A33567359584A575A584A7A61575D
:10D740003975494445754D4441784F326876644790
:10D750004E76626E59674D5334774C6A45774F5415
:10D7600074745957746C6233526D5A58686C4944DA
:10D7700049754E5334324E5455354E6B7870596D51
:10D7800056795958527062323547623349335332B1
:10D790006C6A61334D74556D566E64577868636B6F
:10D7A00035444945567463476C795A576830644824
:10D7B00041364C79393364336375626D4E6C62580F
:10D7C0004270636D5575626D563055306C4D4945EC
:10D7D00039775A573467526D39756443424D6157F2
:10D7E0004E6C626E4E6C414B6B41546742444143F8
:10D7F000414152514274414841416151427941474E
:10D80000554154414270414749415A51427941473B
:10D810004541644142704147384162674167414533
:10D82000594162774279414341414E7741674145D1
:10D8300073416151426A41477341637742534147A3
:10D8400055415A77423141477741595142794144D4
:10D8500045414C674177414441414D514137414633
:10D86000554153774258414534414F77424D4147E6
:10D870006B415967426C41484941595142304147D7
:10D880006B41627742754145594162774279414423
:10D8900063415377427041474D416177427A41433A
:10D8A00030415567426C414763416451427341477F
:10D8B00045416367424D41476B415967426C41485E
:10D8C00049415951423041476B416277427541436A
:10D8D00041415267427641484941494141334143C0
:10D8E00041415377427041474D416177427A41430C
:10D8F00041415567426C414763416451427341471E
:10D90000454163674257414755416367427A414702
:10D910006B4162774275414341414D5141754144EC
:10D9200041414D4141784144734161414276414812
:10D9300051415977427641473441646741674144D8
:10D9400045414C674177414334414D514177414412
:10D950006B414F774274414745416177426C414783
:10D9600038416441426D414755416541426C4143F4
:10D9700041414D674175414455414C6741324144F5
:10D9800055414E51413541445941544142704147FE
:10D9900049415A51427941474541644142704147AA
:10D9A00038416267424741473841636741334145E7
:10D9B00073416151426A4147734163774174414603
:10D9C00049415A51426E414855416241426841487D
:10D9D0004941546742444143414152514274414894
:10D9E000414161514279414755416141423041488D
:10D9F000514163414136414338414C7742334148BC
:10DA0000634164774175414734415977426C4147DE
:10DA1000304163414270414849415A514175414743
:10DA200034415A51423041464D415351424D414398
:10DA300041415477427741475541626741674145CB
:10DA4000594162774275414851414941424D4147F0
:10DA50006B415977426C414734416377426C414195
:10DA60004141414141414167414141414D41414174
:10DA7000415541414D414151414141425141424154
:10DA80004457414141414867415141414D414467FB
:10DA9000417641446B415141426141474141656793
:10DAA000422B414B556746434161494234674A69BD
:10DAB000456949684C2F2F774141414341414D41D0
:10DAC000413641454541577742684148734170535B
:10DAD0004154494267674843416D49534969457616
:10DAE0002F2F41414141426741412F38454141502B
:10DAF0002B374141442F7665412F41414141414FF0
:10DB00004165337A33655567414241423441414171
:10DB100041364141414152414141414577414141B5
:10DB200041414145344155674141414141414141B4
:10DB3000414141414541525142624145674159513C
:10DB40004271414634415841424C414577415277F8
:10DB5000426A414545415551424141456B415167FA
:10DB60004244414763415A51426D414559415851E0
:10DB7000425041456F4155414270414651416177A4
:10DB8000424E414741415467426F41466B4157679E
:10DB900042564146634157414257414141414177D5
:10DBA00041414141414141502B3141444941414171
:10DBB0004141414141414141414141414141414155
:10DBC0004141414141414141454142414941415128
:10DBD000454248457870596D5679595852706232AD
:10DBE00035476233493353326C6A61334D74556D36
:10DBF000566E64577868636741424151456C2B42C9
:10DC000041412B4273422B4277432B4267454841A7
:10DC10004159485039714841683748414E5342662E
:10DC20006356442F6561455A7763465867534141AF
:10DC30004942415138745843686A58436C4F51798E
:10DC4000424662584270636D564D61574A6C636D2F
:10DC500046306157397549455A76636941334945BC
:10DC600074705932747A49464A6C5A33567359580B
:10DC70004941414145414151414149686B415168E8
:10DC80006B4145516B414477414144514141477794
:10DC900045416551414141674141494141414377D6
:10DCA000414142414141454141415051414143512E
:10DCB00045415841414158674141504141415067B8
:10DCC000414144674141627741416951414151417C
:10DCD0004141645145416151414164774141515154
:10DCE00041414341414141774141614141414951B4
:10DCF0004141427741416D51414158514141425169
:10DD000041415A4141414441414170674141486765
:10DD1000454148514141587741415077414142671F
:10DD2000414166414141624149414151447A41503A
:10DD300059424D41474F416355422F414934416D4E
:10DD4000774377674C304177594451414E724135A2
:10DD5000634471515061412F77454B77525342488C
:10DD600030457367546F425238465441575A4265A2
:10DD70006F4749675A6642705147767762724278B8
:10DD800067485667654542375548346766374343A9
:10DD9000674956776839434B344932676B4C435374
:10DDA000304A55776D4343626B4A37516F63436B1B
:10DDB000384B677772554377634C517774384335E6
:10DDC0006F4C3041774F4445344D6D677A6B445208
:10DDD000384E625132304462594E7567334D446457
:10DDE000344E34413335446A774F6A67376B447732
:10DDF00055504C5139614434555075412F7445414B
:10DE00006351495241344544735150684255454627
:10DE100067516142434845496B516C78435A454AC2
:10DE200073516E52446445546B5267524756456570
:10DE30006B5349784A4D456B385363684B5645726E
:10DE400055532B424D73453373546C767A792B7945
:10DE50007251724C71736F717936724D65736F3890
:10DE60004F6872614B737348436D724B61747236C5
:10DE7000326C724C43737A684C6F3155485751502D
:10DE800063672B794433597965736176646D2B79B7
:10DE90004F736176636A507467542F373856365023
:10DEA0006E6D46663538393948366641632B4A7897
:10DEB000564A5A7331712B7A717342684D414E70D4
:10DEC000484E73457173397A6B4753667462466383
:10DED000317042684D414F5248374F765076426B11
:10DEE0006870465763484577475152617976427565
:10DEF0002F374668564A52515954413645464A369C
:10DF00007A4E73456D73397A6F472B7A51452B7A68
:10DF1000717439786B474577354246633273422FC7
:10DF2000742F42507336397757734F2B2B36426814
:10DF30004D4741454A7164476E4442684D714151B5
:10DF400048764276757942507336397758334F6741
:10DF50005954454141492B786C71465677484539AB
:10DF6000414149652B3642717A3748425672426BBD
:10DF700056634266467142685067415148374F7157
:10DF8000774730626F4652617A334F67594F2F5649
:10DF9000594F61794D4B767664302B4A503364414A
:10DFA00050354F43414B2F515837755158384B2FEF
:10DFB00064303936774839784C4542667338422F99
:10DFC00066362B7A304639342F35554162387150D8
:10DFD00076614666664939794D462B37514844701B
:10DFE000654C397762374276666C397A33335668D6
:10DFF0004C4C393237347866556839323454754D63
:10E00000736743763151393237334D416633356664
:10E01000737742524F302B45344745335433355193
:10E02000635465507345393255472B3937334C6744
:10E0300058373566765946666357393673483979A5
:10E0400068462B774A594266737742386875466648
:10E05000644C34515554755074414277356B692F77
:10E06000646A39374C33597748454A5172454941BA
:10E070007238675166345450746A4266674939325F
:10E08000503776516237747663634266637139390B
:10E0900045483932736F42666473397867472F4158
:10E0A00062335167554F6376694239324D42792F59
:10E0B00064302B4A4D6C4373736743763151393367
:10E0C000543467666533422F64774A415641422F84
:10E0D00077582B306B462B787233657766344566FC
:10E0E000644742666670422F775739306B46446BFF
:10E0F000514B792F6430412F685849417238462F6F
:10E10000744A426679623933543449416633675000
:10E1100063434266694A393159472F424C376D682B
:10E12000583765667341426676652B51543356768F
:10E130007853422F654B3977594639785948446F9F
:10E1400062346766646A4163736C43766A4349412B
:10E15000704B437663534B67723335776633454D67
:10E1600063462B794D4839392F374C7758336576CC
:10E17000635942767862393272757551583452500B
:10E18000646A4267364A692F63663930583342748D
:10E190004C335777484C39336233512F64393977D0
:10E1A00039444376703649417238336762373850A4
:10E1B0007331426679762B4551483931376F426663
:10E1C000634A422F6350547758374B76643239365E
:10E1D00041482B2F62334E6758376550734742765C
:10E1E0004E642B3676374677583371416633534F3A
:10E1F00045462B4B5147446F6B68437669694A51DA
:10E2000072357779414B497766386F76754A426641
:10E2100066784B677233416766346F76654B42664A
:10E22000734B422F74314951583747506435422F50
:10E230006478385158343667634F2F59596A43739D
:10E2400076336441504C467664302B5644376441F3
:10E25000594F655976334741472B393354346F430F
:10E26000554B2B4C676743767361422F65502B7774
:10E270006346514166386F507549426665472B3396
:10E28000543843766864422F6533397877462B7863
:10E290007A3364666A58422F755739773046446D31
:10E2A0003468436750356D43414B2F48663764519E
:10E2B000583364536F4B3934514839784847426674
:10E2C000734E422F67532B30596F4376783339336F
:10E2D00058345576646B5267702B692F63594163CC
:10E2E00076336466696B4F51723364666364422FA0
:10E2F00065342B7830462B474834432F74312B3408
:10E3000063472F4B543369675854422F655139770F
:10E3100070464371474C39784D42792F64312B4C0C
:10E320006F6C43766E7149416F69436E3468437612
:10E3300069584A5172357543414B2B3541482F4C32
:10E3400048336B415837572F7A71427664784A5177
:10E350005833656663624276743138675833617743
:10E3600066346C2F7544426674714C6770344A771A
:10E370007244393358346F53554B2B45677A437683
:10E38000664B2B3049472F4354375469594B2B4226
:10E390002F33544158346D41634F6754494B2B4BD5
:10E3A000456C4376696B49417237672F7345426606
:10E3B00063454B67723339676633762F636742660E
:10E3C00064324C7762384A5074504A677234482F2E
:10E3D000644D42666848427736534A77724439330F
:10E3E00058346C53554B2B434567437676702B7AE4
:10E3F0004D462F4C4572437631322B3751563930CA
:10E4000058644266666B4B675A4A436735344A77AD
:10E41000724A4A51724A49416F3443766544422FE9
:10E4200069572B344D6F43763259392F7746393738
:10E430007747393367674266647A397863472F4292
:10E4400072335367554F6254304B41626636597789
:10E4500050334743414B2B3249482B4A4837756765
:10E46000583764516237516538462B3176374867E3
:10E4700062337266733242666C4B393341472F48C0
:10E480006E3372415834565064634267364D4A7752
:10E4900072345066643139306B6C43766E54494146
:10E4A0007237445166376D50634E4266796A2B323B
:10E4B0004C3445667566427674634C69594B393104
:10E4C000666D4266666D422F64594D4158335A76E7
:10E4D000662B42673537697A414B792F64312B4A75
:10E4E000516C4376693749417237476766336A76BC
:10E4F0007349426675492B3751482B335430426675
:10E50000675A2B3358386F676634437674434266D4
:10E510006A672B4E63472B3562334451554F675919
:10E52000763349674845393376346D79554B2B4DF1
:10E5300045314376654F2B776B462B3867482F4A1A
:10E54000763368675833305074372F4655482B4B15
:10E5500033376A775834536A384B6F59763555429A
:10E560004C4C393358334F636450393358334E5021
:10E57000643145396A353279414B2F4867482B7AE7
:10E580005457426664412B335837506766374F54AF
:10E59000344639346F48452B6A33646652424376B9
:10E5A00074392B7745462F4F50336E516633662FA3
:10E5B000634339344437416758336E506C51426776
:10E5C0003654692F6C514573543666507A2F39345E
:10E5D000495477506E6449417237735073592B37E1
:10E5E000443347415837582F736742684F672B4170
:10E5F00054375077564B422F77522B3059462B7950
:10E60000623359416633765063653937333748672B
:10E610005833582F636D42767752393059467A41D4
:10E6200066344266632F426663674277364C4977A9
:10E6300072344E2F6542412F6E3849417237317620
:10E6400073712B3966334B6758375576736D426B50
:10E65000774B2B37414839316B76426664373978CE
:10E660006F472B31506B42666369422F67713931B6
:10E67000454639795948446D3039437674463930C6
:10E680005553785070574539446449417237585052
:10E690006848422F78672B3534462B3337354D5138
:10E6A000663375666339426663552B3277482B7A39
:10E6B00077714266743142684F772B4D5033317712
:10E6C00055543050644642773537692F65363931B5
:10E6D000777743737633646669554A51723455438C
:10E6E0006B4B3939634839375833477758334D2F97
:10E6F0007445422F746E4B41583357676633612F10
:10E70000414639373338677664312B564147446A7E
:10E71000734B2B4E38674376752B2B7838463978F8
:10E72000387143766662422F6636397A7346397994
:10E730002F37527762384750744A4A677234452FF0
:10E740006447426669654277356E4A777235726909
:10E75000554B2B466F67437677752B314D462B35DE
:10E7600038482B4A7A376869674B2F4B4C336966B8
:10E77000654B3977634639367A37506664312B41B9
:10E780007347446A734B2B62596743767366422F13
:10E79000752B397838462F457A386E675A4D43764F
:10E7A000643739786F472F426A3353515833522FA9
:10E7B0006375422F66372B7A73462B397375436D19
:10E7C00067394367472B4A5172344E69414B2F4199
:10E7D0005037507758372B51663442507441426657
:10E7E000695039317A384E67623766506341426505
:10E7F000594839327A77426666544276746D4B5185
:10E80000583747666474422F645935675833364128
:10E81000634F687A494B412F694F494172385476AA
:10E8200074694266794339335834414166334563EC
:10E8300059462B304948392B44374C79674B2F4880
:10E840003733654E75784266683539324947446FCB
:10E8500048346950646341637633646669684A5139
:10E86000723455436B4B393938482B4466335677ED
:10E870005837562F64312B4550376751644A4376D9
:10E880006464422F6435396758345576646342674F
:10E890003642495172346F53554B3937306743769E
:10E8A00074392B7745462F4F5033646573482B4B93
:10E8B000483369515837366664312B4E50376851AA
:10E8C00066386B6675424266635150676F364376B1
:10E8D0007555422F6431394158334B77663764663A
:10E8E000766746667745393358346251634F6834EA
:10E8F000737743723733646669744A517234787A35
:10E90000554B39343737435158376950764A422F7F
:10E91000743439515833487674312B3659482B4169
:10E92000333752415834396A384B6279454B412F5D
:10E930006D4C49417237375073314266734C422FE8
:10E9400073537867583363536F4B393441482B4ABC
:10E950004437674158336576636242767838393395
:10E960006634532F646952517038495172346F6A5A
:10E970006B4B393938482B446A33575158375766EF
:10E9800064312B435437785166385576746B426640
:10E990006557422F654F39777046436A594B2B466E
:10E9A000676743767342422F7439397745462B792E
:10E9B00038344376684D4276633350775837617602
:10E9C000643139393048397A5A414266776F393380
:10E9D0005834715166372B66633742513538495187
:10E9E00072346C53554B2B644567437679772B34DF
:10E9F0003846393438714376646A422F695639345F
:10EA00004D462B324D482B3355694A67723363505C
:10EA100045462B4F6F48446F456E437354336466CD
:10EA200069684A517245494172386D416634482FD0
:10EA3000744D4B4172384A50644F426664433938D2
:10EA40006B483932776D42667764393358346E7764
:10EA5000663845506446425135364D6772346D69AB
:10EA6000554B2B46417A437666444D67623848766B
:10EA7000744D42667361393373482B426A3353676E
:10EA800058345177634F6B794D4B785064312B4A32
:10EA9000556C43766D76494172377777644A437691
:10EAA0006434422F675939306C42437677672B3094
:10EAB00077462F4A677243673537495172346F532F
:10EAC000554B2B534567437677412B7A3446397A39
:10EAD000373764667A71422F64774A53674B2B331A
:10EAE0005830426351482B4B483369515837625074
:10EAF00064312B417348446A774B2B444D6743760E
:10EB000076562B796B462B32634839375437476733
:10EB10005837326674692B4D67472B44763357510B
:10EB2000583347767436422F746A4B775870422FA9
:10EB3000754F39776A7A76415834747664694267DA
:10EB400036654A7772344D5064313932676C43769A
:10EB500067314D51723747766436422F636C7A675E
:10EB6000583841516633566A4146393376334767E0
:10EB70006237584F674639352F336150736B3933DD
:10EB800058333867634F6579454B2B4A516C437650
:10EB90006D3149417237756766386C50754442660D
:10EBA0006576422F654F39776C42437675572B77E0
:10EBB00077462F4E6A34464166333966633542667E
:10EBC00073354C677037692F636C41637633652FFB
:10EBD00069624A5172343154554B39344837417760
:10EBE0005647422F79622B3459462B4C2F37652FCD
:10EBF00031512B456F482B4B33336A775833347779
:10EC00006637697663474251343243766E624941D2
:10EC10007238506766374E74594639326E376466BB
:10EC2000766A422F733331775834496674312F4BEB
:10EC30006B48392F72374F7758336B2F63484276C2
:10EC4000654B2B776346397948355541594F6C6F81
:10EC5000763359666532393245422B4576336777CC
:10EC600050357353414B2B354C37432F75553977FE
:10EC700073462B3233374741623442667442425303
:10EC800038482B324D70426674442B3248336A67E1
:10EC900062336D50634E39356E3744515833665088
:10ECA000635942767753393063463751663353653B
:10ECB000454639302F335951594F67534D4B785092
:10ECC00064312B4B456C43766E69494172387950FB
:10ECD0007562426665622B3358386F666336422F21
:10ECE0006A63393651462B7841482F437237555362
:10ECF000594B2B435833547758346C51634F6949FF
:10ED000076335A50657A3932454278507078412FBF
:10ED100063414941723759666B64422F75592B77AD
:10ED200034462B7838482B325473426674382B782B
:10ED30006F472B447A37575158347966646B2F44A8
:10ED400055472B415033506758333167634F6A340E
:10ED50007633592F657A4D4172453933583472797B
:10ED6000554B7843414B2F4A49482B43333755671E
:10ED700058343250695942767764393077462F419A
:10ED80006638435258334F2F664A422F64362B77EA
:10ED900041462B3066377167634F2F47306A4376A1
:10EDA00066734A5172344379414B2B392F374C6784
:10EDB00058374A766453422F6343766758385679FA
:10EDC000344B504172704941723759766A52422B26
:10EDD0005A682B37583747775572422F744B344156
:10EDE000583765767361427667462B3041462B5023
:10EDF00037335976765A4276653039786F463933EB
:10EE00004D482B3772334851554F52417235752F4B
:10EE10006430413948346A68583469516233675004
:10EE2000734342667767393354346D776638462FBB
:10EE3000644A42667A53427664502F427756393498
:10EE4000723742675838557674572B5154333367AD
:10EE5000623765666341426674584267365339309B
:10EE60002F3359774845393358344B69554B2B4824
:10EE70004567437677342B3167462F497A333067BD
:10EE800066337A66636D4266736D39335833542F37
:10EE90006377393250374D50583764667346422F86
:10EEA00077712B314546393051482B444433565500
:10EEB000594B644976335850664739315942785036
:10EEC00064762B514833465150365379414B2F4F7E
:10EED00077472B37723748515838622F6448422F92
:10EEE000686939327633577951462B366E37585028
:10EEF0006771392F6F472B3748334B4158335A6767
:10EF000062394E30305639786E4A426665664276CE
:10EF1000776B2B303446446F4B4C39785142792F04
:10EF20006476393358334D506377393341442B4637
:10EF30007367437677622B306F462F4A7233622FA6
:10EF40006379422F666C2B7A49462B446A346C668F
:10EF50007562426B6F4B2B7759482B3458334250B4
:10EF6000676839303446397855485976783146667D
:10EF7000645A364158375441634F64766944393294
:10EF80004542785064322B4B464443766A424941AD
:10EF9000723770767353426663532B336238432F54
:10EFA000645A422F662B397A3446393151374276CA
:10EFB0007A732B3677462B7876336551663436660E
:10EFC00065714266673642773671534172334D2F11
:10EFD00064762B443733626750334D79414B2B3481
:10EFE00049484A5677462B37774839354C37437767
:10EFF00058356A7666444276746D374158334D2FE2
:10F000006641427633462F454D5639304864426654
:10F010006378397972374E7766333150737242664E
:10F0200078784276656439383456397A773742676A
:10F0300036424A77724539322F34745064764138FB
:10F04000516743767936393463482B422F33544124
:10F05000583349416633455645462B786F482B391E
:10F0600050374B51583747666474422F665639798A
:10F070006F462B4255482B2F66334F5158384C5012
:10F08000746946666644427676442B7945464469FF
:10F09000384B2F587774436F76335A5064504E4133
:10F0A0007238375154336476646B2B335947447646
:10F0B00067664E41723848675437784166336476E4
:10F0C000554639316F484469384B4F67723865513E
:10F0D0006633646651462B4241482B335838785288
:10F0E0005837482F643139346748446C4B4C332FC0
:10F0F0006730393177427350643139317A3365770B
:10F1000050344C43414B2F416637515158376B5067
:10F1100064313977344839334479426665414276FF
:10F1200075552B7777462B3341482B4C72336C4106
:10F1300058337341663875767A3846546633652F8E
:10F1400064554277366565666C3141666858393377
:10F1500051442B4666355978583745416637514EEC
:10F1600073462B327A37475162344A5074502F43DA
:10F1700072375567583747666436422F63343177A4
:10F1800058374576643039784948397A632F426672
:10F19000643639786B472F4372335576676A393056
:10F1A000394843767473422F732B4F775833454158
:10F1B000634F34655033562F6371393151423935BD
:10F1C0006233646665444A5172364F69414B2B7A0B
:10F1D0005A414266753131767431515073712B3119
:10F1E00054334B76746F427674644C41583745768D
:10F1F0006466422F645134775833706A50336465C3
:10F200005033555064582B3144335877623351741E
:10F21000784C4376776A2B3538562B797237672FBF
:10F220006371427737372F794D4B39354E444376EA
:10F230006839494172376676734142667634422FA7
:10F2400074754A53594B393272764266662B506751
:10F2500072372F794D4B3935704443724434797885
:10F260005833645349462B2F344839326F6E4B4123
:10F27000723762764546392F67482B333733414121
:10F2800058376251594F2F4F51682B6A3842792FA6
:10F29000676A412F653139774956393049364266B8
:10F2A00073622B336B482B7A376242666D5A422F5A
:10F2B000644C3451583362507362427674434F67E2
:10F2C000554F2F4F51682B6A38427676676A41371F
:10F2D000373554685833472F6473422F644C4E516E
:10F2E00058396D516637506A73462B336E33477702
:10F2F0006233517477462B49384844767961393501
:10F3000066335951483346766433412F696E49411B
:10F31000723347667475422F744C4E775837735466
:10F3200058375965483773516633506A73463933D5
:10F33000763347776237517477462B4A454844768F
:10F3400079613935663359514833652F6433412F1C
:10F350006437397749562B30493642667362393300
:10F360007348397A376242666578346664684E66F7
:10F370006578422F744C337758376276735A4276E9
:10F3800064434F67554F5451724C4A51723453760F
:10F390006B474666646A2F41722B502F674B393298
:10F3A00050374B6669684277354E437664634A51FD
:10F3B0007233585041562B796E37592F674B2B6A51
:10F3C0002F384376746A39796B47447679443933F8
:10F3D0005833566747772B4B304473506431466639
:10F3E0006974393162387251594F2F49344F2F495E
:10F3F000344F49507371397755426F2F704C4136F5
:10F4000050374B685836532F63462F6B73474476FB
:10F41000794F4C5172386A6A634B4C525833632FA0
:10F420004D46393154376377634F2F4550344A5036
:10F430006647516772574A51723437506C57466667
:10F4400074314A415837582F6431422F7968393125
:10F4500068414369514B2F572F344A5066415167D9
:10F460006F4431766A6F51416F734369514B4C4120
:10F4700071375341724C39322F33432F646F393512
:10F480005433634150344643414B2B3954374B413D
:10F490005838765064762B455548397A4C57426631
:10F4A00068422B3837376C4D6B4739787A4C426657
:10F4B000634A2B3145482B7A4E43426677412B55A0
:10F4C00054355541634F6D6F76334A766633393123
:10F4D00076375266644645737633622F6757393202
:10F4E00034543250456743767462393373485367F6
:10F4F0007238432F6753422F6466367664684C41F6
:10F5000058335A7663574276732B322F636D7A776E
:10F5100058334476746D422F79332B354946397709
:10F52000494839356A334451583345506353504143
:10F53000635475506475384155543250644642776F
:10F5400037362F597633452F67444D417234506614
:10F55000643139306E3364666348393358347569C1
:10F56000554B2B644D674376734E422F755939774F
:10F5700030462F4B5037597667522B3538472B3151
:10F5800077754A677233562B5946392B59483931AA
:10F5900067774266646D392F34472B683057496767
:10F5A00072396879483650774849517772494952DB
:10F5B000583364766F2F2B335947446D7952393164
:10F5C0003733705064644576685239335837636610
:10F5D000643345774154345068522B5873565466FF
:10F5E000764F2B3038482B4962377367583763772B
:10F5F00062374F4F63462B317237494162336F6632
:10F600007375425250513978784F39336649392BE6
:10F61000723361676238575065594266677939318C
:10F620003047452B443779736B4744714433517AE3
:10F63000414B2B465433657750353779414B2B3747
:10F640007A3748767537397834462B323337475115
:10F6500062344976744F4266766B2B324C33342FCA
:10F66000744439337633512F666939324C373477E5
:10F6700062344976644F526772384B766546393149
:10F68000594239346A33614150354B2F68484666D8
:10F69000746A39316A37615074592B325037567653
:10F6A000646A2B316E336150645A39324D47447667
:10F6B00079444476774E37766458342F64574162E4
:10F6C000373542774F2B2B4249562B5166335676AE
:10F6D00030484276787842506B4839316639427703
:10F6E000594F2B39346A4372373550514F2B4E5195
:10F6F00072345A5074742F4754376243594B2B4617
:10F7000066335A675833705166385A5064744251A0
:10F71000373733694D4B742F6B3941376634647812
:10F72000583770516634562F746D4B4172385A50A9
:10F7300064732B4754336255454B447675493931D0
:10F740004433702F75433936635373506D6F45776B
:10F7500041546F506B6B2B474D56453244374145F2
:10F760007A37517538462B776B472B3344374577BB
:10F7700058374B506339422F6343797755546F5054
:10F7800064444A6758334267623363506354426645
:10F79000636F427737377676665A2B443442742F3C
:10F7A00064763936373362775033782F6D44466646
:10F7B00075622B7930462B365833622F6375422F92
:10F7C0006368336663684F5158374C7664763936D0
:10F7D00055482B3576334C51554F66534D4B785029
:10F7E00064342B49306C43766D7149416F68422F08
:10F7F00031782B2B67462B354C336550634A422FAB
:10F800006C75392B6746393463482F6A34572B7827
:10F810006B4839347637422F636F30415873422F2B
:10F820007448335158333366794A46667346422FDB
:10F83000644A4E515833665063624276756F397828
:10F84000514644767A362B436A337641484F392FF6
:10F8500049447A6A554B392F4C374E77583366678F
:10F86000663747636B46446836674E2F384D4359B9
:10F87000734D432F674D4650726D465A775441433E
:10F880003443414145414251414C4144634150411F
:10F89000426841475541624142784148674166515B
:10F8A0004343414A774173674443414D674132675F
:10F8B0004465414F59413741443441516B4244778B
:10F8C0004562415355424B6745344155454253517A
:10F8D0004657415634425A4146744158594266414E
:10F8E0004742415955426A774755415A63426D77BD
:10F8F000476B41616F427341473041626F427866A6
:10F900006C514651736A437376336451763774761B
:10F9100073622B375833477758375A2F31512B465C
:10F9200030473931586C4266642B422F77392B317E
:10F930006B46392B4148393666374650656E397803
:10F9400051462F463875436F76355541454C2F4506
:10F950004C34482F6646516772584A517257494194
:10F9600072377851663364664D46393130483178A4
:10F970006237774166336466554639315948447673
:10F980006431417773462B7872336567634C2B493A
:10F99000497743677346393372334767594C4D5142
:10F9A00072386E7776376454674B432F674C422F1B
:10F9B0006467367664674C4158336266635A4276B0
:10F9C000744533766366797758344F41634C2B43E3
:10F9D00054337741485751777257494172377741CD
:10F9E00066336476514639316348446A634B393132
:10F9F00034562B3777483933507A4266645542770C
:10FA0000373364666C5142773739656F76335A45C0
:10FA1000494B41395957393358335A507431426739
:10FA200037335967454C4941723845507446425105
:10FA3000736E4373763364517370437664312B4233
:10FA40003048393276774251737743745A4443745D
:10FA5000623448785833647664692B335947437964
:10FA6000414B2B786B4843364568437663333933D3
:10FA700058334E69554B43793333764148573933C0
:10FA80004D4431677639555064314379554B393996
:10FA90005967437675572B7773462F4E6B4C2F590A
:10FAA00055684367504C49416F4C6644494B2B4A5B
:10FAB000556C43677547692F6469393751774373CC
:10FAC000543662774D4C692F64633938443358415A
:10FAD00073483933583052677234324162376C762A
:10FAE000634D425134562B316A3364666641427726
:10FAF0003548437674744277734231766431432FCC
:10FB0000643241777541692F645739387A335667C3
:10FB1000454C426663594277354C436734463978E1
:10FB20006B4C692F6457393837335641454C2F4A4F
:10FB300058376777554C2B3648374567554C5277C1
:10FB40006F48432F67532B305946432F7A39496604
:10FB5000646A2B4B48335977454C414141414151EF
:10FB60004141414141414141414141414141414185
:10FB700041424141414141413D3D2920666F726D05
:10FB800061742827747275657479706527293B0D37
:10FB90000A20202020202020207D0D0A0D0A202070
:10FBA0002020202020202F2A20E89E8DE59088E527
:10FBB0008E9FE69CACE79A84E69A97E9BB91E4B8FD
:10FBC000BBE9A18CE88887E696B0E79A84E7BDAEEA
:10FBD000E4B8ADE68E92E78988202A2F0D0A20200E
:10FBE000202020202020626F6479207B0D0A2020B5
:10FBF00020202020202020202020646973706C6148
:10FC0000793A20666C65783B0D0A20202020202060
:10FC1000202020202020666C65782D646972656341
:10FC200074696F6E3A20636F6C756D6E3B0D0A20C0
:10FC300020202020202020202020206A7573746935
:10FC400066792D636F6E74656E743A2063656E74A9
:10FC500065723B0D0A20202020202020202020201B
:10FC600020616C69676E2D6974656D733A206365F8
:10FC70006E7465723B0D0A20202020202020202059
:10FC80002020206865696768743A203130307668D2
:10FC90003B202F2A20E8AE93E585A7E5AEB9E59E87
:10FCA00082E79BB4E7BDAEE4B8ADE696BCE795ABA2
:10FCB000E99DA2202A2F0D0A20202020202020208C
:10FCC000202020206D617267696E3A20303B0D0A5A
:10FCD0002020202020202020202020206261636B13
:10FCE00067726F756E642D636F6C6F723A2023328A
:10FCF00032323B202F2A20E681A2E5BEA9E69A9760
:10FD0000E9BB91E8838CE699AF202A2F0D0A2020C9
:10FD100020202020202020202020636F6C6F723A4A
:10FD20002077686974653B202F2A20E681A2E5BE12
:10FD3000A9E799BDE5AD97202A2F0D0A20202020A4
:10FD40002020202020202020666F6E742D66616D9B
:10FD5000696C793A2073616E732D73657269663BC5
:10FD60000D0A202020202020202020202020746523
:10FD700078742D616C69676E3A2063656E74657284
:10FD80003B0D0A20202020202020207D0D0A0D0A76
:10FD900020202020202020202E637573746F6D2D6D
:10FDA000666F6E74207B0D0A2020202020202020EA
:10FDB00020202020666F6E742D66616D696C793A23
:10FDC0002027437573746F6D466F6E74272C2073F4
:10FDD000616E732D73657269663B0D0A20202020C9
:10FDE0002020202020202020636F6C6F723A202377
:10FDF0006161613B202F2A20E7B5A6E7B0BDE59001
:10FE00008DE4B880E9BB9EE781B0E889B2E79A84C7
:10FE1000E8B3AAE6849F202A2F0D0A202020202064
:10FE200020202020202020666F6E742D73697A6553
:10FE30003A20313870783B0D0A20202020202020E5
:10FE400020202020206C65747465722D73706163AE
:10FE5000696E673A203170783B0D0A2020202020FF
:10FE60002020207D0D0A0D0A202020202020202087
:10FE70002F2A20E5BA95E983A8E7B0BDE5908DE586
:10FE80008D80E5A18AE79A84E99693E8B79D202AB8
:10FE90002F0D0A20202020202020202E666F6F7436
:10FEA0006572207B0D0A2020202020202020202089
:10FEB00020206D617267696E2D746F703A20343046
:10FEC00070783B0D0A202020202020202020202098
:10FED000206D617267696E2D626F74746F6D3A2068
:10FEE000323070783B0D0A20202020202020207DF9
:10FEF0000D0A0D0A20202020202020206275747415
:10FF00006F6E207B0D0A2020202020202020202022
:10FF10002020666F6E742D73697A653A20323470D2
:10FF2000783B0D0A20202020202020202020202087
:10FF300070616464696E673A2031357078203430BE
:10FF400070783B0D0A202020202020202020202017
:10FF5000206D617267696E3A20313070783B0D0A0E
:10FF6000202020202020202020202020626F72646A
:10FF700065722D7261646975733A203870783B0D33
:10FF80000A2020202020202020202020206375729D
:10FF9000736F723A20706F696E7465723B0D0A2040
:10FFA0002020202020202020202020626F726465E5
:10FFB000723A206E6F6E653B0D0A202020202020B3
:10FFC0002020202020207472616E736974696F6E26
:10FFD0003A20302E33733B0D0A2020202020202091
:10FFE000207D0D0A0D0A20202020202020202E6FA9
:10FFF0006E2D62746E207B206261636B67726F7519
:020000024000BC
:100000006E642D636F6C6F723A2023344341463522
:10001000303B20636F6C6F723A2077686974653B80
:10002000207D0D0A20202020202020202E6F6666B3
:100030002D62746E207B206261636B67726F756ED8
:10004000642D636F6C6F723A202366343433333619
:100050003B20636F6C6F723A2077686974653B2050
:100060007D0D0A20202020202020202E6578697414
:100070002D62746E207B206261636B67726F756E98
:10008000642D636F6C6F723A20233535353B2063E6
:100090006F6C6F723A2077686974653B20666F6E8B
:1000A000742D73697A653A20313870783B2070611D
:1000B0006464696E673A203130707820333070782C
:1000C0003B206D617267696E2D746F703A2031301C
:1000D00070783B207D0D0A20202020202020202E1B
:1000E000657869742D62746E3A686F766572207BEC
:1000F000206261636B67726F756E642D636F6C6FE6
:10010000723A20233737373B207D0D0A20202020EC
:10011000202020200D0A2020202020202020627571
:1001200074746F6E3A64697361626C6564207B20DD
:100130006261636B67726F756E642D636F6C6F7253
:100140003A20233434343B20636F6C6F723A20239F
:100150003838383B20637572736F723A206E6F7453
:100160002D616C6C6F7765643B207D0D0A0D0A2054
:10017000202020202020202E6E6F7465207B20639D
:100180006F6C6F723A20236161613B20666F6E7401
:100190002D73697A653A20313570783B206D617234
:1001A00067696E2D746F703A20323070783B206C26
:1001B000696E652D6865696768743A20312E353B34
:1001C000207D0D0A202020203C2F7374796C653E21
:1001D0000D0A3C2F686561643E0D0A3C626F6479CC
:1001E0003E0D0A202020203C68313E5849414F20D6
:1001F0006E524635323834303C2F68313E0D0A207D
:100200002020203C68323EE8B7A8E5B9B3E58FB0BE
:10021000E5858DE9A985E58B95E69C80E7B582E7C4
:1002200089883C2F68323E0D0A202020200D0A20AC
:100230002020203C212D2D20E58E9FE69CACE79AC6
:1002400084E7B6A0E78788E68EA7E588B6E68C89BE
:10025000E98895202D2D3E0D0A202020203C627536
:1002600074746F6E2069643D2262746E4F6E22203A
:10027000636C6173733D226F6E2D62746E22206F0A
:100280006E636C69636B3D2273656E6452657128A1
:10029000272F6C65642F6F6E2729223EE68993E92C
:1002A000968BE7B6A0E787883C2F627574746F6EF3
:1002B0003E0D0A202020203C627574746F6E206908
:1002C000643D2262746E4F66662220636C617373B4
:1002D0003D226F66662D62746E22206F6E636C69BC
:1002E000636B3D2273656E6452657128272F6C65C0
:1002F000642F6F66662729223EE9979CE99689E775
:10030000B6A0E787883C2F627574746F6E3E0D0A45
:10031000202020200D0A202020203C7020636C61CA
:1003200073733D226E6F7465223EE5AE8CE7BE8E20
:10033000E9818BE4BD9CE4B8ADEFBC8C344720E888
:1003400088872057692D466920E6B581E9878FE7C0
:10035000B6ADE68C81E69AA2E9809AEFBC813C2F8B
:10036000703E0D0A202020200D0A202020203C2154
:100370002D2D20E4BDA0E79A84E5B088E5B1ACE777
:10038000B0BDE5908DE58D80E5A18A202D2D3E0D37
:100390000A202020203C64697620636C6173733DE1
:1003A00022666F6F746572223E0D0A202020202085
:1003B000202020C2A9203C7370616E20636C6173A1
:1003C000733D22637573746F6D2D666F6E74223E7C
:1003D0004F524553414E4A4F3C2F7370616E3E2041
:1003E0002C203C7370616E20636C6173733D2263DB
:1003F0007573746F6D2D666F6E74223E5348554E43
:100400004E4E3C2F7370616E3E0D0A202020203C22
:100410002F6469763E0D0A202020200D0A2020201E
:10042000203C212D2D20E99BA2E9968BE68C89E9C1
:100430008895202D2D3E0D0A202020203C627574C9
:10044000746F6E20636C6173733D22657869742DDF
:1004500062746E22206F6E636C69636B3D22636C05
:100460006F736557696E646F772829223E457869F6
:10047000743C2F627574746F6E3E0D0A0D0A093C50
:100480007363726970743E0D0A20202020202020A2
:10049000202F2A20E7B6A0E78788E68EA7E588B652
:1004A000E79A84E998B2E980A3E9BB9EE4BF9DE89E
:1004B000ADB72028E5B7B2E5B087E5BBB6E981B2B4
:1004C000E694B9E782BA2031303020E6AFABE7A737
:1004D0009229202A2F0D0A2020202020202020666B
:1004E000756E6374696F6E2073656E6452657128F2
:1004F00075726C29207B0D0A2020202020202020CE
:10050000202020206C65742062746E73203D20646E
:100510006F63756D656E742E717565727953656C58
:100520006563746F72416C6C28272E6F6E2D627438
:100530006E2C202E6F66662D62746E27293B0D0A85
:1005400020202020202020202020202062746E7374
:100550002E666F72456163682862203D3E20622EE0
:1005600064697361626C6564203D207472756529ED
:100570003B0D0A2020202020202020202020206643
:10058000657463682875726C292E636174636828CA
:10059000657272203D3E20636F6E736F6C652E6CCA
:1005A0006F672827E5BEAEE68EA7E588B6E599A871
:1005B000E5BF99E7A28CE4B8ADEFBC8CE5BFBDE721
:1005C00095A5E6ADA4E98CAFE8AAA42729290D0AD0
:1005D000202020202020202020202020202020201B
:1005E0002E66696E616C6C79282829203D3E207347
:1005F000657454696D656F7574282829203D3E2007
:1006000062746E732E666F72456163682862203D66
:100610003E20622E64697361626C6564203D2066D1
:10062000616C7365292C2031303029293B0D0A205B
:10063000202020202020207D0D0A0D0A20202020AF
:10064000202020202F2A20E99BA2E9968BE8A6965D
:10065000E7AA97E79A84E58A9FE883BD2028E58C7E
:1006600085E590ABE584AAE99B85E79A84E58299C4
:10067000E794A8E696B9E6A18829202A2F0D0A203A
:100680002020202020202066756E6374696F6E2004
:10069000636C6F736557696E646F772829207B0DD3
:1006A0000A2020202020202020202020202F2A2047
:1006B000312E20E58588E59897E8A9A6E794A8E774
:1006C000B3BBE7B5B1E885B3E69CACE9979CE99686
:1006D000892028E6898BE6A99FE5BD88E7AA97E9E6
:1006E000809AE5B8B8E69C83E59CA8E98099E8A3E0
:1006F000A1E68890E58A9FE9979CE9968929202AB6
:100700002F0D0A20202020202020202020202077AC
:10071000696E646F772E6F70656E2827272C2027EF
:100720005F73656C6627292E636C6F736528293BA0
:100730000D0A2020202020202020202020200D0A0B
:100740002020202020202020202020202F2A20327E
:100750002E20E58299E794A8E696B9E6A188EFBC39
:100760009AE5A682E69E9C20302E3320E7A792E5EC
:10077000BE8CE8A696E7AA97E98284E6B4BBE89126
:10078000972028E4BBA3E8A1A8E7808FE8A6BDE5F1
:1007900099A8E998BBE6ADA2E4BA86E9979CE996E8
:1007A0008929202A2F0D0A202020202020202020E7
:1007B00020202073657454696D656F75742828292D
:1007C000203D3E207B0D0A202020202020202020BC
:1007D00020202020202020646F63756D656E742EAC
:1007E000626F64792E696E6E657248544D4C203D7F
:1007F00020600D0A202020202020202020202020E2
:1008000020202020202020203C64697620737479E9
:100810006C653D22646973706C61793A20666C6521
:10082000783B20666C65782D646972656374696FC6
:100830006E3A20636F6C756D6E3B206A75737469D8
:1008400066792D636F6E74656E743A2063656E749D
:1008500065723B20616C69676E2D6974656D733AD2
:100860002063656E7465723B206865696768743AD9
:100870002031303076683B223E0D0A202020202097
:100880002020202020202020202020202020202068
:100890002020203C6832207374796C653D22636FA0
:1008A0006C6F723A20233443414635303B223EE898
:1008B000A8ADE5AE9AE5B7B2E5AE8CE688903C2FE0
:1008C00068323E0D0A2020202020202020202020D9
:1008D000202020202020202020202020203C7020AC
:1008E0007374796C653D22636F6C6F723A2023617B
:1008F00061613B223EE682A8E58FAFE4BBA5E5AE91
:1009000089E585A8E59CB0E9979CE99689E6ADA4C0
:10091000E58886E9A081E4BA863C2F703E0D0A2066
:1009200020202020202020202020202020202020C7
:100930002020203C2F6469763E0D0A2020202020B4
:100940002020202020202020202020603B0D0A2075
:1009500020202020202020202020207D2C2033300B
:1009600030293B0D0A20202020202020207D0D0A48
:10097000202020203C2F7363726970743E0D0A3C66
:100980002F626F64793E0D0A3C2F68746D6C3E587F
:1009900049414F204344432D4E434D205A466C69F4
:1009A00070005849414F00465320436F6E66696797
:1009B00075726174696F6E00465320436F6E66698D
:1009C0006775726174696F6E004344432041434D03
:1009D0002073657269616C206261636B656E64008F
:1009E0005A65706879722050726F6A65637400305E
:1009F0003132333435363738394142434445460085
:100A000030326261646330666665653000FFFFFF07
:100A1000FFFFFF00000000000000000001020304CF
:100A20000506070020303030303030303030303084
:080A300030303000010000002D
:100A380000000000DD990200000000000001000035
:100A4800000000000000000000000000000000009E
:100A5800000000000000000000000000000000008E
:100A68005C0200207002002032040020B80200203E
:100A780088020020000000000000000000000000C4
:100A88000000000000000000000000005C000020E2
:100A98005C00002000000000010000006C00002045
:100AA8006C000020000000000000000000000000B2
:100AB800000000000000000000000000000000002E
:100AC800000000000000000000000000000000001E
:100AD8000000000000000000D2C903000ECA030095
:100AE80000000000000000000003030000000000F8
:100AF80000000000000300000000000000000000EB
:100B080000020100000000008F0904002603000015
:100B180000000000000000000001010000000000CB
:100B2800A20904000A030000000000000000000001
:100B38000000000000000000D8C803000403000003
:100B4800000000000E040020240100200000000026
:100B58000000000000000000000000000004010088
:100B680000000000A709040022030000BB4D030099
:100B780000000000170400205401002000000000BD
:100B88000000000000000000000000000004010058
:100B980000000000B8090400220300000000000063
:100BA8000000000000030300000000000000000037
:100BB8000003000000000000000000000002010027
:100BC80000000000C90904002E0300000000000016
:100BD800000000000001010000000000E00904001E
:100BE8001E030000000000000000000000000000DC
:100BF80000000000DAC803000403000000600040A1
:100C080000000000000000000000000000000000DC
:100C180000000000000000000000000000000000CC
:100C280000000000000000000000000000000000BC
:100C380000000000000000000000000000000000AC
:100C4800000000000000000000000000000000009C
:100C5800000000000000000000000000000000008C
:100C6800000000000000000000000000000000007C
:100C7800000000000000000000000000000000006C
:100C8800000000000000000000000000E7C80300AA
:100C980000000000E8020020000000003CC403003F
:100CA8000000000000000000000501000000000036
:100CB800000A04001A030000320400203A0400204D
:100CC80043040020480400204D0400205A0400205A
:100CD800670400206E040020770400208E040020A2
:100CE800950400209C040020320400203A040020CF
:100CF80043040020480400204D0400205A0400202A
:100D0800600400206E040020770400208004002086
:100D1800870400209C040020000000008963030071
:100D2800D19A02000D9C0200799C02000F63030017
:100D3800E960030000000000FB5F0300D1600300CE
:100D480025600300FD5F030017600300000000003A
:100D58004DCD02000000000000000000000000006F
:100D6800000000000000000000000000000000007B
:100D7800000000000000000000000000000000006B
:100D8800000000000000000000000000000000005B
:100D9800000000000000000000000000000000004B
:100DA800000000000000000000000000000000003B
:100DB800000000000000000000000000000000002B
:100DC800000000000000000000000000000000001B
:100DD800000000000000000000000000000000000B
:100DE800B0030020B0030020000000000000000055
:100DF8000E000000000000000000000000000000DD
:100E080000000000000000000000000000000000DA
:100E18000090D003FF00000090020000EC030020C7
:100E2800EC030020F4030020F40300201201000268
:100E3800EF020140E32F90000404000000000902C3
:100E48000000000100C0FA09020000000100807DD6
:100E580012010002EF020140E32F04000404000025
:100E68000000080B0002020D000009040000010246
:100E78000D0000052400100105240600010D240FB3
:100E88000000000000EA0500000006241A00010026
:100E98000705810340000A0705820340000709048B
:100EA8000100000A00010009040101020A00010012
:100EB8000705810240000007050102400000070500
:0E0EC800820200020007050202000200000084
:100ED600000000000000000000000000000000000C
:020EE60000000A
:100EE800B0040020B004002050D80020000000000A
:100EF800100000004000000000000000CC040020AA
:100F0800CC04002050DC002000000000200000007D
:100F1800A002000000000000E8040020E80400200F
:100F280050D4002000000000100000004000000025
:100F3800000000000405002004050020388500207A
:100F48000000000008000000100000000000000081
:100F580000000000503001200004000000000000E4
:040F68000000000085
:100F6C0034050020340500200000000000000000C3
:100F7C000E0000004805002048050020000000007D
:100F8C00000000000E0000005C0500205C05002045
:100F9C0000000000000000000E00000070050020A2
:100FAC007005002000000000000000000E00000092
:100FBC0084050020840500200000000000000000D3
:100FCC000E0000009805002098050020000000008D
:100FDC00000000000E000000AC050020AC05002055
:0C0FEC0000000000000000000E000000EB
:100FF800C0050020C005002010000000050000000A
:1010080000860020508600200086002000860020F0
:1010180000000000E4050020E405002000000000B6
:10102800F0050020F00500200C0000000A00000078
:10103800C084002038850020C0840020C08400209F
:101048000000000014060020140600200000000024
:1010580020060020200600200100000001000000FA
:081068003006002030060020D4
:0C107000380600203806002000000000B8
:08107C00440600204406002098
:101084000000000000000000540600205406002068
:101094005C0600205C060020020002000A0000003A
:1010A4000000000038C70300B885002000000000DD
:1010B4000000000080060020800600208806002032
:1010C40088060020400040000400000000000000EA
:1010D400ACC7030050CD0020000000000000000059
:1010E400AC060020AC060020B4060020B4060020A4
:1010F40040004000040000000000000098C7030006
:1011040050A600200000000000000000D8060020C7
:10111400D8060020E0060020E006002010001000A1
:101124000A0000008BA00300C0C703005034012054
:101134004007002000000000000000000000000044
:10114400000000000000000000000000000000009B
:10115400000000000000000000000000000000008B
:10116400000000000000000000000000000000007B
:101178003CC40300680700201C1600200002000081
:101188000000000000000000DC0500000000000076
:0811980000000000000000004F
:1011A0004DB4020085B50200CD670300C36703009C
:0411B000000000003B
:1011B40064CA0300000000000000000000000000FA
:1011C400000000000000000020C403000000000034
:1011D400000000000000000000000000000000000B
:1011E40000000000000000000000000000000000FB
:1011F40000000000000000000000000000000000EB
:1012040000000000000000000000000000000000DA
:1012140000000000000000000000000000000000CA
:101224002004002000000000000000004ECA03005B
:1012340000000000000000000000000000000000AA
:101244000000000020C403000000000000000000B3
:10125400000000000000000000000000000000008A
:10126400000000000000000000000000000000007A
:10127400000000000000000000000000000000006A
:10128400000000000000000000000000000000005A
:10129400000000000000000000000000FC0300202B
:0812A400000000000000000042
:1012AC00000000005C0200200000000000000000B4
:0812BC0000000000000000002A
:0412C40015E015E03C
:04000003200082C196
:00000001FF
