:020000022000DC
:107000000053002009A2020073D40300F5A102007E
:10701000F5A10200F5A10200F5A1020000000000A8
:1070200000000000000000000000000041A202007B
:10703000F5A102000000000041A40200F5A1020039
:10704000B9A402000D590300B9A40200B9A40200BA
:10705000B9A40200B9A40200B9A40200B9A40200B4
:10706000B9A40200B9A40200B9A40200B9A40200A4
:10707000B9A40200B9A40200B9A40200B9A4020094
:10708000B9A40200B9A40200B9A40200B9A4020084
:10709000B9A40200B9A40200B9A40200B9A4020074
:1070A000B9A40200B9A40200B9A40200B9A4020064
:1070B000B9A40200B9A40200B9A40200B9A4020054
:1070C000B9A40200B9A40200B9A40200B9A4020044
:1070D000B9A40200B9A40200B9A40200B9A4020034
:1070E000B9A40200B9A40200B9A40200B9A4020024
:1070F000B9A40200B9A40200B9A40200B9A4020014
:1071000053B94AB9002908BF00281CBF4FF0FF310E
:107110004FF0FF3000F00CB8ADF1080C6DE904CE73
:1071200000F010F8DDF804E0DDE9022304B0704758
:10713000704700BF034613F8012B002AFBD1181A31
:10714000013870472DE9F0478C468E46089E15465B
:1071500004461946002B40F0D080724547D9B2FA58
:1071600082F74FB1C7F120030EFA07FC20FA03F3B0
:10717000BD4043EA0C0CBC404FEA154EA8B2BCFB24
:10718000FEF8230C0EFB18CC08FB00F943EA0C4375
:10719000994528D9EB1808F1FF3204D2994502D954
:1071A000A8F102022B44A3EB0903A4B2B3FBFEFC3B
:1071B0000EFB1C330CFB00F044EA0344A04214D93C
:1071C0002C190CF1FF3304D2A04202D9ACF1020316
:1071D0002C44241A43EA02401EB1FC4000233460D0
:1071E0007360BDE8F0874246DDE76346F1E7002AB9
:1071F00079D0B2FA82F3002B3FD01946C1F12003B7
:1072000002FA01F52EFA03F20EFA01FE20FA03F358
:1072100043EA0E034FEA154E00FA01F4B2FBFEFCFE
:10722000AFB20EFB1C201A0C0CFB07F842EA00421E
:1072300090455AD9AA180CF1FF3004D2904502D9D2
:10724000ACF102002A44A2EB08029BB2B2FBFEFCA6
:107250000EFB1C220CFB07F743EA02439F4246D970
:10726000EB180CF1FF3204D29F4202D9ACF10202BA
:107270002B44DB1B42EA004202E0AEEB0203012298
:107280004FEA154EAFB2B3FBFEFC200C0EFB1C33D5
:107290000CFB07F840EA034398452AD9EB180CF198
:1072A000FF3004D2984502D9ACF102002B44A3EB85
:1072B0000803A4B2B3FBFEFC0EFB1C330CFB07F768
:1072C00044EA0344A74216D92C190CF1FF3304D227
:1072D000A74202D9ACF102032C44E41B43EA00406C
:1072E0000F46114678E71F2188E76046ABE7624604
:1072F000BFE76046DBE76346EFE7734506D916B99B
:10730000002108466DE7C6E9000EF9E7B3FA83F7F6
:1073100087B9734501D3824207D8841A6EEB030301
:1073200001209C461EB900215BE73846FAE7C6E912
:10733000004CF8E7C7F1200CBB4022FA0CF51D43C6
:1073400020FA0CF12EFA0CF30EFA07FE41EA0E01B8
:107350004FEA154900FA07F4B3FBF9F81FFA85FE66
:1073600009FB18300B0C08FB0EFA43EA00439A4560
:1073700002FA07F240D9EB1808F1FF3004D29A451F
:1073800002D9A8F102002B44A3EB0A0389B2B3FB94
:10739000F9F809FB183308FB0EFE41EA03418E455C
:1073A0002CD9691808F1FF3304D28E4502D9A8F10F
:1073B0000203294443EA0040A0FB0298A1EB0E011E
:1073C0004145CE46434602D306D14C4504D2B9EBE3
:1073D000020E68EB05030138002EA4D0B4EB0E02B8
:1073E00061EB030101FA0CFC22FA07F34CEA0303F8
:1073F000F940C6E9003196E74046C5E74346D9E77C
:107400002DE9F843D0E90738856903EB08042F34E8
:10741000A5420F46164619D8DFF86C80A3FB080179
:1074200017A3D3E90023FFF76BFE0346601BA0FB05
:10743000080123F07F4412A3D3E90023FFF760FE85
:1074400020F07F403C603060BDE8F883DFF8389082
:107450000BA3D3E90023A5FB0901FFF751FE20F0A0
:107460007F440A480A2106A3D3E90023E8FB090167
:10747000FFF746FE20F07F403C603060BDE8F883B7
:107480008D49FD1A0700000000CA9A3B00166BF1F7
:10749000002800F03E812DE9F04FC54C94F85E3095
:1074A000DA078DB000F13181627F94F8293004EB66
:1074B000820204EB8303166AD3F82C800EB33546A0
:1074C00015F8020BC0F3801007F09CFB0368C6F8A8
:1074D00002308388AB8033785B0606D506212846C8
:1074E00006F01CF8002800F04681454615F8020B0E
:1074F000C0F3801007F086FB0368C8F80230838869
:10750000AB80337813F00E0F40F08B8063691BB1B2
:107510000C200DB0BDE8F08F07F0F4FF8146002885
:1075200000F0328107F0FAFF8246002800F029813E
:107530000AF00EF90546002800F02C81C06E4FF6C7
:10754000FF73AB8405F1100B002800F01F8105F1DB
:10755000600205F15C0105F0EDFFB5F8583023F449
:10756000EF6323F0070343F48C7343F00103A5F8A2
:10757000583095F8373003F03F0363F07F0385F808
:10758000373095F8723023F0070385F8723095F89C
:107590003C3023F00F03002785F83C304FF4C02324
:1075A000C5F86E312846C5E91277EF66A5F8707008
:1075B00085F839706F85C5F82E702F65A5F8407174
:1075C000A5F87471A5F86A710BF042FD85F8447155
:1075D000C5F848910AF030FB95F87C3160F302035E
:1075E00085F87C310AF02EFB95F87C3160F3C503F9
:1075F00085F87C3195F8423167F3410385F84231D3
:1076000005F1C4000BF05EFBC4E9159AC4F814B090
:10761000C5E902772F702D610EF01EFE002840F0A4
:10762000AC80237E0121C3F342030DF12B008DF8C2
:107630002B3006F021F9024600286CD04146304636
:1076400009F0B0FC5B4A5C4BB4F85C800721E0FBBE
:10765000023100251846C4E9025553A3D3E900239B
:107660002570FFF74DFD606007F090FA00F1090703
:10767000B8F1000F07D1357805F00F05A5F1010528
:10768000B5FA85F56D09207E636865F3000010F09A
:107690000105207646D0494A099200201060022553
:1076A000474ADFF8208104930BAE01930592032132
:1076B000CDE90200069400903B46CDF81C80089668
:1076C0002A460B9507F086F9314607F09DFF10BB5F
:1076D0003D4905914AF2D8330093CDE90300CDE945
:1076E0000100CDF81C80089606943B460122032138
:1076F0000B9507F053F9314607F086FF58B994F817
:107700005E3043F0010384F85E3000200DB0BDE828
:10771000F08F09F0E1BB6369002B3FF4F9AE09F08B
:10772000B1FBF5E6254A2948049303F24713069472
:10773000029591211360A8FB000301FB0831214B46
:1077400007931F4B05934FF6FF7309924FF0020802
:1077500003930BAE14A3D3E90023CDF82C80089635
:10776000FFF7CEFC3B46CDE90050424628460321B8
:1077700007F030F9BFE71220CBE609F083FB0320C6
:10778000C7E6484607F0C4FE0720C2E605F16400DC
:10779000E866DCE6504607F0C7FE484607F0B8FE4C
:1077A000F2E700BFAFF300808D49FD1A070000002B
:1077B000E81E002000CA9A3B8C49FD1ADC1E0020FE
:1077C0001D10030089EC0200410D0300002AE7842C
:1077D00070B5037E8AB0C3F342030D46044601210F
:1077E0000DF1230016468DF8233006F045F831469A
:1077F0000246284609F0D6FB1D4A1E4B0721E0FB36
:107800000231184618A3D3E90023FFF779FC636817
:107810009842054621D21B1A00220192164A029371
:10782000164BA21AA3FB02320221920900230A443A
:1078300009AE099112490591CDE90333032106965A
:10784000D2B20093184607F01BF9314607F0DCFE70
:1078500038B9656000200AB070BDFBD9C21A002398
:10786000DBE70C200AB070BD8D49FD1A070000004F
:1078700000CA9A3B8C49FD1AE81E0020ABAAAAAAAE
:1078800089EC0200000000002DE9F04F05468BB0A6
:107890008B46012002219946144610F071F900220E
:1078A00002218246012005F099FE2F494FF4C07253
:1078B000284605F01FFEC61C2C4B0093F6B201951E
:1078C0004B4632460121002007F028F910F0FD0F49
:1078D00042D1274BA4FB0348204621A3D3E9002330
:1078E0004146FFF70DFC089506956B680493214B04
:1078F00020F07F47A7FB0331E01A1F4B07934FF09F
:1079000007021E4B059302FB07114FF6FE7368EB4F
:10791000010103934FF47A720023FFF7F1FBCDF8D6
:1079200000B0CDE901704B4632460121002007F03E
:1079300035F810F0FD0F0DD1BAF1000F02D10BB0E8
:10794000BDE8F08F0122022110460BB0BDE8F04FD8
:1079500005F044BE00DEEFE700DEBAE7AFF30080DB
:107960008D49FD1A07000000E00C002029160300D5
:1079700000CA9A3B8D49FD1A1116030055560300A3
:107980002DE9F0418468A28C4FF6FF739A428CB0C7
:1079900000F0DA80054620460BF0ACFD2B7D012B74
:1079A00000F00081022B00F0D28033B994F87230DD
:1079B00003F01803182B00F0378194F84471002F5E
:1079C00040F0C8802B8AE68D94F93720CDE90A77FC
:1079D000002B00F0C680002AC0F23C810023A4F8EE
:1079E0007031AB7CA28D03F00303551C012BADB2AB
:1079F00000F0D480B4F87431002B00F0D980AB4291
:107A000040F252815B1B9BB2062BA4F874314FF0FD
:107A100000028CBF00230123E2851F4694F83C201E
:107A200063F3820284F83C2029460DF127022046A8
:107A30000BF04AFB743000F03181B4F86E312BB199
:107A4000AB4240F2DA805B1BA4F86E31B4F86A31C5
:107A50002BB1AB4240F2E1805B1BA4F86A31E58DAB
:107A600017B9AE4200F0C7800135ADB294F8B53019
:107A700013F001060AD1DDE90AC3002B4FD1BCF196
:107A8000000F00F003811E46194649E094F93720A3
:107A900023F00103002A84F8B530C0F2A38094F8E3
:107AA0005800C0F3C00100F007000EF057FA01467D
:107AB00094F8583094F8596003F003022832C3F365
:107AC0004003D200DA40E38B03F23F10B2F5A07F0F
:107AD0002CBF801800F5A07006F003022832D200F7
:107AE000C6F34006F240B2F5A07F2CBF831800F524
:107AF000A07358188E4A8F4B0721E0FB02311846BD
:107B000089A3D3E90023FFF7FBFA616820F07F40E7
:107B10008142DDE90AC380F0B380461A606000212B
:107B2000A28C24690694CDE903570332824D029159
:107B3000CDE900C6D2B201210020059506F0A0FFD4
:107B400010F0FD0F40F0B5800CB0BDE8F0813D278E
:107B500084F84471394620460CB0BDE8F0410AF083
:107B60002BB9002AB8BF84F8B970AB7CA28D03F0A2
:107B70000303551C012BADB210D0B4F87031002BAB
:107B80003FF438AFAB4240F29B805B1BA4F87031EE
:107B9000B4F87431002B7FF432AF3FE70023A4F830
:107BA00074313BE70023A4F86E31A4F86A3104E78E
:107BB000E38C052B8BBF40F2E2424FF4FA725A433A
:107BC00003FB0222B4F8723142F2107101FB03236D
:107BD000013BB3FBF2F39BB2A4F87431002B7FF4AA
:107BE0000EAF1BE794F85900012100F007000EF0DA
:107BF000B7F901465CE73D4638E707F0D5FC01469A
:107C0000002864D00023A4F86E31A38CC3801B230A
:107C10000371006807F09AFC18E70023A4F86A31A2
:107C200020460BF0E3FA1AE7218DB4F86C218B1D86
:107C30009A42C4BF931F5B1AB4F86811CCBF9BB2C1
:107C40001346994256D0A4F86831A4F86A31A4F8D2
:107C50006E21B2E694F8B930002B3CD0013B84F899
:107C6000B93004F1C40840460BF06EF8002855D036
:107C700040460BF069F8002842D00023E385ADE6CA
:107C8000091A6060A3BB51EA0C021ED115B9002F7E
:107C90003FF45AAF00263146334641E79DF827109E
:107CA00020460AF089F84FE7082120460AF084F8B8
:107CB0004AE707F0D3FC84423FF446AF00DE43E7D7
:107CC0003E2120460AF078F83EE71E4628E70123C9
:107CD000A4F86E31BAE60AAA0BA92846FFF790FB72
:107CE000DDE90A231343BCD0237884F8B930B8E720
:107CF000002615E7B4F86E1100297FF45EAEA4E704
:107D00000246D4E9170105F02DFC0028B5D194F8FE
:107D10003C301B0744BF238DE3855FE6FF200AF05C
:107D20000DF8A5E7AFF300808D49FD1A07000000AC
:107D300000CA9A3B8C49FD1A691603000000000036
:107D40002DE9F04F87B0B0F84071BDF84C9000912C
:107D5000CDE90423B0F80431BDF840A01F44BFB200
:107D60000446A7EB090390F85800D4F8FC809EB2B3
:107D7000BDF844300193C0F3C001BDF8483003960C
:107D800000F0070002930EF0E9F8E58C052D40F2B3
:107D9000BE8015FB06F5ADB240F2E24BBAF1050F1D
:107DA00040F2A98094F8592094F8581002F0030387
:107DB0002833C2F34002DB00D34001F00302283233
:107DC000B3F5A47FC1F340014FEAC20222FA01F2E7
:107DD00038BF4FF4A473B2F5A47F2CBF9B1803F5F2
:107DE000A47303F2D5131844774A784B0721E0FBBC
:107DF000023118464FF09613E3619623238470A353
:107E0000D3E90023FFF77CF9564620F07F4040F28B
:107E1000E2430BFB05F103FB06F64B1E3344B3FBB9
:107E2000F6F31FFA83FB06FB0BF3994260605D4695
:107E300053D26548591AA1FB000161A3D3E900237D
:107E4000FFF75EF920F07F408044B4F80421B4F8D5
:107E50004031A9EB07094D44ADB213442B44A4F8BB
:107E60004031638D13441D4494F837306585DB0938
:107E700055D100DE00273546019B2385029BA4F8DF
:107E8000723131462046A4F826A00BF049F9504B38
:107E9000218D3344881DB3FBF6F39AB29042A4F8C7
:107EA0006C2104D2C1F57F41FA310A4492B2009BA1
:107EB000A4F8682113B10023A4F8743143462A467C
:107EC00039462046FFF7E0FC94F8423143F00103C5
:107ED00084F8423107B0BDE8F08F3B48C91AA1FBD6
:107EE000000137A3D3E90023FFF70AF920F07F4010
:107EF000A8EB0008A9E74FF096130AF10106E36129
:107F000096232384B6B20A204FF4FA7381E7039BC9
:107F1000013515FB03F5ADB24FF4FA7B3EE7216C5A
:107F2000A36C294F01FB0233039A01FB1233A364B4
:107F30000023C4F8C0300EF0E1F9054694F8B8000B
:107F4000C0F342000EF0DCF9054406FB05F5214BB9
:107F50001E4805F5742505F23F25A3FB0535AD0C3C
:107F6000A36C25640BFB05FB72085B44963A9342B5
:107F700028BF1346C4E91123049B40F2E24909FBE0
:107F800003F307212365EBFB07010DA3D3E90023CE
:107F9000FFF7B6F8104B059AA8EB0008A3FB0230D8
:107FA000800A09FB00F0A0FB070105A3D3E9002329
:107FB000FFF7A6F8751B20F07F475DE7AFF3008061
:107FC0008D49FD1A0700000000CA9A3B8C49FD1A32
:107FD0007FC3C90183DE1B435917B7D100000000DE
:107FE0002DE9F04F0D460968B0F82EE0D1F8009069
:107FF0000146144651F82EAB52F8086B91F802C0B6
:10800000834691B0D0F81E00BBF822109BF81C707C
:10801000A4F808E082F802C0DBF82A206260DBF8EE
:108020003A20C4F82220ADF83C109BF83E100E9088
:1080300084F8261010AB13E9030004F122020C901F
:10804000ADF834101046052105F016FC94F82720F1
:1080500000F03F0060F3050284F827209BF83F20E2
:10806000C2F3040184F82810BBF83410E18201281F
:10807000C7F380170DD902F01F021B3202F01F0256
:108080000B2A06D889B2063989B240F67A42914263
:1080900019D90021C9F8081094F82C2061F30002C6
:1080A00084F82C200125DBF80C408BF80450504656
:1080B000594607F03FFA20682571214611B0BDE806
:1080C000F04F07F043BA2A6800215160BBF8362010
:1080D0002283B4F81680BBF832300A9340F2E242B1
:1080E000304602FB08F80BF02FF89BF83F1096F88B
:1080F000B800490961F3430086F8B8000EF0FEF8B5
:108100000B9096F8B800C0F342000EF0F9F80B9906
:10811000084408FB00F0A64900F5742000F23F2057
:10812000A1FB00104FEA5801800C9639206361636F
:108130009BF8311040F2E24201FB02F26264BBF8AC
:108140003820A6F87221414630460AF0E9FF994AE4
:108150009949C6F878114244B2FBF8F290B2A6F8F9
:108160006C01218B01F1060C604504DDC1F57F41F6
:10817000FA31014488B25946A6F8680111F81C2F5B
:10818000C907C2F3401200F10381BDF83410ABF807
:1081900023100C988BF81E704FF48071CBF81F00E1
:1081A000ABF81C10E18AABF82610218BABF8281035
:1081B000B6F87211ABF82A1096F8B8100B92C1F30A
:1081C00042018BF82C10304609F0CEFA5946A082B5
:1081D000ABF8060050466F6807F0ACF90B9AA18A1D
:1081E000D7F800A0F9801C233B71002A40F0BC8026
:1081F0003A773946504607F0A9F994F849A094F81F
:1082000048200AF0070A02F00702012150460B92AB
:108210000DF0A6FE0B9A02F003032833C2F34002CE
:10822000DB00D3400AF003022832B3F5A47FCAF37F
:10823000400A4FEAC20238BF4FF4A47322FA0AF28E
:10824000B2F5A47F2CBF9B1803F5A47303F2D513DA
:10825000DFF868A10746034459480721E3FB0A01F8
:108260004FF09613C4E903334FA3D3E90023FEF77D
:1082700047FF20F07F407060EB680A98226B40F265
:10828000E24101FB003404F2B3440221A41A0120AC
:10829000A8EB0208002205F0A1F9484609F04EF8C3
:1082A000E41B41A3D3E900230746A4FB0A01FEF720
:1082B00027FFCDF80490AB684249009120F07F4A37
:1082C000BA1C363BD2B253440121002006F026FCF2
:1082D00001285FD099F81830DB0751D4304609F0F7
:1082E00043FA364CA8FB04482FA3D3E90023834666
:1082F00041462046FEF704FFAB68334A0792A3F1DC
:108300003609324B069620F07F47A7FB0331E01A6F
:108310002F4B05934FF4F8730893736804934FF051
:10832000070303FB071168EB010100244FF47A7285
:1083300000230394FEF7E4FE0BF10305EDB2CDE953
:108340000170CDF800A04B462A460121204606F0D8
:1083500025FB10F0FD0F23D101220221104611B0A0
:10836000BDE8F04F05F03AB994F8273043F04003E8
:1083700084F82730201D0DF05BFA0122208537E7B5
:108380000023012200931846114606F091FBA5E751
:1083900000DEFAE607F062F981459BD000DE99E73E
:1083A00000DED9E7AFF300808D49FD1A0700000019
:1083B00083DE1B437FC3C901404B4C0000CA9A3B7C
:1083C0008C49FD1ADD5603002D5603008D49FD1A18
:1083D0005556030000000000F0B5C468636883B020
:1083E0000546002B40D10EF0C5FF00200EF0E6FF41
:1083F000002108460EF0D4FF0022252108200FF0AE
:108400003BF8374B019301A80FF022F8354940F2B1
:108410005B600FF0D3F8237AC3F3420262F30613D2
:10842000237220460EF0F0F827682E6838460DF0CB
:108430004FFD06446A6806F1090101200FF0E6F9D4
:108440000FF0A6FA204608F085FF811C3246C9B21B
:1084500038460DF03FFD054698B920460DF014FD55
:1084600068B9002003B0F0BD93F82C309B07BAD058
:108470001D4821460EF052FF0FF04AF8F1E700DEEA
:10848000EFE71A4A1A491B4840F2114314F092FCD4
:10849000194B0721A5FB030301FB05310EA3D3E90B
:1084A0000023FEF72DFE15490246154814F082FC04
:1084B000002585F31188BFF36F8F0323184602DF71
:1084C000104821460EF02AFF0FF022F86FF08B00C3
:1084D000C8E700BFAFF3008000CA9A3B000000006D
:1084E000D6BE898E55555500116003006C0A0400F4
:1084F000B80A0400340A04008D49FD1A000C040077
:10850000BC0A04000D6303002DE9F043C468A28A8D
:108510004FF6FF739A4283B000F0FD8006460EF0DE
:1085200099FA3389628B208C94F82710A3831A441C
:1085300092B2104480B2431C23840023638301F071
:108540003F034906E28300F1A48094F828100093C9
:1085500004F1290004F122030DF02CF90546D4E9B9
:108560000C31A26BA08BA36303FB0022E36B8A4256
:1085700094BF9B185B188B4228BF0B46626CE36369
:10858000236C94F849101A4494F82C3061F30613C4
:108590000021C4E9101294F8622084F82C3012F003
:1085A000040200F089800EF0E5FE00200EF006FFC8
:1085B000201D0EF04DFF2389A17A40F25B6043EA53
:1085C00001410EF0FBFF28460DF094FC214658486F
:1085D0000EF0A4FEA0890FF00DF994F8482094F84D
:1085E0004900C2F3C003002102F0070200F00700B7
:1085F0000FF04AF820460EF0C7FAD4F8008037682A
:1086000040460DF065FC0744726807F1090100203F
:108610000FF0FCF881460FF08FF900200FF0A6F95B
:10862000E36B94F8490003F12F02636C012100F021
:10863000070003EB42050EF05DFF4D44054494F83E
:10864000490000F00700022834D004280CBF4FF482
:10865000BC73282301211D440EF04EFF28440FF067
:108660005DF9A18A03313A46C9B240460DF032FCA9
:108670000546A8B1B37A13F002062BD000252D4889
:1086800021460EF04BFE0EF043FF284603B0BDE836
:10869000F083218D04F122020DF0CEF805465EE74D
:1086A00020460DF0F1FB00283CD10025284603B000
:1086B000BDE8F0831823CDE7D4E9130104F052FF9D
:1086C00000287FF470AF94F8623043F0040384F81C
:1086D000623068E7184A194919484FF4AC7314F02E
:1086E00069FB18480721A5FB000301FB05310EA318
:1086F000D3E90023FEF704FD13490246134814F0A2
:1087000059FB86F31188BFF36F8F0323184602DFEE
:108710006FF08B05B3E70E4821460EF0FFFD0EF01B
:10872000F7FEC2E700DEC0E700CA9A3B0000000087
:10873000A16D0300F15F0300E80A0400B80A040019
:10874000340A04008D49FD1A0C0C0400BC0A040014
:10875000116003002DE9F341002000F041FD0446C3
:1087600070B900214FF4C03017F0F4FB204814F02A
:1087700014FB204817F0F2F830B91F4814F00DFB35
:10878000002002B0BDE8F0811C4814F006FB194B34
:10879000D3F8088026464C21D8F80C301548984765
:1087A0001448D8F810306A462F219847009B73B1BF
:1087B0001E443C2596FBF5F52F1B002F0DDD0024F4
:1087C0000F48013414F0E9FAA742F9D12C460021F0
:1087D00040F6CD4017F0BEFBDDE7F7D00027641B65
:1087E00003E0084814F0D9FA0137BC42F9DCEDE7A0
:1087F0002C0D0400340404004D0D04006C0D040025
:108800009E0D0400A30D0400014B1B68184700BF18
:10881000C0020020014B1860704700BFC00200205A
:1088200030B5044685B00D4610220021684617F089
:10883000B0FC02238DF802302A46044B01932146F6
:10884000684613F0DBFE05B030BD00BF09880200AA
:1088500080B505460E461746984613F033FC03468E
:1088600001F03CFEDFF81890044649F8003042461B
:1088700030463946A84754F8090001F0CBFD00BF47
:10888000080000002DE9F047058B0446280717462D
:108890000CD501290CBF45F0100545F020052583B6
:1088A00087F31188BFF36F8FBDE8F087022905F0C9
:1088B000070540F09480204614F0A4FA052864D8F7
:1088C00001A353F820F000BFA1880200DF89020055
:1088D0008B8902004D8902006789020079890200B4
:1088E00001F007035A1F012A1FD8002221F00701B7
:1088F000062BD4F8008089B2C4E9002209D143468E
:1089000003E0628B013262831B68002BF9D141F0D6
:1089100002012183204614F075FA4FF00009002867
:108920006DD041F02001218369E0042B0AD121F0B0
:10893000070189B22183204614F064FA10B141F096
:10894000200121834FF00008C14658E02369D3F885
:108950000090238B23F0070343F0060323834FF09B
:10896000000846464BE02369D3F80490238B23F09C
:10897000070343F00403F1E72369D3F80890238B3E
:1089800023F0070343F00503E8E74FF00008C14672
:10899000E7E7012243F00803238387F31188BFF33D
:1089A0006F8F002A3BD1B8F1000F4AD1B9F1000F07
:1089B00002D02D492046C847EFF31187202383F3C7
:1089C0001288BFF36F8F238B23F008039BB223839E
:1089D000D9063FD523F01002228303F0070566690C
:1089E000218B002EBFF67CAF0023D4F8008021F04D
:1089F0000701C4E9003341F0010121839946238B2B
:108A000003F0070AAA4502D0A268002AC1D1B8F132
:108A1000000F02D1B9F1000FDAD00022BAE7A16845
:108A20000029C0D00D680029BDD04F68334652469A
:108A30002046B8471DB12B6829461D46F3E72B4653
:108A4000FAE74146334652462046D8F8008014F0F3
:108A500005FAA8E79A067FF523AF23F020022283C8
:108A600003F0070527E700BF89CE0300014B036031
:108A70000020704748070400F0B40D4B0D4E5F6AAC
:108A80000D4BB34203D36FF08500F0BC70475C68B8
:108A9000BC420AD31D6945B194F802C08488E4B28F
:108AA000A44502D12B46F0BC18472433E9E700BFA8
:108AB0008011002060090020180900202DE9F047EE
:108AC000144CDFF85480DFF8549005460E461746E4
:108AD000444503D36FF08500BDE8F0876268D9F89C
:108AE00024309A4213D3A3698BB1A9889078C9B274
:108AF000884205D13A4631462846BDE8F047184736
:108B00005279012A03D13A463146284698472434FF
:108B1000DEE700BF18090020600900208011002056
:108B20002DE9F0410B4CDFF8308005460E46174624
:108B3000444502D36FF0850009E063690BB9243422
:108B4000F6E73A463146284698470028F7D1BDE86F
:108B5000F08100BF180900206009002010B504460C
:108B600015F0D1FE10F1780F00D050B9054A20461B
:108B700014F0E4FAD2F8C43023EA0003C2F8C43097
:108B8000002010BD80110020024B00221A605A60A4
:108B9000704700BF3B12002070B50B4B0B4CA3423B
:108BA00001D3002070BD196A1E7F00220439D5B29E
:108BB000AE4201D82433F2E7013211F83250854237
:108BC000F5D10120EEE700BF180900206009002060
:108BD00073B58488E4B263060D468DF8074007D06C
:108BE0002046FFF7D9FF78B10D4B93F8BA0058B182
:108BF0000B4E204655B10FF099FCF3691BB10DF1F6
:108C0000070108209847012002B070BD0FF0B6FCA4
:108C1000F369002BF7D00DF107010920F2E700BF3F
:108C20008011002008B509480378C3F341130A33C3
:108C300050F823303BB100F1080200F110019847D1
:108C4000C043C00F08BD1846FCE700BF80110020DC
:108C500004282DE9F14FDFF8989004460F4616D00E
:108C600001282DD1DFF88C8098F8B93043B300F09B
:108C7000D9FD214D4D4520D2D5F820B04FF0000A46
:108C80002B7F5FFA8AF6B34204D82435F2E7FFF768
:108C90007BFFE7E70BEBC6060AF1010A307915F016
:108CA00032FE0246307914F049FAD8F8C430002A6E
:108CB00023EA0003C8F8C430E2DA002388F8B930A8
:108CC0000D4D4D4508D30B4B1B6A6BB13946204601
:108CD00001B0BDE8F04F1847EB681BB13A4621469A
:108CE000284698472435ECE701B0BDE8F08F00BF77
:108CF00060090020801100201809002073B58678D3
:108D00008DF80060037942791C4C43EA0223ADF8E8
:108D10000230C378304603F003038DF8043014F0BA
:108D20000DFAD4F8C430184205460BD0304600F096
:108D30005BFD3046FFF712FF17F06EF810B9962072
:108D400013F0A2F968460FF0CDFB10F1780F03D0B5
:108D500010B1002002B070BD9DF800000FF04AFC79
:108D600010F1780F01D00028F3D1D4F8C4300120DD
:108D70002B4384F8B900C4F8C430EBE7801100201D
:108D80002DE9F047A94EB36904460F4690466BB9EA
:108D9000237803F01F03012B00F0A280022B00F0C8
:108DA000078143B16FF01500BDE8F08798470028B0
:108DB000EED10020F8E794F900206178002A2FDA3C
:108DC000062910D00829D8F8002024D00029E9D19C
:108DD00001231370517096F8C3305B0043F0010318
:108DE0001370022320E16288100A011F0129054641
:108DF000D8D90728D6D8D1B2726A1478002CD1D02D
:108E00005678AE4203D1994200F0088101332244E2
:108E1000F3E7137808E196F8BA301370012303E101
:108E200001390829BED801A353F821F0C78E0200EA
:108E3000A58D0200D78E0200A58D0200518E020082
:108E4000A58D0200A58D0200A58D02005F8E020097
:108E50006088C0B20FF034FB0028AAD0A2E7638874
:108E60003BB1FF27756A0020B8462B786BB9002804
:108E700098D0FFF789FE638886F8BA30F369002B33
:108E800097D06B490320984793E76B78042B0DD05C
:108E9000052B0ED0022B06D16F796388BB4208BF29
:108EA00040F00100C0B22B781D44DEE795F8038046
:108EB000F9E76388BB42F6D1B8F1000FF3D1284639
:108EC000FFF71CFFEFE76388012B7FF46BAF0023F4
:108ED00086F8C3306DE76388012B7FF463AFF7E753
:108EE00096F8BA30002B3FF45DAFA388756A5FFA3D
:108EF00083FC2A46117800293FF454AF50780228A9
:108F000004D192F804E0E64500F294800A44F1E7C7
:108F10000A704A7038604CE7154499E00B2A7FF4D8
:108F200041AF00274FF0FF08C146BA4606E06B7814
:108F3000042B0FD0052B21D02B781D442B78002B30
:108F4000F5D1F36913B1514607209847002F7FF4FC
:108F500030AF27E795F80280A38895F803909845ED
:108F6000EAD163889945E7D1B8F1070F1DD806EB20
:108F70000803AA4683F8BB900127DDE7A388434591
:108F8000DAD16388DBB24B450AD0AF78384600F0BF
:108F90002BFC3846FFF7E2FDB0FA80F77F09CBE7FC
:108FA0002846FFF7ABFE0746C6E7AA460027C3E7F9
:108FB00094F900206378002A1ADA002B7FF4F2AECD
:108FC000A388DDB25B060AD02846FFF7E5FD00283E
:108FD0003FF4E8AE96F8BA30002B3FF4E3AED8F891
:108FE0000040284621460FF0E9FA00236370F8E6B6
:108FF000012B08D0032B7FF4D5AE6388002B7FF4C0
:10900000D1AE012103E0618800297FF4CBAE204678
:10901000FFF7DEFD00287FF4CCAEC3E60228C8F8D7
:1090200000207FF4F6AE53883B60C2E6801100203A
:109030003A12002094F9001062780029BFF66EAF52
:10904000D8F80010002A3FF463AF0A2A7FF4AAAED2
:109050002A78002A3FF4A6AE687804287FF45CAF33
:10906000A87883427FF458AF072B96BF9B19002343
:1090700093F8BB300B70D1E613B5164C237DF3B9D2
:10908000E268A168019201AB802014F065F8019AB2
:10909000A3681344A360E3689B1AE3606BB962B1F1
:1090A0002369E2889A4208DD94F8C82093FBF2F124
:1090B00002FB11330BB90123237502B010BD00234D
:1090C0001A4619468020237502B0BDE810400FF003
:1090D000BBBA00BF8011002030B585B00023024626
:1090E0000D460193002858D1002935D108220B469E
:1090F0000DEB020115F020FC002804DA80200FF0AF
:1091000015FA05B030BD2A4C029A2260039A6260BB
:1091100004F13802A2609DF90820BDF80E302575D3
:10912000002AC4E903550ADB802B04D980200FF004
:10913000FDF90020E3E713B1C4E90333E1E7FFF7EA
:1091400071FD0028DAD0E28823699A42D4BFE26038
:10915000E360FFF791FFD4E7154CD4E90215002D29
:1091600001AB04DC15F0E8FB0028CADAC6E72A46A2
:1091700015F0E2FB0028D9DB019AA3681344A36031
:10918000E3689B1AE360002BBBD104F13803A360B2
:10919000FFF748FD0028DCD1B0E78028B1D1044BAF
:1091A000DA68002AD5D11B7D002BD2D1A9E700BFF8
:1091B00080110020054B064A9A62064ADA62064A86
:1091C0001A63064A58629A61002070478011002095
:1091D000818D0200798A0200218B0200BD8A020083
:1091E0002DE9F3410446454D45484FF0FF334FF01C
:1091F000FF3212F003F995F8B830002B78D16E6A7F
:1092000076B900F0CBF8FFF7D5FF6E6A46B94FF09C
:10921000FF343B4812F064F9204602B0BDE8F0810B
:1092200038482C62E8610FF023FB0FF01BF9041E95
:10923000EFDB00F019FB041EEBDB7378012B5AD136
:10924000F379002B57D00026684685F8C830ADF872
:1092500002308DF804608DF800600FF043F9041EB1
:10926000D7DB802768468DF800700FF03BF9041EAD
:10927000CFDB254930460FF0E7FA041EC9DB22494F
:1092800038460FF0E1FA041EC3DB204CDFF8808083
:1092900044451AD300200FF0ADF9041EB9DBD5F810
:1092A000C430802043F00103C5F8C4300FF0A2F9A8
:1092B000041EAEDBD5F8C43043F48033C5F8C430A7
:1092C000012385F8B8300024A3E7276A0026227F0F
:1092D000F3B29A4201D82434DAE707EBC30257F815
:1092E000331010790FF0B0FA01360028EFD08EE776
:1092F0006FF077048DE76FF015048AE78011002086
:10930000E0060020518C0200D990020018090020CC
:109310006009002030B51F4B8BB005AA03F1100582
:1093200018685968144603C40833AB422246F7D183
:109330001B78237001AC10220021204616F029FF73
:1093400012220021144816F024FF1021204615F0A7
:1093500006FC00281ADD0828B8BF082009380E4A84
:109360000444002114F8013F0AA800EB131003F095
:109370000F0328336B44013110F8140C13F8143C1C
:1093800010700829537002F10202EBD102480BB0B1
:1093900030BD00BFA80D0400693200202DE9F04F58
:1093A000724B93F800B087B0BBF1000F03D0704848
:1093B00007B0BDE8F08F6E4C00264FF0011AB046A2
:1093C0003546B14623783BB96A4B02349C42F3D10F
:1093D000664A01231370EAE76378052B05D8DFE8B6
:1093E00003F08F07038F1F3BA14623781C44E9E756
:1093F000402304A88DF810B0ADF812308DF814B0E9
:1094000015F06DFA40B1082304A8ADF8123015F03C
:1094100066FA08B1ADF812B0BDF81230E371E4E7B6
:10942000E378002BE1D1A3786BB108F101085FFA72
:1094300088F8DAE76B689C4207D024354E4B9D4292
:10944000F8D30020B4E74D4DF8E7AB68002BECD023
:10945000414620469847E8E7002DF2D000222B7FB6
:109460009A42EED2296AA07801EBC2010B799842A8
:1094700044D10127E07800F003008DF81400207932
:1094800094F805C040EA0C20ADF8120094F90200EF
:109490000028FBB228DA07F110004FF0010C0CFA9B
:1094A00000F010EA0A0F26D143F080008DF810007A
:1094B00004A8CDE90213019215F011FADDE90121AA
:1094C000039BC0B99DF81020A27012F0800F18BF46
:1094D00010330A7118BFDBB24FF0010214BF9A407B
:1094E000BA404AEA020A80E70120B84010EA0A0FAF
:1094F00001D11846DAE70137102FBBD10132AEE7B0
:10950000032E1AD1FFF706FF074650B1FDF712FEF2
:10951000024630B11028A8BF10223946A01C16F010
:1095200011FE23786FF002011A19091B04EB530393
:10953000D14213D50136F6B257E7002EF1D1B9F179
:10954000000F3FF47EAFA4EB090389F80230C3F3A8
:10955000072389F8033089F80480EBE702F801BC9F
:1095600013F8010902F8020DE2E700BF683200209B
:10957000300800201509002060090020180900208B
:1095800010B5094B00211A461C78844204D15C684E
:1095900014B102EB811010BD0131042903F1400325
:1095A000F2D10020F7E700BF4C1200202DE9F34173
:1095B00050F8283C10F82C6C103304460AD103698B
:1095C00050F8202C980736D5D2B9590715D5002365
:1095D00044F8283C54F8283C10330BD054E9077564
:1095E00054F8148C16F018FC00284FD02E48214651
:1095F00016F0C8FB02B0BDE8F08143F0040323611C
:1096000054F8241C01AB304613F0A6FD10B16FF0E6
:109610001503DDE7019A54F8243C134444F8243C34
:1096200054F8203C9B1A44F8203C54F81C3C13444A
:1096300044F81C3CCEE754F8241C01AB30460FF034
:1096400079F80028E3D1019D54F8243C2B4444F8D8
:10965000243C54F8203C5B1B44F8203C54F81C3C50
:109660002B4444F81C3C002DB1D030460FF006F9D5
:10967000B5FBF0F303FB1055002DA8D154F8203CA6
:10968000002BA4D030460FF09DF8A3E744F8180C47
:10969000A4F1100011F0A6FF002DABD042463946D0
:1096A0003046A847A6E700BF600900204B1E012BEB
:1096B00073B506460D460FD8FFF762FF044668B93A
:1096C000012D09D101AB01220DF1030130460FF04C
:1096D00031F8019B002BF5D102B070BD16F09CFB58
:1096E00004F12C0108B1012D05D1084602B0BDE8F6
:1096F0007040FFF75BBF034802B0BDE8704016F052
:1097000041BB00BF600900202DE9F74F06460191DB
:109710001546984613F068FD044600285BD1EFF328
:10972000118A202383F31288BFF36F8FDFF8ACB068
:1097300000220023584611F089FF70B9DFF8A0908D
:10974000A70109EB8414636813F1100F14D101937E
:10975000584611F047FF019B06E00134042C0BF141
:10976000400BE5D16FF00B038AF31188BFF36F8FC5
:10977000184603B0BDE8F08F019B2061C4E90235B3
:109780000C9B63610D9BA36130466FF00F0309F8DA
:109790000760C4F83C8063600FF070F858B1304641
:1097A0000FF06CF8B5FBF0F303FB10551DB1E36B44
:1097B00043F00403E36318F0020F07D007F12C0114
:1097C0000848494416F0DEFA0023CDE730460EF093
:1097D000F9FF0346C8E76FF00F03C9E768120020DE
:1097E0004C1200206009002010B5EFF311842023F3
:1097F00083F31288BFF36F8FFFF7C2FE50B1436847
:10980000103307D16FF08B03436000F12C01044843
:1098100016F0B8FA84F31188BFF36F8F10BD00BF44
:1098200060090020F8B50E4C04252027EFF31186BF
:1098300087F31288BFF36F8F6368103307D16FF01F
:109840008B030848636004F12C0116F09BFA86F341
:109850001188BFF36F8F013D04F14004E6D1F8BDDC
:109860004C1200206009002038B5094C0025094938
:10987000204616F06BFA0122A4F1100011460135C2
:1098800016F0DCF9042D04F14004F0D1002038BDBD
:1098900078120020AD9502000169012381F84B3058
:1098A0000B6833B191F849301BB10248083116F00A
:1098B00069BA7047600900200169012381F84A30C4
:1098C0000B6833B191F848301BB10248083116F0EB
:1098D00059BA70476009002070B50569EFF3118629
:1098E000202383F31288BFF36F8FD5F8900013F015
:1098F000E2FB044686F31188BFF36F8F30B1044852
:109900000022002305F1180112F096F8204670BDE0
:109910006009002070B5012382F8483013680D46B5
:1099200014463BB192F84A3023B10E4802F10801C7
:1099300016F028FAD4F890305A89DB889A4205D17B
:109940007DB904F1180140F6CD4204E004F118019C
:10995000002DF8D00022BDE870400248002312F02C
:109960006BB870BD6009002070B50E468188044652
:10997000C9B21548154613F013FC10B394F9002032
:109980006378002A16DB202B04D0222B0ED06FF038
:1099900085000AE02B681A6840F8102C9A8820F895
:1099A0000C2C9B7900F80A3C002070BD638800F8FD
:1099B000093CF9E7212BEAD11038072328603360EE
:1099C000F2E76FF01200F0E75013002008B50146EF
:1099D000034813F0F3FB10B1012300F8073C08BD66
:1099E000501300200D4A03460021A0F848101068CB
:1099F000C3F8940090889279A3F8980083F89A208D
:109A000083F89C1083F89B10A3F89E1083F8A01095
:109A1000402203F14C0016F0BCBB00BF300704002D
:109A200010B504690023C4F8A8300C4BC4F8A40096
:109A3000596804F1A80269B9C3E9002204F10800D9
:109A4000074916F083F904F11800064916F0C5F924
:109A5000002010BD0A605A60F0E700BF50130020DC
:109A600013D20300319B020030B54FF4003342683B
:109A700005690D4C85B042F2A100CDE90103002338
:109A800085F89D30106AADF80C1000790A2201A902
:109A900013F062FB95F89D3023B9012015F042FFC9
:109AA000013CF7D105B030BDA186010073B5046952
:109AB0008DF80710002384F848302025EFF3118635
:109AC00085F31288BFF36F8F0122D4F890000DF157
:109AD000070113F0F0FA86F31188BFF36F8F0128A6
:109AE00010D016F099F9B0B10F4BBFF35B8F012284
:109AF00053E8001F002903D143E800200028F7D1D4
:109B0000BFF35B8F2122002304F11801074811F0F5
:109B100093FF02B070BD94F8A130002BE4D0002177
:109B2000212016F017FAC9E74C1300206009002025
:109B3000F0B5D0F88C305B681B6A1F7D85B0054698
:109B4000384613F051FB064650BB95F886303BB3C0
:109B5000A86F0146C38831F80A2F9B1A9BB2B3F550
:109B6000806F28BF4FF4806303AA13F055FA0446B0
:109B7000B0B18306A5F1180308BF00F1FF3485F8E2
:109B800030600193074B0399009322460223384625
:109B9000FFF7BAFDA86F224600F10A0113F072FA2E
:109BA00005B0F0BD1599020037B514460A1E0546EA
:109BB00021DDD4F88C0004F14C0113F07CFA012370
:109BC00084F8493023683BB194F84B3023B11148F5
:109BD00004F1080116F0D6F8D4F88C209388918906
:109BE00012695B1A9BB2D31A3F2B04D8012384F865
:109BF000A03003B030BD94F89E30002BF9D0064B56
:109C0000009301940123402204F14C012846FFF700
:109C10007BFDEEE760090020A99B020073B50D46AD
:109C200001461D4813F0B0FA044610B3691EA0F1B6
:109C3000A40605291DD8DFE801F01E1C031E2428F8
:109C400010F8061CA9B903685D68012300F8063CFA
:109C50002B6A3246187BFFF7A7FF14F85C2C42B939
:109C60002B6A187D0D4B0093019602231146FFF7D6
:109C70004BFD02B070BD304602B0BDE87040FFF74A
:109C8000B1BE012304F8053CF3E710F8053C002BB6
:109C9000EFD00023F6E700BF501300201599020013
:109CA00013B500240749084800944FF0FF334FF4E0
:109CB000806211F081FE0549034816F0B3F8204692
:109CC00002B010BDC032002060090020DA0D04008F
:109CD00010B5DFF824C086B04FF42814CDE904C4D1
:109CE0000824029404AC0194BDF82040009414F0C0
:109CF00009FC06B010BD00BF1800280008B50348D5
:109D0000034A0021121A13F0ACFB08BD60090020C1
:109D1000BC3200200748084A084908B5121A13F057
:109D2000A2FB0748074A0849BDE80840121A13F089
:109D30009ABB00BF0000002060090020201404002E
:109D400000000020000000202014040038B5054663
:109D50000C4699B1D1E901230F48096813F01DF8A9
:109D6000D4E90423E1680D4813F017F8E1690C48C1
:109D700013F013F8A1690B4813F00FF8012D05D16A
:109D8000EFF305810848103913F007F821462846FB
:109D9000BDE8384011F0B0B9E30D0400130E040023
:109DA000430E0400530E0400820E040030BFFFF780
:109DB000FDBF00BF2DE9F0410B4EDFF8308006EB10
:109DC0000807CC1B054632460949204616F0BAF969
:109DD000A01942460021083C16F0DBF92C6707F178
:109DE0000800BDE8F08100BF000000000400000092
:109DF0001C0704002DE9F843324D8046324889465D
:109E0000174612F0CAFFAB6ADE0622D52F4812F0C1
:109E1000C4FF1124AB6A1D0703D52D4812F0BDFF06
:109E20001224284DAB6A980715D52A4812F0B5FFC1
:109E30006E6BAB6A190642D52748314612F0ADFF6A
:109E4000B9F1000F03D0AB6A23F08003AB62132497
:109E500003E01024DEE76FF015061A4DAB6ADA074F
:109E600003D51E4812F099FF1424AB6A9B0603D554
:109E70001B4812F092FF1524124B9A6AD50602D4A1
:109E80009A6A90070AD55B68190507D5414630469E
:109E900000F076FA10B180F309880224094B9A6A1F
:109EA000920642BF5A6A22F400525A629A6A42F0FB
:109EB000FF029A6200233B702046BDE8F8836FF0F2
:109EC0001506C4E700ED00E0960E0400AD0E040098
:109ED000E10E0400F50E04000E0F0400250F04002F
:109EE000450F040010B51D4C1D4812F056FFA36A23
:109EF000990130D51B4812F050FF1E20A36ADA01E9
:109F000003D5194812F049FF1F20144CA36A1B0304
:109F100003D5164812F041FF2120A36A590303D547
:109F2000134812F03AFF22200C4CA36A9A0303D57F
:109F3000104812F032FF2320A36ADB0303D50E483A
:109F400012F02BFF2420054A936A6FEA03436FEA5D
:109F50001343936210BD1D20D0E700BF00ED00E069
:109F6000750F04008E0F0400A20F0400BD0F040043
:109F7000DC0F0400021004001D10040070B5244C16
:109F8000064624480D4612F008FFA36AD90435D5C9
:109F9000214812F002FF1720A36A1A0503D51F48B3
:109FA00012F0FBFE18201A4CA36A9B050FD51C4823
:109FB00012F0F3FEA16BA36A180407D5194812F03A
:109FC000ECFE1EB1A36A23F40043A3621920104CD7
:109FD000A36A590503D5144812F0DFFE1A20A36ABC
:109FE000DA050DD5114812F0D8FE1B20084A936AF5
:109FF00043F47F43936200232B7070BD1620CBE7A0
:10A00000A36A9B04F2D50A4812F0C7FE1C20EDE7B4
:10A0100000ED00E04910040060100400E10E0400AF
:10A02000721004008C100400A2100400BE10040082
:10A03000450F04002DE9F0415D4B5F688AB004468E
:10A04000C7F30806002585F31188BFF36F8F02F070
:10A050007F43B3F17F4F06D102F00C03082B13D1DD
:10A06000544812F09AFE00252C464FF00008F31ECB
:10A070008DF80780092B00F28C80DFE803F00A805E
:10A08000847C8A8A8A8A8A8810074CBF0C460125FC
:10A09000EBE74948464E12F080FE8DF80780F36AE0
:10A0A0009A0704D5454812F078FE00232AE0F36AA7
:10A0B000002B01DA4248F6E7F36A5B00F5D5414828
:10A0C00012F06BFE7369A26943F480737361BFF38E
:10A0D0004F8FBFF36F8F32F8023C726922F48072A7
:10A0E0007261BFF34F8FBFF36F8F03F47F42B2F5FE
:10A0F0005F4F27D1DBB2022B24D12168324812F006
:10A100004CFE23689DF80720CAB902AE04F120076F
:10A1100020686168324603C20834BC421646F7D153
:10A12000099A002D41D0C2F3080121B96FEA5222E9
:10A130006FEA4222099202A91846FFF707FE0AB009
:10A14000BDE8F0811A4B9A6AD2B232B10DF1070222
:10A1500001212046FFF74EFE0FE09A6A12F47F4F6E
:10A1600005D00DF107010120FFF708FF05E09B6A0C
:10A17000B3F5803F99D3FFF7B5FE0346C2E70DF173
:10A1800007020021E5E70DF107010020ECE70F4889
:10A1900089E70F4B0F49104817F4F87FA6F110021A
:10A1A00008BF194612F0F9FD7FE76FF30802C1E717
:10A1B00000ED00E005110400311104004911040014
:10A1C0006B1104007A1104009A110400B711040005
:10A1D000D7100400EC100400DC110400044B5A6991
:10A1E00042F010025A615A6922F008025A6170471F
:10A1F00000ED00E0EFF30880EFF3098101B572464E
:10A20000FFF718FF01BD00BF0B4880F3088810F06E
:10A210000FFB202080F3118808484FF40461401898
:10A2200080F30988EFF314800221084380F3148837
:10A23000BFF36F8F00F06CF8005300204045002002
:10A240001EF0040F0CBFEFF30880EFF30980816963
:10A2500011F8021C0229FFD001B5724613F005F96E
:10A2600001BD00BF40B2002807DB044A41090123B9
:10A2700000F01F00834042F82130704700E100E009
:10A2800040B200280CDB4309064900F01F002033D0
:10A290000122824041F82320BFF34F8FBFF36F8F1D
:10A2A000704700BF00E100E0054B420900F01F00CD
:10A2B00053F82220012303FA00F01040704700BF3A
:10A2C00000E100E040B20028A8BF00F1604001F1C9
:10A2D0000101B8BF064B4FEA4111ACBF00F5614028
:10A2E00000F00F00C9B2B4BF195480F800137047D2
:10A2F00014ED00E0044B054A23F07F039360BFF3A5
:10A300004F8FBFF36F8F70470070020000ED00E0C9
:10A3100008B5FFF7EFFF0B4AD2F8883023F470033B
:10A32000C2F88830EFF3148323F0040383F3148816
:10A33000BFF36F8FFFF7E2FCFFF7ECFC00F0B0F823
:10A3400010F0A2FF00ED00E042F8203C009B42F834
:10A350001C3C0A49019B42F8183C029B42F8143C01
:10A3600021F001014FF0807342F8043C42F8081CD0
:10A370000023203A02654367704700BF51880200FE
:10A38000094A0346906870B113F1160F006E05D0AC
:10A39000A0F14002934205D3834203D2814228BFF9
:10A3A00000207047002070471C32002008B5154679
:10A3B0000B4A0C4B9060026F1A600E4600F0A0F83A
:10A3C0002C4686F309880020034B9847204600213D
:10A3D00000220023014C20478FD403005188020043
:10A3E0001C32002058130020014B10221A617047C4
:10A3F00000ED00E0054B5A699B689A421FBF044A72
:10A40000536843F080535360704700BF1C320020F4
:10A4100000ED00E0084B9B6883420BD1EFF305830E
:10A4200043B1064B5A6842F080525A605A6A22F48D
:10A4300000425A6211F04CBE1C32002000ED00E0D8
:10A4400014498A684FF030001044EFF3098C80E81B
:10A45000F01F202080F31288BFF36F8F0E4F4FF054
:10A4600000664A698A603E60106F0C4C2060506F35
:10A470000023536780F3118804B5104600F040F8BC
:10A48000BDE8044002F1300090E8F01F8CF3098829
:10A49000704700001C32002004ED00E0581300203B
:10A4A000044800232021C2180133302B82F8001306
:10A4B000F9D1704700E100E008B5EFF30583064AE3
:10A4C000103B02EBC30152F8330049688847BDE8EE
:10A4D0000840FFF78FBF00BF500404000148006828
:10A4E0007047000058130020024B034A0348012123
:10A4F00000F076B80000042000000020D40704001B
:10A50000036E054A403B1360044B4021C2E901132E
:10A510001046012100F06EB85C13002000000B15FE
:10A52000084AC2F898000B6823F01F03034343F066
:10A530001003C2F89C308B6843F00103C2F8A030CE
:10A54000704700BF00ED00E02DE9F043DFF86080C8
:10A5500085B00E461F4604464FF00009B14523DA88
:10A560006068D8B13FB1411E08421BD11F2819D9DC
:10A570002368194216D12368019312F0ABFFA36838
:10A5800003430393D8F89050C5F30725D0B2013D9B
:10A59000A84207D801A9FFF7C3FF421C09F101092E
:10A5A0000C34DBE76FF01502104605B0BDE8F08310
:10A5B00000ED00E0044B0522C3F89420BFF34F8F59
:10A5C000BFF36F8F704700BF00ED00E0BFF35F8FF8
:10A5D000024B0022C3F89420704700BF00ED00E05A
:10A5E00010B5034C01232278FFF7AEFF207010BD99
:10A5F0007B32002008B50B4A00231278FFF7A4FF36
:10A6000010F1160F07D0084A0021D2F89030C3F39A
:10A610000723984200DB08BDC2F89800C2F8A010DA
:10A620000130F2E77B32002000ED00E02DE9F0433D
:10A630005A4B5B4DD3F890302C68C3F307239C42F0
:10A6400085B000F2A780FFF7C1FF00200C268442EE
:10A650001AD1544EDFF8449134706846FEF706FA7A
:10A66000514C524D80460027B84514D133784B49A0
:10A670000020D1F89020C2F307229342C0F28480D8
:10A68000FFF798FF002045E0696806FB0011FFF71F
:10A6900047FF0130DBE7009800EB07114FEA071C8A
:10A6A000CB682340B3F5000F4DD00AD8B3F5001F97
:10A6B00033D0B3F5800F3BD0B3F5801F13D00137F3
:10A6C000D2E7B3F1007F47D0B3F1805F4DD0B3F153
:10A6D000807FF4D150F80C3088684A6812F0FAFE96
:10A6E00040F0887009E050F80C3088684A6812F031
:10A6F000F1FE40F0885040F43020CDE90123039072
:10A70000D9F890303078C3F30723013B984234D90D
:10A710006FF0150005B0BDE8F08350F80C30886884
:10A720004A6812F0D7FE40F0885040F40020E4E779
:10A7300050F80C3088684A6812F0CCFE40F0C060D7
:10A7400040F40030D9E750F80C3088684A6812F0BD
:10A75000C1FE40F08270D0E750F80C3088684A683B
:10A7600012F0B8FE40F48020C7E750F80C3088683B
:10A770004A6812F0AFFE2843BFE701A9FFF7D0FEF9
:10A780003378013333709AE7C1F89830C1F8A000EC
:10A7900001336EE74FF0FF30BCE700BF00ED00E093
:10A7A000E00704007B3200200000F0FF00000211EF
:10A7B00008B5024B1B689847002008BD68130020AD
:10A7C000034B044A1860937843F002039370704778
:10A7D000681300205C03002008B50649064821F0F4
:10A7E0000701C1F1005202F5802212F093FA002015
:10A7F00008BD00BF2F7400206C13002070B54169A4
:10A80000867A0B4D044659B1437ADB0706D42423DC
:10A8100003FB0653DB691B689B6898470023636151
:10A820002420214600FB0650BDE8704015F0FCB91D
:10A8300034070020024B242202FB0030704700BF87
:10A8400034070020827A064B242101FB02331A6A66
:10A850001B7D1B33801A23F00303B0FBF3F070471A
:10A860003407002038B5074B827A242404FB0233D6
:10A87000DB69D3E901240C601568FFF7E3FF04FBF3
:10A88000005038BD340700202DE9F04385B005465F
:10A890006846039190461C4615F007FCDDE9006709
:10A8A000EFF31189202383F31288BFF36F8F6B8A34
:10A8B000002B41D02A8A9A4225D90022002328461B
:10A8C00010F05EFE0446F0B189F31188BFF36F8F7C
:10A8D000039B002B41D032463B46684615F00AFCEC
:10A8E000A27A264B242101FB02332046DB691B6838
:10A8F00003A91D68DDE90023A847606170BB2046FD
:10A90000FFF77CFF24E0698A4B1E6B8289F3118874
:10A91000BFF36F8F2B7D2A8A2C6A1B3323F003032E
:10A92000521A02FB0344154B154AEB1A9B10534372
:10A93000A3722B7DE372CBE789F31188BFF36F8F8E
:10A9400023464246284610F01BFE04460028BFD18D
:10A950000024204605B0BDE8F08363610123002593
:10A960002381039B6382E27A6560294604F1180023
:10A9700015F00FFC63692582E360EAE734070020E5
:10A98000398EE33870B50D4C242500B970BD037ABB
:10A990004668002BFAD0013BDBB20372002BF5D1E5
:10A9A000C3604360837A05FB03439B6913B19847F7
:10A9B0003046EAE7FFF722FFFAE700BF340700203E
:10A9C0000C4B0122C3F840254FF080434FF08051DB
:10A9D000C3F87825D1F83001082805D1D1F8341111
:10A9E000022908BFC3F838260122C3F880250020B9
:10A9F000704700BF00E0014048B1054B054A1B68A5
:10AA0000B3FBF2F35843044B43F00103184770477C
:10AA10004806002040420F004007040008B5054AE0
:10AA2000054B136010463C2353600FF0D7FF002006
:10AA300008BD00BF781300203FC00F0030B5037879
:10AA4000012B11D0022B21D06BB9154B0A4603F113
:10AA5000100453F8045B42F8045BA342F9D1438825
:10AA60001A0A8A70CB7030BD0D4B0A4603F11004F0
:10AA700053F8045B42F8045BA342F9D143681A0C13
:10AA8000180E4A700870C3F30722EAE700F11003BA
:10AA9000013913F8012901F8012F9842F9D1E2E7B1
:10AAA000D213040010B512F014FE15F0B5F90446E7
:10AAB00008B911F025FABFF35B8F064B1B68BFF393
:10AAC0005B8F0BB10A2098471CB9BDE8104011F00C
:10AAD0002BBA10BD8013002038B50446084812F088
:10AAE00014FD054648B1631EDBB21F2B96BF054A15
:10AAF0000021D15C0C3012F058FD284638BD00BF53
:10AB0000E8070020E21304000F2810B50CD80D2828
:10AB10000CD90A4812F0F9FC044618B104210C3093
:10AB200012F043FD204610BD1328F2D009B10448AD
:10AB3000F0E7BDE810400220FFF7CEBF0C08002070
:10AB40007C07002010B586B003AB002400930749B2
:10AB5000074805944FF0FF334FF48062CDE903447A
:10AB600010F02AFF204606B010BD00BF00370020BD
:10AB7000000A00202DE9F047884616468246002844
:10AB800070D0BFF35B8FDFF8E090002359E8004FEF
:10AB900049E80032002AF9D1BFF35B8F002C61D065
:10ABA0002046FFF74FFE314D0C2303FB0050274694
:10ABB0004388534511D0BFF35B8F59E8003F49E804
:10ABC0000072002AF9D1BFF35B8F002B4AD01F46D9
:10ABD0003846BDE8F047FFF7D5BEA64208D020466C
:10ABE00012F08EFC328AF16804F10C0012F0D4FCF1
:10ABF0002046FFF727FE0C2606FB00504368ABB14A
:10AC0000B8F1000F12D12046FFF71CFE06FB0050E2
:10AC100001214268536803F01F00814010685B09FE
:10AC200000EB8300137ACBB112F0AFFD2046FFF7A3
:10AC300009FE0C2606FB00508368002BC8D0204676
:10AC4000FFF700FE704305F800802046FFF7FAFD8D
:10AC500006FB0055A86810F0C5FCB9E7C94312F01F
:10AC6000A3FDE3E7BDE8F0879002002084130020F5
:10AC7000094BBFF35B8F1A68BFF35B8F02F00B02C7
:10AC8000BFF35B8F53E8001F43E800200028F9D191
:10AC9000BFF35B8F704700BF34020020F8B5024657
:10ACA0000B46104812F031FC0446C0B104210C30B0
:10ACB00012F061FC2046FFF7C5FD0B4D0C2707FB8A
:10ACC0000050002646802046FFF7BCFD07FB0050E1
:10ACD00086602046FFF7B6FD07FB00556E602046F4
:10ACE000F8BD00BFC407002084130020034B0146B9
:10ACF000D3F84C0182689268104700BF60010020C1
:10AD00000148042112F041BD340200200048704780
:10AD10007E1204000149024815F034B8FC030020FB
:10AD2000000A002070B505460C4639B1CB684A6967
:10AD30009B1A032B0ED86FF0150509E04FF0FF307A
:10AD40004FF0FF31FFF7AAFF044618B96FF068050E
:10AD5000284670BD2046FFF775FD144B0C2202FB00
:10AD60000033A618032130465D8012F026FC0580D2
:10AD7000238A033B83700121304612F026FC40F603
:10AD800035439D4209D12046FFF7B0FF0546002814
:10AD9000DED02046FFF7F6FDDAE70548214614F03D
:10ADA00038FF0025FFF7B6FFD2E700BF841300206D
:10ADB0009C0200202DE9F043064685B017460C465C
:10ADC00069B94FF0FF304FF0FF31FFF767FF0446DE
:10ADD00058B96FF06805284605B0BDE8F083887A59
:10ADE000FFF728FD304B834258D1012200216846ED
:10ADF00014F024FF2046FFF725FDDFF8B0900C2368
:10AE000003FB0090C0F808D0204612F082FB0146F8
:10AE10003046FFF787FF054618B12046FFF7B2FD21
:10AE2000D9E74FF4A0220023684610F00FFC8046BB
:10AE300090B14FF4F1731E4A1E491F4811F0BAFF3A
:10AE40001E484246314611F0B5FF85F31188BFF325
:10AE50006F8F0323184602DF2046FFF7F3FC0C2315
:10AE6000584319F80060AEB12046093EFFF78AFD4D
:10AE7000092E0CD8DFE806F0050B0B08150B0B0BA1
:10AE80000B126FF06E05A6E76FF00C05A3E76FF0ED
:10AE90000405A0E7002FC0D03C609CE76FF01505CB
:10AEA00099E76FF00B0596E7C40700208413002094
:10AEB000FF11040082120400611204008B120400CE
:10AEC000F7B50022114640F60340FFF773FF044632
:10AED000002853D1FFF7CCFE214601AA41F203001E
:10AEE000FFF768FF0446002848D1019ABD4DD1689C
:10AEF000D1F80100D1F8051005F1780303C310461D
:10AF0000FFF740FD214601AA41F20100FFF752FF81
:10AF1000044698BB0198C3685A7885F870205A880F
:10AF2000A5F872201A7985F87120B3F80720A5F8E2
:10AF30007420B3F80530A5F87630FFF723FD2146DD
:10AF400001AA41F20200FFF735FF0446B0B9019FA4
:10AF5000FA6805F18006531C413218685968344676
:10AF600003C4083393422646F7D13846FFF70AFD5B
:10AF700095F87C305E0604D46FF01204204603B0CE
:10AF8000F0BD01AA002142F20300FFF713FF0446BF
:10AF90000028F3D1019B944EDA68D2F80100D2F870
:10AFA000051003C61846FFF7EDFC214601AA42F240
:10AFB0000200FFF7FFFE04460028DFD1019CE36892
:10AFC000B3F8012091B249B1D97839B1A5F8FC2084
:10AFD000DA78114606F1200014F030FE2046FFF723
:10AFE000D1FC95F87C601F2316F02006A5F81031DF
:10AFF00019D14FF0FF304FF0FF31FFF74FFE0446FD
:10B00000002800F0EC8002210C3012F0BFFA01237E
:10B01000037046702146324640F66D40FFF7CAFE87
:10B0200004460028AAD195F89C301C0712D501AA25
:10B03000002142F21C00FFF7BDFE044600289DD10E
:10B040000198C368D3F80120D3F80530C5E9382347
:10B05000FFF798FC4FF0FF304FF0FF31FFF71EFE77
:10B060000446002800F0BB8008210C3012F08EFA54
:10B0700095F8D83095F8D92013F0020F14BF2F237C
:10B080000F2312F0090F18BF43F40063002203706E
:10B090001B0A43708270C270027142718271C27168
:10B0A000214642F20100FFF785FE044600287FF4A6
:10B0B00065AF95F87C30B5F8FC1098067BD4C9B91B
:10B0C00001AA41F20500FFF775FE044600287FF44F
:10B0D00055AFB5F8FC30019C4BB9E368B3F80120DB
:10B0E000A5F8FC209A884148114614F0A7FD204697
:10B0F000FFF748FC4FF0FF304FF0FF31FFF7CEFD78
:10B10000044600286BD008210C3012F03FFA1023BF
:10B1100003708823437002230022C37020238270AF
:10B12000027142718271C371214640F60140FFF7FE
:10B1300041FE044600287FF421AF014601AA4FF6E4
:10B140000140FFF737FE044620BB0198FFF71AFCC9
:10B15000214601AA4FF60240FFF72CFE0446C8B96B
:10B160000198C368B3F80130A5F8C130FFF70AFCB5
:10B1700095F8C1305A070DD501AA21464FF6034074
:10B18000FFF718FE30B90198C3685B7885F8C030C6
:10B19000FFF7F8FBEB799BB900F042FA0446002870
:10B1A0007FF4ECAE00F0BCFD044600287FF4E6AE70
:10B1B000FFF7A6FDE2E600299CD16FF00404DDE66E
:10B1C0002E78002EE8D195F8C1309B0624D54FF09B
:10B1D000FF304FF0FF31FFF761FD044640B96FF0DB
:10B1E0006804CBE6600100203802002060020020E5
:10B1F00006210C3012F0CAF9D5F801300360084B73
:10B200009B888380214632464FF60640FFF7D2FDE9
:10B2100004460028C0D0B1E66FF08504AEE600BF5A
:10B220006101002010B5FFF74BFE034B1B6813B103
:10B23000BDE81040184710BD9C13002038B510F031
:10B240005FFE284DD5F83C31002B48D0002200236A
:10B2500005F5907010F0FAF9002840D10022002383
:10B2600005F59E7010F08CF9044668B91E4A1F4916
:10B270001F4840F6AA4311F09DFD84F31188BFF3E7
:10B280006F8F0323184602DFD5F8300120B1FFF796
:10B2900079FB0023C5F83031204612F03AF9C5F8A1
:10B2A00030012046FFF722FD98B1124810F09AF9BC
:10B2B0002046FFF7C7FA104B0C2202FB00301F217B
:10B2C00040882246FFF756FC2046FFF75BFBFFF75E
:10B2D00021FDFFF71FFDBDE8384010F025BE00F04E
:10B2E00077FBF8E760010020FF110400D012040092
:10B2F00061120400800200208413002070B54FF01A
:10B30000FF320D464FF0FF3300210646FFF7FCFBEE
:10B31000044660B90A4A0B490B481A2311F04AFD4A
:10B3200084F31188BFF36F8F0323184602DF0221D5
:10B3300004F10C0012F02AF906704570204670BD29
:10B34000D4120400D012040061120400F8B50A4DB2
:10B35000EF7906460024E3B29F4202D86FF0010065
:10B3600007E02946304612F06FFA0735631C08B132
:10B370002046F8BD1C46EEE76001002070B5144E73
:10B3800006223146044614F00CFFE0B14FF0FF30C6
:10B390004FF0FF31FFF782FC0546A8B10622214697
:10B3A0000C3012F0F9F80022294642F20500FFF7AE
:10B3B00001FD40B93346226843F86929A288B2806A
:10B3C000012283F8682070BD6FF06800FBE700BFC2
:10B3D000C901002073B504460D4689B117492846B6
:10B3E00012F032FA60B9164A2968C4EBC404A318F3
:10B3F0001151AA889A80AA799A71002002B070BD72
:10B400006E46304612F057F90028F7D13046FFF764
:10B410009DFF0028F5DA0A4A0098B179C4EBC4040C
:10B42000A3181051B08898809971002DE5D0125959
:10B430002A609A88AA809B79AB71DEE7BF1304006B
:10B440006001002070B5044611B16FF0150070BDA9
:10B45000F0B1234912F0F8F9D0B92046FFF776FF92
:10B46000002837DA237863B91E4AD37993BB206862
:10B470001060A179A088917101219080D171184646
:10B48000E5E7012BE1D1A37903F0C003C02BDCD1A8
:10B49000144DEB79012B20D0BFF35B8FD5F8D4305E
:10B4A000BFF35B8FDB0707D4002CCED00C492046BE
:10B4B00012F0CAF90028C8D1EE792146731C304633
:10B4C000EB71FFF787FF08B93046C0E7EB79013B26
:10B4D000EB71BCE76FF07700B9E76FF00B00B6E7F0
:10B4E000BF130400600100202DE9F3410446D8B1E8
:10B4F00001AA002141F20900FFF75CFC054698B95A
:10B50000019E1249D6F80C8008F101070622384640
:10B5100014F047FE28B10E490622384614F041FEC9
:10B5200030B93046FFF72EFA002002B0BDE8F081B6
:10B53000D8F80130C4F80130BB88A4F80530304693
:10B540002570FFF71FFA0120EFE700BFCC130400BE
:10B55000C613040007B56846FFF7C6FF044BD87151
:10B5600018B169460020FFF735FF03B05DF804FB12
:10B5700060010020F0B5294DEE7989B0002E46D14A
:10B5800095F8C230DB0722D56A4631464FF60940AE
:10B59000FFF710FCD8B9DDF800C0DCF80C40637888
:10B5A000012B1E4628BF012673B1A31C02AA123428
:10B5B00018685968174603C70833A3423A46F7D1BB
:10B5C000186838609B88BB806046FFF7DBF9EE7136
:10B5D000002416260127EB79E0B2984202D3B3B1DA
:10B5E000002012E008AB06FB0033694653F8182C24
:10B5F00033F8143CCDF80120ADF805308DF800701B
:10B60000FFF7E8FE01340028E5D009B0F0BD0021C5
:10B61000084609B0BDE8F040FFF714BF6001002004
:10B6200010B50A4CE3790BB1002010BDFFF792FF73
:10B630000028FAD1E379002BF6D1FFF79BFF002811
:10B64000F3D1601CBDE81040FFF798BE60010020F8
:10B6500070B50C4B1C68054644B154F8143C143CBE
:10B6600013B1697A284698476469F5E7064C074E96
:10B67000B44200D370BD236813B1697A2846984755
:10B680001834F5E7D41300200C0704000C0704005D
:10B6900010B50446FFF7D6F8044901EB0011204627
:10B6A00012F054F8BDE81040FFF734BBA01300209F
:10B6B00070B5D1E9015600220446C1E901220648CD
:10B6C00014F0A7FA3DB1314620462B466FF06D02CB
:10B6D000BDE87040184770BD1407002070B50546DE
:10B6E0000F48002200230FF0B1FFB8B90D4B1C68C2
:10B6F00034B154F80C3C143C03B198476469F7E743
:10B70000094C0A4EB44204D32846BDE8704010F0FC
:10B710004DB9A36803B198471834F3E770BD00BF73
:10B7200004070020D41300200C0704000C070400B9
:10B730002DE9F041044620270025EFF3118287F31D
:10B740001288BFF36F8FE16929B1206A0B68E3614A
:10B75000814208BF236282F31188BFF36F8F71B1FA
:10B76000D1E901680748C1E9015514F052FA1EB148
:10B77000002241462046B047FFF7CCFADDE7BDE89E
:10B78000F08100BF1407002030B50446FEF7A6FE86
:10B790000D4A0D460D490858D2F88010884289B0EC
:10B7A00005D1204609B0BDE83040FFF7C1BF2434C1
:10B7B0002146104614F0E6FA1DB16946204614F001
:10B7C000F1FA09B030BD00BF4010002008000000B1
:10B7D00008B500F1C803BFF35B8F53E8002F013AAF
:10B7E00043E800210029F8D1BFF35B8FAAB90B4BC6
:10B7F000984212D303F1D00290420ED2C01AD02345
:10B80000B0FBF3F203FB120038B905480FF0EAFE73
:10B81000BDE80840034810F0C9B808BDA00A0020E0
:10B82000040700200C04002010B5044612F038F87C
:10B8300010F066FB104AD2F8141104F1BC0361B990
:10B84000C4F8BC10D2F8181159B9C2E9453310F048
:10B850006BFBBDE81040FFF75DBA8B4205D009686D
:10B86000EDE70B60C2F81831F1E710F05DFB204600
:10B87000FFF7AEFFEDE700BF6001002070B5857AED
:10B880008D42044613D081720DB912F009F8A37AE3
:10B89000012B09D1344D05F580766169002950D11D
:10B8A000BDE87040FFF736BA072B01D0ABB170BDD1
:10B8B0000023C4E90D33E378012BF8D1A378012BE1
:10B8C00004BF032384F8983004F140004FF4203281
:10B8D000BDE87040002310F0D9B8082DE7D801A3C7
:10B8E00053F825F0AFB8020009B902002FB90200E1
:10B8F00039B9020039B9020039B902002FB9020082
:10B90000AFB80200AFB8020004F14005284614F0B9
:10B9100070FA20460121FFF737FF204611F0B7FFEC
:10B9200028460022BDE87040002310F0E3B8637A97
:10B9300013B12046FFF78CFE2046BDE87040FFF7AC
:10B9400047BFA2690B686361914208BFA3612046AB
:10B95000FFF7AEFEB5F8FC30002B14BF30460020D8
:10B960000FF040FE99E700BF60010020034BC01AB2
:10B97000034B00115843C0B2704700BFA00A00201B
:10B98000C54EECC470B51C46144305460E4608D09F
:10B99000FEF7A4FD0B4908580B49D1F880108842E6
:10B9A00001D1002213460949002D14BF284608463C
:10B9B00011F0ABFD044618B1711D0C3011F0DBFD28
:10B9C000204670BD08000000401000203407002011
:10B9D0002DE9F04F87B0002303930593AD4B5A8AAE
:10B9E00032B1AD4DD5F8144134B907B0BDE8F08F90
:10B9F0001B68002BF5D1F8E754F8BC3903B1BC3B08
:10BA0000A649002601E01C461346B5F8FC20002A92
:10BA100000F03D81D5F808214AB904F1BC06002B9D
:10BA2000E3D0D3F8BC20002AEDD0BC3AEBE70A689B
:10BA3000002AF2D0D4F8A820002AEED0D4F8AC2006
:10BA4000002AEAD0D4F8B020002AE6D0A37A072B47
:10BA500068D120469047002864D0BFF35B8FD4F8AC
:10BA6000C030BFF35B8F022B5CDC204611F018FF67
:10BA700004460028B9D0A37A072B40F0FF80D4F801
:10BA8000A830B5F8FC1004AA2046984707460028BD
:10BA900000F0D480B5F8FC20049B9A4206D30146FE
:10BAA000D4F8AC6005AB03AA2046B047059B0193D0
:10BAB0003B8ADDF80C90002B00F0E3803846DDF87F
:10BAC00010A011F059FE8046002840F0DD80B5F846
:10BAD000FC30DFF8CCB1002B14BF58460020002208
:10BAE00000230FF0B3FD78B96C48002200230FF05B
:10BAF00047FD064600283BD1B5F8FC30002B18BFA7
:10BB00005E4630460FF06EFD6FF00B053846FEF7CF
:10BB100039FFB9F1000F00F08D8001992A462046C7
:10BB2000C84787E0D4F8BC3004F1BC02C6B9D5F8E8
:10BB30001811C5F814318A4201D1C5F81831002313
:10BB4000C4F8BC302046D4F8B0309847002892D0D2
:10BB5000A37A072B40F092802046FFF765FE8AE724
:10BB60003360D5F818319A4208BFC5F81861E6E786
:10BB7000019BC0F804908360B5F8FCB04548DA45F5
:10BB80004FF000024FF000034FF0000198BF1FFA82
:10BB90008AFBFEF779FE814650B1FEF753FE414B1A
:10BBA0005A4603EB00133946484611F0AAFD814678
:10BBB000B5F8FC3094F8C4709A458CBF4FF001087A
:10BBC000023784F8C48098BFFFB204F1C008BFF305
:10BBD0005B8F58E8003F013348E80032002AF8D173
:10BBE000BFF35B8F00233360A3695BBBC4E90566C9
:10BBF000A378012B29D0BFF35B8F58E8003F013BAE
:10BC000048E80032002AF8D1BFF35B8F314604F1D7
:10BC1000140011F021FE4846FEF7B4FE20463146DE
:10BC2000FFF746FDB5F8FC301D48002B08BF00208B
:10BC30000FF0D8FC1321204611F04EFE2046FFF7EE
:10BC4000C7FDD2E61E60A661D2E709F10C0A042105
:10BC5000504611F0B2FC238807F0FD0743EA073392
:10BC60000380B9F81030043B43800221504611F0A4
:10BC7000ACFC4846FFF73AF80028BCD1FFF74AF879
:10BC8000DCE76FF0790541E76FF004053EE7936864
:10BC9000FFDE00BFA0070020600100201407002085
:10BCA00060020020A013002070B505460A480E4629
:10BCB00011F0F6FD044620B18378012B04D0FFF784
:10BCC00087FD0024204670BD3246294611F024FE2F
:10BCD0000028F7D12046F2E7A00A0020F8B5054673
:10BCE0000E480E46174611F0DBFD044620B183785E
:10BCF000012B03D0FFF76CFD00240DE036B1324676
:10BD0000294611F009FE08B92046F3E7A37ABB42A1
:10BD1000FAD1237AAB42F7D12046F8BDA00A002021
:10BD200010B50E4813F047FF0D490C4813F071FF92
:10BD30000C490A4813F06DFF0B49084813F069FFDE
:10BD400012F00EFB01F056FB044628B912F0AEFDCE
:10BD5000044608B911F0A4FE204610BD14070020C7
:10BD6000B0130020BC130020C8130020044B186837
:10BD700018B9044A5A600B6070476FF00B007047A7
:10BD8000DC1300208408040070B5044652EA030066
:10BD900008D0FEF7A3FB074D074ED5F8805030586A
:10BDA000854201D10022134620460431BDE870408F
:10BDB000FFF7E8BD401000200800000023281FD82E
:10BDC0001A2804D8431E182B0ED906207047A0F15C
:10BDD0001B03082B1ED8DFE803F0051D1B231D19CC
:10BDE000251D0500032070470F4A012383401A4098
:10BDF000C2B90E4A1A40002A0CBF06200120704723
:10BE000000F07F03522B05D10020704701207047BE
:10BE10000520704710F0400F14BF00200620704727
:10BE20000420704702207047AAAA8A02545545018F
:10BE30002DE9F74F054608468946FEF703FD274FD3
:10BE4000D9F80C6018234343FA180446916801910D
:10BE5000BFF35B8FE86CBFF35B8FC1073BD5D9F8AD
:10BE60000C00007810710022FA503378D22B0ED1DA
:10BE70002B684946186812F016FD40B101904846FB
:10BE8000FEF780FD019B184603B0BDE8F08F182334
:10BE90005C4307EB040800231A464946281DD9F8DD
:10BEA0000C60D9F814B0B9F810A0C8F8085011F017
:10BEB0008AFD03460028E6D0D9F81420A9F810A07E
:10BEC000A6EB0B0612FA86F6019AC9F80C603851F7
:10BED000C8F80820D7E76FF01503D4E72C1400202A
:10BEE00070B50E46438D418B8B4202F1010228BF93
:10BEF0000B469A42054632D83046FFF75FFF6FF097
:10BF00001403034113F0010310D0FEF7E7FA154BB9
:10BF10001958154BD3F8803099421ED0134B1B682B
:10BF20005A1A18BF4FF0FF32134601E04FF4702247
:10BF30000F480021FFF728FF044660B1FEF782FC9E
:10BF40000C4B182202FB0033012104F10C009D6010
:10BF500011F01CFB0670204670BD0022E4E70024AF
:10BF6000F9E700BF08000000401000207414002012
:10BF7000580700202C140020011F014813F04ABD6F
:10BF80008C060020F8B54FF47022074600230D48B8
:10BF90000E4611F0BAFA044690B100F10C050921E1
:10BFA000284611F0E8FA2046FEF74CFC064B182212
:10BFB00002FB0033012128469F6011F0E7FA06706A
:10BFC0002046F8BD580700202C14002008B5EFF3D8
:10BFD0001181202383F31288BFF36F8F0023036046
:10BFE0000C4B5A689AB9C3E9000081F31188BFF37A
:10BFF0006F8F09480FF0DAFC002807DA002383F37B
:10C000001188BFF36F8F0323184602DF08BD10604D
:10C010005860EAE724140020440400207FB5CB6870
:10C020001D8804468DB15E8876B1AE420DD31022D4
:10C030000021684614F0ADF805212046FFF7A2FF65
:10C04000019058B9112007E0354601232A46042102
:10C05000204611F0B6FE002004B070BD6B4631469C
:10C06000084A0094284611F0C9FEDDE9011323B9FE
:10C070000846FEF787FC0A23E8E7204611F0CBFDCF
:10C08000E9E700BF33DC030010B500F148030446C4
:10C09000BFF35B8F53E8001F41F0010143E800123A
:10C0A000002AF7D1BFF35B8F201F11F01EFE04F1B1
:10C0B0006400044913F091FE2068BDE8104001F0CF
:10C0C0005FB900BF65E30300F0B51D46036885B0A6
:10C0D00004460E4618680121174612F0A4FB38B931
:10C0E00004F14C0011F0AEFE50BB122005B0F0BDC3
:10C0F00065B310220021684614F04BF839462046FB
:10C10000FFF740FF029018B3BDF82830ADF80430B7
:10C1100001238DF80C3029466B460E4A00942846C0
:10C1200011F06CFE9DF80C3002995BB10846FEF7E9
:10C1300029FC9DF80C302A463146204611F041FE7C
:10C140000020D3E7204611F066FDF9E70120CDE796
:10C150001120CBE7E1E103002DE9FF41036804462C
:10C160000D461868012112F05EFB40B904F14C0045
:10C1700011F068FEA0BB122004B0BDE8F0811022CF
:10C180000021684614F005F80F212046FFF7FAFE5B
:10C19000029038B3009405F10C074FF001082B8A88
:10C1A000012B04D80299204611F035FD18E03846DD
:10C1B00011F02CFA6B460C4A8DF80C8001460646AD
:10C1C00011F01CFE9DF80C30002BE8D00298FEF711
:10C1D000D9FB9DF80C3032460E21204611F0F1FDBE
:10C1E0000020C9E71120C7E7E1E103002DE9FF4185
:10C1F000036804460D461868012112F014FB40B98B
:10C2000004F14C0011F01EFEA0BB122004B0BDE8EA
:10C21000F08110220021684613F0BBFF2121204647
:10C22000FFF7B0FE029038B3009405F10C074FF011
:10C2300001082B8A012B04D80299204611F0EBFC4F
:10C2400018E0384611F0E2F96B460C4A8DF80C8084
:10C250000146064611F0D2FD9DF80C30002BE8D0C7
:10C260000298FEF78FFB9DF80C30324620212046C5
:10C2700011F0A7FD0020C9E71120C7E75DE1030029
:10C280002DE9F0430F4687B00446062107F10C0064
:10C2900011F0ACF90588EDB1B0F80280B8F1000FEB
:10C2A00017D0A84516D3002382888DF800308DF86A
:10C2B000043001A94FF420536846D7F80C90ADF82C
:10C2C0000220ADF8063011F0A9F9064660B10A2344
:10C2D00001E0454601232A460621204611F071FD62
:10C2E000002007B0BDE8F0830146142201A83F7C7E
:10C2F00013F04FFF07212046FFF744FE0290D8B10C
:10C300000A238DF81530414601AB0C4A01942846AA
:10C31000CDE903698DF8147011F070FD9DF81530AA
:10C3200002992BB10846FEF72DFB9DF81530D2E798
:10C33000204611F070FCD3E71120D2E711DF030093
:10C340002DE9F0410E8A043EF6B2022E04468CB06E
:10C35000084601D0102E76D104210C3011F046F998
:10C360000DF1040805884788011D3246404611F04A
:10C3700082F9002869D085B377B3BD422DD86068B3
:10C38000012112F050FA064678BB8DF8000042F603
:10C39000020369464046ADF8023011F03FF920B380
:10C3A00042F6030306A940468DF81860ADF81A302E
:10C3B00011F034F9C8B1012D03D14FF6FF739F423C
:10C3C00013D004F14C0011F03DFD002814BF0020F3
:10C3D00012200CB0BDE8F0813D4601232A46082119
:10C3E000204611F0EEFC0020F3E7182200210DEBAF
:10C3F000020013F0CEFE09212046FFF7C3FD08908E
:10C40000F8B101210C30CDE9064811F0BFF8002346
:10C41000099003700A238DF82C30394606AB0C4A7C
:10C42000284611F0EBFC9DF82C3008992BB10846FA
:10C43000FEF7A8FA9DF82C30D0E7204611F0EBFB70
:10C44000D1E71120C5E70420C3E70E20C1E700BFF4
:10C4500051C702002DE9F0410E8A043EF6B2022EC9
:10C4600004468CB0084601D0102E64D104210C3053
:10C4700011F0BCF80DF1080805884788011D324607
:10C48000404611F0F8F8002857D0A5B300268FB326
:10C49000BD4230D84FF4205301A940468DF80460C6
:10C4A000ADF8063011F0BAF848BB1422002107A8F5
:10C4B00013F06FFE11212046FFF764FD099000285C
:10C4C00037D001210C30CDE9074811F05FF8002387
:10C4D0000A90394603701A4A0B93284607AB11F0AD
:10C4E0008DFCDDE909131B78FBB90846FEF74AFA13
:10C4F0000A2301E03D4601232A4610210EE042F6C0
:10C50000010307A940468DF81C60ADF81E3011F0FC
:10C5100085F80028C9D010232A461946204611F074
:10C5200050FC00200CB0BDE8F081204611F073FBF8
:10C53000F7E71120F6E70420F4E70E20F2E700BF4A
:10C5400099C60200F0B51D4603680E46003987B053
:10C55000044618BF01211868174612F064F940B963
:10C5600004F14C0011F06EFC002844D0002007B00C
:10C57000F0BD002D41D018220021684613F009FEBD
:10C5800047BB23681E4A1B6800930023ADF8123096
:10C590000C9B0393BDF83430ADF8103001238DF8B7
:10C5A000143029466B4628468DF8086011F026FCA9
:10C5B0009DF81430C3B1002FD8D00198FEF7E2F9EE
:10C5C000002ED3D09DF814302A461221204611F0B7
:10C5D000F8FBCBE7002213212046FFF781FC0190F6
:10C5E0000028CED11120C2E701990029BED02046F3
:10C5F00011F011FBBAE71220B9E70120B7E700BF3D
:10C60000A5DB03002DE9F0410B8A04460D46002B03
:10C610003AD00668012105F10C0010F0E7FFB37A6B
:10C62000072B074630D154F8043C6BB30178194E00
:10C63000043C002316F8330088424FEAC30806EB97
:10C64000C30211D1298A5378994220D353682946CD
:10C650002046984703464644B278012A14D19BB13C
:10C66000397889B100220CE001330C2BE2D1084665
:10C67000FFF7A4FB2122C24012F0010204D119B13C
:10C680000623204611F09DFB0020BDE8F081042325
:10C69000E1E700BFAC0804002DE9FF4105460E4666
:10C6A0004FF000084FF42053006817688DF8088099
:10C6B00002A91446ADF80A3010F0B0FFA0B142F65E
:10C6C000010328688DF80C8003A9ADF80E3010F036
:10C6D000A5FF48B123691BB15A88B24200D25E80DF
:10C6E000012004B0BDE8F0816168286810F096FF71
:10C6F00010B100232361F3E7E368A0681A786AB1F8
:10C70000B7F82AC0798B038A8C4594BFC3EB0C031E
:10C71000C3EB0103934201DA0020E2E704210C306D
:10C7200010F034FF2061068023695E80074B009380
:10C730000194A26800232946384611F086FC00289F
:10C74000EADB2069003818BF0120CAE7A3DD030037
:10C750002DE9F34717680546894600685168D7F800
:10C7600004A0144610F05AFF804600284BD19522B1
:10C770002946504611F071FF0646207540B1E36826
:10C780001B780BB184F81480002002B0BDE8F0875C
:10C790002946504612F04AF810B908232375F3E7EA
:10C7A000A068267510F0B9FE02210C3010F0EEFEE4
:10C7B000164B2061A0F8009000930194A2683346C4
:10C7C0002946384611F041FC002807DA10F1FF0F26
:10C7D00026BF4042C0B20E202075D5E72369002B4A
:10C7E000D2D0A06811F067F97B8B7A8D9A4294BF02
:10C7F000C0EB0200C0EB0300E3681B78984294BFD3
:10C8000000200120C1E70120BFE700BFC7DA030015
:10C81000F7B5002304460E462B48002269460EF069
:10C82000BFFD0546D0B9FDF759FE284B1A58284BD5
:10C8300000981A602946242213F0ABFC009B25487F
:10C840001C60009C0195C4E90155C4E9075500220C
:10C85000002301A90EF0A4FD054620B16FF00B05E1
:10C86000284603B0F0BD0146A022019813F091FCC8
:10C870000198194B8360543013F09DF9019BBFF36D
:10C880005B8F4C3353E8002F43E800510029F9D166
:10C89000BFF35B8F019B1C60E369019F1BB904F12F
:10C8A0000C0013F088F9E269C7F89820226A07F1B2
:10C8B0009803E36102B92362019B17225A855A83C8
:10C8C00004333360CCE700BF70060020080000008E
:10C8D000741400208C0600201C0400202DE9F74F62
:10C8E0000646EFF31187202383F31288BFF36F8F7F
:10C8F000434D284611F0D5F82B680093044687F382
:10C900001188BFF36F8F002860D0FDF79BFF3D4972
:10C91000182202FB00F3C81851F803B00369019311
:10C920000021D0E9025790F80480B0F806A013F077
:10C9300030FCA07AFDF77EFF6169814651B1627AD1
:10C94000D00705D4D9F81C20126820469268904779
:10C95000002262612146484613F066F9B8F1000FE3
:10C9600024D01DB32B680BB31B68FBB1BBF1000FC8
:10C970001CD1281D11F064FC4046FFF71FFA052862
:10C9800014D8DFE800F0260313261303BFF35B8FF0
:10C99000EB6CBFF35B8FDA0708D52B6D33B14FF427
:10C9A0007022002305F168000FF0A4F8009B6BB122
:10C9B0003146002013F0E6F9002807DA002383F35C
:10C9C0001188BFF36F8F0323184602DF03B0BDE861
:10C9D000F08F2B68D3F80080BFF35B8FEB6CBFF355
:10C9E0005B8FDB07E2D5002FE0D0002403E0019944
:10C9F0004046B8470134A3B25345F8D3D6E700BF49
:10CA0000241400202C14002007B50B4602460021F8
:10CA1000FDF764FD01910E4909580E4800688842EF
:10CA200004D00D48D0F88000884201D1002213467E
:10CA300001A90A480EF0B4FC014638B90198102249
:10CA400013F0A7FB019803B05DF804FB0020FAE7A0
:10CA5000080000007414002040100020C4060020CC
:10CA600010B50446806818B1FDF78CFF0023A36061
:10CA700021460248BDE8104012F0CCBFC406002099
:10CA80002DE9F743044668300F4690461E4613F0E2
:10CA9000B0F9206D48B9201D00F028F86068132116
:10CAA00003B0BDE8F04310F017BF0F4B98424FF0B2
:10CAB000000317D045684360206DD0F80C90FFF755
:10CAC000CFFF00232068236511F03CF83DB12068BA
:10CAD000CDF80090006843463A463146A84703B077
:10CAE000BDE8F0831D46ECE778140020F7B550F858
:10CAF000044C0546002C59D000F1940104F11C00AF
:10CB000011F087F92E1F05F1500700220023384647
:10CB10000EF036FD024678BBEB6C2BB101466FF090
:10CB200067033046FFF7ACFF002345F8043C05F1EE
:10CB30004803BFF35B8F53E8001F21F0010143E876
:10CB40000012002AF7D1BFF35B8FE36973BB04F1D6
:10CB50000C060022002330460EF012FD78B96668FC
:10CB600086B913482660214612F054FF286803B0A6
:10CB7000BDE8F04000F034BCFDF704FFC5E7FDF769
:10CB800001FFE6E7A26833686360964208BFA360CE
:10CB900077683FB1F3680093002320681A466FF06E
:10CBA0006701B8473046FFF75BFFD8E703B0F0BD39
:10CBB00070060020F8B51D460F461646FDF742FEEA
:10CBC000044C182303FB0040C0E903760123C38013
:10CBD0000575F8BD2C14002010B5074C237883424E
:10CBE00008D10722601C13F0DCFA00280CBF204695
:10CBF000002010BD0020FCE7543200202DE9F04158
:10CC000080460F4616461D46FFF7E6FF044670B9FC
:10CC10001149FFF7E1FF044678B1034603F8018BA1
:10CC20003A68C0F80120BA889A80BA799A71238943
:10CC30002BB962892AB926816581BDE8F0819E42BF
:10CC400004D36289AA42F8D29E42F5D26389268132
:10CC5000AB42F2D2F0E700BFBF1304000C48BFF3B1
:10CC60005B8F50E8003F23F0020340E80032002AC7
:10CC7000F7D1BFF35B8FBFF35B8F0368BFF35B8FAD
:10CC8000DB0704D50022002330380EF033BF704795
:10CC9000C00B00202DE9F041254B164682689A42D0
:10CCA000074602D1C46863892BBB0120BDE8F0812F
:10CCB00006F17008307A414610F084FD88B91D4BAA
:10CCC0009C4202D1304611F0F7FB1B4B1A68C4F8A6
:10CCD00001209A889B79AB710023AA80237023815D
:10CCE0001EE0336FC4F80130B8F80430AB8098F818
:10CCF0000630AB7114E0238993B12546304615F810
:10CD0000011B2A4610F008FE0028D1D120782946C0
:10CD1000FEF7CAFF20B1857AFEF75AFD072DC4D071
:10CD2000E36800216181002BBFD038469847BCE7FB
:10CD300069CD02005C040020BF13040010B54B1C39
:10CD40000C4630B109781A4610F0E6FD40B1204695
:10CD500010BD04490722184613F023FA0028F6D024
:10CD60000020F5E7BF1304002DE9F8431E46BDF887
:10CD70002030D1F80C8081460F46002B49D1731E1C
:10CD8000012B49D8012E41460CBF15781588FFF7B5
:10CD9000D5FF0446B8B915B93046BDE8F883414619
:10CDA000FFF7CCFF0446002839D0D9F87030C0F81E
:10CDB0000130B9F87430A0F8053099F87630C371B5
:10CDC00099F808300370D8F81030B3B92581B8F855
:10CDD0000A30AB4203D04146384611F041FB002DEA
:10CDE000DAD1104B25701A68C4F801209A889B7913
:10CDF000A4F80520E3712581CEE72A463946484646
:10CE000098470028C9DB01380128DFD96FF00D00F1
:10CE1000C3E76FF00600C0E76FF00C00BDE76FF0EE
:10CE20001000BAE7BF13040010B4194ABFF35B8FB8
:10CE300052E8003F43F0010142E800100028F7D11A
:10CE4000BFF35B8FDB0721D4BFF35B8F52E8003F5A
:10CE500043F0020142E800100028F7D1BFF35B8FD6
:10CE600013F0020307D10B480B4902880B4CA14277
:10CE700006D303B102800A490A4810BC12F0ADBFC4
:10CE80004B681A4492B208310123F0E710BC704796
:10CE9000A0140020603200200C0704001C070400CE
:10CEA00075D10200900B00202DE9F041034648B1F6
:10CEB000008A38B91249DFF84CE001244FF0140C15
:10CEC000714501D3BDE8F081D1E90076BB4204D3BE
:10CED0000CFB0672143A93420ED93444A2B20831C4
:10CEE0001446EDE70CFB0578434507D00135621980
:10CEF000AE4292B2F6D1F2E70025F8E71046E1E73C
:10CF00000C0704001C0704002DE9F74FBDF8305052
:10CF1000009199464FF6FF73002D08BF1D46244B24
:10CF20001B888342074690463CD203B0BDE8F08F91
:10CF300073682344BB4232D29CB208361D4B9E42DA
:10CF4000F6D3F2E789580193404610F067FB019B46
:10CF500090B101340AF1010AA4B273685345ECD9C7
:10CF6000009B9C42E1D8BC42F3D331680BFB0AF230
:10CF70008B18B8F1000FE5D1B9F1000F0BD1013DCD
:10CF8000ADB218460E9A0D9B21469847002DCCD085
:10CF90000028DED1C9E7DA689145DAD1EFE74FF032
:10CFA000000ADAE7044E01244FF0140BC6E700BF75
:10CFB000603200201C0704000C07040007B50023A2
:10CFC0000193FFF771FF411C89B20846034A01AB88
:10CFD00011F038FB019803B05DF804FB25E4030071
:10CFE0002DE9F84389465168B1F8128018F0940889
:10CFF000074615463BD1022211F04DFB002839D0DF
:10D000004FF470200021AE8AFFF7FEFC0236044682
:10D0100060B11A4B4360C56032461D21384611F09D
:10D020007AF9064628B92046FFF71AFD6FF00B057E
:10D030001AE0012342464146FFF7BCFDA98A06F1EA
:10D040000C00023110F0A2FA20F8029BAA8A29698A
:10D0500013F078F8A6602146384611F0C6F9054667
:10D0600010B12046FFF7FCFC2846BDE8F8834FF0DE
:10D07000FF35F9E76FF01505F6E700BF2BE4030075
:10D0800070B504468AB00D46374BBFF35B8F1B6803
:10D09000BFF35B8F5A0761D510B1837A072B60D13C
:10D0A0006E6805963046FFF7FFFE2A68ADF8180057
:10D0B00032B305A902912D4901910121002300916C
:10D0C0004FF6FF710593FFF71FFF059E1EB96FF026
:10D0D00001000AB070BD6E60002330688DF810301A
:10D0E00004A942F60303ADF8123010F097FA70B9B4
:10D0F0000598C3689B799B0605D46FF01500E8E797
:10D100000028E9D1E3E711F04EFAADF81800BDF8B8
:10D1100018003CB101230146AB752A462046FFF7B3
:10D120005FFFD6E76FF07F0307930223ADF820304F
:10D1300042F60213ADF8123005ABAC7502930C4BFE
:10D1400001930123009304AA23464FF6FF7109952A
:10D150008DF81040FFF7D8FE0798BAE76FF00A0085
:10D16000B7E76FF07F00B4E73402002059E4030012
:10D1700095D2020013B550F8082C01920346A0F195
:10D18000200100F13004BFF35B8F54E8002F22F040
:10D19000010244E800200028F7D1BFF35B8F114A59
:10D1A00043F81C2C104A43F8182C01AA002043F81D
:10D1B000102C042223F8080C23F8060C23F80C2C5E
:10D1C000FFF75EFF58B9BFF35B8F54E8003F43F0B1
:10D1D000020344E80032002AF7D1BFF35B8F02B0AC
:10D1E00010BD00BF480904005DCC020070B5234BA0
:10D1F0008168994204463FD1C6683389002B3BD0F1
:10D2000015683246284612F8011B10F085FB0028ED
:10D2100032D04FF495722146284611F01EFA0328A9
:10D220002AD03146204611F01BF9154B9E4223D1DE
:10D23000287A05F17001FFF7CFFC0446E0B10389BD
:10D240000BB94389C3B12846FEF790FB0D4B2289E9
:10D2500023F8202003EB800362890B495A801822AF
:10D2600002FB0011094A4A600B61094A8A600423E3
:10D2700028468B82FFF704FF012070BD69CD0200B4
:10D280005C0400205032002088140020480904006B
:10D2900091E40300F8B5364B154682689A4204467D
:10D2A00001D00120F8BDC768324B9F4246D03A8971
:10D2B000AB899A42F5D1394611F8010BFEF7F4FC1F
:10D2C00006460028EDD0837A072B05D0FEF780FABA
:10D2D000E7E7FEF77DFAEAE77B6923B12146984745
:10D2E00008B93046F2E7648A14F09404F9D1AB89A6
:10D2F000022B16D13C8914F002040AD02A69A988AD
:10D300003046FFF76DFE044618B92A69937D013354
:10D3100093753046FEF75CFA002CAC60C1DA002051
:10D32000C0E7012BF5D13C8914F00104F1D02A6942
:10D33000A988304611F042FA0446EAE70E4E0F493A
:10D340000722304612F02DFF0028B0D016F8010C4D
:10D3500007223146FEF7C2FC0028BAD12B6916F825
:10D36000010C1A69314653881288FFF747FC9EE783
:10D3700069CD02005C04002055320020BF13040078
:10D3800007B5064A00906B4601204FF6FF718DF8F5
:10D39000040011F057F903B05DF804FBEDD1020071
:10D3A0002DE9F0410D4B1B6806460F46904623B110
:10D3B00053F8044904B1043C0BB9BDE8F0811B6883
:10D3C0001BB142463946304698472CB1656805B1D5
:10D3D000043D23462C46EFE72546FAE7A414002037
:10D3E0000346034A4FF6FF71012011F02BB900BF2D
:10D3F00095CC02007FB54FF42052ADF8162004AA58
:10D4000002920B4A00230120CDE900324FF6FF7152
:10D4100005AA04938DF81430FFF776FD049B012BC9
:10D4200014BF6FF01500002007B05DF804FB00BFCB
:10D4300035E80300044B186818B9044A5A600B60B9
:10D4400070476FF00B007047AC14002070090400A7
:10D4500000F1070C2CF0030C10B4541E1860A4B299
:10D46000ACF80020023A93B201FB04F24FF0000C3A
:10D4700040F802C074B103FB011403FB01F2204425
:10D48000121B4FF6FF7C013B9BB263458050A0EB23
:10D490000100F8D110BC70470346006810B1026863
:10D4A0000AB91A60704700F1070C2CF0030CD11D6B
:10D4B000BCF800C021F003010CF1FF3CA1F800C052
:10D4C000EFE700BF0B687BB1073323F003031A8833
:10D4D000013292B20346D1F800C043F807CB23F0E3
:10D4E00003031A80086070470122F3E702FB010082
:10D4F000704700BF401A90FBF2F080B2704700BF47
:10D50000531E11449BB242B1DB430138CA1811F8D3
:10D51000013D00F8013F9142F9D17047014402E01A
:10D5200010F8013B1BB98842FAD100207047012056
:10D53000704700BF10600860704700BF0A6803466C
:10D540000068904205BF00220A6000201A60704700
:10D55000D2F800C0CCF80000D2F800C0CCF804101B
:10D5600010607047884203D01AB143681360704757
:10D57000002070470B68834209D02AB158681060B8
:10D580001A680A6018467047002BF9D1FAE70023A1
:10D59000F8E700BF2DE9F8430E4EDFF83C904FF05E
:10D5A00090080C2706F1200409EB08052A1D2946DE
:10D5B0002046083CFFF7BEFFB442A5F10C05F5D1AB
:10D5C000043F3B1DA8F13008A4F12006EAD1BDE8D4
:10D5D000F88300BF501500209C15002010B40346AE
:10D5E0008C469AB101EB4101144803EB4304090155
:10D5F00001EB84010144487A0C7AA04204BF013057
:10D60000087210BC614618460AF0AEBA01EB41023E
:10D610000A4C120100EB400302EB830323449C7A83
:10D62000DA7AA24201D010BC704701329A72044BE0
:10D6300001225A5410BC0AF0C7BA00BF7815002066
:10D64000F4140020F8B506461C460D4602B32278B5
:10D650006378D21A12F0030229D1294F71004FEAE0
:10D66000450C3144AC44890001EB0C110133043109
:10D67000DBB27A18606823702146FFF769FF214BFF
:10D680000122294630465A550AF09EFA0020F8BD7C
:10D690000AF084FA0028DAD0294630460AF070FAF7
:10D6A000637860B92278D21A12F00302D5D0012A29
:10D6B00003D00133DBB22370E1E71046F8BD05EB80
:10D6C000450206EB46010E4F120102EB81023A447D
:10D6D0007100907AD27A90424FEA450C05D02078BA
:10D6E000C01A10F00302E2D1BBE72278D21A9207E7
:10D6F00002D00233DBB22370D4E902039847C5E7B6
:10D7000078150020F41400202DE9F04FDFF8609127
:10D7100019F8003089B0002B59D0DFF858A1C0EBC0
:10D7200000134FF0000B00EB40079B000324CDE9F2
:10D7300004BB09F800B00AEB071703930294834671
:10D74000B8460023B96A58F8240F079307AAFFF7D1
:10D7500009FF044607AAB4B1079D2E786978761AA6
:10D7600006F00306012E35D02B78591A01F003017B
:10D770000129DBB23DD1D7E90901FFF7F3FE0446E9
:10D7800007AA002CE8D197F82E3097F82F209A425C
:10D7900003D087F82F300123049397F82C3097F8A3
:10D7A0002D209A4203D087F82D3001230593029B48
:10D7B0005D1EEBB2FF2B0293A7F10C07C0D10499B9
:10D7C000D846DDF814B011B1BBF1000F45D009B057
:10D7D000BDE8F08F01396970079BD3E902029047D9
:10D7E000079D2A786978D3B2521A02F00302012AFF
:10D7F00021D0B86A019300224146FFF7BBFE6C605E
:10D80000019B6A786B702B789B1A03F00303012B42
:10D8100008D0D7E9090107AAFFF7A4FE012E0446A4
:10D8200098D10EE0039B6A701A1D29462046524487
:10D83000FFF78EFEEDE7D7E9090107AAFFF792FE91
:10D840000446029B8BB101235946584609F80B3018
:10D850000AF0BAF909B0BDE8F08F5A464146404691
:10D8600009B0BDE8F04F0AF07FB9002C8BD0EAE791
:10D87000F4140020781500204B1EDBB271B1411E5C
:10D8800000EB030C002011F8013F23B15A1E0130B8
:10D890001340C0B2FAD16145F5D1704708467047D0
:10D8A00070B5057E0468FF2D2AD02A464FF0000C83
:10D8B00007E09E6814F80E30FF2B1546B4441FD0C5
:10D8C0001A4602EB420391424FEA031E04EB031394
:10D8D000EFD18D4202D114F80E20027614F80E20FA
:10D8E000986805EB45052D01FF2A625506D002EB2D
:10D8F000420204EB0212936803449360604470BDDB
:10D90000002070BDA2EB010C1CF4000F10B4836862
:10D9100044690AD12CF07F4C6344A3420DD8E41A29
:10D9200000234461836010BC7047891A21F07F4155
:10D930008B4208D95B1AA342F1D91B1B0024446116
:10D94000836010BC70470C44E41AE9E72DE9F0410C
:10D95000244DBDF824708E462C2101FB00556968CA
:10D9600001EBCE0011F83E60C478417804F1010C5F
:10D970005FFA8CFC664598BF4FF0000C61452DD0D6
:10D98000466804EB4404210106EB04144FF004083C
:10D9900006F801806360069BA360079BE360089B19
:10D9A00023610A9BA3610F9B63620B9BE3610C9B4A
:10D9B00023620D9BA3620E9BE36202236270A78227
:10D9C000A37080F803C0D5E90836704698472B4607
:10D9D00041460022B047A078BDE8F0810120BDE8B3
:10D9E000F08100BF381600202DE9F04F87B00346C4
:10D9F000427A019000685F680290002A00F0EF8090
:10DA0000531EDBB207EBC3038A4603930597039BC0
:10DA10005A6893F801B00492BAF1FF0F57D00AEB9D
:10DA20004A04029BCDF800A04FEA0419002513F820
:10DA300009A003EB0414019BFF2727701E681B7EBF
:10DA400006EB0908BB42D8F808100DD1C1E0091A4D
:10DA500005D1B8F81E90BEF81EE0F1457AD8B25C48
:10DA6000FF2A1F4665D0134603EB430206EB021E56
:10DA70004FEA430CDEF8080088424FEA0212E6D96A
:10DA8000FF2FC8F8081088F800305DD1DDE90020CC
:10DA90000276634406EB03139A68521A9A60A378DD
:10DAA00001336370002DB7D0AB6A4FF000022A70CB
:10DAB000AA7013B1E96A002098476368002BABD1C4
:10DAC000AB6A2362EB6A6362BAF1FF0FA7D1039BD3
:10DAD000049E99780BEB4B030BF1010059454FEA7B
:10DAE00003125FFA80FB06EB031569D0039B1878DD
:10DAF000B35C584508BF4FF0000B042BEAD169789E
:10DB0000029801EB410300EB03144FEA031960781C
:10DB1000A378984220D04FF00003B354AB6A4FF083
:10DB200001020120AA700BB1E96A9847039B99781A
:10DB3000D0E79C444FEA0C1C009BC8F8081088F8FA
:10DB4000002006F80C30AAE707EB47073F01009AD0
:10DB5000F2559EE7014693E7019AAB8A009151691D
:10DB60004FF6FE72934207D04FF6FF729B1AB3FA3C
:10DB700083F35B0984F82C306B6AA362EB68636003
:10DB80002B69236200226262AB8A4FF6FD708342EA
:10DB900088BF1346A383AB69A361EB69E3602B6A7B
:10DBA0002361AB68A36062616A682046FFF7AAFE42
:10DBB0004FF00003E383E37843F00103E3703AE7B7
:10DBC000039A517005999142A2F1080307D003937B
:10DBD0001DE706F80930DDE9003213765FE707B08C
:10DBE000BDE8F08F2DE9F04F447E01238FB083769E
:10DBF000002C40F0BA80037EFF2B814600F0B480F9
:10DC000009F06EFBD9F81420D9F81C3099F8188067
:10DC1000D9F80060801A20F07F4B5B4594BF002349
:10DC20000123B8F1FF0F0393A2467CD0049408EBC4
:10DC3000480806EB08144FEA0818A3685B4571D83A
:10DC4000A27816F80880ABEB030B9A4463789B1A12
:10DC5000DDB2012D63D1A06AA3690293002800F010
:10DC600019810168002900F08380002B00F02A81CF
:10DC7000039B002B00F04A81037A5A0700F03B8196
:10DC8000037A23F007030372E78BE27822F00102A4
:10DC90007B1CE27094F82C209BB2E383002A00F0F6
:10DCA000E080A28B9A4280F0DC80A06A002800F01D
:10DCB0006581037A03F00703012B00F0D28000276F
:10DCC00041684760A36A1A7A67F302021A72A2785F
:10DCD000E768013AA27017B36369D9F8142094F881
:10DCE00003C0AAEB0303134423F07F40626A236955
:10DCF0000CF0010C002D40F0DF80B4F81EE0CDE9FF
:10DD000000C37346B847DDE90223002A18BF43F079
:10DD100001030393E378E58365F30003E370B8F14F
:10DD2000FF0F84D1049C99F80B3099F80A209A428D
:10DD300008D10132D2B2022A1ABF14462346002368
:10DD400089F80B4009EB83030022C3F80CA0D9F833
:10DD5000244089F81A204B46012204210320A446BE
:10DD60000FB0BDE8F04F604784760FB0BDE8F08F8C
:10DD7000029B002B00F08C80039B002B80D1D9F8F4
:10DD80001C309A45FFF47CAFB8F1FF0F7DD0029BA9
:10DD9000E78B09939C46A38B6168CDF818B0BB4212
:10DDA0009ABFFB1A9BB23B4603FB0113CDE907A8C0
:10DDB00005934FF0000E43460B92DDF824800C953E
:10DDC000CDF824C0A3468A4684460D97CDF8289006
:10DDD00003EB430306EB03121B0191688E44F045ED
:10DDE00048D3906A946900283FD0006800283CD04E
:10DDF000D58B978B5068AF4240F29380002840F05B
:10DE00009780BCF1000F32D08146DCF8000028B1C9
:10DE1000029919B97444A04280F0BD80AF4226D85F
:10DE2000D0789BF8032000F0010402F00105A54220
:10DE300005D34240D1071AD4B9F1000F17D060467C
:10DE40005C46DDF820800C9DDDF824C00D9FDDF8D8
:10DE50002890DDE906BA002840F09680CDF808C089
:10DE600013E7A378013BA37059E7002CC0D1F35C02
:10DE7000FF2BADD16046DDE9088C5C46DDE906BAD2
:10DE80000B9ADDF82890CDF808C0002800F09080AB
:10DE9000002514E7029B5BB3039B002B7FF4F4AED9
:10DEA000D9F81C309A45FFF4EFAEB8F1FF0F7FF4BC
:10DEB0006EAF03990D460BE7CDE900C34FF6FF7334
:10DEC000B8472CE7039B63B9D9F81C309A4508D3AF
:10DED000B8F1FF0F54D04FF0040CE78BCDF824C0FD
:10DEE00059E704230293037A5A077FF4C9AE02E08C
:10DEF000029D0021ECE6A18BE28B91423FF6C0AE81
:10DF0000012262F302030372E78BBEE6D9F81C30EC
:10DF10009A45FFF4B1AEB8F1FF0F7FF438AF039D1F
:10DF2000CDE668B9BCF1000F7FF46EAFE14677E74C
:10DF3000BAF1000F20D1BCF1000F98D0D14664E7B0
:10DF4000BAF1000F12D0A5EB07091FFA89F9411A9F
:10DF500000FB0911059888422CBF4FF000094FF0D3
:10DF60000109BCF1000F7FF450AF57E7D146BCF177
:10DF7000000F7FF44AAF51E7A946E8E7A278B8E777
:10DF80000423039D02939AE60168CDF808C0002996
:10DF90003FF476AE70E65C460146DDE906BA6046BF
:10DFA000DDF820800C9DDDF82890DDF824C0ECE73A
:10DFB000054601468CE600BF837E002B40F034838B
:10DFC0002DE9F04F477E8DB08346002F76D1837ABE
:10DFD000C27A012141769A424169079100F0258376
:10DFE0000133DBB2022B12BF1A463A463B4600EB26
:10DFF00082028372D268079B0592134423F07F4309
:10E00000436101259BF81830089309F069F99BF8E2
:10E010000920DBF800300193531EDBF80460049004
:10E02000DBB2002A00F01F84CDE90A7506EBC30AB3
:10E03000FF2303930696D946DAF804704FF0000BDD
:10E040009AF803109AF8025005EB45046B1CA9429C
:10E050004FEA0418DBB207EB041460D09AF80020F2
:10E060009A4208BF00238AF8023017F80820042AD1
:10E070003AD9082A2CD86178019801EB410300EBCA
:10E0800003161B01B078029373781B1A13F0FF0379
:10E090002CD1062A1CD199F81B308B4250D007F89E
:10E0A00008B0A36A84F802B0002BC9D0E16A00204E
:10E0B00098479AF803109AF80250C5E7446A042179
:10E0C000034601220420A4460DB0BDE8F04F60478E
:10E0D00007F808B04FF00103A370A36A002BAFD07C
:10E0E000E16A01209847ABE71D46ADE7052A1ED13E
:10E0F00062684AB9A2683AB9E2682AB922691AB9CB
:10E10000626932F07F42E3D0012B29D00421D9F893
:10E1100024404B4601220846A0478AF80250069A3E
:10E120005245AAF1080300F0E0809A4684E7012BEB
:10E1300000F0A480062AE9D199F81B308B42AED1B9
:10E140006168D9F814208B1A1D0240F1BD80059B2F
:10E15000521A22F07F4293428CBF9B1A0023B7E0F1
:10E160004846FFF79DFBB060D9F814E0049B059A80
:10E17000A3EB0E0323F07F431344984240F2AF8099
:10E18000C01A7368002B46D0A38A002B43D0013BF2
:10E190009AB2A2827568F38BA84218D81BE0726A03
:10E1A000DFF8A4C28BB2A94951186145A0EB050064
:10E1B00006D902F1E87202F5D43202F5A5720138EF
:10E1C000316AF383521A72628542A28A03D2934261
:10E1D00003F1FF31E3D89A421CD9316A099706E06E
:10E1E000726201339BB2F383A28A9A4211D9726A96
:10E1F000DFF858C2944F0A449444BC452844EFD8F1
:10E20000A2F1E872A2F5D432A2F5A57272620130D1
:10E21000E7E7099FB2836368B16A0344B360A26809
:10E2200073691344736129B10B681BB1D4E90132DE
:10E230009B1A4B60049A71463046FFF763FBE26815
:10E24000B3691344B361226993428CBF9B1A0023C4
:10E25000B361A37D1BB1F27863F30002F270E37D3A
:10E2600013B1013B86F82C30DDE90121039B5354A7
:10E270007378627803920133737010E7062A3FF4D3
:10E280000AAF4846FFF70CFBB378B060737099F89B
:10E290001B2063789A427FF402AF17F80830062BF0
:10E2A0003FF44EAFFF2389F81B3017F80830062BD8
:10E2B0003FF446AF082B3FF443AF0499D9F814203C
:10E2C0008B1A1D023FF543AF059A23F07F43134499
:10E2D000D9F81C209A4288BFC9F81C30DFE6726961
:10E2E00013441B1A736100204BE7DDE90A75CB4626
:10E2F0009BF81860002D00F01781049B079ADBF84B
:10E3000000809B1A23F07F4A089BF51A18BF01254D
:10E31000FF2E08BF2C465FD04FF00009CDF80490C7
:10E320000497DDF81490059506EB460508EB0514F7
:10E330002D01A2684A4500F26882019BA178E08B1A
:10E340001344019363785B1ADBF81C108A4234BFD4
:10E35000891A0021A9EB0209AAEB020A24BF4FF097
:10E36000FF328BF81B20CBF81C10A16AA769DBB227
:10E37000002900F0CC800A68002A00F0B480002F49
:10E3800040F0B480022B00F03B820022A26018F81B
:10E3900005208BF818206168A26A002974D122B187
:10E3A000127A02F00702012A52D03BB1012B00D0B1
:10E3B00020B1236A13B1616A01209847A378637082
:10E3C0009BF81860FF2EAFD1DDE90475089BFF2B89
:10E3D0000CBF2C4645F0010403995846FFF704FB97
:10E3E000CDE90247DBF800A0CDF804B04FF0000CF7
:10E3F000019B187EFF2800F0398204464FF0FF0889
:10E4000000E01C4604EB44030AEB03151B01A96A58
:10E410008E4629B10A7A02F00702012A00F00B8128
:10E420001AF80330FF2BA046EBD1DDE90247DDF8F7
:10E4300004B0BCF1000F40F09280089B834240F092
:10E440008E80002C7BD08EE0592B177F5A2B17FF24
:10E45000A378C4F808906370079B019ADBF8141046
:10E460009A1822F07F422046FFF74CFA039B08F8E7
:10E470000530637803960133DBB263709BF8186054
:10E48000FF2E7FF451AF9FE722B1137A03F0070309
:10E49000012BDDD0B4F81EE0BEF1000F40D1B4F87E
:10E4A0001CE07046D4E908C300220294BC4FBD4C66
:10E4B0006344DF19A74200F1FF300A4406D8A3F1F4
:10E4C000E873A3F5D433A3F5A5730132441CEDD151
:10E4D000029C94F82C706362002F00F08480A2608C
:10E4E000A4F81EE0B8E7002F3FF44FAF022B7FF4F3
:10E4F0004CAF00287FF449AF0A7A02F00702012AE4
:10E500003FF443AFCBF81C708BF81B603DE7002F46
:10E510003FF43BAF022B7FF438AF0028F2D034E752
:10E52000A37863700020BDE758460399FFF75CFAB3
:10E530009BF81800089B83420ED19E420CD1002309
:10E540008BF819309BF81A30002B49D0DBF82440A7
:10E550005B4601220321B5E5FF2800F09281089B6C
:10E56000FF2B00F06B81DBF8003000EB400003EB89
:10E570000013D3F80880B8F1000F59D008F0B0FEAE
:10E580000A260446DBF81430E21A22F07F42904556
:10E5900006F1FF3602F103011AD941452CBF5B1881
:10E5A000434423F07F452846DBF82830984708F09D
:10E5B00097FE031B2D1B23F07F43023325F07F457D
:10E5C000AB4206D90EB10446DCE700DE0446D9E7CB
:10E5D000012700238BF819309BF81A303B43B5D143
:10E5E0000DB0BDE8F08F92457FF679AF6C48CDF85D
:10E5F000088006946B4C634403EB00080137A04588
:10E600000A44BFB206D8A3F1E873A3F5D4330132AC
:10E61000A3F5A5739245EDD8069CDDF808806362EA
:10E6200077441FFA87FE5AE770473D460597E9E4AD
:10E630008BF819808AE7AA68002A40F03A81D5F859
:10E6400018B0BBF1000F06D10A68002A00F03D8126
:10E650008E464FF0040BDEE90029914580F0E380FF
:10E66000A2EB090C1AF80320FF2A00F0DC800199C4
:10E67000CDF81C80C969ACEB0B000E1D0021CDE963
:10E680000594049099460F460846344613460BEB12
:10E690000708C4453FD303EB43030AEB03121B01F6
:10E6A0009668304404287FD9061F3E44664528BF3B
:10E6B00066460BEB04018C450ED3B0450CD8A96916
:10E6C000002900F08C809EF80810090700F187806F
:10E6D000B6EB0B0140F0BD80916A21B1097A01F0DF
:10E6E0000701012971D0916900296ED05268002A72
:10E6F0006BD0AA6907440431CC19002A63D09EF874
:10E7000008201207ACEB0B0100F1AA801AF80330C5
:10E710000020FF2BBBD14B46DDE90648DDF8149005
:10E720008944CEF804901AF803B0BBF1FF0F5A46A3
:10E7300018BF4FF0FF0C01D1CDE0024602EB4200C2
:10E740000AEB00174FEA4209BE688E424FEA0010FA
:10E7500080F0C3801AF80000FF289446A1EB060160
:10E76000EBD1A960B8F1FF0F00F09F8008EB4801E2
:10E7700009010AF801B04A4412011AF802100AF815
:10E7800003100AF80240EB8B013BEB839EF8083044
:10E79000022262F302038EF808304FF0010C27E6E4
:10E7A0005A2B17FF592B177FAE6996B19EF8086058
:10E7B00016F008063FF47DAF9469049A07440434C8
:10E7C0003C44A242A2D32146A0E71AF8033000211C
:10E7D0009FE791690744043139440C4696E7002CC1
:10E7E0003FF47AAFA6EB0B06A642FFF475AF4B469B
:10E7F000DDF8149022469144DDE90648114690E781
:10E8000000287FF4C2AD042776E64B46D21AA260F8
:10E81000059D9BF81830089A049F93420CBF2C4624
:10E8200045F00104D8E5CEF804901AF80330FF2B28
:10E8300008BF00214FD00023AB60A4E708F050FDD3
:10E84000044608F029FD40B99BF81800CBF81440A5
:10E8500089E6A142FFF440AF5DE79BF8180082E62D
:10E860000A460021ADE7FF23039341E5029C9B4646
:10E87000BCF1000F05D1089BFF2B02D1002C3FF407
:10E880005EAE08F019FD044600287FF458AECBF8C0
:10E890001C0008F025FD8BF81940CBF814009BF8FC
:10E8A0001A30002B3FF49CAE50E6019981F818B065
:10E8B00061E700DEA96AD5F818B08E46BBF1000FFB
:10E8C0007FF4C9AE00297FF4BFAE00DE4FF0040B29
:10E8D000D5F828E0BFE6A96055E7761ABCF1FF0F2E
:10E8E000BE60A9603FF44FAF1AF803B062464FEA2A
:10E8F0004C0937E7F8B5069E9DF81C50089CB8B93E
:10E90000144F3A605A1E39727B727E60D2B273B174
:10E9100006EBC2025460114612F808398E4203EB2E
:10E920004300A5EB030304EB0014DDB2F2D10DB1FB
:10E930000120F8BD099B3B620A9B7B62FF240B9B75
:10E94000BB623C7608F0CCFC7D817861FC76FD6191
:10E950002846F8BD3816002040B9064B1A7EFF2A1B
:10E9600001D1187270476FF00F0070476FF01500FB
:10E97000704700BF3816002010B4074B2C2202FB52
:10E9800000335C6A2CB1A446012210BC0321022092
:10E99000604710BC704700BF3816002010B58AB021
:10E9A0000C9C00940D9C01940E9C0294BDF83C407C
:10E9B0000394109C0494119C0594129C0694139C3F
:10E9C0000794149C089400240994FEF7BFFF0AB032
:10E9D00010BD00BF10B4BDF81040049410BCFEF789
:10E9E000B5BF00BF2DE9F047244DBDF82C809DF840
:10E9F00030709DF83CE02C2404FB00556C6804EB5F
:10EA0000C10014F83190C478467804F1010C5FFA23
:10EA10008CFCE14598BF4FF0000C66452AD0466853
:10EA200004EB44044FEA041906EB04144FF0050A02
:10EA300006F809A06360089BA360099BE3600A9B3A
:10EA400023610D9BA3620E9BE36202236270A4F814
:10EA50001480A77584F817E0A37080F803C02B6AB0
:10EA60006E6A084698472B4600220421B047A078DA
:10EA7000BDE8F0870120BDE8F08700BF3816002010
:10EA800010B588B00A9C00940B9C01940C9C0294D5
:10EA9000BDF8344003949DF8384004940F9C0594CD
:10EAA000109C069400240794FFF79CFF08B010BD4B
:10EAB000F8B5194E2C2404FB0066746804EBC10001
:10EAC00014F831E0C478457804F1010C5FFA8CFC4D
:10EAD000E64598BF4FF0000C65451BD0456804EB38
:10EAE00044044FEA041E05EB0414072705F80E70D2
:10EAF000A362069BE36202236270A37080F803C0E6
:10EB0000336A756A08469847334600220421A847AD
:10EB1000A078F8BD0120F8BD38160020F8B51A4ECF
:10EB20002C2404FB0066746804EBC10014F831E087
:10EB3000C478457804F1010C5FFA8CFCE64598BF77
:10EB40004FF0000C65451DD0456804EB44044FEAC6
:10EB5000041E05EB0414082705F80E706360069B7D
:10EB6000A362079BE36202236270A37080F803C074
:10EB7000336A756A08469847334600220421A8473D
:10EB8000A078F8BD0120F8BD3816002008F0A8BB19
:10EB9000401A20F07F40704701480021704700BFB5
:10EBA0001F410100022801D00120704738B50446FA
:10EBB00008461D4602F0ECFD10B10020287038BD5B
:10EBC000204638BD002303700B70704738B50546EA
:10EBD00000200C4602F0CCFB70B93DB9074B44B1A4
:10EBE00020681860A2889A80002038BD044B002C51
:10EBF000F6D11C609C80F7E70C2038BD6C16002015
:10EC000064160020012804D808B903487047034857
:10EC100070470020704700BF6C160020641600206B
:10EC2000012809D830B9064B186808609A888A808C
:10EC300018467047034BF7E700231846704700BF9C
:10EC40006C1600206416002010B5044607F0D2F8B8
:10EC500050B907F00FFC60B907F0F8FE70B9204614
:10EC6000BDE810400CF0BEBC00DE07F003FC00283D
:10EC7000F2D000DE07F0EAFE0028F0D000DE2046E9
:10EC8000BDE810400CF0AEBC086001480CF0AABC16
:10EC90006C1B00200CF0A6BC2DE9F84F0B78072B5D
:10ECA00084BF2C4B93F840309A4289468346924663
:10ECB0004DD0284D5C1CE4B235F833200280082C7E
:10ECC00008BF0024002605EBC30301274FF01208FC
:10ECD00019E0012838D0C3F80480072C89F80040D7
:10ECE00088BF95F84040A24523D023B2013435F8BF
:10ECF0003310BBF80020E4B2082C08BF0024914276
:10ED000005EBC30315D15868B0B1FF28E1D90279EA
:10ED100002F00302013A012A12D912225A6002F0CB
:10ED20004FFD072C89F8004088BF95F84040A24568
:10ED3000DBD13046BDE8F88F01365F60F6B2CCE734
:10ED40000136F6B20122E9E70136F6B2C5E7002640
:10ED5000EFE700BF981600202DE9F041324F3B88C5
:10ED6000984253D913F0FF0524D0DFF8C08098F8FB
:10ED7000154098F814302E480134E4B2052C08BF31
:10ED80000024A34218D0FEF787FB064629488EB11F
:10ED9000FEF782FB00283BD0066098F8153048F853
:10EDA00023003B8888F81540013D013B15F0FF0525
:10EDB0003B80DED1BDE8F0813B88002BFAD0DFF844
:10EDC000788098F8094000260134E4B2022C98F8C3
:10EDD0000830174808BF0024A342EBD0FEF75CFBC5
:10EDE00005461448002DE5D0FEF756FBB0B16E6025
:10EDF000056098F8093048F823003B8888F80940F6
:10EE0000013B9BB23B80002BDED1D3E70546ACE74C
:10EE100030460749BDE8F041FEF754BB2846044997
:10EE2000BDE8F041FEF74EBBFC1600202C19002077
:10EE3000001700204C170020E01600202DE9F843B1
:10EE40002F4B304F181D052224214FF00008A7F842
:10EE50001880FEF7FDFA2C4B05220821181DFEF73D
:10EE6000F7FA97F818907C7E05260134E4B2062C58
:10EE700008BF0024A145244813D0FEF70DFB05462A
:10EE80001F4875B1FEF708FB002834D0C5F8048090
:10EE900005607B7E47F82300013E16F0FF067C7676
:10EEA000E3D11A4B0722181D4421FEF7D1FA184B63
:10EEB0000922181D0821FEF7CBFA1548FEF7ECFAD7
:10EEC000A8B1144A111FFEF735FB1148FEF7E4FA0A
:10EED00078B1114A111FFEF72DFB104B0522FF20C0
:10EEE0001A80FFF739FFBDE8F84306F053BC00DE97
:10EEF000E7E700DEEDE704492846FEF7E3FAD0E74E
:10EF000070190020281A0020441900204C170020F6
:10EF100000170020F8160020F0160020FC16002034
:10EF20002DE9F0417B4D7C4E86B004AA02A90DF17B
:10EF3000070003F005F80446D5E9000103AAFEF72F
:10EF400011FB074650B3039B002B6AD0187804AA24
:10EF500002A903F00DF8039B0446002840D0049A50
:10EF6000BDF808101F78ADF80A10059203F012F8EA
:10EF70002146059ABDF80A0003F040F8204602F049
:10EF8000D3FF05AA0DF10A01384602F0F1FF04464D
:10EF90000028EBD130680CF025FBC6E7002C3DD0F3
:10EFA000049B05939DF80770BDF80830ADF80A3052
:10EFB00002F0F0FF2146059ABDF80A0003F01EF8A2
:10EFC000204602F0B1FF05AA0DF10A01384602F011
:10EFD000CFFF04460028EBD130680CF003FBA4E718
:10EFE00005931B79013B2C2B1ED8DFE803F01F3261
:10EFF000741D1D1D1D1D1D1D1D1D1D1D1D1D1D1DEA
:10F000001D1D1D1D6A1F1D1D1D1D1D1D1D1D1D1DE1
:10F010001D1D1D1D1D1D1D1D1D1D1F0006B0BDE854
:10F02000F08100DE039B91E700DE7EE739496868E6
:10F030000022FEF79FFA394B059993F84130384684
:10F040000B70374AFEF784FA334B18680CF0CAFA93
:10F050006BE7304968680022FEF78CFADDF814800F
:10F06000D8F8084034B12378002B50D02378013BE6
:10F07000DBB2237098F80C3013B1012B41D000DEC5
:10F08000284A002388F80C30537E117E0133DBB20E
:10F09000062B08BF0023994237D0C8F80070517E74
:10F0A00042F821805376002C3FF43FAF2378002BA9
:10F0B0007FF43BAFA368002B3FF437AFE06898477D
:10F0C00033E7144968680022FEF754FA0599384678
:10F0D00002F0BEFD29E705A9384602F0D5FD0D492D
:10F0E00068680022FEF746FA059900293FF41DAF33
:10F0F0000B792E2B3FF419AF084B384693F841306B
:10F100009EE74046F8F73CFCBAE700DECBE700DEBE
:10F11000ACE700BFF4160020681B00209816002002
:10F12000F0160020281A002010B5244B244C86B07D
:10F13000186008F0A3F82378002B37D02149224B20
:10F14000224A2348CDE90431224BCDE902320C2377
:10F15000CDE900034FF0020C04230370037280F822
:10F1600010C080F818C01C4A19460020FFF7C2FBE7
:10F1700008BB01220021194810F060FD06F0C6FD11
:10F1800008B106B010BDFFF759FE07F05BF9002883
:10F19000F7D102F0B7F80028F3D107F04BFC0028B4
:10F1A000EFD106B0BDE8104002F0FCBCFEF7F2F96A
:10F1B00001232370C2E700DEDBE700BF681B0020ED
:10F1C0007C320020BD7C03001D7C0300FD7B03001E
:10F1D000BC1D00207C1B0020DC1D00206C1B0020BF
:10F1E00030B585B002F094F878BB02F0E1FC88BB42
:10F1F0001B481C491C4A1D4B0024A0F84040A1F8A4
:10F20000204194821C8101222146684610F016FD9F
:10F21000174B2246214603206D46C3F808D0FEF75F
:10F2200011FAC8B94FF0FF324FF0FF3328460CF007
:10F230000DFA02F073F888B9FFF700FE00210120F3
:10F2400005B0BDE83040FFF7C1BC00DE02F0B0FC05
:10F250000028CDD000DECBE700DEE3E700DEEBE701
:10F2600098160020441A00202C190020E0160020D7
:10F27000A404002008B5FFF7B3FF06F07DFD00B140
:10F2800008BDBDE80840FFF767BB00BF2DE9F043AC
:10F290002A4D2B4F83B0804689460023C8F80030A2
:10F2A00095F84140D7E9000101AAFEF75BF906464F
:10F2B00090B3019B23491A784846FFF7EDFC80BBC9
:10F2C00095F840308DF8013095F8412004460DF155
:10F2D00001010DF10200FFF7DFFC44EA000212F029
:10F2E000FF02F1D1019B1979012920D139467868B3
:10F2F000FEF740F914493046FEF7E4F8134A138844
:10F30000042B11D80198124901331380FEF7DAF863
:10F310000120FFF721FDC0E70A4922464846FFF7D2
:10F32000BBFC03B0BDE8F08300DE1388EAE71046BB
:10F33000C8F8003003B0BDE8F08300BF9816002085
:10F34000EC160020D816002000170020FC16002024
:10F350004C17002030B5324983B000234868019330
:10F3600001AAFEF707F9002851D02E49FEF7AAF8A6
:10F37000019A13792D2B1DD8DFE803F01F1C1C1FE9
:10F380001C1C1C1C1C1C1C1C1C1C1C1C1C1C1C1CBD
:10F390001C1C1C171F1F1F1F1F1F1C1C1C1C1C1CA0
:10F3A0001C1C1C1C1C1C1C1C1C1F137F3C2B19D060
:10F3B000537F33B900DE03B030BD002BFAD003B069
:10F3C00030BD93681C68A06D20B100231649A36569
:10F3D000FEF778F894F85E3023F0010384F85E308D
:10F3E00003B030BD9368D3E9004595B100225A605F
:10F3F000EB6D93B905F1500105F14C00FEF79EF855
:10F40000034640B12868EB6502F0A8F9E2E700DEA8
:10F41000ABE700DEEAE700DEF4E700DEEAE700BF84
:10F42000EC160020001700204C170020F8B50468E7
:10F4300006460CB3314D2046246803792D2B18D88D
:10F44000DFE803F0271717271717171717171717CE
:10F4500017171717171717171717172133272727E6
:10F46000272717171717171717171717171717170C
:10F47000172700DE002CDED100233360BDE8F84002
:10F48000FF20FFF769BC037F3C2B25D013B100DEC2
:10F49000037953B32B88042B24D8013318492B80CC
:10F4A000FEF710F8002CC6D1E6E7C0880028E1D1AD
:10F4B00002F062F90746D0B1FB6ED3B907F16001E3
:10F4C00007F15C00FEF73AF8A8B1F866384602F09A
:10F4D00045F9002CAFD1CFE70949FDF7F3FF002C28
:10F4E000A9D1C9E700DE2B88D7E700DED2E700DE2E
:10F4F000E2E700DEE2E700DEE7E700BFFC160020FF
:10F500004C1700200148FDF7C7BF00BF00170020BF
:10F510000149FDF7D7BF00BF001700200148FDF7E4
:10F52000BBBF00BF4C1700200149FDF7CBBF00BF98
:10F530004C170020034B044A93F841300B70FEF740
:10F5400007B800BF98160020F016002008B5064B3B
:10F55000064A93F841300B70FDF7FAFF044B186828
:10F56000BDE808400CF03EB898160020F0160020C8
:10F57000681B00200B490A7A4B7A9A420AD8A3EBFF
:10F58000020C5FFA8CFC604509D89A4207D051F80A
:10F590002200704702339B1ADBB29842F7D9002051
:10F5A000704700BFE0160020074A117A537A8B4259
:10F5B00008D04B1CDBB2022B08BF002352F82100FD
:10F5C0001372704700207047E016002000B50D4A06
:10F5D00092F841C092F840E00CF10103DBB2082B35
:10F5E00008BF00239E4509D022F83C0002EBCC0C5A
:10F5F000CCF8041082F841305DF804FB00DE0023F3
:10F600001B80FFDE98160020022810B50C4602D0A1
:10F610000B68022B07D004484FF0FF324FF0FF3346
:10F620000CF014F8206810BD6C1B002004490A6817
:10F630000AB110467047024608601046704700BF86
:10F6400094160020044A136823B1984206BF002193
:10F65000116000231846704794160020014B18686B
:10F66000704700BF9416002004490A680AB110468A
:10F670007047024608601046704700BFDC16002045
:10F68000044A136823B1984206BF00211160002389
:10F6900018467047DC160020014B1868704700BF01
:10F6A000DC16002070B505682B7884B0EBB10446F9
:10F6B00001220021684610F0C1FA0D4B6E46C5E9E3
:10F6C00002362B788BB10B4B0022114603209C6035
:10F6D000FDF7B8FF38B94FF40042002330460BF075
:10F6E000B5FF04B070BD00DEF5E76FF07700F8E716
:10F6F00095EC020094040020F0B5244E336885B0E8
:10F700000C461746002B36D0994215D1022303939D
:10F7100003AB0246009303211D4B0020FFF7C8F9FD
:10F72000022805460CD0039B022B09D195B1336802
:10F730000BB19C4221D014B36FF02D0005B0F0BD89
:10F7400014484FF0FF324FF0FF330BF07FFF039D63
:10F75000002DECD13846FFF7A5FF33680BB19C4272
:10F7600010D0002CE8D10028E8D010F1780F08BFA5
:10F77000002005B0F0BD3160C8E7002333606FF0B2
:10F780007700DBE735600028D8D0EEE7941600203C
:10F7900089EC02006C1B00200B490A7D4B7D9A42CC
:10F7A0000AD8A3EB020C5FFA8CFC604509D89A4298
:10F7B00007D051F82200704705339B1ADBB29842FC
:10F7C000F7D90020704700BF2C190020074A117D8F
:10F7D000537D8B4208D04B1CDBB2052B08BF0023A6
:10F7E00052F8210013757047002070472C19002033
:10F7F00038B50C46054602F09DFB20702146284690
:10F80000024ABDE83840FDF7A3BE00BFF81600204D
:10F810000122024B11460020FDF714BF8404002092
:10F8200070B50C46054602F085FB21462070064A5D
:10F830002846FDF78DFE0122BDE87040034B1146BE
:10F840000020FDF7FFBE00BFF81600208404002052
:10F850002DE9F0431A4D9DF81C8095F821C10CF15B
:10F86000010E5FFA8EFEBEF1090F994695F8203120
:10F8700008BF4FF0000E73451DD0144605EB4C1C1D
:10F88000E36807460E4610685168926864460FC4E4
:10F890009CF81C30CCF8186008F0010823F0030332
:10F8A00043EA0803CCE904978CF81C3085F821E181
:10F8B0006046BDE8F0834FF0000C6046BDE8F08381
:10F8C000441A0020054890F8203190F821219A42EE
:10F8D00014BF00EB43100020704700BF441A002003
:10F8E00001460B480A7890F82131082A84BF90F825
:10F8F00020210A70934208D0531CDBB2092B08BFA9
:10F90000002300EB42100B7070470020704700BFCF
:10F91000441A00202DE9F04F3D4E96F8203196F81C
:10F92000212187B09A4202903ED04FF00008CDE9E5
:10F93000048806EB43130B24CDF80C80C346C24663
:10F940001D7FD3F80090DF68C5F3400205F0010584
:10F95000002C4DD0013CE4B24AB396F8211196F840
:10F960002031994220D00133DBB2092B08BF00239C
:10F97000994286F8203117D0590106EB4313002A2B
:10F98000DED1D86805BBBAF1000F33D0BBF1000F50
:10F9900036D01A7F9707D3D15045725834D0584586
:10F9A000CED105998A42CBD107B0BDE8F08F194975
:10F9B00002988B600B4611460192FDF743FE019AB7
:10F9C0000028CAD000DEC8E7039ABAB1B8F1000F28
:10F9D00008BFB8461A7F9507B2D4D207DCD5BBF171
:10F9E000000FADD1039A8242DED08045A8D1DBE77B
:10F9F00000DEAFE7BA46CDF81090EBE70397E9E7F2
:10FA0000BB46CDF81490E5E704998A42C7D1CBE70D
:10FA1000441A002074040020054B1A7E597E91423E
:10FA200004D053F8220010B10C307047002070470A
:10FA3000281A002070B5134A117E537E8B421ED0C7
:10FA40004B1CDBB252F82140062B08BF0023137673
:10FA50009CB102230025266823712560A06002F076
:10FA600069FA094A207021463046FDF771FD0122EE
:10FA7000064B11462846FDF7E5FD204670BD0024E3
:10FA8000FBE700BF281A0020F8160020840400209D
:10FA900010B582B00024049B93F80AC02CF0020C2D
:10FAA00083F80AC0CDE9004406F0D4FA02B010BDD4
:10FAB00010B50346007F1A699969012482B020407D
:10FAC000CDE90004586906F0C5FA08B902B010BDC6
:10FAD0007730FBD000DEF9E710B4CB6804691A7800
:10FAE000042A02D0236810BC18475B78052BF9D193
:10FAF000002010BC704700BF0B8A002B38D030B5F7
:10FB0000054683B001F10C000C460DF077FD01288D
:10FB100010D0022802D06FF0150009E001A920469C
:10FB200000F016FE019911B12846FFF7D5FFC8B1C4
:10FB300003B030BD002301A92046019300F07CFAF8
:10FB4000014678B12846FFF7C7FF0028F0D1019D94
:10FB500045B1284601F0BEF803466B71064801998D
:10FB600010F057F82046FAF70DFF002003B030BD23
:10FB70006FF01500704700BFA01E002010B504698B
:10FB8000FFF778FB40B90548FAF744FC0448FAF758
:10FB900041FC0020206010BD00DEF4E7C80B00200F
:10FBA000480C00202DE9F041076982B006464FF06D
:10FBB000000836484FF0FF324FF0FF330BF0E0FC07
:10FBC0000028F6D043790190042B30D8002B45D083
:10FBD000022B4BD04FF0FF324FF0FF330220FAF7E9
:10FBE0007BFF04460198002C4AD0214600F060FEBD
:10FBF000019B01A8C3F80080FFF718FC20460DF018
:10FC000088FC0546214600200DF0A9FC2B8A012B1B
:10FC100004462946304606D93B6898470CF0B6F9A9
:10FC2000002CEBD1C5E72846FAF7ACFEF6E7052B2A
:10FC300014D14FF0FF334FF0FF320820FAF74CFF9A
:10FC400004462146019800F00BFE019B01A8C3F871
:10FC50000080FFF7EBFB002CD0D1AAE700DE019B70
:10FC600001A8C3F80080FFF7E1FBA2E70022002310
:10FC700001210020FAF748FF04460198002CB4D176
:10FC8000046001A8FFF7D2FB93E700BFA01E00208D
:10FC9000F0B5064683B014E04FF0FF324FF0FF336B
:10FCA00000211320FAF730FFBDF802100546224666
:10FCB00000F0F8FF29463046FFF70EFF40BB0CF07E
:10FCC00065F90DF1020101A8FFF7E0FA04460028EA
:10FCD000E2D1019BA3B1FFF73DFB019F384600F045
:10FCE000F9FF019D78716B79032B02D12B79182BC9
:10FCF00010D0184829460FF08CFF019B002BE0D153
:10FD00004FF0FF324FF0FF3313480BF09FFCD8E762
:10FD100000DED4E721464FF0FF324FF0FF330520DD
:10FD2000EF88FAF7F1FE39460446024605F11C0059
:10FD300000F06EFD384600F08BFD3CB121463046A8
:10FD4000FFF7CAFE20B92046FAF71CFE019DD0E756
:10FD500000DEF8E7A01E0020B01E0020F0B505462A
:10FD6000076989B00E461F480FF025FF4FF0FF329C
:10FD700000211D480FF062FF1B48FFF7D5F904462C
:10FD800060BB3E6000F0BCFF002600276FF0090357
:10FD9000CDE90334CDE90667CDE90144134B14499D
:10FDA00000954FF4E07213480BF0F6FE124911482B
:10FDB00010F038F86FF00702CDE90324CDE90667AB
:10FDC000CDE901440D4B0E4900954FF460720D488A
:10FDD0000BF0E2FE0C490B4810F024F8204609B065
:10FDE000F0BD00BFA01E0020B01E002091FC02004C
:10FDF000403B0020C80B002098090400A5FB02002E
:10FE0000403D0020480C0020A809040008B50CF073
:10FE100077F805480FF0D7FE03480FF0CCFEBDE899
:10FE200008400CF081B800BFA01E00202DE9F04171
:10FE30001A4C6468A40004D51646194A12681207C1
:10FE400001D4BDE8F08103F10C0405460F462046BD
:10FE500002210DF09BFB40F63E430380012120462A
:10FE60000DF094FB0346042220461A700B210DF07E
:10FE70008DFB0570A0F801603DB97B68BA68C0F8D9
:10FE80000720C0F80330BDE8F0814FF00008C0F84B
:10FE90000380C0F80780BDE8F08100BFB8020020F1
:10FEA000B0020020F0B5013887B0144611280AD8F6
:10FEB000DFE800F0234056090968097A99AC09097E
:10FEC00009090909090D6FF0150007B0F0BDCB68ED
:10FED000DA789978188805F049FC554B06460121D7
:10FEE00018880DF08DFC012105460C300DF04EFBFD
:10FEF00006702560002007B0F0BD4D4B0D2118881D
:10FF00000DF07EFC0D2120600C300DF03FFB4FF416
:10FF1000806200234FF002140421A0F80520012282
:10FF20000370C0F80140C171037242728372C372E0
:10FF30000373DFE73E4B412118880DF061FC41213E
:10FF400020600C300DF022FB002104463E2200F818
:10FF5000031B10F01EF940F2A733A4F80130C9E7E3
:10FF6000334B092118880DF04BFC092120600C301F
:10FF70000DF00CFB0346002203F8012BC0F8012012
:10FF80005A60B7E7C9680020FEF720FE284B012120
:10FF900018880DF035FC012105460C300DF0F6FAFD
:10FFA000002303702560A5E7224E214F0FCE01AD3F
:10FFB0000FC5336838882B7012210DF021FC1221F7
:10FFC00020600C300DF0E2FA0446002301AE04F884
:10FFD000013B84460FCE2D78CCF801006160A26011
:10FFE000E360257486E7124B182118880DF008FC91
:10FFF000182120600C300DF0C9FA002304460121BD
:020000023000CC
:1000000000F8023B07F0C0F8607073E7084B21214D
:1000100018880DF0F5FB212120600C300DF0B6FAA8
:100020000146002301F8113B013007F0FDF861E7BC
:1000300062320020C80904002DE9F041038A8AB029
:100040000022022B05922DD9044603210C300DF01D
:10005000CDFA228A83789A4224D30188C84EC1F30C
:100060008523082B318088B2C1F3090509D89BB1DB
:10007000013B072B10D8DFE803F0EF0FD1B70F0FCC
:100080000F1A3F2B08D105AA21462846FFF70AFF81
:10009000163040F04D83308801210AB0BDE8F041B0
:1000A0000DF0C0BB002420460AB0BDE8F081691EF7
:1000B0004A29F1D801A353F821F000BF53060300E9
:1000C00033060300EB05030099000300E10503007C
:1000D000C5050300AD050300A10503009505030058
:1000E0008B050300990003009900030099000300A9
:1000F0009900030099000300990003009900030090
:1001000099000300690503009900030041050300FD
:1001100033050300F9040300DB0403009900030026
:10012000D1040300C1040300A304030099000300E9
:10013000990003009900030083040300690403008D
:10014000990003009900030099000300990003003F
:10015000990003009900030099000300990003002F
:10016000990003009900030099000300990003001F
:10017000990003009900030013040300DF03030048
:100180009103030099000300990003009900030004
:1001900099000300990003009900030099000300EF
:1001A00099000300990003009900030099000300DF
:1001B00099000300990003009900030099000300CF
:1001C00099000300990003009900030099000300BF
:1001D00099000300990003009900030099000300AF
:1001E0009900030061030300691E08293FF654AF1C
:1001F00001A353F821F000BF39030300E902030013
:10020000C502030099000300990003009900030050
:100210009900030099000300A7020300632D00F07A
:10022000268226D8032D00F03D822D2D00F022825B
:10023000012D7FF431AFE268524B116852681960AA
:100240005A6001210DF0DCFA012104460C300DF05A
:100250009DF90023037026E7062D00F000821D2D76
:100260007FF41AAFE368188801F0BAFB01463088C2
:1002700013E77B2D00F039827C2D7FF40DAFE3680E
:100280001F885988B8B201F05DFC0546032130880B
:100290000DF0B6FA032104460C300DF077F9057025
:1002A000A0F80170FFE607210DF0AAFA0721044625
:1002B0000C300DF06BF90146002001F8010BFEF740
:1002C000AFFCF0E609210DF09BFA092104460C3041
:1002D0000DF05CF90346002203F8012B6021C0F801
:1002E00001205A604171DEE641210DF089FA412179
:1002F00004460C300DF04AF9002105463F2200F873
:10030000021B0FF046FFC0220423AA714FF40A72A9
:10031000EB72A5F80F20EB75202243F230031A4947
:100320006A70A5F8213070228023C5F81A1085F86C
:10033000242085F82730B6E609210DF061FA09215D
:1003400004460C300DF022F94FF4506100230F4A9F
:1003500001800D218370C3700171C0F80520A2E6F1
:1003600003210DF04DFA032104460C300DF00EF977
:100370000146002301F8023B0130FEF723FC92E620
:1003800062320020B8020020F703F40EF105FFFFEF
:10039000E2689478D1781788B2F80550E30744BF33
:1003A00041F00301D170A407137940F1B68143F005
:1003B0000303137143EA0102032A40F0BB814A0799
:1003C00000F0B48115F003021CBF05F1FF3505F004
:1003D0000102384601F050FB014630885DE6E368D3
:1003E0001A78D1074ABF07205878587092074ABF39
:1003F00007219978997001F035FB05460121308875
:100400000DF0FEF9012104460C300DF0BFF8057027
:1004100049E6E36805211E880DF0F2F9052104463E
:100420000C300DF0B3F8B7B20546021DE91C384692
:1004300001F0F8FAEB782A792870002B93FAA3F3ED
:10044000B3FA83F308BF4FF0FF330133EB70002A98
:1004500092FAA2F3B3FA83F308BF4FF0FF330133EC
:10046000A5F801602B711EE6E268178892780023D8
:10047000CDE90233CDE900330221B8B201F0F0F941
:1004800003E7E16800220F884B88039208890290F5
:10049000C888019089880091B8B2022101F0E0F982
:1004A000F3E609210DF0ACF9092104460C300DF0FA
:1004B0006DF8A149A14A0160002342600372F2E590
:1004C000E3681F8800220621B8B205F03DF9DCE69A
:1004D000E268002132F8027BF6E709210DF090F97D
:1004E000092104460C300DF051F8002300F8013BBF
:1004F000082105F051FCD6E5E068002306AA00F1CA
:10050000100107F02DFC308811210DF079F911212F
:1005100004460C300DF03AF80646002306F8013B7D
:1005200006AD07460FCDC7F801007160B260F360F9
:10053000B9E5E368188801F031FA01463088ACE586
:10054000E36808211E880DF05BF9082104460C3091
:100550000DF01CF8B7B20546C11C384601F0C4F9CD
:10056000A5F8016028709EE5E16800224B880888A4
:1005700003920C890294CC880194898800911146D9
:1005800001F06EF90146308887E5E3681878F6F7E0
:100590007FFF32E7E16811F8010B00F0C7FF2CE79D
:1005A000E16811F8010B00F053FF26E702210DF07E
:1005B00027F9022104460C300CF0E8FF00230370F9
:1005C000437070E5E468A57BA3796279217920887E
:1005D0000295657B01950734009400F0B9FD0CE7A6
:1005E000E1680120FEF7F2FA07E709210DF008F9AA
:1005F000092104460C300CF0C9FF0346002503F81E
:10060000015BC0F801505D600646FEF7C5FA2B4657
:1006100061F30703C1F3072262F30F23090C61F3AF
:100620001743090A61F31F63C6F80100C6F80530D5
:1006300039E504210DF0E4F8042104460C300CF0F7
:10064000A5FF00231B210322037041708370C27039
:1006500029E5E2683A4B116852681960F0E5E368F1
:100660009978188801F064F90146308815E5E26848
:10067000344BF0E7E36804211E8893F802800DF004
:10068000BFF8042104460C300CF080FFB7B20546D9
:10069000C31C424639460220FEF784FAA5F80160E1
:1006A000287000E5284B274A4FF0FF3041F6FF71D4
:1006B000C3E90001224B00200021C2E900011F20F4
:1006C0000021C3E90001FEF78BFD308801210DF008
:1006D00097F8012104460C300CF058FF00231B4A08
:1006E00003701360FFF792FBDDE4E3681F8806A93F
:1006F000B8B201F0F5F90521054630880DF080F813
:10070000052104460C300CF041FF0570A0F8017083
:10071000BDF81830A0F80330C5E441EA0302032A0B
:1007200008D84C0702D05A077FF44CAE1221B4E42B
:10073000059CB8E41121B0E4008FCC30ECC001007E
:10074000B0020020C80C0020B8020020C01E00200B
:1007500000230B60038A032B55D92DE9F04705468A
:1007600088460C3004210CF041FF2B8A4688B0F8F3
:100770000090B34225D31B2E23D801F01BF84FEA7B
:100780001937BA460446F8B15FEA9A0A19D19FB1FF
:10079000012F16D12379667167F301032371E9688C
:1007A0003246E01D0FF0CEFC2146C9F30B0001F0EC
:1007B0000DF818B9BDE8F0870227EBE7204600F0F6
:1007C000FFFF6FF01500F5E7104B1B689B0117D575
:1007D0004FF0FF324FF0FF330220FAF77DF902218C
:1007E000C8F800000C300CF0D1FE4FF48D7303807C
:1007F000D8F8000001210C300CF0C8FE0123037072
:100800006FF06800D6E76FF015007047B80200205F
:10081000F8B50E4B1B68DB0600D4F8BD02F10C04E2
:1008200006460D46204602210CF0B0FE034640F27B
:1008300005421A80204604210CF0A8FE002707700C
:10084000A0F801503278C270F8BD00BFB802002095
:10085000024A1368013B1360704700BFC01E0020AE
:10086000037F03F00303013B012B01D900DE704736
:1008700070B5044601F10C0528460421E6880CF009
:1008800085FE237F03F00303022B0CBF46F40056C2
:1008900046F480560680637F4380617F28460CF0D3
:1008A00075FE627F04F11F01BDE870400FF04ABC85
:1008B000F0B590F804C0C588BCF1030F85B00446BC
:1008C00000F11C060AD0ACF1170CBCF1060F1AD8C7
:1008D000DFE80CF01C4B538097ABCC00C37F033B8D
:1008E0000E2B10D8DFE813F069010F000F0008018C
:1008F000FA000F0064010F000F000F0047010F0006
:1009000022010F00100000DE05B0F0BDF00700F17D
:10091000C381C34B5B689A004FF00006F4D5C14B0E
:100920001B68DB07F0D5277F002F00F07F8101F1E6
:100930000C04204602210CF029FE41F23E330380D4
:10094000012120460CF022FE0123037012212046D3
:100950000CF01CFEC0F80160C0F80560C0F809602A
:10096000C0F80D6046740770CEE70A463046294647
:1009700005B0BDE8F040FFF74BBFA94B5B689F0097
:10098000C2D5A84B1B685807BED501F10C073846E5
:1009900002210CF0FBFD40F63E2303800121384686
:1009A0000CF0F4FD03460322092138461A700CF0BE
:1009B000EDFDF10700F17281237F0370A0F8015073
:1009C000E38BA0F80330238CA0F80530638CA0F8EB
:1009D000073099E7924B5B681A044FF0000493D5F7
:1009E00001F10C06304602210CF0D0FD4FF44C739F
:1009F0000380032130460CF0C9FD0470A0F80150BB
:100A000082E7894B1B681B027FF57EAF01F10C0466
:100A1000204602210CF0BAFD40F257230380022148
:100A200020460CF0B3FD05806EE77D4B5B689F00B0
:100A30007FF56AAF7B4B1B681E037FF565AF01F145
:100A40000C06304602210CF0A1FD40F23E4303802B
:100A5000012130460CF09AFD142303700321304627
:100A60000CF094FD0580237F83704DE76C4B5B6831
:100A700098007FF549AF6B4B1B681A057FF544AFB3
:100A800001F10C06304602210CF080FD40F23E637D
:100A90000380012130460CF079FD0C230370052101
:100AA00030460CF073FD237F0370A0F80150627F85
:100AB000002A92FAA2F3B3FA83F308BF4FF0FF3390
:100AC0000133C370A27F92FAA2F3002AB3FA83F330
:100AD00008BF4FF0FF330133037115E790F8203062
:100AE0000E2B7FF411AF0B462A4600211A2005B0C9
:100AF000BDE8F040FFF79AB9494B1B681E064FF05E
:100B000000047FF501AF01F10C06304602210CF024
:100B10003DFD4FF481630380042130460CF036FD27
:100B200001230470A0F80150C370EDE63C4B5B68F4
:100B30009A006AD53B4B1B689B0666D501F10C06F3
:100B4000304602210CF022FD40F63E3303800121A5
:100B500030460CF01BFD062303700A2130460CF0D2
:100B600015FD0580238C4380638C8380A38CC38018
:100B7000E38C0381C8E62A4B1B6818067FF5C4AED8
:100B800001F10C063046022194F820400CF0FEFCE6
:100B90004FF481630380042130460CF0F7FC002CF5
:100BA00008BF1F2400230470A0F80150C370ABE6F7
:100BB0000B462A463146002099E7194B5B689B009B
:100BC0007FF5A2AE174B1B68DF067FF59DAE01F1E6
:100BD0000C06304602210CF0D9FC40F63E5303804F
:100BE000012130460CF0D2FC052303700C21304665
:100BF0000CF0CCFC034623F8025B216A626AC0F861
:100C000002105A60238D43817EE60023CDE9023332
:100C1000CDE900331A220221284600F021FE73E6B6
:100C2000B8020020B0020020C80C00201C4A136843
:100C300001F10C0601330221304613600CF0A6FCD2
:100C400041F23E330380012130460CF09FFC034605
:100C500001221A70304612210CF098FC0770A0F89F
:100C60000150637FC370A37F03F001030371D4F8C5
:100C70001F30C0F80530B4F82330A0F80930E38CF9
:100C8000A0F80B30238DA0F80D30638DA0F80F3045
:100C900094F82C30437437E600DE3AE600DE8BE64B
:100CA000C01E002070B500F10C040E462046022143
:100CB00015460CF06BFC40F21353038005212046CF
:100CC0000CF064FC01230370A0F80160A0F803504D
:100CD00070BD00BF0379032B09D0172B05D0183B3B
:100CE000052B8CBF00200320704701207047037F35
:100CF00003F00303032B14BF05200420704700BF3B
:100D00000B4B0C4A0C4930B44FF0FF3441F6FF75E1
:100D1000C3E9004500240025C2E900451F24002541
:100D2000C1E90045054B00221A6030BCFFF76EB8E0
:100D3000B8020020C80C0020B0020020C01E002015
:100D400000B583B00E4B05990E4ACB1AA2FB0323C4
:100D500013F47F5FC3F387120DD1023200910A4B67
:100D6000D2B201210020FDF7A3FE10F0FD0F04D147
:100D700003B05DF804FB00DEEFE700DEF8E700BF3C
:100D8000E81E0020ABAAAAAA210E030010B4026834
:100D90000446506DB8B1916D00235365D1B1002365
:100DA000936517220A714FF6FF72CA8001F11C0287
:100DB000CB610B624B628B6213823C230B778C609E
:100DC00010BCFEF7C3BB00DE916D506D0023536570
:100DD0000029E4D100DE916DE1E700BF0E4A0F4B20
:100DE00012781A7000B9704710B54B7F01EB83037E
:100DF00082B01B6A01911C78FEF730FC0199814298
:100E000001D102B010BD14F00E0F02D14B69002BBE
:100E1000F7D000DEF5E700BF7E3200207D320020F3
:100E200000B17047064B10B502460C460220012166
:100E30009C60FCF707FC00B910BD00DE10BD00BFD0
:100E4000D404002003788BB110B50C4B00F11001D5
:100E5000996082687AB90A4C084B0022C0E90241C5
:100E600011460120FCF7EEFB18B910BD1030FFF75A
:100E70008DBF00DE10BD00DE9968ECE7C4040020E1
:100E80008D0D030038B5134C6569EB6DB3B905F1F1
:100E9000500105F14C00FCF751FB0346C0B1EB6576
:100EA000286800F05BFC0025A06D6561FEF73CFB47
:100EB000606DA565FEF72CFB656538BD00DE05F1AC
:100EC000500105F14C00FCF739FB03460028E6D140
:100ED00000DEE4E7E81E002030B52F4C94F85E30C9
:100EE000D90785B034D5636953B193F82C2042F00B
:100EF000020283F82C20636993F82C30DA073DD482
:100F00002548FEF793FB84423BD1237EDB0703ADEC
:100F100021D402220321214B009500200392FDF7EA
:100F2000C7FD2946FEF770FB18BB1D48FEF7BAFB4C
:100F300048BB1948FEF786FB844228D163690BB190
:100F4000FFF7A0FF94F85E3023F0010384F85E30D1
:100F5000002005B030BD02210391104B0095032104
:100F600001220020FDF7A4FD2946FEF74DFB0028D5
:100F7000CFD00948FEF766FB84420AD10C2005B0A9
:100F800030BD00DEC1E77830D3D000DED1E700DE2F
:100F9000D4E700DEF2E700BFE81E002089EC020083
:100FA000F81E002000B50378497802F1FF3C1031AB
:100FB00003F00F03C9001FFA8CFC062B13D8DFE8DF
:100FC00003F0042717121212040043781033DB00D9
:100FD00003F21B32881803F5B37313FB0CF31844A8
:100FE00080B25DF804FB40F253204FF4F373F4E752
:100FF00041780CEB8C03C3EB0310400001F11003AC
:10100000DB0000F23B1003FB020290B25DF804FB30
:1010100040F2E33040F21623DFE700BF30B54FF671
:10102000FF718BB08B429DF838500F9C19D02178FE
:101030000131C9B2217000294CD02849C1E9000210
:101040008A7A0B8165F30002254B8A7204F1100045
:101050000022C860996001201146FCF7F3FA0028CD
:101060003AD1207E10F0010505D11E4A1E4B1178A1
:101070001B788B4201D00BB030BD0133042109A88D
:10108000137004F0A5FE099B184A0694A2FB0321E5
:10109000174A0095A21A174CA4FB02425C1A01EBF6
:1010A000540140F2471C090A92090CFB1133023229
:1010B000114905910133CDE90355CDE90155284684
:1010C000D2B201210993FDF7DBFC10F0FD0FD2D065
:1010D00000DED0E700DEB0E700DEC2E7D00C002083
:1010E000B40400207E3200207D32002021F1D49013
:1010F000E81E0020ABAAAAAADD0D030010B5134C10
:10110000204605F0CFF904F10C0005F0CBF934F8D6
:10111000043C627823F4437304EB820223F002035D
:10112000526843F00E0324F8043C062100234FF4D8
:10113000006CA4F840C013705170637B04EB830013
:10114000042203691A70597010BD00BF041F0020EB
:101150002DE9F043684C1F46684B94F85E6080466A
:101160008E4693E8030083B016F001069DF82CC06C
:101170009DF8303000908DF8041040F0A1800CF004
:10118000070C03F003034FEA4C0C4CEA032C0EF15E
:101190000803BEF1010F0DEB030E238B23F4437301
:1011A00023F002034CEA030C637FA4F818C004EB9D
:1011B000830308BF4FF00008A4F85C80D3F82080B8
:1011C00015461EF8082C98F8001002F00E0321F0C6
:1011D0001F0002F00F02B3FA83F35B09024363F3CB
:1011E000451288F8002002F00F02012A01F00F01D9
:1011F0002ED098F80130F3B998F8003005F00105C9
:1012000065F3861323F0800388F80030062388F8FE
:10121000013094F82930246104EB8304AD01E36AC2
:101220005A7845F004051D700AB906225A703046F6
:1012300003B0BDE8F083012934D098F8003005F000
:10124000010565F3861323F0800388F80030E0E79A
:1012500001290FD098F80120BABB84F8346098F8BF
:10126000003003F00F03012B04D098F80130002B5D
:10127000C2D0E2E708F1080998F8003005F001054E
:1012800065F3861367F3C71388F800300A9B1B6861
:10129000C8F808300A9B9B88A9F804300C2388F80A
:1012A0000130B6E794F8342004F1350108F1080064
:1012B0000EF048FF94F83430063388F80130BCE76C
:1012C0000C26304603B0BDE8F083052A10D9063A53
:1012D00008F10809D2B20A4884F8342049460EF0D1
:1012E00031FF98F8003003F00F03012BBDD1C3E7A5
:1012F00000DE98F80120EAE7E81E0020200704003D
:101300001D1F002008B5FFF7F9FE002008BD00BF33
:1013100008B5FFF7E1FD002008BD00BF08B506488D
:1013200005F0D0F8044B03F10C0005F0CBF8FFF703
:10133000E5FE002008BD00BF041F0020034A044B47
:10134000801AA3FB0030C0F38F107047E81E002006
:10135000ABAAAAAA044A0068044B801AA3FB003077
:10136000C0F38F10704700BFE81E0020ABAAAAAAE6
:1013700028B9044B93F85E0000F00100704700208C
:10138000704700BFE81E00201F2956D82DE9F04104
:10139000437F00EB830382B01F6A3B7803F00F03A7
:1013A000012B0E460546904649D00DF107011C3031
:1013B00005F0D2F83A78037802F00F0223F01F0309
:1013C000134303703B780278C3F3401363F3451271
:1013D00002703B78D2B2C3F38013394663F38612AE
:1013E000027011F8023BD2B2DB0963F3C712044664
:1013F00000F8022B06220EF0B3FE3246414604F1FD
:10140000080006360EF09EFE667095F85E30DB072B
:1014100006D49DF807306B77002002B0BDE8F0815C
:1014200095F8293005EB83032146DA6A2846F6F75A
:10143000CFF90028EDD00C20EFE71220704780F89C
:1014400034100A46353041460EF07CFEE4E700BF1A
:1014500003460A4601481946FFF796BFE81E0020DA
:101460001F295FD82DE9F04190F8293000EB830364
:1014700082B0DE6A0F460446904600F12805002E31
:1014800041D028460DF1070105F066F8037823F0F6
:101490003F03314643F00403037011F8022BDBB223
:1014A000C2F3801203F03F0343EA82130370BB1DB3
:1014B00043700546062202300EF052FE3A4641467F
:1014C00005F108000EF03EFE94F85E30DA0707D40E
:1014D0009DF8073084F82930002002B0BDE8F08183
:1014E000627F04EB82024123116A0A7802F00F0244
:1014F000D340DB07ECD52A462046F6F769F90028E9
:10150000E6D00C20E9E7284604F0CCFFC0B258B979
:1015100094F8293004EB8303DE6A04233370062336
:101520007370AEE7122070470720D6E703460A46DD
:1015300001481946FFF794BFE81E002008B5054B87
:101540000022986011460120FCF77CF800B908BD24
:1015500000DE08BDE404002083685A6892F8273052
:10156000DB09014601D100DE70470831F6F738BDCE
:101570002DE9F0410768244982B005464FF4C07256
:101580003846FBF7B7FF05F14C06294605F060FA2F
:10159000286D01AA3146FBF7EDFF00B31B4C4FF657
:1015A000FF7894F8412094F84010531CDBB2082BCC
:1015B00008BF0023994223D004EBC20124F83280F3
:1015C000019A4A6012680260019A1060286D84F8DE
:1015D000413001AA3146FBF7CDFF0028E1D1D7F811
:1015E000480107F5A47138B10023C7F84831FEF768
:1015F00017F902B0BDE8F08100DED7F84801F3E743
:1016000000DE00231B80FFDEE00C002018200020FD
:1016100010B50C4630B92046FEF732F8844200D0AF
:1016200000DE10BD00DEF6E710B50C4630B92046EE
:10163000FEF71AF8844200D000DE10BD00DEF6E7A7
:1016400010B50C4640B9074B0246012102209C60B0
:10165000FBF7F8FF20B910BDFEF700F88442FAD07E
:1016600000DE10BD0405002000B9704700B583B04E
:101670000191FEF711F80199814202D103B05DF8A2
:1016800004FBFDF7EBFF01998142F7D000DEF5E79F
:1016900010B5134B134801224FF4C071FBF7D8FE6D
:1016A00000224FF4C0710F48FBF720FF4FF6FF7385
:1016B00083840D4B0322181D2421FBF7C9FE0B4B1D
:1016C0000722181D0821FBF7C3FE01F0A5FC0848FE
:1016D0000849094A0323002404600B70137010BDED
:1016E000681F0020E00C0020A81F00206C1F0020B5
:1016F00080200020803200207F32002010B5037847
:1017000083B1104B00F1100199608268BAB90E4C98
:101710000C4B0022C0E9024111460120FBF792FF69
:1017200058B910BD03F0FF02084B10309860114605
:101730000120FBF787FF0028F3D000DE10BD00DE9C
:101740009968E4E7F40400203D150300E404002058
:101750000148FBF7A1BE00BF681F00200149FBF74D
:10176000B1BE00BF681F002002494FF4C072FBF7F2
:10177000C1BE00BFE00C0020024620B903484FF470
:10178000C071FBF7B3BE0020704700BFE00C002023
:1017900060B908B502464FF4C0710548FBF7A6FED4
:1017A00010B1838C03B908BD002008BD002070472C
:1017B000E00C00200148FBF76FBE00BFA81F00200F
:1017C0000149FBF77FBE00BFA81F002000283DD1C4
:1017D00038B502460D461F484FF4C071FBF786FE30
:1017E0000446F0B1828CE2B91B4890F821C090F811
:1017F00020100CF10103DBB2042B08BF0023994237
:1018000021D020F83C2000EBCC0CCCF8045080F820
:101810002130237843B994F93730002B0EDB0020B8
:1018200038BD6FF0150038BD0C4B012103209C60C2
:10183000FBF708FF94F93730002BF0DA002120463F
:1018400003F05CFFEBE76FF0680038BD6FF0150048
:10185000704700BFE00C00205C2000201405002031
:101860002DE9F04782B0BDF82870BDF82C80BDF896
:10187000309098B90C4615464FF4C071024619488D
:101880001E46FBF733FE824640B1838C33B96CB100
:10189000022C07D0012002B0BDE8F087022002B080
:1018A000BDE8F087ADB901F0D9FD0EE00D9B0193C5
:1018B000CDF8009043463A46314601F065FD0028D8
:1018C000EDD19AF93730002B07DB002002B0BDE8DC
:1018D000F087294601F0D2FDF7E70146504603F0B4
:1018E0000DFFF2E7E00C0020E8B938B502460C46DF
:1018F0000E484FF4C071FBF7F9FD054650B1838CDB
:1019000043B901F0F1FC38B1036823600379237116
:10191000002038BD022038BDD5F83230236095F85C
:1019200036302371F4E70220704700BFE00C00203E
:1019300038B510B10224204638BD02460C46154881
:101940004FF4C071FBF7D2FD054600B3838CF3B9A9
:101950001A2C15D8042C17D90F4BE340DB0713D5ED
:101960002146284601F0A6FC04460028E3D195F95B
:101970003730002BDFDA0146284603F0BFFEDAE7F6
:10198000292CEDD03B2CEBD01224204638BD0C2462
:10199000204638BDE00C00202000380438B5A0B93E
:1019A00002464FF4C0710D48FBF7A0FD054660B13B
:1019B000838C53B9012101F02BFC044618B995F929
:1019C0003730002B04DB204638BD0224204638BDCA
:1019D0000146284603F092FE204638BDE00C002068
:1019E00038B598B902464FF4C0710D48FBF77EFD3B
:1019F000054658B1838C4BB901F022FC044618B956
:101A000095F93730002B04DB204638BD02242046F0
:101A100038BD0146284603F071FE204638BD00BFA0
:101A2000E00C0020C8B938B50D4614464FF4C0711B
:101A300002460B48FBF75AFD034660B1808C50B953
:101A400093F85820C2F302022A7093F85930C3F376
:101A50000203237038BD022038BD0220704700BF4A
:101A6000E00C0020024A034B1070197000207047F0
:101A7000803200207F320020F0B583B000BB0F46DB
:101A800016464FF4C071024614481D46FBF72EFD62
:101A90000446A8B1838C9BB9D0F82031DB0513D55F
:101AA0002B46012500953246394601F0DBFB054601
:101AB00018B994F93730002B0ADB284603B0F0BD83
:101AC0000225284603B0F0BD1A25284603B0F0BD14
:101AD0000146204603F012FEEFE700BFE00C0020B5
:101AE00048BB10B502460C4614484FF4C071FBF7D2
:101AF000FDFCF0B1838CE3B9C28CB0F86C311049B5
:101B0000052A0BD802FB03334FF4FA7202FB03F3EE
:101B1000A1FB03135B0B2380002010BD02FB03F32A
:101B200040F2E24202FB03F3A1FB03135B0B2380B1
:101B3000F2E7022010BD0220704700BFE00C002039
:101B40005917B7D150BB10B502460C4614484FF494
:101B5000C071FBF7CBFCF8B1838CEBB9C38C42F2BC
:101B6000107202FB04F1052B01F1FF310AD84FF48A
:101B7000FA7203FB02231944B1FBF3F1A0F86C11D4
:101B8000002010BD40F2E24202FB03F31944B1FB16
:101B9000F3F1A0F86C11F3E7022010BD02207047AA
:101BA000E00C002008B5FFF773FD002008BD00BF62
:101BB00038B51A4800224FF4C071FBF797FC044671
:101BC00050B304F1100221460320FDF795FD0546B0
:101BD00010B110F1780F0AD10025114A114BE566BA
:101BE0001584A3F84050FFF753FD284638BD40F256
:101BF0004D730D4A0D490E480BF0DCF80D482A468E
:101C000000210BF0D7F8002383F31188BFF36F8F07
:101C10000323184602DFDFE700DED2E7E00C0020F6
:101C20005C20002018200020DC0904001C0A0400AD
:101C3000340A0400540A0400014B1878704700BFAE
:101C400080320020014B1878704700BF7F3200209F
:101C50000B46896818600A68107828B1916851B9F4
:101C60000849C2E9021370474A6892F82710C90967
:101C700003D100DE704700DEF2E703F108011846E9
:101C8000F6F7AEB9591503000B68DA889ABB70B540
:101C90000C4606464FF4C0711848FBF727FC054672
:101CA000D0B1838CC3B901F025FC2268137F03F007
:101CB0000303032B08D10123137122683146284600
:101CC000BDE8704001F02ABC53B195F842319A0743
:101CD00005D53D2385F84431236801221A7170BD72
:101CE00095F842319B0703D53D2385F8443122689E
:101CF0000123137170BD01221A717047E00C00209E
:101D000010B5B0F824C004464FF6FF7084450CD0DF
:101D1000A4F804312046C4E93F1201F00BFA94F80C
:101D2000423113F0010002D110BD00DEF0E723F0D4
:101D3000010384F842316FF08B0010BD70B51C4C6C
:101D4000064694F821201BE0FBF7D0FB03466968A8
:101D5000C4301BB39B8C0BBB00F0D8FF94F8201051
:101D600094F821204B1C8A4206F1FF30DBB204D0EC
:101D7000042B08BF002384F8203010F0FF0616D093
:101D800094F820300B4893424FF4C0710FD034F8D0
:101D9000332004EBC305002AD6D069680B7923F001
:101DA00003034FF6FF700B71FDF710FCD6E770BD13
:101DB0005C200020E00C0020F0B5314B1A68904206
:101DC00008BF002283B008BF1A60828CA0F84E21A1
:101DD000182380F84C31054680F86411012101F088
:101DE000B3F905F1C406284601F0C2F9304600F007
:101DF00075FF304600F0AAFF044628B3037903F0CC
:101E00000303032B0CBF0346002303601D4805F1A9
:101E10006007FBF741FBA8B121463A46FBF798FB68
:101E2000304600F093FF044670B1037903F00303DA
:101E3000032B0CBF0346002303601248FBF72CFB67
:101E40000028E9D100DEE7E7AA8C0F4B00950332AA
:101E5000D2B201210020FCF72BFE10F0FD0F08D1BB
:101E60004FF6FF73FF20AB8403B0BDE8F040FFF7EF
:101E700065BFFDF7F3FB8542F2D000DEF0E700BF5F
:101E8000802000206C1F00204116030038B5054655
:101E90000120FFF753FF05F1C40000F057FFA8B180
:101EA000037903F003030446032B0CBF23460023EE
:101EB00007482360FBF7F0FA30B105F160022146D4
:101EC000BDE83840FBF744BB00DEF6E738BD00BF95
:101ED0006C1F002021B3F8B54D1EEDB200F1C40710
:101EE00000F1600612E0237903F00303032B0CBF1B
:101EF000234600232360FBF7CFFA78B1013D324639
:101F00002146EDB2FBF724FBFF2D06D0384600F04A
:101F10001DFF04460348002CE5D1F8BD00DEEDE7C7
:101F2000704700BF6C1F00200149FBF7CBBA00BF10
:101F30006C1F0020014B93F84100704718200020CF
:101F400000B50A4B93F840C093F841E0F4450BD03C
:101F500080F800E033F83C00088003EBCC035B68BA
:101F6000136018685DF804FB0020FBE718200020D0
:101F7000074B93F840C0844508D003EBCC0033F8FE
:101F80003C300B804368136018687047002070472E
:101F900018200020094A92F8401092F841308B42F4
:101FA00009D04B1CDBB2082B08BF002352F83100CC
:101FB00082F8403070470020704700BF1820002092
:101FC00000B50D4A92F841C092F840E00CF10103CF
:101FD000DBB2082B08BF00239E4509D022F83C0045
:101FE00002EBCC0CCCF8041082F841305DF804FB15
:101FF00000DE00231B80FFDE1820002070B553791F
:10200000144605460E46002B39D0237903F003020F
:10201000032A0CD04FF6FF72954204BF23F003034E
:10202000237121462846BDE87040FDF7CFBA4FF630
:10203000FF739D4206D13368A3421AD0002BF0D023
:1020400000DEEEE7EDB913482A464FF4C071FBF706
:102050004DFAE0B1214601F02FFA3368A342EDD1E9
:102060000C4800224FF4C071FBF740FA08B1838C92
:1020700003B100202146BDE8704001F01FB800DE2A
:10208000C3E700DE0020214601F016FAD3E700DEA8
:10209000E0E700BFE00C00201B207047704700BF46
:1020A00090F8423143F0020380F84231704700BF9C
:1020B00090F8423123F0020380F84231704700BFAC
:1020C000B0F84031B0F80421981880B2704700BFD2
:1020D0000278038E12B1581E80B27047418DB0F85D
:1020E00004215818104480B2704700BF10B5044650
:1020F0000B68C4F8323032300B7903710521FBF7DD
:10210000BBFB94F8373060F3050384F8373010BD1B
:1021100008B50022D0E91701FBF724FAB0FA80F0E5
:10212000400908BDF8B506460C4600F0E5FE054638
:1021300088B32F1D384602F0DFF8EB796373294628
:10214000304600F0EFFE304603F04AF8AB68EA682C
:10215000C4F84720C4F843302B69C6F89030A5690D
:102160000023A361ADB103232F792B71B38CEB80D6
:1021700005F11C01204602F0A7F82E2F02D00423FF
:10218000A372F8BD28682946FDF7E0F90423A3727D
:10219000F8BD00DEE7E700DECBE700BF70B5044620
:1021A0000D4600F0A1FE10B90623AB7270BD04F11C
:1021B00073063346002205F13B0105F12B0005F0C3
:1021C000CFFDD4F87B10C4F89C10D4F88C10D4F850
:1021D0007F20C4F8AD10D4F89010D4F87730C4F84C
:1021E000A020C4F8B11094F88B2094F8AC10C4F877
:1021F00098300023D4F8730084F8833063F300012F
:10220000C4E9293384F8843084F8853084F8863032
:1022100084F8873084F8883084F8893084F88A30EC
:1022200042F00103C4F8940084F8AC1084F88B30B9
:102230002946204600F060FE0646A8B1301D02F097
:1022400073F8F3796B733146204600F06BFE20463D
:1022500002F0C6FF4FF4C1636B8194F8723043F013
:10226000080384F8723070BD00DEE7E770B50C46F5
:10227000897A82B005460D2900F22E81DFE801F04F
:102280005F676A9B9F07070C1836393E5053002A38
:1022900000F0A78002B070BD002AFBD1214628467D
:1022A00000F022FE002840F0F1800723A372F1E73E
:1022B000022AEFD1A0690023A361002800F0298140
:1022C00003230371AB8CC380237A052B00F00981B3
:1022D000062B00F0038100DE2146284600F004FEB4
:1022E000002840F0AA800923A372D3E7002AD1D1A5
:1022F000F2E7002ACED10B23A372CBE7072AC9D17C
:102300002846012100F012FE2846FFF7C9FE2146AB
:10231000284600F0E9FD002871D10C23A372B9E72B
:10232000002AB7D1F3E7082AB4D140F2023363811F
:1023300095F8723023F0100385F87230AAE7002A6E
:10234000A8D1237A062BD6D00223A372A2E7002AB3
:10235000FAD09FE7012A9DD111462846019300F04B
:10236000E5FD2846FFF79CFE284601F02BFD019B6A
:102370005A689968C4F82510C4F821201A7B84F89B
:1023800029205A7B84F82A20D3F80E20D3F8121083
:10239000C4F83F10C4F83B20D3F81630C5F88C3091
:1023A0002146284600F0A0FD10BB204600F0DEFDCF
:1023B0000323A3726EE7002A7FF46CAFF0E7032AD1
:1023C0000CD0042A7FF466AF062140F20362072393
:1023D00084F82010A4F84D20A3725BE70523A372B4
:1023E00058E72146284602B0BDE87040FFF7D6BE48
:1023F0002146284602B0BDE87040FFF793BE214653
:10240000284600F079FD0646002800F08480301D43
:1024100001F09EFFF37963733146284600F082FD98
:10242000284602F0DDFE40F60D33638195F87230E8
:1024300023F0080385F872302CE72146284600F087
:102440005BFD0646002868D0301D01F077FFF37968
:1024500063733146284600F065FD284602F0C0FE51
:10246000284603F019F80023A3720121284600F042
:1024700071FD2846FFF71CFE284601F0A7FC95F8E1
:10248000723043F0100385F8723003E72146284686
:1024900000F032FD0646002841D095F8103194F83E
:1024A0004E10301D1BB1D5F820315B071DD401F053
:1024B00059FFF37963733146284600F033FD28460F
:1024C00002F08EFE284602F0E7FF94F82030062B3B
:1024D00011D0242B3FF4DEAE00DEDBE61A230371BD
:1024E000FAE61C3001F02AFFF6E60A4694F84D1091
:1024F00001F044FFDDE70121A172284600F02AFD2A
:102500002846FFF7D5FD284602B0BDE8704001F02F
:102510005DBC00DED4E600DE79E700DE94E700DE95
:10252000BBE700BF92F81FC0ACF1030C02F11C0323
:10253000BCF1080F06D8DFE80CF01205050F050501
:10254000050C09003D2380F8443170470822FFF74D
:102550008DBE0722FFF78ABE0222FFF787BE012247
:10256000FFF784BE8B7A042B06D002D9053B082BDB
:1025700000D8704700DEFCE705238B72704700BF70
:102580008B7A042B06D002D9053B082B00D8704764
:1025900000DEFCE7062040F20362072381F82000FA
:1025A000A1F84D208B727047887AA0F10400B0FA30
:1025B00080F04009704700BF13460022FFF756BE67
:1025C00070B591F82630042B0C460ED991F82720CF
:1025D000112184F822100125134313F0070312D1AF
:1025E00084F822300125284670BD032B07D091F8CE
:1025F0002720042AECD8032A01D00025ECE7112378
:1026000084F822300125A68CFFF762FD801B0304AD
:10261000E9D42823E4E700BF10B50C4689690023FC
:10262000A36131B394F82130DB071DD50B792E2B34
:102630001DD11D230B71838CCB8094F822300B7736
:1026400090F85930C3F302038B7790F85830C3F3F6
:1026500002034B770868FCF779FF94F8213023F0E8
:10266000010384F8213010BD01230B71F2E700DE75
:10267000DFE700DED6E700BF70B505460C4601F087
:1026800099FB10B10123A37270BD284602F096FD9C
:102690000028F7D12146284600F026FC0028F1D07A
:1026A000284602F089FD0728ECD00121284602F0D7
:1026B0007DFD0D21284602F07DFD16236373214622
:1026C000284600F019FC0646E061B0B3637B666102
:1026D0000022162BE26109D000DE2846314600F0C8
:1026E00021FC2846BDE8704001F074BB94F820300E
:1026F00095F87C21C3F3C20363F3C50285F87C21FE
:1027000094F8202095F87C3162F3020385F87C313F
:1027100094F8203095F85820C3F3801363F3C30274
:1027200085F85820311D204601F03EFE0221284642
:1027300000F0FCFB0223A372CFE700DEE669C5E7E9
:1027400070B505460C4602F043FD10B10223A3729A
:1027500070BD2146284600F0C7FB0028F6D0284669
:1027600002F02AFD0728F1D00D21284602F022FDB3
:10277000172363732146284600F0BEFB0646E0613E
:10278000B8B1637B66610022172BE26109D000DEDD
:102790002846314600F0C6FB2846BDE8704002F0EE
:1027A0001FBD311D284601F023FE41F6030363815E
:1027B000EEE700DEE669E4E770B50C46897A82B0A0
:1027C00006461546092906D8DFE801F0080D4548F8
:1027D00005056B058BAC00DE02B070BD002DFBD192
:1027E0000123A372F8E71946204601F0F3FD94F89F
:1027F000202096F87C31C2F3C200C3F3C20101402D
:10280000C2F30200034043EAC10322F03F02134334
:1028100084F8203096F93730002B0BDB94F8203009
:1028200013F0380F40F08E8094F8203023F03F03EF
:1028300084F820300221304600F078FB012DCBD106
:1028400096F83730DB09C6D02146304602B0BDE8E5
:102850007040FFF775BF002DBED1F5E7022DBBD14B
:1028600090F93730002B80F2A180544B96F8582015
:1028700093E8030094F8203002AD134305E9030008
:1028800003F007036B4402211B78304663F3061202
:10289000062386F85820A37202B0BDE8704000F00D
:1028A00059BB032D98D11946204601F0B7FD2146AA
:1028B0003046FFF785FE0546204600F057FB002D09
:1028C00067D094F8223096F85820282B08BF86F855
:1028D00044311346092162F3061386F85830A17279
:1028E0007AE7002D7FF478AFFFF7EAFBA38CC01ADC
:1028F00003043FF571AF84F8225096F93730002B6E
:1029000024DB2A4694F8213062F3000384F8213056
:1029100096F858201346092162F3061386F85830BA
:10292000A17259E7042D7FF457AF2146FFF774FEDB
:10293000304602F0B1FD0021304602F03BFC00239E
:10294000A37249E75A077FF475AF6DE794F8273013
:1029500096F8591094F8262013F0030301F00700AD
:1029600002F003021BD096F85850AC4663F3020CF9
:1029700086F858C005F00705D2B99D4218BF01225C
:10298000C0D196F8592002F007052A1A18BF012273
:10299000B8E7304602F02AFC0823A3721CE7002A9D
:1029A000AFD062F3020186F85910EAE700DE5CE777
:1029B00062F3020186F85910DFE700BF2807040020
:1029C00070B5D37F112B05460C4602F11C063ED094
:1029D000182B09D0072B13D0242380F8443101F0A1
:1029E0009DFA0023A37270BD8B7A062B40D003D8CA
:1029F000022BF8D900DE70BD083B012BFAD870BD60
:102A00008B7A062BF3D1002102F0D0FBD5F82031D0
:102A10001A2223F48073C5F82031204684F822203E
:102A200000F0A4FA94F8213043F0010384F8213037
:102A300095F858201346092662F3061385F8583096
:102A4000A67228460221BDE8704000F083BA8B7A56
:102A5000062BCCD13146204601F09EFC94F84E3036
:102A600084F822302846002102F0A0FB2046D7E758
:102A700090F93730002B3FDA0221284602F096FB0E
:102A80003146204601F0CAFC21462846FFF798FD52
:102A90000646204600F06AFA9EB994F827302BB11A
:102AA00095F8582063F3061285F85820284601F05F
:102AB0009BF90823A37228460221BDE8704000F06C
:102AC00049BA0021284602F071FB94F822300BB17C
:102AD00085F8443194F8203094F82120DB0963F321
:102AE000000284F8212095F858100A4661F3061276
:102AF000092385F85820DDE700DEBDE738B58B7A7D
:102B00000C460546092B06D8DFE803F00707060543
:102B1000050506050B0600DE38BDBDE83840FFF7A9
:102B2000ABBDFFF7CDFAA38CC01A0304F4D495F91A
:102B30003730002B19DB0021284602F037FB94F8D0
:102B40002030002284F82220DB0994F8212063F34E
:102B5000000284F8212095F858201346092162F3D9
:102B6000061385F85830A17238BD94F8271095F8EF
:102B7000592094F8263011F0030102F0070C1AD006
:102B800095F85800864661F3020E13F0030385F8AA
:102B900058E000F0070018D063F30202884285F87D
:102BA00059200FD00021284602F000FB002201230B
:102BB00084F82220C9E713F00303BCD063F30202B8
:102BC00085F859209C45EDD1B5E78842EAD1B2E7B6
:102BD0008A7A0B46092A0BD8DFE802F00B0B050AAC
:102BE0000A0A0B0A0B0B90F83720D209844601D150
:102BF00000DE704710B50F4A90F858E092E80300E5
:102C000093F8202082B002AC4EEA020204E90300ED
:102C100002F007026A4402211278604662F3061E3F
:102C200041F606028CF858E05A8102B0BDE8104027
:102C300000F090B92807040038B58B7A092B14D816
:102C4000DFE803F0121212131313121312050546D4
:102C50000C46FFF7E1FC284601F060F90021284608
:102C600002F0A8FA0023A37238BD00DE38BD00BF11
:102C700010B592F81FE0BEF1160F02F11C0310D040
:102C8000BEF1180F08D024230C4680F8443102F01E
:102C900003FC0023A37210BDBDE810400322FFF720
:102CA0008BBDBDE810400122FFF786BD1346002210
:102CB000FFF782BD13460222FFF77EBD00230422E8
:102CC000FFF77ABD0023C0E90133C0E90333037085
:102CD000704700BF037801330370704703785BB916
:102CE000C3687BB102691AB1816861B10B6082600F
:102CF0000023C0E903337047013BDBB20370002BB4
:102D0000EED0704770474360F1E700BF03783BB1F6
:102D100000230C300B60436843B119604160704779
:102D2000002304300B604368002BF6D1C0E900118A
:102D3000704700BF00230B60836813B11960816086
:102D40007047C0E90111704740687047034640680A
:102D500028B1996802685A60884208BF9A60704733
:102D60004078A0F10C00B0FA80F04009704700BF35
:102D70004078A0F10800B0FA80F04009704700BF29
:102D80004078A0F10200B0FA80F04009704700BF1F
:102D90004078A0F11700B0FA80F04009704700BFFA
:102DA0004078A0F10100B0FA80F04009704700BF00
:102DB0004078A0F10900B0FA80F04009704700BFE8
:102DC0004078A0F10600B0FA80F04009704700BFDB
:102DD0004078A0F11800B0FA80F04009704700BFB9
:102DE0004078A0F10300B0FA80F04009704700BFBE
:102DF0004078A0F10500B0FA80F04009704700BFAC
:102E0000F8B5064608460D46FAF746FB044680B17B
:102E10000027C0E90577456006722C22394620302C
:102E20000DF0B7F94FF47F43FF2262726381A381F3
:102E3000A7732046F8BD00BF4078A0F10200B0FAA9
:102E400080F04009704700BF4078A0F10200B0FA5E
:102E500080F04009704700BF4078A0F10200B0FA4E
:102E600080F04009704700BF4078A0F10100B0FA3F
:102E700080F04009704700BF4078A0F10100B0FA2F
:102E800080F04009704700BF4078A0F10100B0FA1F
:102E900080F04009704700BF4078A0F10900B0FA07
:102EA00080F04009704700BF4078A0F11800B0FAE8
:102EB00080F04009704700BF4078A0F10300B0FAED
:102EC00080F04009704700BF4078A0F10300B0FADD
:102ED00080F04009704700BF416809B1FAF7F2BAC3
:102EE00000DE4168FAF7EEBA024B1868003818BFE6
:102EF000012070473405002010B50448FAF7CCFAD9
:102F000004460430FFF7CAF8204610BD34050020FF
:102F100008B50120FCF72EFB003818BF012008BDC2
:102F2000FCF742BBC430FFF705BF00BF38B590F8CF
:102F3000363105460C461BB11C4385F8364138BD79
:102F4000C430FFF7C7FE95F836311C4385F836418B
:102F500038BD00BF90F8363123EA010180F8361100
:102F600001B17047C430FFF7B9BE00BF836943B1F8
:102F70001A792E2A04D02E221A71836902691A60E6
:102F8000704700DE8369F3E783694BB11A792E2A13
:102F900000D0704701221A7181690868FCF7D6BA1F
:102FA00000DE8369F2E700BF8B6913B11A792E2A1C
:102FB00008D0CB692BB1D0F83C211A60CB69C0F89E
:102FC0003C3170471B68D0F838215A608B69012268
:102FD0001A718B69C0F83831EBE700BF70B5054650
:102FE0000C48FAF759FA044688B10A4B43600026A8
:102FF000C0E9056605722C22314620300DF0C9F873
:103000004FF47F43FF2262726381A381A67320463F
:1030100070BD00BF2405002010B50A4B022258687D
:103020005021FAF715FA084B012258685021FAF797
:103030000FFA064BBDE81040586804222C21FAF71D
:1030400007BA00BF2C05002024050020340500200D
:1030500038B50446002500F035FF2046C4E9365552
:1030600084F8E45002F0FAF9C4F80851C4E93A557A
:1030700084F8F650A4F8F450A4F8F850C4F80B51B2
:10308000A4F82851C4F81051C4F81451C4F81851C8
:10309000C4F81C51C4F82051C4F82451FBF77CFD3E
:1030A00094F8723084F83651C4E94801C4E94E55A9
:1030B00023F0180384F87230258638BD084601498C
:1030C000FAF700BA3405002010B5B0F8E24082B03B
:1030D000034624B1A1420FD2641AA0F8E240B3F82B
:1030E000F20020B181420FD2401AA3F8F20000236F
:1030F0001846137002B010BD019200F00FFE019A45
:1031000058B1037A0A2B03D022236FF07300F0E743
:1031100090F820306FF07300EBE700DEF1E700BFBE
:10312000034B0B44B3FBF1F3A0F8F830704700BF3A
:10313000FF59620210B5044602F098F92046BDE836
:10314000104000F0C7BE00BF10B5044649B10129C8
:1031500000D010BD02F0D4F92046BDE8104000F0C8
:103160000FBF02F0B9F92046BDE8104000F0FABEEA
:1031700038B5D0F83841054634B120682146446856
:10318000FCF7D8F9002CF8D1D5F83C410023C5F85C
:10319000383134B1204624680449FAF793F9002CF9
:1031A000F8D10023C5F83C3138BD00BF34050020FC
:1031B00090F93730002B14DA70B504460E46032020
:1031C00009491546FFF71CFE014640B180F8206012
:1031D00080F82150204600F071FD002070BD0C20C9
:1031E00070BD0C20704700BF2C05002010B50749AA
:1031F00004460120FFF704FE28B10146204600F0F6
:103200005DFD002010BD0C2010BD00BF2C0500206E
:1032100038B504460D4602200849FFF7F1FD58B1C4
:1032200090F8203065F30003014680F820302046F6
:1032300000F044FD002038BD0C2038BD2C050020D6
:1032400010B5074904460420FFF7DAFD28B101460E
:10325000204600F033FD002010BD0C2010BD00BF43
:103260002C0500202DE9F04105468846072010492D
:103270009DF8186017461C46FFF7C2FDA8B1E30091
:1032800008F0070803F03803BF0143EA080307F01A
:1032900040073B4343EAC613014680F820302846E6
:1032A00000F00CFD0020BDE8F0810C20BDE8F081AD
:1032B0002C05002038B504460D4600F0A5FE20463A
:1032C00002F0A8F907490A20FFF79AFD38B1014634
:1032D00080F82050204600F0F1FC002038BD0C2082
:1032E00038BD00BF2C05002008B590F93730002B01
:1032F00008DB00F013FD20B1037A0B2B0CBF22304A
:10330000002008BD01F060FFF5E700BF70B506467C
:103310000D4601F059FF20B1037A053B012B04460D
:1033200001D90C2070BD01463046FFF73DF9002859
:10333000F7D029686A68AB68ED68C4F83750304642
:10334000C4F82B10C4F82F20C4F833302146FFF7FF
:1033500009F9002070BD00BF38B5054601F034FF03
:1033600020B1037A053B012B044601D90C2038BD5E
:1033700001462846FFF718F90028F7D028462146CD
:10338000FFF7FEF8002038BD2DE9F8430546D0F8D8
:103390002001BDF820801E4683070F46914617D4B2
:1033A00095F93730002B1FDB2A490820FFF728FD4D
:1033B0000446002C42D0237A082B0FD0092B16D0BC
:1033C00000DE2846214600F079FC0020BDE8F883A5
:1033D00020490920FFF714FD0446EAE7A4F82890E5
:1033E0006685A4F82C80ECE71A20BDE8F883099BD9
:1033F000E784A4F828906685A4F82C8003B31B8882
:103400002387099B5B886387099B9B88A387099B0C
:10341000DB88E387099B1B89A4F84030099B5B8903
:10342000A4F8423095F93730002BCADA2846FEF767
:103430009BF90146284602F061F9C2E70C20C5E776
:10344000054A4FF0FF33C4E90E23A4F840304FF68D
:10345000FF73E5E72C0500200000FFFF10B50446D0
:1034600001F0B2FE10B1037A092B00D010BD014665
:103470002046BDE8104001F06DBD00BF38B50446E0
:103480000D4601F0A1FE10B1037A092B00D038BD22
:1034900080F8205001462046BDE8384001F05EBD6E
:1034A00008B501F091FE28B1007AA0F10900B0FA48
:1034B00080F0400908BD00BF38B505460C4600F055
:1034C0002DFC10B14369A3420ED0284601F07CFECA
:1034D00010B14369A34200D038BD224601462846B8
:1034E000BDE8384001F094BF01462246284600F06E
:1034F000B5FCEAE710B5044600F010FC18B101462F
:10350000204600F0CDFC204601F05EFE014620B1D1
:103510002046BDE8104001F08FBF10BD2DE9F041FD
:10352000537F144605460E46002B3AD0D37F1E2B00
:1035300024D9284600F0F2FB0746284601F044FE55
:103540000146002F68D0FA7AE37F002843D09342E7
:10355000C07A52D03A7B002A4FD1072B65D0112B6D
:1035600074D00D2B40F086800D2802D00B7B002BF1
:103570003BD01F2385F84431BDE8F081474A52F81B
:10358000232022B104F11C00904760B1E37F022B9D
:10359000CFD10123224631462846BDE8F04101F053
:1035A000CBBFFF23D377284600F0B8FB30B1E27FD2
:1035B000C37A9A42E0D0037B002BDDD1284601F08C
:1035C00003FE002840D0E27FC37A9A42D4D0037B26
:1035D000002BD1D1DEE7934207D03A7B2AB9072BE3
:1035E0003CD0112B3AD00D2BD3D12346324639464D
:1035F0002846BDE8F04100F0FBBB8342B9D00A7B0E
:10360000002AB6D1072B2FD0112BEED14B7B94F88B
:1036100020209A42E9D1ACE70028BAD023463246AE
:103620002846BDE8F04101F083BE94F820307A7B53
:103630009A4225D00728F1D00A7B002AEED14A7B96
:103640009A42EBD0242395E70346A3E794F8203071
:103650007A7B9A421FD01128EED1DFE77A7B94F86B
:1036600020309A4295D1C0E74A7B94F820309A42A4
:10367000BBD17EE78342D1D00B7B002BCED1E1E7DB
:1036800007283FF476AF0B7B002B7FF472AF4B7BA8
:103690009342AAD16DE71128F5D16AE73C0B0400EB
:1036A000F8B58D6900260C4607468E612DB30126BC
:1036B00003232B71BB8CEB80237A022B05F11C01B9
:1036C00012D0042B02D000DE46B1F8BD637A0C2B79
:1036D000F9D1384600F0D2FD002EF6D128682946EF
:1036E000BDE8F840FBF732BF637A072B0DD0092BFA
:1036F000E9D1384600F020FDE6E7FFF711FC05466A
:103700000028D5D100DE0071FFDE204600F0C0FCAD
:10371000DAE700BF70B506460C46FFF7EDFB05463D
:1037200000284ED0237A013B291D092B06D8DFE85B
:1037300003F0141A202705050505052D00DEEB7999
:10374000637329463046FFF7EDFB237A0A2B24D01A
:103750003046BDE8704000F03DBB084600F072FC0A
:103760001323E372EBE7304600F0A0FC0923E37279
:10377000E5E7204600F04EFDFF236561E372DEE7DA
:10378000084600F069FD0C23E372D8E7204600F0FC
:1037900053FDFF236561E372D1E7F38CB6F8721134
:1037A00040F2E24202FB03F342F2107202FB0131EB
:1037B00001393046B1FBF3F1BDE8704089B200F049
:1037C0000FBB00DEAEE700BFF8B506460C4601F0C1
:1037D000FFFC20B103230025A3722846F8BD214633
:1037E0003046FFF781FB05460028F3D021463046DE
:1037F000FFF782FB074660B3237A022B07F1040030
:1038000019D0042B20D0012B1CD100F025FCFF2364
:10381000E372FB79637339463046FFF783FB30462A
:1038200001F0DEFC0423A372304601F035FE0023D4
:10383000A3722846F8BD0146304600F05BFCFF232A
:10384000E372E6E700DEE4E700F006FDFF23E37243
:10385000DFE700DED0E700BF38B50B7A042B0C465B
:10386000054614D006D8013B012B0ED8BDE83840E0
:10387000FFF7AABF0A2B08D101F00EFE94F8203002
:103880000022A27285F8443138BD00DE38BD90F8C0
:1038900008313BB9FFF798FF0028F5D0012385F8E0
:1038A000083138BD01F0F8FD0023A37238BD00BF18
:1038B00038B50B7A013B0C460546092B14D8DFE8D6
:1038C00003F005150D231313131313324B7A072B33
:1038D00004D0132B02D0242385F84431284600F06D
:1038E0001DFB0023A37238BD00DE38BD4B7A072BC9
:1038F00001D0092BEFD194F82030DB07EED521461B
:103900002846FFF7CDFEE9E74B7A0C2BE3D18B6914
:103910008BB121462846FFF7C3FE284600F0FEFA89
:103920000023A37238BD00F0F9FA00221623A27218
:1039300085F8443138BDFFF7EBFA0028E9D1284675
:1039400000F048FA0423A37238BD00BF70B50E7AA8
:10395000731E0C460546092B06D8DFE803F0070E58
:103960004D2205050505053F00DE70BD00F022FA79
:1039700000285DD00123A37270BD00F01BFA00285F
:10398000F8D121462846FFF7AFFA0028F2D02146A9
:103990002846FFF7BFFE6369002B08BF0326A67207
:1039A00070BD90F80831002B3AD100F003FA0028DE
:1039B000E0D121462846FFF797FA0028DAD02146C1
:1039C0002846FFF7A7FE6269002A4FF001030CBFEB
:1039D00003220222A27285F8083170BDFFF784FA33
:1039E0000028C7D021462846FFF794FE162202235E
:1039F00084F82020A37270BD00F0DCF90028B9D152
:103A000021462846FFF770FA0028B3D02146284601
:103A1000FFF780FE6369002B18BF0226A67270BDF7
:103A20000C2200234A728B61BDE87040FFF740BF53
:103A300021462846FFF758FA00289BD02146284601
:103A4000FFF768FE6369002B0CBF03230223A372F8
:103A500070BD00BF8B7A022B06D002D9033B012B2D
:103A600000D8704700DE70470B7A032B01D00A2B79
:103A7000F7D1FFF71DBF00BF38B58B7A032B05D0F8
:103A800001D9042B00D138BD00DE38BD0546D07FFA
:103A90000C46831E02F11C016072172B0DD8DFE863
:103AA00003F00C0C0C0C0C1B0C170C0C130D0C0C59
:103AB0000C1F0C0D0C0C0C0C0C0D00DE21462846C6
:103AC000BDE83840FFF7F4BE284600F0EDFBF5E70F
:103AD000284600F079FBF1E7204600F0D5FAEDE743
:103AE000204600F059FCE9E738B58B7A032B05D85E
:103AF000012B0AD8BDE83840FFF728BF042B03D1BB
:103B00000B7A042B0C4601D000DE38BD0546FFF7CA
:103B1000FFF90028F9D021462846FFF7C1FD2846C5
:103B200000F0FCF90023A37238BD00BF38B58B7AD2
:103B3000012B06D002D9023B022B00D838BD00DE93
:103B400038BD0546D07F0C46831E02F11C01607211
:103B5000102B17D8DFE803F00916161616161C16D8
:103B600016161816161616161000204600F070FBD2
:103B700008212846FFF7DAF921462846BDE83840F3
:103B8000FFF76ABE00DEF7E7284600F08DFBF3E79B
:103B9000284600F0EFFAEFE710B58B7A82B00C46BA
:103BA000042B1ED8DFE803F01710031210000B7A65
:103BB0000A2B14D1019001F06FFC019894F8203089
:103BC0000022A27280F8443102B010BD02B0BDE8FC
:103BD0001040FFF741BE01238B7202B010BD00DE22
:103BE000E8E700DEF0E700BF70B5044604F002F835
:103BF00058B1D4F8D85035B1D4F8DC202B68C4F8CB
:103C0000D830AA4221D0284670BD054601210320A4
:103C100003F0B6FF2A46064601210320F9F7DEFC31
:103C2000D4F8D85045B1D4F8DC202B68C4F8D8308B
:103C3000954208BFC4F8DC30002EE4D001221146C2
:103C40000320F9F7CBFC284670BDC4F8DC302846C9
:103C500070BD00BFF8B506460C4603F0CBFF68B157
:103C6000D6F8D850AC421FD1A3690BBB3046FFF742
:103C7000BBFF2046BDE8F840FFF72EB905460121FD
:103C8000032003F07DFF2A46012107460320F9F7B0
:103C9000A5FCD6F8D850002FE4D00122114603200D
:103CA000F9F79CFCAC42DFD000DEA369002BDDD02D
:103CB0001B792E2BDAD100DED8E700BFF8B5054618
:103CC0000C4603F097FF40B100232360D5F8DC30A9
:103CD000F3B11C60C5F8DC40F8BD064601210320A5
:103CE00003F04EFF3246074601210320F9F776FC28
:103CF0002660D5F8DC3073B11C60C5F8DC40002FBD
:103D0000EAD00122BDE8F84011460320F9F766BC6D
:103D1000C5E93644F8BDC5E93644F0E770B5054657
:103D200003F068FF18B1D5F8D840204670BD0446AE
:103D30000121032003F024FF22460646012103202F
:103D4000F9F74CFCD5F8D840002EEED001221146F0
:103D50000320F9F743FC204670BD00BF38B5054687
:103D6000FFF7DCFF037A013B0446092B1AD8DFE892
:103D700003F00505050519191B131305014600225B
:103D80002846FFF7B1FEA37B03B938BD214628467C
:103D9000BDE83840FFF75EBF01460022284601F02B
:103DA000ABF8F0E700DEEEE7014600222846FEF71A
:103DB000A5FEE8E790F8E400A0F10100B0FA80F079
:103DC00040097047012380F8E4307047002380F8F1
:103DD000E4307047B0F8F830A0F8E230704700BF28
:103DE000A0F8E210704700BF0023A0F8E23070474F
:103DF00038B50C468969054610461A46F1B1217A54
:103E00000139092922D8DFE801F00505050521213E
:103E1000231C1C0521462846FFF72EFEA36923B16B
:103E20001B792E2B1CBF0023A361A37B03B938BDD4
:103E300021462846BDE83840FFF70CBFA36120614A
:103E4000DDE72146284601F001F8E7E700DEE5E777
:103E500021462846FEF7B4FDE0E700BF38B591F8EB
:103E600008C0BCF1070F0C46054616D0BCF10A0F7E
:103E7000134602D0BCF1030F04D11A46214628464E
:103E8000FFF7E8FDA37B0022626103B938BD21463C
:103E90002846BDE83840FFF7DDBEFEF799FEF1E7A2
:103EA00038B50B7A072B0C46054608D0A37B03B91F
:103EB00038BD21462846BDE83840FFF7CBBEFEF7A7
:103EC000BBFEF3E70222002380F8E020A0F8E230F6
:103ED000704700BF38B590F8E0300446032B1BD87C
:103EE000DFE803F002111011FFF718FF034648B195
:103EF0001D7A2046FFF732FF0A2D14BF012303234A
:103F000084F8E03038BDFFF709FF0028FAD02046DA
:103F1000BDE83840FFF722BF00DE38BD10B590F88D
:103F2000E0300446032B1BD8DFE803F00D020C023F
:103F3000FFF7F4FE90B100230122A4F8E23082736F
:103F400084F8E03010BDFFF7E9FE28B1002201231C
:103F5000A4F8E220837310BD00DEF7E700DEEAE795
:103F600000DE10BD90F8E030022B05D000D870477D
:103F7000032BFCD000DE7047002380F8E030704750
:103F800038B590F8E0300446032B3AD8DFE803F068
:103F90000926121320462946FFF706F82846FEF7A1
:103FA0009BFF2046FFF720FE05460028F2D10223A2
:103FB00084F8E03038BDFFF717FE05460028F6D03C
:103FC00029462046FEF7F0FF2846FEF785FF2046EB
:103FD000FFF70AFE05460028F2D1E8E7FFF704FEE6
:103FE00005460028E3D029462046FEF7DDFF284697
:103FF000FEF772FF2046FFF7F7FD05460028F2D1D5
:10400000D5E700DE38BD00BF38B50546FFF7ECFD4B
:1040100068B1044621462846FEF7C6FF2046FEF753
:104020005BFF2846FFF7E0FD04460028F2D100249C
:10403000A5F8E2402146284601F0B8F885F8E040AE
:1040400038BD00BF03780121122243F0030303703F
:104050004170C270704700BF03780121132243F002
:10406000030303704170C270704700BF0B784FF0BC
:10407000020C43F0030307220B7081F801C0CA70E1
:1040800090F84C300B7170470B7980F84C307047CA
:104090000B784FF0020C43F0030307220B7081F8FA
:1040A00001C0CA7090F84C300B71704710B50B7896
:1040B0000C460922082143F00303E170627023706B
:1040C00090F93730002BACBF0B460E23E370FAF7A4
:1040D00063FD002261F30702C1F3072C0B0C6CF3A4
:1040E0000F2263F317421B0A63F31F626060A26032
:1040F00010BD00BF38B50C460546FAF74DFD2378D4
:1041000043F00303237009236370E370D5F8203173
:10411000217263F0FF031840020C0B0CC0F307255B
:104120002071C1F30721100AA2711A0AE0716571AA
:104130006172A372E27238BD0B78092243F0030367
:104140000B704A70CA70D0E94623100CC2F3072CDA
:104150000A711A0C81F805C088714FEA102C0B7295
:10416000C3F30720130A81F807C048728A72CB7222
:10417000704700BF2DE9F0414A68124E8968530F1D
:1041800083EA1273164003F001034FF04052A3FB81
:104190000232054601F0EF0786EA0304FAF7FCFC59
:1041A00004EA0003C5F8203163F0FF03B84633404A
:1041B000C5E946380F400122C5F8247185F8102161
:1041C000BDE8F0812FCF87F72DE9F0414C68104F03
:1041D0008A68630F83EA147303F001034FF04051C0
:1041E000A3FB01312740054687EA030402F0EF08EC
:1041F000FAF7D2FCC5E94678044008EA0101012338
:10420000C5F82041C5F8241185F81031BDE8F081CA
:104210002FCF87F70B784FF0030C43F003031922DD
:104220000B7081F801C0CA7090F820300B7190F8C3
:1042300021304B71704700BF0B78022243F003031B
:104240000B704A70CA7090F820300B71704700BF35
:104250000B7980F8203070470378074AC0F80520B2
:104260004FF0060C43F0030340F60C51037080F846
:1042700001C0A0F803107047F105FFFF0B784FF065
:10428000060C43F003030C220B7081F801C0CA70C6
:1042900090F80A310B71B0F80B31A1F80530B0F885
:1042A0000D31A1F807307047012380F809310B79EF
:1042B00080F80A31B1F80530A0F80B31B1F80730B9
:1042C000A0F80D31704700BF0B78032243F00303C1
:1042D0004FF0170C0B7081F801C0CA70D0F8213074
:1042E000D0F825208A604B6090F829300B7390F845
:1042F0002A304B73704700BF10B503780D2104229C
:1043000043F0030341700370C270841803F072FC21
:104310000C2120B12046BDE8104001F047BD2046E9
:10432000BDE8104001F038BD03780121052243F0BB
:10433000030303704170C270704700BF037801210E
:10434000062243F0030303704170C270704700BF40
:10435000037801210B2243F0030303704170C27004
:10436000704700BF037801714FF0020C43F0030364
:104370000D22037080F801C0C2707047037801718C
:1043800043F003034FF0030C0370112380F801C0C6
:10439000C3704271704700BF0B7980F84D304B7984
:1043A00080F84E30704700BF0B784FF0030C43F09D
:1043B000030316220B7081F801C0CA7090F82030F8
:1043C000C3F3C2034B7190F82030C3F302030B71A7
:1043D000704700BF0A7990F8203062F3C50380F877
:1043E00020304A7962F3020380F82030704700BF22
:1043F0000B784FF0030C43F0030317220B7081F886
:1044000001C0CA7090F87C31C3F3C2034B7190F8BD
:104410007C31C3F302030B71704700BFCB888384E8
:104420000B7980F826304B7980F82730704700BF31
:104430000B784FF0180C43F003030F220B7081F838
:1044400001C0CA70C38C8B80038DCB80438D0B81E0
:10445000838D4B8190F834300B73C38EA1F80D30EF
:10446000038FA1F80F30438FA1F81130838FA1F88B
:104470001330C38FA1F81530B0F84030A1F81730D1
:10448000B0F84230A1F81930704700BF0B784FF0F8
:10449000180C43F0030310220B7081F801C0CA709E
:1044A000C38C8B80038DCB80438D0B81838D4B819F
:1044B00090F834300B73C38EA1F80D30038FA1F840
:1044C0000F30438FA1F81130838FA1F81330C38FC1
:1044D000A1F81530B0F84030A1F81730B0F84230EC
:1044E000A1F81930704700BF8B88C384CB8803853F
:1044F0000B8943854B8983850B7B80F83430B1F879
:104500000D30C386B1F80F300387B1F811304387FF
:10451000B1F813308387B1F81530C387B1F817307D
:10452000A0F84030B1F81930A0F84230704700BF11
:104530000B78002243F003034FF00C0CCA700B7091
:1045400081F801C090F823300B71036B094AA2FB7C
:1045500003239B0AA1F80530438DA1F80930038D90
:10456000A1F80730838DA1F80B30838CA1F80D30B2
:10457000704700BF5917B7D10B7980F82330B1F8D5
:10458000053040F2E24202FB03F30363B1F8093065
:104590004385B1F807300385B1F80B308385B1F856
:1045A0000D308384704700BFB1F8093003844B6835
:1045B000C0F822300B7A80F8263070478B690022D1
:1045C0008A610BB3192293F804C01A71828CDA80C5
:1045D00091F820201A774AB90A8DDA834A8D1A8415
:1045E0008A8D5A84BCF12E0F0AD07047C28CDA83B0
:1045F000028D1A84B0F872215A84BCF12E0FF4D1C6
:1046000018681946FAF7A2BF00DEDBE730B5C38CA5
:104610000A8D4C8D8D8D934285B002D1038DA342BE
:1046200014D0012381F8223002950B6BCDE90024D0
:104630000C7A91F82320898C0391A4F10801B1FA36
:1046400081F14909F3F77CFB05B030BDB0F8723158
:104650005B1B18BF0123E5E7F8B5CD6900230C46C5
:1046600007461646CB618DB3291D112E0AD8DFE807
:1046700006F0200909090909091C0909090909099C
:104680000909241400DEEB79637329463846FEF7E6
:1046900049FC237A092B14D0F8BD084694F8202051
:1046A00094F82110FFF76AFEEDE72046FFF7DEFCE5
:1046B000E9E72046FFF73CFFE5E72046FFF7E6FE87
:1046C000E1E73846BDE8F84000F08ABDFEF714FC8B
:1046D00005460028C8D100DEC6E700BF38B58B69A3
:1046E0000C46054683BBFEF71BFC2E23A06103711D
:1046F00094F834200121002384F823102363218DB2
:104700004AB1B1FBF2F313FB02F3E28C9BB29A4283
:104710009CBF23851946238F994204D340F2E2427D
:1047200002FB03F323632846FDF7D2FC298D0346E1
:1047300006310B44A384002228462146FFF78CFF54
:104740004FF60B73638138BD00DECCE738B5044605
:104750000D4600F03DFD20B929462046FEF7C4FB7A
:1047600030B910212046FEF7E1FB0923AB7238BDBA
:1047700004F1C400FEF7E8FA0028F2D12046FDF764
:10478000C7FC0028EDD029462046FEF7B5FBE861BE
:10479000FEF7BEFB10B90C23AB7238BD294620468C
:1047A000FFF79CFF20461021BDE83840FEF7D2BB42
:1047B00070B50C460646FFF729FF237A092B1DD05A
:1047C00094F82250ADB1002384F8203021463046C1
:1047D000FFF7F4FE304600F05FFE237A092B05D187
:1047E0000C4B1A68964204BF00221A600023A37281
:1047F00070BD2046FEF7C8FBA561EBE7304600F030
:10480000F5FC237A092BDBD194F82030002BDAD188
:10481000D6E700BF8020002070B506460C4600F0A9
:10482000D7FC10B10623A37270BD05462146304661
:10483000FEF75AFB0028F5D0112221463046FFF73B
:104840000BFF304600F028FE237A092B04D1044BDD
:104850001A68964208BF1D600023A37270BD00BF96
:1048600080200020F8B5294A136806460C468BB113
:1048700083420FD002238B7200F0AAFC054620B9B8
:1048800021463046FEF730FB68BB2046BDE8F840C5
:10489000FEF76CBB218DF38C1660994212D0A5698E
:1048A0000023A36185B303232F792B71B38CEB8095
:1048B00005F11C012046FFF7BBFD2E2F1FD004235E
:1048C000A372F8BD628D338D9A42E8D1A28DB6F8FD
:1048D00072319A42E3D12046FEF756FB00220523AF
:1048E000A261A372F8BD4FF472632384214630465F
:1048F000FFF792FF2046FEF747FBA561F8BD286849
:104900002946FAF723FEDAE700DECCE78020002014
:10491000F0B50C46897A83B005460C2900F2DE809A
:10492000DFE811F012001E004D00560062006C001E
:104930007900DC007C00D2008600C0000D00002A57
:1049400000F0D18003B0F0BD002AFBD1237A082B00
:1049500000F0DB80092B40F0C1800123A372F1E756
:10496000012AEFD119462046FFF7BEFDE38C052B47
:104970001BD9228DB2F5486F17D8934215D8638D95
:10498000B3F5FA7F11D2A08DA0F10A0140F6764668
:1049900089B2B14209D8013313FB02F3B3EB800FA4
:1049A00003D294F8343093420BD940F61E7323841B
:1049B0002146284603B0BDE8F040FFF72DBF012A8D
:1049C000C0D82146284603B0BDE8F040FFF74ABFF3
:1049D000002AB7D10192FEF79BFA019A002840F015
:1049E000AF800323A372ADE7032A79D0042AA9D1AB
:1049F0000F22062384F82120A372A3E7002AA1D165
:104A000095F93730002B7EDA94F8203043B10F232C
:104A100084F82130CCE7002A94D1C9E7002A91D14B
:104A2000284600F0D5FB002872D00823A37289E73E
:104A3000022A87D195F83720C2F3C011D20975D068
:104A400019462046FFF798FD228D931F40F67A41C4
:104A50009BB28B4200F28780638DB3F5FA7F80F0C2
:104A60008280A08DA0F10A0140F6764689B2B1425B
:104A700079D803FB0222B2EB800F74D22846FDF7EF
:104A800027FBA38C1B1A47F6FE729BB2934240F29F
:104A90008880282385F84431284600F0FDFC002357
:104AA000A3724FE7002A7FF44DAF2846FDF708FBBD
:104AB000A38CC01A03043FF545AF2146284603B036
:104AC000BDE8F040FFF774BE002A7FF43BAF2146FB
:104AD000284603B0BDE8F040FFF738BE00DE31E7FE
:104AE0000523A3722EE7FEF713FA00283FF42AAF3E
:104AF00021462846FFF7F2FD1021284603B0BDE805
:104B0000F040FEF727BAA261E1E70A23A37219E792
:104B100021462846FEF7E8F9002886D010222146D3
:104B20002846FFF799FD0A2363810BE784F84C10B0
:104B3000284600F04DFB0646B8B10D23A37201E7ED
:104B4000A669A261002E3AD0032337793371AB8C6A
:104B5000F38006F11C012046FFF76AFC2E2F1BD0C4
:104B60000423A372EEE61E2394E721462846FEF7AF
:104B7000BBF90028E1D0072221462846FFF76CFD4B
:104B8000284600F089FC237A092B88D10D4B1A683E
:104B9000954284D11E6082E730683146FAF7D6FC30
:104BA000DEE72046FEF7E2F90B23A3722846FDF765
:104BB0008FFAA38CC31A1A043FF5C4AE7DE700DE5A
:104BC000C2E700BF802000202DE9F0412C4E336861
:104BD00004460D462BB1834203D00123AB72BDE8DE
:104BE000F0812046FFF7E6F80028F6D1204600F0D5
:104BF000E5FA07460028F0D129462046FEF774F969
:104C00000028EAD02046FDF763FA012180462046BD
:104C100000F0CCFAA5F83680D5F81C8085F8347001
:104C20003460EF61B8F1000F1BD008F10401284691
:104C3000FFF7FEFB98F807306B7341462046FEF7FE
:104C400071F92B7A092B08D094F83730DB0901D1A0
:104C500000DEC4E704236B81C1E72046FFF7BAF802
:104C6000F2E729462046FEF747F980460028DCD1C6
:104C700000DE04212846FFF7DBFB98F80730FFDE53
:104C800080200020F8B50C46897A0646154606298C
:104C900009D8DFE801F00430080838640A001DB9BB
:104CA000237A092B29D000DEF8BD002DFCD1FDF7B9
:104CB00007FAA38CC01A0304F6D42946304600F044
:104CC00075FA21463046FFF7A1FC237A092B00F044
:104CD000968094F82250002D40F09D802046FEF7EB
:104CE00053F9A5613046FFF719F9237A092B60D0F3
:104CF0000023A372F8BD002DD6D121463046BDE871
:104D0000F840FFF761BF032D6CD0042D5CD0022D5D
:104D1000CAD119462046FFF72FFC228D931F9BB264
:104D200040F67A418B4262D8638DB3F5FA7F5ED24A
:104D3000A08DA0F10A0140F6764789B2B94256D853
:104D400003FB0222B2EB800F51D22946304600F01D
:104D50002DFA2046FEF70AF90623A372F8BD002DAE
:104D6000A2D1FFF727F810B10523A372F8BD2146A1
:104D70003046FEF7B9F80028F6D02946304600F054
:104D800015FAE769E561002F4DD094F8202094F8DA
:104D90002110381DFFF7F2FAFB796373394630466C
:104DA000FEF7C0F8237A092B9CD13046FFF712F8A2
:104DB00098E796F93730002B2FDB234B1A68964281
:104DC00096D100221A6093E7D0F820311A2223F0FE
:104DD0000203C0F82031214684F820203046FFF736
:104DE000EDFB7FE75B7984F820302146F6E7002170
:104DF000304600F0DBF91E2386F8443172E7304676
:104E0000FEF7F2FF237A092B7FF463AF94F820308A
:104E1000002B3FF45EAF0023E5E73046FEF740FB92
:104E20000028CAD064E721463046FEF765F80746F9
:104E30000028AAD100DE042094F8202094F8211044
:104E4000FFF79CFAEB79FFDE8020002020B592F876
:104E50001FC082B0054602F11C03BCF1110F0AD835
:104E6000DFE80CF02D0909090909092609090909D2
:104E7000090909091E17242380F844310191FFF71D
:104E80004DF801990B7A092B20D000238B7202B0C8
:104E900020BD0322284602B0BDE82040FFF7F2BE45
:104EA0008B7A012BF3D9043B022BF0D900DEEEE71D
:104EB0000422284602B0BDE82040FFF7E3BE0222EC
:104EC000284602B0BDE82040FFF7DCBE95F9373038
:104ED000002B06DB074B1A689542D6D100221A60D8
:104EE000D3E728460191FEF7DBFA01990028F1D0BB
:104EF000CBE700BF8020002013460022FFF7C2BE90
:104F000070B5D57F02F11C03CDB10F2D12D0242333
:104F10000E4680F84431044600F0BEFA337A092B7D
:104F200005D1094B1A68944204BF00221A6000237D
:104F3000B37270BDBDE870400122FFF7E9BCBDE867
:104F400070400222FFF7E4BC8020002013460022BC
:104F5000FFF7DEBC00230322FFF7DABC00230422A4
:104F6000FFF7D6BCD37F012B70B505460C4607D0A2
:104F7000242380F8443100F08FFA0023A37270BD1F
:104F80008B7A012B04D013F0FD0FF8D000DE70BD3A
:104F900002F11C012046FFF707FB2846268CFDF78F
:104FA00097F8361A47F6FE73B6B29E4202D802232D
:104FB000A37270BD282385F84431284600F06CFAAE
:104FC0000023A37270BD00BF38B58B7A012B05D0CA
:104FD000022B0C4603D0A3B901238B7238BD0546C2
:104FE000FDF76EF8238CC01A0304F7D404F12201F4
:104FF0002846FDF77BF8284600F04EFA0023A372FE
:1050000038BD00DE38BD00BFD0F8E8208A42034634
:1050100008460DD18A69A2B90A46D3F8ECC01168D6
:10502000C3F8E810624508BFC3F8EC10FDF754BFA1
:1050300000DE8A692AB9D3F8E820002AEDD1FDF70D
:105040004BBF12792E2AF6D100DEF4E738B5D0F83E
:10505000E8502B7A013B04460A2B28D8DFE803F0FE
:105060000606060618181D131306220000222946FC
:10507000FEF792FDAB7B2BB129462046BDE83840B8
:10508000FFF7C2BF38BD00222946FFF75FFFF1E7F7
:1050900000222946FDF790FAECE700222946FDF7A9
:1050A00005FEE7E700222946FFF78EFFE2E700DE74
:1050B000E0E700BF70B5D0F8E85004461DB394F89F
:1050C000F430012B03D1022384F8F03070BD29465F
:1050D0002046FDF709FF0028F5D029462046FDF7B8
:1050E0000BFF064688B1311D2846FEF7BFFFF37956
:1050F0006B7331462046FDF715FF01220023AA738A
:1051000084F8F03070BD00DED9E700DEEBE700BFC9
:10511000F8B5D0F8E8500446ADB394F8F430012B5C
:1051200003D1012384F8F030F8BD29462046FDF76D
:10513000DBFE0028F5D029462046FDF7DDFE0646B9
:1051400088B32046FEF7EAFD2A7A037A934206F1F5
:1051500004071AD0082B1AD02A2194F810311BB159
:10516000D4F820315B0717D43846FFF7FBF8F37902
:105170006B7331462046FDF7D5FE01220023AA734A
:1051800084F8F030F8BD00DEC7E72321E5E7092AFF
:105190000CBF23212A21E0E70A46384694F8F7108D
:1051A000FFF7ECF8E3E700DECBE700BF80F8F6108E
:1051B000704700BF704700BF0020704790F8F500AF
:1051C000003818BF01207047D0F8E800704700BFD2
:1051D00090F8F400A0F10100B0FA80F040097047A7
:1051E000B0F8F830A0F8F230704700BF0023A0F804
:1051F000F230704738B5D0F8E840F4B1D0F8EC2080
:105200002368C0F8E8309442054608BFC0F8EC3087
:105210009CB121462846FDF7C7FE2046FDF75CFEFF
:10522000D5F8E8404CB1D5F8EC202368C5F8E83053
:105230009442EED1C5F8EC30EBE738BD70B50546C9
:105240000C4639B1042900D070BDFFF7D3FF85F8B3
:10525000F04070BDD0F8E860002EF5D0337A112B05
:1052600011D832494FF0010C0CFA03F0014061B93A
:1052700010F4386F07D00A2B13D0CBB195F8F63065
:10528000F3B9644604E000DE337A0A2B09D07BB11F
:1052900085F8F5402846FFF7D9FE032385F8F0305E
:1052A00070BD2846FFF7D2FE052385F8F03070BDAB
:1052B000D37F86F84C302846BDE87040FFF7FABE31
:1052C00095F93710002910DB012B20D0022BBBD120
:1052D0002846FEF723FD327A037A934221D0082B29
:1052E0001DD02A2385F8443170BD012BEED128460C
:1052F000FEF714FD08B1FF23C372012385F8F530D2
:105300002846FFF7A3FE032385F8F03070BDD37F56
:1053100085F8F7302846BDE87040FFF7F9BE092A46
:10532000DFD1232385F8443170BD00BF7FF4030033
:1053300038B50C468969054610461A46237AE9B104
:105340000B2B5FD8DFE803F00C060606063A3A4A54
:105350004242065221462846FEF7E8FBA16921B1E8
:105360000B792E2B1CBF0023A361A37B2BB12146FD
:105370002846BDE83840FFF747BE38BDA26120612E
:105380000B2B3FD801A151F823F000BFFD530300C0
:105390005553030055530300555303005553030061
:1053A000BD530300BD530300DD530300CD53030081
:1053B000CD53030055530300ED5303002146284607
:1053C000FDF7B0F8A1690029CAD1CEE721462846E9
:1053D000FFF796FDA1690029C2D1C6E721462846FC
:1053E000FDF746FCA1690029BAD1BEE7214628464F
:1053F000FFF7B8FDA1690029B2D1B6E7114600292F
:10540000AED1B2E700DEA1690029A9D1ADE700BFA6
:1054100038B50B7A072B0C4605460AD0A37B002231
:1054200062612BB121462846BDE83840FFF7ECBD4C
:1054300038BDFDF73FFCF1E738B50B7A072B0C467A
:10544000054608D0A37B2BB121462846BDE838404D
:10545000FFF7DABD38BDFDF731FCF3E70422002386
:1054600080F8F020A0F8F230704700BF90F8F030DC
:10547000052B0ED8DFE803F0060907030603D0F872
:10548000E83023B97047FFF715BEFFF741BEFFF7BD
:10549000DDBD00DEF6E700BF90F8F030052B04D844
:1054A000DFE803F004151305040500DE7047D0F8AB
:1054B000E820002380F8F5305AB100230121A0F83C
:1054C000F230917380F8F0307047FFF7F3BDFFF7CB
:1054D0001FBE00DEF1E700BF90F8F030052B04D8C6
:1054E000DFE803F004090B04050400DE7047002325
:1054F00080F8F0307047FFF70BBEFFF7DBBD00BF51
:1055000090F8F03010B50446052B12D8DFE803F010
:10551000030D09030803FFF76DFE042384F8F03040
:1055200010BDBDE81040FFF7C5BDBDE81040FFF756
:10553000EFBD00DE10BD00BFF0B5044683B00E46DF
:10554000154673B1D27F1B2A37D8DFF8C4C090F854
:1055500037100CEB4203C9095F7801238B403B40B5
:1055600040D11846FDF73AFD074620B300230360FB
:10557000D4F8EC301BB31860C4F8EC0094F8F030A9
:10558000052B42D8DFE803F01E2703060606204657
:10559000FFF790FDBB7B1BB139462046FFF734FD7A
:1055A000D4F8E81039B12B463246204603B0BDE8A6
:1055B000F040FFF7BDBE03B0F0BD0023D1E7C4E962
:1055C0003A00DBE72A4600212046FFF737FEBB7B87
:1055D000002BE5D0E0E72046FFF79AFDBB7B002BD0
:1055E000DED0D9E71CF812300A2BBAD10193FFF7AD
:1055F00001FE0022A4F8F22084F8F52084F8F020BF
:105600002046FEF701FD019BABE700DEC2E700BFCD
:10561000B80B040010B50446FFF7ECFD0023A4F816
:10562000F23084F8F53084F8F03010BD00B97047DE
:1056300000DE704730B991F8B83023F0010381F8EB
:10564000B830704700DE91F8B83023F0010381F8DC
:10565000B83070472DE9F041079D9DF81870064657
:10566000A88C4FF6FF7188422ED0314628469046CE
:105670001C46FCF745FB38BB2B780133DBB22B70A3
:1056800033B3144BB5F840019A7A1C8167F30002DA
:105690009A72114A013405F110019360044400220A
:1056A000D960C3E9006811460B4BA5F840410120C1
:1056B000F7F7C8FF50B9FF20FCF740FB2846FF2151
:1056C000BDE8F041FCF706BCBDE8F08100DEF2E782
:1056D00000DED6E7600E00203C050020012800D047
:1056E000704700B583B00191F9F7B8FF0199814285
:1056F00002D103B05DF804FB00DEFAE7C38D23B1ED
:1057000090F8B82012F0010300D0704710B542F0B5
:10571000010288B00B4C80F8B82003310122CDE99A
:1057200002320690CAB2CDE90434CDE90033032138
:105730001846F9F7A5F910F0FD0F01D108B010BD1A
:1057400000DEFBE73556030038B50C461546FCF77E
:105750001FF848B11CB1BDE83840FDF7FDBD294632
:10576000BDE83840FDF7D2BD022038BD38B50C4643
:105770001546FCF70DF858B190F93730002B05DAD3
:105780002A462146BDE83840FDF712BD0C2038BD41
:10579000022038BD054B064A10B41F204FF0FF34DD
:1057A00025211C601871117010BC70472C2200203C
:1057B0008132002010B5044600789DF808C002FB35
:1057C00001111A4A014482FB01020A44521102EB00
:1057D000C20002EB80028A1AD0B2C1082070595C64
:1057E00002F0070241FA02F212F001021DD1B0FBF1
:1057F000FCF10CFB11015C1EC9B20433104600F130
:10580000080E14F8012F5FFA8EFE12F0010F00F15E
:10581000010C4FEA520202D039B10139C9B25FFA24
:105820008CF08645F1D19C42E9D110BDA7C867DD57
:105830004288008850407047F0B5304D304C4840A9
:105840004FF0030C060A5FFA80FE0EEB8E2E06EB7D
:10585000862004EA401705EA400605EA4E0004EAFD
:105860004E1E3E4340EA0E0000EB002706EB062EDC
:1058700006EB0E2600EB0720C6F30746C0F30740F1
:1058800040EA062000EB00100CF1FF3C08441CF03D
:10589000FF0C80B2D6D141401A48A0FB01400C1A3F
:1058A00000EB5400400900EBC00400EB8400081A30
:1058B000C0F3C40400F00705145D2C41E407C0B236
:1058C0001AD401FB03F3561EC3F3074304326046A8
:1058D00000F1080516F8011FEDB211F0010F00F1FB
:1058E00001044FEA510102D033B1013BDBB2E0B217
:1058F000A842F2D19642EBD1F0BD00BF10210200C8
:10590000408408004D91CFBA00F046BA684620F0B6
:1059100007018D4601B501F0F1FCF4F76BFDBDE820
:1059200001408546704700BF08B50A4BD3F84021B7
:105930003AB90120F7F7E8FEBDE808400220F7F782
:10594000E3BE0020C3F84001D3F84031F9F714F862
:10595000EFE700BF00B000400020F7F7D5BE00BF62
:1059600090B90E4B0E4A197810788842CBB20DD1FF
:105970000C480D4990F800C0013313700B78634553
:1059800007D003780B70704700DEEAE700DE13787B
:10599000EEE700DE03780B70704700BF8232002014
:1059A0008332002087320020863200200B4A0C4BC5
:1059B000117893F800C08C450DD012781A70094AFE
:1059C000094B18B911781878884202D012781A70E9
:1059D000704700DEFAE700DEEFE700BF8532002007
:1059E00084320020823200208332002001F0B0BDDA
:1059F00008B50B480B4B027819788A420CD00A4B39
:105A0000017000220398986011460120F7F71AFEF2
:105A100000B908BD00DE08BD00DE1978EFE700BF61
:105A200082320020833200204C0500202DE9F04115
:105A3000304A314E127833789A428AB00C4605D1FA
:105A40002E4B2F4A1B7812789A4247D02768DFF8EE
:105A5000B48007F12D0525F07F45D8F800102846C1
:105A6000F9F796F810F4000002D10AB0BDE8F08111
:105A7000254A264B11781A78914213D11F4A2049A2
:105A80001278097891420DD01A780132D2B21A7088
:105A900000221F4B009211461046F9F709F810F04A
:105AA000FD0F24D11B4BE168C8F800500022CDE95E
:105AB0000732194BCDE90322CDE90531CDE90122A9
:105AC0002D23009334780134E4B23B46114610464E
:105AD0003470F8F763FF0AB0BDE8F0810768DFF8BB
:105AE000248007F12D05044625F07F45DAE700DE26
:105AF00000DED7E786320020873200208232002085
:105B0000833200203C220020843200208532002095
:105B1000AD59030061590300F15903007A4A9368B3
:105B2000002B00F096802DE9F04F136889B0814674
:105B3000002B46D04FF0FF338DF80A300DF10A00EC
:105B4000F9F7CEFE044600283BD0037F9907F5D134
:105B5000857A15F00205F1D1C3684B4555D006682A
:105B6000A8462F460DF10A00F9F7BAFE8346F0B1B8
:105B7000027F9207F6D1827A9307F3D4C268B8F114
:105B8000000F21D04A4558D0DBF800A031465046DE
:105B9000F8F7FEFF00F4000000280DF10A001CBF1A
:105BA0005F465646F9F79CFE83460028E0D1002F59
:105BB00008BF274639463846FFF738FF30F0020362
:105BC00039D109B0BDE8F08F91458046DCD1237F03
:105BD000E16843F0020323772046A3699847FF2337
:105BE0008DF80A300DF10A00F9F77AFE0446002814
:105BF000E7D0037F9F07F5D1837A9E07F2D4C3686D
:105C00004B4502D000DED0F80C903F4A4846D2E91E
:105C1000001303AA98470646002843D010F1100F3E
:105C200059D0394A002093681168984716F10B0F34
:105C300010D08C36C5D000DEC3E7227FE16842F089
:105C4000020222772046A2699047D8457FF472AFBE
:105C5000C5E770472C4A0023D2F80890D2E90048E3
:105C600002261360FF278DF80B700DF10B00F9F77A
:105C700037FE90B1037F9A07F7D40DB9DB07F4D450
:105C8000C368A342F1D1037F826943F00203037723
:105C9000214690478DF80B70E7E70125AE420AD008
:105CA0002E46E0E7237FA269E16843F002032377F1
:105CB0002046904785E70022CDE904220692039B07
:105CC00000964946404604AA0794F9F7C1FD00280A
:105CD0007FF477AFAFE7A37A43F00203A3720DF12D
:105CE0000A00F9F7FDFD014600283FF46AAF037F83
:105CF0009D07F4D1837A9C07F1D4FFF797FE30F02B
:105D000002033FF45EAF96E7700E002010B517480F
:105D100009F024FE30B3164B00249C6000F07AFAA0
:105D200000281EDB224621460120F4F7CBFA22464A
:105D300001210B20F4F7C6FA214622461820F4F779
:105D4000C1FA0C4B1022C3F804230120F4F78AFA9D
:105D50000B20F4F787FA1820F4F784FA01F0E8FA38
:105D6000204610BD6FF0120010BD00BFC403040038
:105D7000700E00200010004008B500F05DFA002809
:105D800009DB0120F4F77CFA0B20F4F779FA1820EC
:105D9000F4F776FA002008BD034603488AB2194694
:105DA00083681B68184700BFC403040030B4074D64
:105DB000AB685C6834B18AB2A44601460023284629
:105DC00030BC60476FF0570030BC7047C40304001C
:105DD00030B4074DAB685C6834B18AB2A446014662
:105DE0000023284630BC60476FF0570030BC704736
:105DF000C40304000020704770B5044682B0002838
:105E000033D0204B1A68824229D0FF250DF10700BC
:105E10008DF80750F9F764FD034640B91DE0A14233
:105E20000CD00DF10700F9F75BFD0346A8B11A7F0E
:105E30009207F6D4D9681846002CF0D11A7F9E69D3
:105E400042F002021A77B0470DF107008DF80750B3
:105E5000F9F746FD03460028E9D102B070BD9B6802
:105E60006BB1014600209847CFE7064A9368002BA4
:105E7000CBD011680029C8D000209847C5E700DEC4
:105E8000C3E700BF700E00200020704710B5044625
:105E9000F9F718FD8CB90D4B9A68AAB11C6800225D
:105EA0009A601A6004B124680020F9F733FD204697
:105EB000F9F7C0FD28B1002010BD0028F3D100DEA5
:105EC000F1E700DE002010BD00DEE7E7700E0020E5
:105ED0002D20704710B51446F8F758FE2146F8F704
:105EE00057FE030204D40230092898BF002010BDD9
:105EF000002010BD262810B5044613D0272809D04D
:105F0000252817D1022001F089FA2046BDE810406B
:105F100001F08ABA502001F081FA2046BDE8104015
:105F200001F082BA1A2001F079FA2046BDE810404B
:105F300001F07ABA0A2807D927280AD900DE2046B4
:105F4000BDE8104001F070BA0230400001F066FA7E
:105F5000DBE70330400001F061FAD6E701F0C2BA96
:105F600001F0C8BA08B501F0F3FABDE8084001F045
:105F700031BC00BF08B501F0EBFA01F02BFCBDE825
:105F8000084001F0EFBB00BF08B501F0E1FA01F0F5
:105F900021FC01F005FCBDE8084001F0E3BB00BFB7
:105FA00008B50146114801F0B9F901F0FDFA60B1F8
:105FB00001F0A8FC01F0F2F900F080F900280EDBF6
:105FC000BDE808400020FFF761BF01F0A1FA01F031
:105FD00099FC01F0E3F900F071F90028F0DA00DE35
:105FE0000020BDE80840FFF751BF00BFED59030096
:105FF00010B5044601F0ACFA01F0ECFB01F0D0FB67
:1060000001F0B0FB2046BDE81040FFF7C9BF00BF5C
:1060100010B5044601F09CFA0D48214601F07EF9C6
:1060200001F0C2FA40B100F049F900280ADBBDE8EE
:1060300010400020FFF72ABF01F06AFA00F03EF995
:106040000028F4DA00DE0020BDE81040FFF71EBF94
:10605000ED5903002DE9F04F89B01F469DF848B077
:10606000FF238046894692468DF81F300DF11F00B0
:10607000F9F736FC002846D0037F9D07F6D1837AD6
:106080009C07F3D405683E689DF81F3005930446CD
:1060900029463046F8F77CFDBBF1000F53D0BC42D7
:1060A00008BF002426460DF11F00F9F719FCD0B1F6
:1060B000027F9107F7D1827A9207F4D402680490A4
:1060C000294610460392F8F763FD039A049B00F4F7
:1060D000000000280DF11F001CBF15461E46F9F7F1
:1060E000FFFB0028E4D1059B8DF81F30314B9A68E7
:1060F000002A30D17EBB54B1BBF1000F48D1BC4265
:1061000005D000DE03E02B4B9A68044612BBFA6808
:106110001A60C3E901893846D04704460DF11F00D3
:10612000F9F7DEFB014650B1037F9A07F6D1837A77
:106130009B07F3D4FFF77AFC30F0020333D12046FB
:1061400009B0BDE8F08F0002A9D5FF2335460593BD
:106150005C46A7E706464946CDF800B053464046A0
:106160003A46F9F775FB014680B1BBF1000F0AD141
:10617000BB7A980707D4C6B13046FFF757FC30F01A
:10618000020300D000DE6FF07604D8E700DEECE713
:10619000CDF800B053463A4649464046F9F758FB19
:1061A0000028F0D1EEE700DEC9E7002C14BF264638
:1061B0000E46E1E7700E002001F1100005F012BA62
:1061C00070B5054688B00C460122002104A809F0EC
:1061D00035FD0F4B0193002603236946284603969D
:1061E000029306F071FE002810DB31464FF40043A5
:1061F00040F2E730E4FB03014FF47A720023F0F73A
:106200007FFF02460B4604A805F020FA08B070BDD7
:10621000B961030010B50120064C03F0A9FA002370
:106220000121A1606360E3602146BDE8104006F0F3
:106230004BBE00BF4422002010B5012003F098FAA5
:106240000449044606F0AFFE2046BDE8104006F0C3
:1062500086BE00BF442200200C4B1A780AB10020F1
:10626000704710B50120187003F082FA4FF47A716C
:106270000446FFF7A5FF38B9204606F070FE022855
:106280000CBF00206FF0040010BD00BF883200205A
:1062900008B5094BBFF35B8F53E8002F511C43E84F
:1062A00000100028F8D1BFF35B8F002A01DC03F057
:1062B00067FA002008BD00BF4022002008B50E4B41
:1062C000BFF35B8F1A68BFF35B8F002A10DDBFF34B
:1062D0005B8F53E8002F511E43E800100028F8D1CF
:1062E000BFF35B8F012A01DC03F060FA002008BDD8
:1062F0006FF0770008BD00BF4022002032207047B9
:10630000014B33F810007047F00B040010B5044641
:10631000FFF73AFE01F03AFA2046BDE81040FFF7D9
:106320003FBE00BF38B5044601F03CF9FFF71AFE46
:10633000962001F05FFA002318461A46194601F02C
:10634000A3F90120F9F728FAF0B11C3001F0BEF8EA
:1063500001F014F900BB2146104800F0DFFF01F006
:1063600025FB00210446084601F0C6F80021054639
:10637000084601F0BDF82C44CB34201A01F0CEFAC7
:10638000BDE8384001F004BB00DE1C3001F09EF88F
:1063900001F0F4F80028DED000DEDCE7F16703004E
:1063A00010B50446FFF7F0FD01F0F0F92046FFF7C5
:1063B000F7FD054B0021012208469C60F7F742F9E2
:1063C00000B910BD00DE10BD5C050020814208B59B
:1063D0000ED00B7ADB0702D46FF08B0008BD0C4B9C
:1063E0001360FFF755FF00280FDB6FF00A0008BDB0
:1063F0000B7B01EB83010B691B7803F00F03012B6F
:106400000CBF00206FF08B0008BD00DEEDE700BF81
:106410001D67030010B548B10C46FFF74FFF002879
:106420000BDB2046BDE81040FFF730BD044800F00C
:1064300075FFBDE8104001F06BB800DEF1E700BF6A
:106440000D630300084B042210B598182821F6F7B5
:10645000FFFF064B00249C8102222146044809F0DC
:10646000EDFB204610BD00BF7C2200206C220020E6
:106470005C220020084B042210B598182821F6F75A
:10648000E7FF064B00249C8102222146044809F0C4
:10649000D5FB204610BD00BF7C2200206C220020CE
:1064A0005C22002010B504460548F6F7F5FF20B140
:1064B000034600205870636010BD6FF00B0010BDE4
:1064C0007C220020034600201870587098607047A6
:1064D00038B51E4D2B7B6A7B9A4202D055F823407B
:1064E00034B91B48F6F7D8FF044680B1204638BDC2
:1064F000184805F0D1F82B7B6A7B9A42F6D001331D
:10650000DBB2032B08BF00232B73204638BD114894
:106510004FF42032002305F099F8A0B90D4805F09A
:10652000BBF82A7B6B7B93420BD0531CDBB255F834
:106530002220032B08BF00232B7312B114462046E0
:1065400038BD00DED2E700DEE8E700BF6C220020A5
:106550007C2200205C22002010B5027843789A4209
:1065600014D0D4B244700278944204D05A1C4370C0
:10657000D3B2022B0ED01A4600EB82040B70606877
:1065800000B110BDFFF7A4FF606010BD0133DBB2A6
:10659000022BF0D100221346EEE700BFF8B50278D7
:1065A00043789342044625D0D5B2154A507B92F8E1
:1065B0000CC0431CDBB2032B04EB850708BF002390
:1065C0009C450E46796806D042F8201053730D485A
:1065D00005F008F800216B1CDBB2022B0ABF002279
:1065E0001A46134679602370012104EB820431704E
:1065F0006068F8BD1A4604EB82046068F8BD00BF0D
:106600006C2200205C22002030B5037AC3F3021311
:106610000446002B93FAA3F0B0FA80F008BF4FF0C5
:10662000FF3083B000F101003AD0217A5A1E1340A6
:1066300063F3061121722430FFF75CFC00230DF197
:10664000070104F10C008DF80730FFF7A7FF05469E
:1066500020B3284600F040FF2B7803F00F03022BF5
:1066600013D00DF1070104F11800FFF797FFE0B117
:1066700021460F4800F052FE962001F0BBF80020A2
:1066800003B0BDE8304000F0B7BF0A48214600F033
:1066900045FE03B0BDE8304001F056B800DED8E753
:1066A00000DE237AC3F30213BFE700DEE0E700BF9A
:1066B000256303000967030010B50446FFF764FC77
:1066C000237A03F07102012A05D1C3F3420262F377
:1066D00006132372DBB213F0700F05D0636853B159
:1066E00093F82C309B0706D501F050F82046BDE802
:1066F0001040FFF755BC2046FFF786FF00F002FF71
:10670000BDE8104001F044B910B5044600F04AFF5E
:106710002046BDE81040FFF7CFBF00BF70B5C3688B
:1067200004461E68F8F732FA05463046FFF7D0FBFC
:1067300000232D1AC4E9005323812046BDE8704090
:10674000F1F74ABE10B582B00446FFF7A1FD00285C
:1067500009DB084A0849094800940023F9F798F929
:1067600018B902B010BD00DEF3E77730F9D000DED3
:10677000F7E700BFD983020015640300CD6303006F
:10678000F8B5079D9DF818709DF820400E462DB174
:106790000C78B2EBD41F16D00020F8BD417A01F07E
:1067A0000301012901D9002CF6D03178B2EBD11FB9
:1067B000F2D1062206F10801184609F0F2FCB0FAFF
:1067C00080F04009F8BD18460622083109F0E9FCBE
:1067D0000028E1D1C4F38014BC42DED10622B11CF2
:1067E000284609F0DEFCB0FA80F04009F8BD00BF91
:1067F000F0B587B0044600F0CBFEC0B2002800F030
:106800008B8000F0E7FE054600F0D4FFEDB20646AF
:1068100000F0DAFF00F0B0FFFFF7B6FB45B95848CB
:10682000214600F07BFD07B0BDE8F04000F070BEEF
:10683000FF2301208DF81730F8F7AEFF054600283A
:1068400000F09880237B95F81CE004EB830305F1AE
:106850001C011F693B46F6B213F802CB0CF00F0087
:10686000012808BF07F10800CCF380124FEADC17BB
:106870000EF00F0C18BF0020BCF1030F4FD0BCF17D
:10688000050FCCD16D7F222DC9D16568002DC6D0F2
:1068900095F82C50AD07C2D40DF11705CDE90106CE
:1068A000009720460395FFF76BFF0028B7D0042020
:1068B000F8F772FF0028B2D03248214600F02EFDD2
:1068C00000F026FE00F05AFE002855D1626892F8CA
:1068D0002C3043F0010382F82C30F8F777FF1722B1
:1068E0004FF6FF730271C3808460054601F004F81F
:1068F000286101F055F800210446084600F0FCFD2F
:10690000241A6C61F8F762FFE8602868294607B02E
:10691000BDE8F040F8F784BFFFF736FB7FE7697FFB
:106920000C297FF47CAF00287FF479AF617ACF0720
:1069300002D5002E3FF473AFB2EBDE1F7FF46FAFD2
:10694000062205F12401184609F02BFC00287FF4EB
:1069500066AF0D48214600F0E1FC00F0F5FE237E15
:1069600004EB8303D86900F0B7FD00F007FE28B9F7
:1069700007B0F0BD00DE65E700DEA7E700DEF7E761
:10698000B9660300A163030009670300F8B5054673
:10699000FFF7FAFAF9F740F8044600283FD0214BF8
:1069A000214A1B781178A27920485B0001F001018F
:1069B00003F002030B4322F0030213431C4A018835
:1069C0001278A18001202070A371227219B195F96B
:1069D0002730002B04DB2846BDE8F840FFF7E0BA7B
:1069E00095F82C30C3F30213022B16D0042B0CBFE6
:1069F0004FF4BC77282700F0BFFF064600F0C2FF27
:106A0000361AE660EA6BC4E904270023EB636B6483
:106A10002846BDE8F840FFF7C3BA1827EBE700DEC9
:106A2000BDE700BF8B3200208C3200206432002092
:106A30008932002008B500F0D7FD02780346012115
:106A400061F301021A70002008BD00BF00207047EA
:106A5000704700BF30B40849084A094D094C0A483C
:106A600000230B8013700949094A2B80237003709F
:106A70000B70137030BC7047643200208D320020E0
:106A8000663200208C3200208B3200208A320020B7
:106A900089320020814207D091F82C305B070BD55A
:106AA0000B4B188840B97047094A0A4B128819786D
:106AB0001AB941B100DE03E0064B1B78002BF9D177
:106AC0006FF08B00704701221A706FF00F00704753
:106AD000663200208A32002038B50D4678B304466D
:106AE000FFF7ECFB002847DBE2682389518B938397
:106AF00001330B4492F927105383002913DBF8F775
:106B00008BFF002836D0837923F00303002243F063
:106B10000203012101708280837102722846BDE860
:106B20003840FFF7B3B92089136B916B00FB033337
:106B30000B44516B8B4228BF0B469363DFE791F9FF
:106B40002730002B0ADB0D48294600F0E7FB00F058
:106B5000DFFC95F862301B0708D438BD084B1B8852
:106B6000002BF0D1074B01221A70ECE7BDE838404A
:106B700000F0F0BF00DEC6E700DEB5E78D69030078
:106B8000663200208B32002070B505460120F8F7F0
:106B900003FE40B30021417795F8496006F00706EF
:106BA00000F11C04304600F0FBFB95F86230B200A7
:106BB0001B0742F001020DD51F21082000F05CFCEC
:106BC0002246314605F1630000F0F6FEBDE8704054
:106BD00000F07CBC08201B2100F04EFC2046BDE8E4
:106BE000704000F073BC00DED4E700BF38B5044647
:106BF000FFF7B8F9244AA08913880133138000F005
:106C0000F9FD94F8482094F84900C2F3C00300F05D
:106C1000070002F00702002100F036FD2046FFF7D2
:106C2000B3FF00F0ABFC60BB00F0C0FE258A03465A
:106C300094F8490001210D3500F007001D4400F0D3
:106C40005BFC94F8493003F00703022B054416D08F
:106C5000042B0CBF4FF4BC73282394F84800C0F3F6
:106C6000C00100F007001D4400F042FC281A00F0AB
:106C700055FE21460548BDE8384000F04FBB1823BB
:106C8000EBE700DED0E700BF66320020A16D030015
:106C900070B590F84830054603F007040E462046CC
:106CA000C3F3C00100F07CFB95F86230A200DB0664
:106CB00042F001020CD51F21082000F0DDFB314617
:106CC00005F1840000F0D0FEBDE8704000F004BC87
:106CD00008201B2100F0D0FB3046BDE8704000F0DA
:106CE000FBBB00BFF0B5054683B001AAC06C0F46E0
:106CF000296DF6F737FC95F862305A07064638D406
:106D000048B3019C95F8613095F8602004341C4428
:106D100012B9627885F8602033B12378012262F3DA
:106D20000103237095F8613095F86020D31A6370E1
:106D30002846FBF7B1F9637883422AD960700122B3
:106D4000237803F00F03002143EA02132370A1709C
:106D50003C6003B0F0BD43F0040385F8623000F0FE
:106D600043FC0446237823F0100323703C6003B0F7
:106D7000F0BD43F0040385F8623000F035FC0446B2
:106D8000002EEFD0037843F0100303703C6003B093
:106D9000F0BD32682B6DD21A18BF0122D0E700BFB8
:106DA0002DE9F04383B0044600F0F2FBC0B20028A6
:106DB00079D000F00FFC5FFA80F800F0DDFCFFF7FF
:106DC000D9F8A84A1388012003441380F8F7E4FC9B
:106DD0000546002800F0EB80B8F1000F18D1A24B57
:106DE0001F78002F6AD1012201A920461A70FFF7EF
:106DF00079FF94F92730002B80F2F980676CB9464F
:106E0000002F00F0CF804FF00009019E474660E060
:106E100094F862302A7F03F00101C2F380008842B7
:106E200000F0A28094F9272081F0010161F30003B2
:106E3000002A84F8623005DA94F82C3043F0080315
:106E400084F82C3094F862305E0700F1C780D4E9F2
:106E5000130101AAF6F786FB0646F0B194F861200B
:106E6000019B1344597971B194F86230D8060AD560
:106E7000D4F894300133C4F89430D4F8983043F106
:106E80000003C4F8983094F860300A44D2B29A42B1
:106E9000C0F0B58000F0D28000DE94F862302A7F26
:106EA0004FF0000962E0FFF765F87048214600F0F6
:106EB00035FA03B0BDE8F04300F02ABB013FFFB252
:106EC00001A920461F70FFF70DFF002F91D1019EF1
:106ED000C1466648214600F021FA00F035FC94F8DE
:106EE0006220337862F3C303337094F862303278EF
:106EF000C3F3400363F38202327031462046FFF74A
:106F0000C7FE00F03BFB00286FD100F035FD88B1D3
:106F1000B9F1000F15D0A08A4FF6FF73984200F028
:106F200085804946FBF74CF87FB903B0BDE8F043D4
:106F3000F8F76EBC00F014FD00F018FDB9F1000F79
:106F4000E9D117B903B0BDE8F083F8F73FFC03239C
:106F50002B71A38A2868EB802946F8F749FC03B017
:106F6000BDE8F043F8F754BC4FF00009C2F3C0028B
:106F7000C3F340039A4245D000273B4A3C4B0021D3
:106F800011702046012201A91A70FFF7ABFE94F997
:106F90002730002B4DDB2B7FDA0603D4019E33789C
:106FA000DB0627D5334B1B783BB1019E91E700DE12
:106FB000B8F1000F3FF413AF2AE7E08900F01AFCA4
:106FC00094F8490000F0070000F016FB2A4821461B
:106FD00000F0A4F900F0DCFC019E80E723F004033C
:106FE00084F8623000F000FB57E700DE8DE70027F1
:106FF000B946D7E77378002B3FF46BAFD2E784F83C
:1070000061204AE70320F8F7C7FB0028B4D094F8C2
:10701000623083F0020384F862306B7F002BABD0C8
:1070200094F86230190729D40127A6E700DEA08A68
:1070300077E7636C002BAED0B846E6E60022A4F8F2
:107040006020206D04F14C01F6F794FA019B1B6857
:107050003360019B1E60DDF8049094F862302A7F53
:1070600084E700BF643200208D3200208D69030068
:107070008C3200208A320020ED6B030000F038FDD6
:1070800000285DD000F05CFD002849D1D4F87330B1
:10709000D4F87720134304D12B7F03F00303032B91
:1070A00028D0284B2848022221461A7000F036F9D1
:1070B00000F02EFA00F062FAB8B900F05DFC60B1A1
:1070C000B9F1000F3FF43EAFA08A4FF6FF7398422C
:1070D0000DD04946FAF774FF27E700F041FC00F0B5
:1070E00045FCB9F1000FEFD12CE700DEE5E700DE4B
:1070F000A08AEEE700F07CFA4278272A0146D0D831
:10710000033205F11C0009F01DF8D4F87330D4F8EF
:107110007720013BC4F8733042F1FF33C4F8773075
:10712000D4F87330074A0133C4F87330D4F8773099
:1071300004F1730143F100034B600123137073E703
:1071400000DE9FE7893200208D69030010B582B010
:107150000446FFF79DF8002809DB084A084909485A
:1071600000940023F8F794FC18B902B010BD00DEBB
:10717000F3E77730F9D000DEF7E700BF09850200BA
:10718000D96A0300956A03004FF080530246D3F892
:10719000A410013107D04FF08051D1F8A00010F0B9
:1071A000010009D17047D3F8A8304FF6FF719BB2A8
:1071B0008B42F0D100207047D1F8A4301360D1F891
:1071C000A8301371C3F3072363F03F035371D1F861
:1071D000903001331CD0D1F89430013318D0D1F85D
:1071E0009830013314D0D1F89C30013310D0D1F84D
:1071F0009030C2F80630D1F89430C2F80A30D1F895
:107200009830C2F80E30D1F89C30C2F8123008E045
:107210000023C2F80630C2F80A30C2F80E30C2F8B5
:1072200012300120704700BF00234FF080520360EE
:1072300043608360C360D2F88030013318D0D2F845
:107240008430013314D0D2F88830013310D0D2F812
:107250008C3001330CD0D2F880300B60D2F88430FF
:107260004B60D2F888308B60D2F88C30CB6070479E
:1072700000230B604B608B60CB607047054B4FF475
:1072800080320021C3F80815C3F84423C3F804234F
:10729000704700BF00B00040054B1878421C1A70C0
:1072A00018B9044B01221A6070470120704700BFD3
:1072B0008E32002000B00040074B187848B10138EA
:1072C000C0B2187018B9054B01225A6070470120EE
:1072D000704700DE1878F2E78E32002000B00040E0
:1072E000014BD3F80405704700B00040024B00F595
:1072F000A87043F82010704700B00040044BD3F84A
:10730000103123B1034A044B10681B6818477047BB
:10731000001000403426002038260020024A034B8B
:1073200011601860704700BF342600203826002006
:107330004FF080434FF0FF320021C3F8002EC3F816
:10734000042EC3F8081EC3F80C2EC3F8101EC3F891
:10735000142EC3F8182EC3F81C2EC3F8202EC3F821
:10736000242EC3F8282EC3F82C2EC3F8302EC3F8D1
:10737000342E7047074B084810B44FF49051002446
:107380004FF41052C0F81845C3F80018C3F8042889
:1073900010BC704700F0014000100040704700BF73
:1073A000054B02280CBF0421032140F20122C3F83F
:1073B0001015C3F85026704700100040072819DC4C
:1073C000831EDBB2052B11D9002818DA031D1BDA46
:1073D00010F1080F1ADA10F10C0F19DA10F1100F72
:1073E00018DA10F1150FCCBFEC20D8200A4BC3F8E7
:1073F0000C057047084B0820C3F80C057047064B76
:107400000020C3F80C057047FC20EFE7F820EDE7FB
:10741000F420EBE7F020E9E700100040014BC3F84F
:107420000805704700100040084B00F07F00C3F8CB
:107430005405D3F8182522F00072C3F81825D3F8A4
:10744000182542F00072C3F818257047001000405C
:10745000084A00210123C2F82C15C2F83035C37840
:10746000C2F824358178038843EA01431B02C2F83D
:107470001C3570470010004002F01C03A3F1080304
:1074800002F00302B3FA83F3013A5B091B06022AF6
:1074900098BF43F4801300F00F000A4A184340F4E9
:1074A0008070C2F81405D2F81805074B0340C2F8E3
:1074B0001835D2F81835194341F44031C2F818157F
:1074C000704700BF001000400000F8FE014BC3F8F9
:1074D0000405704700100040014BC3F804057047D5
:1074E0000010004002280CBF28202920704700BF50
:1074F000012070472920704702280CBF05200A2070
:10750000704700BF014B01221A6070470010004015
:107510000B4B0C480C4910B44FF41064C3F80845E9
:1075200001224FF480245A60DA60C0F84843074CC7
:10753000C3F808450020C1F800020A6110BC70477A
:1075400000F0014000B0004000100040C001700E8B
:10755000094B0022C3F80021D3F80011C3F804211D
:10756000D3F80411C3F80C21D3F80C11C3F810217F
:10757000D3F81031704700BF00100040034BD3F820
:107580000001003818BF0120704700BF0010004004
:10759000034BD3F80C01003818BF0120704700BF1F
:1075A0000010004001207047034BD3F85005B0FA9B
:1075B00080F04009704700BF00100040044B40F2CB
:1075C0000312C3F83425C3F83805C3F83C157047D7
:1075D00000100040034BD3F80004003818BF01200E
:1075E000704700BF0010004000487047342500205D
:1075F0000048704730240020F0B41D4B1D4D1E4E36
:107600001E4C1F4F0322C3F800222A78C6F8687563
:1076100002F10C03DBB2D000DB00910003F18043E8
:1076200000F1804003F5F83300F5F83001F18041B6
:10763000C6F86C0501F5104104EB82041148C3F84B
:107640001045C3F81405D1F840352D2B8ABFD1F869
:10765000403501232D3BC1F840350132064B4FF434
:10766000106102F00102C3F804152A70F0BC7047E3
:10767000001000408F32002000F001404091004097
:107680000C110040041000402DE9F041284E294C17
:10769000294FDFF8A8E0DFF8A8800323C6F80032FE
:1076A0002178CEF8688501F10C03DBB2DB00CD0058
:1076B00003F1804303F5F83305F1804507EB8107BB
:1076C00005F5F835CEF86C554FEA810CC3F8107506
:1076D00049F63465C3F814654AF2B813022A18BF94
:1076E0001D460CF1804C42F2B84241F28833022828
:1076F00018BF13460CF5104C124A2B44A2FB03236F
:10770000DCF84025B2EB931F85BF9809DCF84035C3
:1077100001231B1ACCF840350131084B4FF410629D
:1077200001F00101C3F804252170BDE8F08100BF1C
:10773000001000408F3200204091004000F00140D6
:107740000C110040D34D62100449054B03204FF447
:107750001062C1F80002C3F808257047001000400D
:1077600000F00140034B0022C3F81C21D3F81C3168
:10777000704700BF00100040034BD3F81C010038D5
:1077800018BF0120704700BF00100040034AD2F824
:10779000403623F0FF03C2F8403670470010004027
:1077A000034B0022C3F81421D3F81431704700BFF3
:1077B00000100040034BD3F81401003818BF01201B
:1077C000704700BF00100040014BD3F81004704711
:1077D000001000400449054B054A4FF48020C1F8D1
:1077E0004803C3F80825704700B0004000F001408E
:1077F000C001700E034B044A1B7803F5A87342F8CE
:10780000230070478F32002000900040F0B4A2F5B2
:1078100074232F4DA3F51073AB42044606D902F131
:10782000E87202F5D432013902F5A572294B2A48D3
:107830002A4D2B4E0127DF600027C3F80475A0FBFB
:1078400002020427C3F81075900C0227C3F80875CC
:10785000244AC3F84005C5F848154FF48021C5F8FF
:1078600044134021C2F84065C2F84435C2F80415FB
:1078700044B34FF48013C2F804351B4A194B1B4D17
:107880000124D46000210424C2F80415C2F8104574
:10789000C2F80815C3F828290C32C3F85055C3F8AC
:1078A000542502F5AF32124CC3F8584502F5FC726C
:1078B000C3F85C250F49C3F860150832C3F8642586
:1078C000F0BC70474FF40013C2F80435D5E700BF91
:1078D000BFBDF07F0080004083DE1B4300B000404E
:1078E00048B1004000F00140009000400C11004001
:1078F0004091004044910040014BD3F84805704747
:1079000000B000400349044A01234B600B615360FF
:107910001361704700800040009000400449054B0F
:10792000C1F844054FF08862C3F80425704700BFD2
:107930000080004000F00140054B06480649074A18
:10794000C3F84805C3F84C15C3F80425704700BFB9
:1079500000F0014000110040408000408000000421
:10796000014BD3F84405704700800040014B18607C
:10797000704700BF2C240020014B1868704700BFDF
:107980002C240020014BD3F84005704700800040B4
:10799000024B4FF00062C3F80425704700F001402D
:1079A000014BD3F84805704700800040014BD3F8E5
:1079B0004805704700800040244B30B40024C3F8D1
:1079C00000450224A142C3F80045054634D003F522
:1079D00080334FF000711E4CC3F804151B491D4B3A
:1079E000C1F80445D3F81835DBB21F2B03D9FF2BA0
:1079F00029D0191F00E01B21144B1748C3F8181594
:107A000000241649C3F80855C3F80C05C3F810251F
:107A1000C3F81415C3F80042C3F80041D3F800219D
:107A2000C3F80441D3F80421C3F808410122D3F874
:107A300008111A6030BC7047094B0A4C4FF00071B6
:107A4000C3F80415CAE7FB21D6E700BF00F00040E9
:107A500001000001001000403024002020230020FD
:107A600000F001400100010130B41C4B1C4C1D4AC8
:107A70000025C3F8005505460220C3F80005C3F8E9
:107A80000445D2F81835DBB21F2B03D9FF2B22D0C7
:107A90001A1F00E01B22114B1348C3F818250024BD
:107AA000C3F808550122114DC3F80C15C3F8100591
:107AB000C3F81455C3F80022C3F80041D3F80011ED
:107AC000C3F80441D3F80411C3F80841D3F80811EE
:107AD0001A6030BC7047FB22DDE700BF00F00040B9
:107AE000000001010010004030240020202300206D
:107AF00038B5114C0223C4F80433D4F8043163B907
:107B00002025EFF3118085F31288BFF36F8F05F006
:107B1000D2FCD4F80431002BF3D0074B074A0220E3
:107B20004FF40041C3F80803C2F88011D3F80801EC
:107B3000B0FA80F0400938BD00F0004000E100E0FC
:107B4000034BD3F80004003818BF0120704700BF72
:107B500000F00040034B012100229960C3F800258A
:107B6000704700BF00F000400139012905D80B2003
:107B70000AB1F2F777BBF2F783BB00DE704700BFB4
:107B800029B10139012905D80B20F2F78DBB182046
:107B9000F2F78ABB00DE0020704700BF88420BD09E
:107BA000012803D0022809D000207047A1F102006B
:107BB000B0FA80F04009704701207047A1F1010040
:107BC000B0FA80F040097047012908D0022906D098
:107BD00059B9074B4FF08072C3F800217047044B2E
:107BE0004FF40062C3F80021704700DE704700BF09
:107BF00000E100E008B508F00FF908BD032803D83C
:107C0000054B185C28B1704700DE034B185C002858
:107C1000F9D100DE704700BF180C0400013810B421
:107C20001C46042806D8DFE800F008111A230300D8
:107C300004292FD000DE10BC70470429FAD1194B5B
:107C40009C6010BC02210020F5F7FCBC0329F1D197
:107C5000154B01219C6010BC0846F5F7F3BC0429C4
:107C6000E8D1124B9C6010BC02210120F5F7EABC60
:107C7000032908D00429DDD10D4B02219C6010BCE2
:107C80000846F5F7DFBC0B4B9C6010BC01210220BD
:107C9000F5F7D8BC084B9C6010BC02210320F5F717
:107CA000D1BC00BFBC050020AC0500209C05002015
:107CB0007C0500208C0500206C050020014600207A
:107CC000FFF714BB124B30B4012104460020596069
:107CD000C3F80445C3F80001C3F80401196005E0C6
:107CE000D3F8042132B9D3F804251AB1D3F800210E
:107CF000002AF5D05960D3F80421002AE7D1D3F83F
:107D00000455002DE3D0C3F8042530BC704700BFF4
:107D100000E0004070B5114C0126D4F804556660AF
:107D20000E20F2F7ADFAD4F8040140B10021C4F8F6
:107D30000411D5E90E323046BDE870401847D4F83A
:107D4000003143B1C4F80001D5E90E3205F120013C
:107D5000BDE87040184700DE70BD00BF00E0004085
:107D600070B58CB00E4615460146102268461C467A
:107D7000F5F7C6FB10220DEB02003146F5F7C0FB0C
:107D80006846FFF79FFF25B1102208A92846F5F79E
:107D9000B7FB2CB108AD0FCD20606160A260E3603D
:107DA0000CB070BD00F07F03082B42B204D010F07D
:107DB000780F01D000207047002A00F00F0300F078
:107DC000080004DA30B9054800EB4310704718B9D1
:107DD0000348F9E70348704703487047B826002076
:107DE000D8270020B8270020D828002001490248C1
:107DF00007F0C8BF94260020800E002001460148ED
:107E000007F007BF2407002002480022002303F0E8
:107E1000B7BB00BF2407002013B5114800F0A4FE33
:107E20000446C8B90F4803F0B1F80F4803F0ECF866
:107E30000E490F4800944FF0FF334FF4806203F077
:107E4000BBFD0C490A4807F0EDFF0B490B4807F052
:107E50007DFF204602B010BD6FF00404F9E700BFBB
:107E60006D800300051404001C0C04000041002078
:107E7000800E00200A13040089810300942600204C
:107E800010B50E49BFF35B8F002351E8002F012A84
:107E900003D141E800300028F7D1BFF35B8F0CD14C
:107EA00051F8044C1439204605F07DF8783004D19F
:107EB0002046BDE8104005F052B810BD8C260020C9
:107EC00038B5002464F07F00C0B2FFF76BFF0134C7
:107ED00006F0EEFC082CF5D10E4D0024E0B2FFF7C1
:107EE00061FF036903B90561013406F0E1FC082C68
:107EF00005F14005F2D1084806F0DAFC074BD3F84B
:107F00007C2212B9064AC3F87C22BDE838400548F5
:107F100006F0CEBCFC2C0020B82700206C260020E8
:107F2000FC280020D828002008B5FFF76DFF20B1FD
:107F30004168024807F06EFDF7E708BDA80600207B
:107F400007B500230E48002201A903F029FA90B1D9
:107F5000FFF7EAFF0A480022002301A903F020FAF4
:107F600038B90198042340600374FFF747FFFFF717
:107F70003DFF002001E00198406003B05DF804FB84
:107F8000A806002010B50446FFF7DAFF60B1002212
:107F900002740472FFF732FF044B93F824301BB1D4
:107FA000BDE81040FFF722BF10BD00BF6C260020C7
:107FB000022803D8024B185CFFF7E4BF704700BFEC
:107FC0000214040070B5817806460846FFF7EAFE01
:107FD0000B06F578044612D5002D43D1FFF7B0FF0C
:107FE000034600283ED00122A577027403220273C3
:107FF0009C60FFF703FFBDE87040FFF7F7BE4DB18F
:10800000012D2FD1FFF79CFF034658B36577057408
:108010000573EDE7FFF794FF20B3B278124B12F02F
:10802000800F02F0080111D041B1D3F8A836E36007
:1080300001230374022303738460DAE702F00F0262
:10804000142101FB0233D3F80836F0E711B1D3F85D
:10805000A837ECE702F00F02142101FB0233D3F83A
:108060000837E4E770BD00BF00700240F0B5064677
:1080700089B01422002103A808F08BF83378013B63
:10808000052B21D8DFE803F07A0314146A160323C2
:108090008DF814300024FFF753FF0346A0B1047499
:1080A00000F10802DDE9050182E8030018461DE041
:1080B0000423EDE7B1780846FFF774FE837A04469F
:1080C00023B1013B022B43D909B0F0BD0B06F57873
:1080D00013D5002DF8D1FFF733FF03460028F3D066
:1080E0000122A5770274032202739C60FFF786FECB
:1080F00009B0BDE8F040FFF779BE55B1012DE3D1DD
:10810000FFF71EFF03460028DED065770574057370
:10811000EBE7FFF715FF07460028D5D001230374CE
:1081200002230373846004F10C01B07806F02EFC86
:10813000134AE168B2F88C328B4206D95B1AA2F876
:108140008C3201F05DF83846D0E7A2F88C52FAE79D
:10815000304609B0BDE8F040FFF734BF01A801F098
:108160002DF89DF80530052B04D19DF8043013F04F
:10817000600FA9D0034B059301248CE702248AE702
:108180006C260020D82700202DE9FF41AD4C804609
:10819000FFF73AFE074610B904B0BDE8F08194F845
:1081A00025303A7C3BB9002A00F085807968A648E2
:1081B00007F030FCECE7042AF8D8DFE812F07C0086
:1081C00005000201180133013B7BBD68032BEDD88C
:1081D000DFE803F0023C595E6E699C4B002232607E
:1081E0007260D3F880143170D3F884147170D3F8AE
:1081F0008814D3F88C0441EA00217180D3F89014DC
:10820000D3F8940441EA0021B180D3F89814D3F84C
:108210009C3441EA0323F3800823EB6030687168E3
:108220008B4B03C311462B68687A984796F9003048
:10823000002B07DBF3889AB222B1A4F88C3200F04D
:10824000DFFFB3E70023A4F88C32AFE76B7F002B8E
:10825000ACD02B7F002BA9D000266E774FF0FF32D9
:108260007C482E774FF0FF3306F035FB6B690193A6
:108270006B68CDE9023601A9687A00F0C7FC754841
:1082800006F02BFB92E72B680121687A98478DE76F
:10829000AB7A6BB9EB7F5BB96E484FF0FF324FF0B2
:1082A000FF3306F018FB00F0B1FF6A4806F015FB3B
:1082B0002B680221E9E73A7A042A3FF677AFDFE834
:1082C00002F05B032569750000F00EFC05460028EE
:1082D0007FF46CAF00F048FBBFF35B8F5E49012376
:1082E00051E8002F002A03D141E800300028F7D1DF
:1082F000BFF35B8F7FF45AAF41F8085C41F8105C24
:10830000E0696361143904F0DFFD4FE7002565F093
:108310007F00C0B2FFF746FD037A13B1407A01F047
:10832000D7F80135082DF2D194F854311BB194F8E7
:10833000550101F0CDF80025E8B2FFF733FD037ACF
:1083400013B1407A01F0C4F80135082DF4D194F846
:1083500074321BB194F8750201F0BAF8002000F0F5
:10836000A7FB012384F825302368002B3FF41EAFC0
:1083700000210220984719E7002584F8255001F0D4
:108380000DF8FFF77DFD2368002B3FF40FAF294662
:108390000420EFE7002B3FF409AF00F0AFFB2368A8
:1083A000002B3FF403AF00210520E3E72268002AF9
:1083B0003FF4FCAE002B3FF4F9AE002106209047BD
:1083C000F4E608F110054FF0FF334FF0FF32284676
:1083D00006F081FAFFF774FD284606F07EFA58F899
:1083E000283C002B3FF4E2AE00210120C2E794F8C4
:1083F00074327BB1012584F8895284F88852FFF7E2
:108400009FFD38B1154A057405738260FFF7F6FCCD
:10841000FFF7ECFC58F8283C002B3FF4C7AE0021D6
:108420000A20A7E707F07BF900F0B8FF00F092FA06
:10843000FFF77AFDFFF744FD07F06AF9084800F0FE
:1084400093FBB3E66C260020A806002000700240D3
:1084500070260020A42600208C260020D82800208A
:108460006D80030038B5144C94F824500DBB04F112
:10847000380007F019FB284601F07AF92A46012155
:10848000E0612720F1F71EFF07F042F9FFF718FD22
:10849000012384F82430094B1B680BB1FFF7A6FCBD
:1084A0004FF08043D3F83834DB0702D50120FFF7C3
:1084B00069FD002038BD00BF6C2600202407002085
:1084C000074B93F824203AB193F82530002B0CBFCA
:1084D0006FF01200002070476FF01200704700BF6D
:1084E0006C26002010B5104B93F824300146BBB128
:1084F00004782046FFF756FC10B96FF0150010BD48
:1085000044720B7983724B8843600878498803076B
:1085100002D44B1E0B42F0D106F033FA0020EEE7F6
:108520006FF01200EBE700BF6C26002010B5124B75
:1085300093F824200146CAB193F82530B3B1FFF770
:1085400031FC0446A8B1837A012B12D007D9023B33
:10855000012B07D96369A3610020E06010BD00F022
:108560005BFEF7E7084600F0FDFDF3E76FF0120051
:10857000F4E76FF01500F1E76C26002038B50E4BDC
:1085800093F82420054682B193F825306BB1FFF7AC
:1085900009FC68B115F008040AD1284600F004FE71
:1085A000284600F0CDFF204638BD6FF01200FBE7F3
:1085B0006FF01500F8E700BF6C26002038B50C4BB3
:1085C00093F8242005460C4662B193F825304BB150
:1085D000FFF7E8FB48B141B1284600F0CBFD207021
:1085E000002038BD6FF01200FBE76FF01500F8E7D0
:1085F0006C26002070B5134E96F824300446C3B1A3
:10860000FFF7D0FB0546B8B1230705D4204600F09C
:10861000CBFD204600F094FF2B7A83B901232B7207
:1086200096F825300BB9002070BD204600F050FFB1
:10863000F9E76FF01200F7E76FF01500F4E76FF05D
:108640007700F1E76C2600202DE9F043DFF8DC80AD
:108650001F4698F8243085B0044689461646002BFC
:108660005DD098F82530002B59D003065AD5FFF776
:1086700099FB0546002855D0037A002B52D04FF0C5
:10868000FF334FF0FF3208F1380006F024F9AB7FDA
:108690004BB108F1380006F020F96FF00A042046CB
:1086A00005B0BDE8F08316B9EB7F03B1EE77AB7A86
:1086B000BBB95EB1B8F80A309E4207D26A68B6FB11
:1086C000F2F302FB13630BB90123EB7700F0AAFD71
:1086D000844206D000F09AFD154806F0FEF800240A
:1086E000DDE701232046AB774FF0000801A9CDE973
:1086F0000196CDF80C8000F089FA044658B185F84F
:108700001E802FB96FF00404094806F0E6F8C6E7AA
:10871000C7F80080F6E7002FF6D03E60F4E76FF070
:108720001204BCE76FF01504B9E700BF6C26002007
:10873000A42600202DE9F0411D46204B174693F852
:1087400024200E46002A33D093F8253083B3030645
:1087500031D401B97FBBFFF725FB044658B3037A38
:108760004BB34FF0FF3316484FF0FF3206F0B3F82B
:10877000E368BB42984628BFB84646B93FB905B141
:108780002B600F4806F0A9F80020BDE8F081A16930
:108790004246304607F0D6FCA3694344A361E36830
:1087A000A3EB0803E360002DEBD0C5F80080E8E7F9
:1087B0006FF01200E9E76FF01500E6E76C26002085
:1087C000A426002070B51E4D95F82420034682B3E0
:1087D00095F825206AB31B062ED4FFF7E3FA04466A
:1087E00050B3037A43B34FF0FF334FF0FF3205F13C
:1087F000380006F070F8E368B3B90126636926779C
:10880000A361637F83B1FFF79BFB30B905F13800AB
:1088100006F063F86FF00B0070BD06748460067399
:10882000FFF7ECFAFFF7E2FA064806F056F80020E8
:10883000F2E76FF01200EFE76FF01500ECE700BF12
:108840006C260020A426002008B5084B93F824309D
:108850002BB1FFF7A7FA28B10160002008BD6FF027
:108860001200FBE76FF01500F8E700BF6C26002050
:10887000014B1860704700BF6C26002008B5074BFD
:1088800093F8243023B1FFF78DFA20B1406808BD7A
:108890006FF01200FBE76FF01500F8E76C26002080
:1088A000064B10F0800F03F1D80218BF134600F0FA
:1088B0000F00182202FB0030704700BF3C2F002041
:1088C000EFF31180202383F31288BFF36F8F0A4BDD
:1088D000D3F8001C032261B949F27531C3F8001CBA
:1088E000C3F8142DC3F8001C80F31188BFF36F8FF9
:1088F0007047C3F8142DF7E700E00640EFF311804E
:10890000202383F31288BFF36F8F0A4BD3F8001C28
:1089100061B949F27532C3F8002CC3F8141DC3F8CD
:10892000002C80F31188BFF36F8F70470022C3F8CB
:10893000142DF6E700E006404FF08053D3F83031B5
:10894000082B02BF024B0022C3F81C2C704700BF4B
:1089500000700240024A00231360024A13707047FD
:10896000F43000209432002008B54A4B4FF40062E6
:10897000C3F8002405F0EFFF08B1FFF7A1FF4FF0A7
:108980008053D3F83031082B18D1EFF31180202316
:1089900083F31288BFF36F8F3F4BD3F8001CC022C4
:1089A00000296ED149F27531C3F8001CC3F8142CAC
:1089B000C3F8001C80F31188BFF36F8F354B012281
:1089C000C3F80025D3F800241205FBD54FF400624C
:1089D000C3F800244FF08053D3F83031082B17D15F
:1089E000EFF31180202383F31288BFF36F8F2A4B9C
:1089F000D3F8001C002947D149F27532C3F8002C86
:108A0000C3F8141CC3F8002C80F31188BFF36F8FD8
:108A100005F0A1FF30B1FFF771FF05F09CFF08B131
:108A2000FFF74EFF4FF08053D3F83031082B194B2E
:108A30000AD140F2E372C3F800284022C3F80428A8
:108A4000BFF36F8FBFF34F8F8022C3F81C25012225
:108A5000C3F83025114B40F2FF121A60104B002171
:108A60001960104B1970FFF767FF0F4B19700F4B10
:108A700002221A7005F06FFF50B1BDE80840FFF701
:108A80003DBFC3F8142C95E70022C3F8142CBBE7B4
:108A900008BD00BF0070024000E00640F03000203A
:108AA000EC300020903200209232002094320020DE
:108AB000094B002210B51A70084A094B094C0028CE
:108AC00008BF1346C4F800332720F1F7CBFB01237E
:108AD000C4F8043510BD00BF93320020FDFFDF0154
:108AE000FDFFFF0100700240034B1878012894BF7E
:108AF00000200120704700BF9432002010B54FF0D5
:108B0000FF324FF0FF33154802F0A0FDEFF3118163
:108B1000202383F31288BFF36F8F114B1B7803F070
:108B2000FF0483B10F4BD3F8002412F400720AD172
:108B30000120C3F82C05D3F82C05D3F800048005D8
:108B400002D5C3F82C25002481F31188BFF36F8F61
:108B5000024802F047FD204610BD00BFF406002089
:108B60009332002000700240F8B51C4B1C7894BB77
:108B70001B4A106001221A7040F2FF17264664F06B
:108B80007F0514F0080FEDB214BF39464021284686
:108B900005F0F7FE2846FFF783FE0134092C8675A1
:108BA00006730661EBD1002440F2FF17254614F04E
:108BB000080FE6B214BF39464021304605F0E1FE09
:108BC0003046FFF76DFE0134092C8575057305618C
:108BD000EDD10020F8BD6FF07700FBE79432002064
:108BE000F4300020084B10F0800F14BFD3F810357C
:108BF000D3F8143500F00F020120904018400038DF
:108C000018BF0120704700BF007002402DE9F843F3
:108C1000024605F0AEFEEFF31188202383F312889D
:108C2000BFF36F8F130703D1174B1B78934224D1E7
:108C3000164B174F1C683E68E4434FF00109A4B27D
:108C400009FA00F534432C401AD11046FFF728FEEC
:108C500080F80C90034607C91C6183E807009C75E7
:108C60000C4B2E4380223E602046C3F8042188F33B
:108C70001188BFF36F8FBDE8F8836FF00D00F6E742
:108C80006FF00F00F3E700BF92320020F0300020B9
:108C9000EC30002000E100E010F0080F074B06D098
:108CA000D3F8C00410F4803F18BF0020704700F0D4
:108CB0000F0000F5947053F82000704700700240D8
:108CC0002DE9F74F594BDFF86881D3F85421EAB109
:108CD0000022C3F85421D3F80413890216D58DF865
:108CE0000420D3F82025ADF80620D3F8C034002B9B
:108CF000D8F8003014BF4FF001224FF480721343B4
:108D0000C8F800304B4B01A81B689847474BD3F875
:108D1000604134B10022C3F86021D3F86C44C3F839
:108D20006C44D3F828214AB10022C3F82821424BD1
:108D3000187805F01EFE012383401C43DFF8FCA0D9
:108D40009AF800509AF9006015F0080005F00F023B
:108D500038D1002EB4BF3A4B3A4B91000B441968FE
:108D6000DFF8E49051B300211960304B88BB8E428C
:108D70004FF0140101FB0233B4BFD3F80836D3F827
:108D80000837324A117803F001034B401370FFF7A4
:108D9000D3FD2F4802F026FC2846FFF781FD837D96
:108DA000032B1DD1284605F0E4FD012303FA00F052
:108DB000D9F8003023EA0003C9F800301D4F01251F
:108DC000062672E0234B244933EA260328BF0B46CC
:108DD000C5E7002EB4BFD3F8A836D3F8A837D0E73C
:108DE000037BE3B9284605F0C4FD012303FA00F034
:108DF000D9F80030002E23EA0003C9F8003001DA68
:108E0000882DDBD106238DF8043000238DF8073040
:108E1000084B8DF806501B6801A89847CEE7002D37
:108E2000CCD1024B0122DA64C8E700BF00700240D7
:108E3000F0300020F43000209232002091320020E7
:108E40000871024030710240EC3000209032002066
:108E5000F4060020507102402C71024094FAA4F3F1
:108E6000B3FA83F30F2BD8F800201946C8BFA3F13B
:108E7000100105FA03F342EA0302C8F80020D9F80A
:108E80000020CCBFC9B241F0800124EA03041340A2
:108E90000A0640F1938043B98DF804608DF80610FE
:108EA0008DF807303B6801A89847002CD6D1A74B16
:108EB000D3F800215AB1C3F80041A54B1C70A54B53
:108EC0001C7001230193A44B01A81B6898479F4B7A
:108ED000D3F85821002A2ED00022C3F85821D3F805
:108EE0000044C3F80044E60508D5994B01221A70E6
:108EF00002230193984B01A81B689847A50508D544
:108F0000934B00221A7003230193934B01A81B6813
:108F1000984764050FD58E4B1A7862B100221A70FB
:108F20008A4B0122C3F808259A65042301938A4BD2
:108F300001A81B689847854BD3F85C3123B3874B56
:108F40009B681BB99AF8003058061DD07F4B002251
:108F5000C3F85C21D3F880347E4A23F07F0313707A
:108F6000D9F8003023F00113C9F80030D8F80030E8
:108F700023F4803343F00103C8F800300523019344
:108F8000754B01A81B689847D9F80020D8F8003025
:108F90001A4200F0C88071480022002302F056FBFC
:108FA000002840F0C080694BD3F82C35002B44D00A
:108FB0006A4803B0BDE8F04F02F014BB002B7FF409
:108FC00074AF8DF804608DF806108DF8075069E7CE
:108FD0000B4661E0003A69E02046FFF75DFED5E907
:108FE0000032B5F814C090429FBF121AC7182F6004
:108FF0006A6094BF0746002760450CBF4FF0010C24
:109000004FF0000C002A08BF4FF0000C002B53D08B
:10901000874251D20123B34021EA0303C9F800304B
:1090200006238DF804304C4B8DF8064002221B6855
:10903000AA758DF8072001A89847D9F80010D8F82C
:1090400000600E40B4D016F0012314BF93FAA3F6CB
:1090500096FAA6F6B6FA86F6F4B20F2EC6BF103C04
:10906000E4B244F080042046FFF71AFC4FFA84FB78
:10907000BBF1000F0546AFDA4368878A01689F425B
:1090800028BF1F4601F06043B3F1005FA0D0344811
:109090003A4607F057F8324B29686A683944296024
:1090A000A968D21BC9076A6094D53A1E18BF01226D
:1090B0002AB900222A7302E0BCF1000FF9D04FF068
:1090C00080520120D2F83021082A02BF1F4A822193
:1090D000C2F81C1CD8F800208AF8004000FA06F6F6
:1090E00022EA0602C8F800202A6914F0080F3A4460
:1090F0002A61164A1AD1BBF1000F04F00F044FF099
:10910000140101FB0421A9BF0A3402EB8402C1F857
:109110000037C1F80477AFBF42F82400C1F8003629
:10912000C1F80476506003B0BDE8F08FBBF1000FCA
:10913000B5BFC2F8A036C2F8A037C2F8A476C2F80C
:10914000A477B4BF50629064EDE700BF00700240A6
:109150009332002092320020F4300020F4060020E8
:10916000FC2E0020024B40F48070C3F818057047B5
:1091700000700240030713D400F00F0310F0800FBB
:10918000084A0BBF03F5887303F5847302EB83026F
:1091900052F8230008BF5068003818BF01207047FC
:1091A0000020704700700240034BC3F80C0540F4E8
:1091B0008070C3F80C057047007002400023036004
:1091C00043600E4BD3F880240270D3F8842442709D
:1091D000D3F88824D3F88C1442EA01224280D3F8D1
:1091E0009024D3F8941442EA01228280D3F8982480
:1091F000D3F89C3442EA0323C380704700700240D6
:10920000014B0122DA64704700700240014B0122D9
:109210001A65704700700240014B01225A65704781
:1092200000700240014B1878704700BF9232002056
:1092300010B50246EFF31184202383F31288BFF3A5
:109240006F8F05F096FB0B49012303FA00F00B68C2
:1092500023EA00030B6012F0080101BF02F00F02C5
:10926000054B02F5947243F8221084F31188BFF382
:109270006F8F10BDF030002000700240F7B501463E
:10928000EFF31185202383F31288BFF36F8FFFF76D
:1092900007FB0646084605F06CFB012211F0800F23
:1092A00002FA00F22D4818D1036832EA03040AD00A
:1092B0000846FFF7BDFF0323B37585F31188BFF39D
:1092C0006F8F03B0F0BD2649347323EA02030360B5
:1092D0000B6823EA02030B60EDE70B0715D4802926
:1092E000204B2FD001F00F0404F2DA346400C3F8ED
:1092F0000048D3F80448D3F80478E4B244F00204F8
:109300003C43C3F80448D3F80438154F04683B685D
:1093100064EA030C1CEA020FCFD013433B60002326
:1093200033730323B3758DF807300F4B8DF8061098
:1093300024EA0204062204601B688DF8042001A8B8
:109340009847BAE740F2B474C3F80048D3F8044829
:10935000D3F80478E4B244F00404D1E7EC30002000
:10936000F030002000700240F430002010B50446B8
:109370004FF0FF324FF0FF33064802F067F9204606
:10938000FFF77CFF034802F02DF9034B8022C3F85E
:10939000042110BDF406002000E100E0F8B54FF014
:1093A000FF324FF0FF332B4802F050F92A4B802256
:1093B000C3F884212720F0F777FF98B1274E284B78
:1093C00034681B686FF30F041C43012764BB254DF1
:1093D00040F2FF1333602720C5F80445F0F750FF33
:1093E000C5F80043204A13788BB11E4B0021C3F807
:1093F00008110121C3F80026C3F804165960D3F8F8
:1094000008110029FBD00021C3F808111170154B79
:109410000022C3F80025FFF78FFA0E4802F0E2F8A9
:10942000124B01221A70F8BD94FAA4F5B5FA85F52D
:109430000F2D2846C6BFA5F11000C0B240F0800035
:10944000030701D4FFF71AFF07FA05F524EA05041C
:10945000BCE700BFF406002000E100E0F03000208F
:10946000EC30002000700240903200209432002046
:1094700010B504464FF0FF324FF0FF33114802F0B1
:10948000E5F82046FFF7FAFE04F00F0201239340AF
:109490000D4A14F0800F14BFD2F81015D2F814152D
:1094A0006FEA030315BF0B400B40C2F81035C2F83A
:1094B0001435044802F096F8044B8022C3F80421C6
:1094C00010BD00BFF40600200070024000E100E083
:1094D00070B50446FFF786FB68B904F00F0201255A
:1094E00014F0800F144B05FA02F205D0D3F81015D2
:1094F0000A43C3F8102570BDD3F814150A43C3F806
:109500001425631E062BF6D8EFF31186202383F370
:109510001288BFF36F8F2046FFF78AFE204605F0C2
:1095200028FA064A1368854023EA0503136086F388
:109530001188BFF36F8FDEE700700240EC3000202F
:10954000030610B5044605D4FFF714FE10B12046FB
:10955000FFF76EFE014BC3F8184510BD00700240C6
:10956000084B70B5C31A0D4607499B100446594372
:109570000648402205F029FA2B4601462046BDE860
:10958000704018470C310020B76DDBB6380304007B
:1095900073B50C4C0C4A4023041B00930D460B463C
:1095A0000A49A41061430646094805F039FA014604
:1095B00028B130462B4602B0BDE87040184702B0D3
:1095C00070BD00BF0C3100208FEA0300B76DDBB621
:1095D000380304000022F8B5012105461046F0F7D3
:1095E00071FE104801F022FA0446B8B901F03EFAC3
:1095F0002F690D49384603F054FC031E09DB012690
:109600003E642D69084905F11C0003F04AFC031E65
:1096100002DA1C462046F8BDEE64FBE76FF0040456
:10962000F8E700BF55970300200C04001FB5002287
:109630000123CDE902236C46074A6B46CDE900447D
:1096400005F01EFA28B94FF480420023684601F065
:10965000FDFF04B010BD00BFA1EA030010B5EFF399
:109660001184202383F31288BFF36F8F074A136896
:1096700023F00201DB07116002D4012005F042FD56
:1096800084F31188BFF36F8F10BD00BF5C310020E1
:1096900030B4104B0C2202FB003301460020D3E90A
:1096A0000E529863EFF31180202484F31288BFF3E5
:1096B0006F8F1C6C04F0C00444F002041C6480F33F
:1096C0001188BFF36F8F1DB12B46034830BC18477C
:1096D00030BC70470C3100203803040010B4EFF3A5
:1096E0001180202282F31288BFF36F8F17490B6815
:1096F00043F0020413F001030C601AD04FF08043D2
:10970000D3F80C14D3F80C3413F0010311D0EFF399
:10971000118182F31288BFF36F8F0D4A136C03F02F
:10972000C00343F00203136481F31188BFF36F8F0A
:10973000012380F31188BFF36F8F1BB110BC002091
:10974000FFF7A6BF10BC012005F0D4BC5C3100209F
:109750000C31002010B1012804D07047034B1B6C62
:109760005B0701D1FFF794BF704700BF0C310020A9
:10977000024AC3B21C2000FB032070470C310020BA
:10978000094BBFF35B8F53E8002F42F0010143E820
:1097900000100028F7D1BFF35B8F930702D401209C
:1097A00005F0A8BC704700BF5C31002010B5EFF396
:1097B0001184202383F31288BFF36F8F074A136845
:1097C00023F001019B07116002D4012005F09AFCEF
:1097D00084F31188BFF36F8F10BD00BF5C31002090
:1097E0002DE9F0413849BFF35B8F8046012251E8F3
:1097F000003F41E800200028F9D1BFF35B8F33B967
:10980000324933484B60CB608A6003F05DFB08F15E
:10981000FF33012B4BD8B8F1010F07D14FF0804334
:10982000D3F81C3403F00303012B40D006F0F4FA04
:10983000054658B1EFF31186202383F31288BFF356
:109840006F8F0125234F4FF080441EE0224B1B7881
:10985000002BEFD04FF080430222C3F808230646C6
:10986000F0E735B3304603F026FED4F8183563B977
:10987000D4F804214AB1C4F80431D4F804310123E6
:10988000C4F81835C7F88031A360D4F81824D4F888
:109890001834D203E5D503F00303012B02D0B8F14D
:1098A000010FDED155B186F31188BFF36F8FBDE88C
:1098B000F0810021212006F04DFBD6E74FF08043D8
:1098C0000222C3F80423F2E708310020F830002018
:1098D0002831002000E100E0B932002008B5074837
:1098E00006F03CF838B10648F0F76AFF0448EEF796
:1098F00091FF002008BD6FF01200FBE78C0304000D
:10990000059903000A2838B5074D044604D1AB6811
:109910000D215B6828469847AB6803485B68E1B255
:109920009847204638BD00BF8C030400EFF3118236
:10993000202383F31288BFF36F8F0A4BD3F80011F3
:1099400061B10021D3F80805C3F80011D3F8003144
:10995000C0B282F31188BFF36F8F70476FF00A00B7
:10996000F7E700BF00D00040F0B503468478C67822
:10997000EFF3118E202080F31288BFF36F8F1D78D4
:1099800093F801C0641B3440A24288BFA2B2AF1852
:10999000374028461F708EF31188BFF36F8F8F18E2
:1099A0008F4218D165450CD1EFF31181202080F34F
:1099B0001288BFF36F8F1878587081F31188BFF346
:1099C0006F8F1B79A41AA34228BF074B90B224BF04
:1099D00001221A60F0BD03EB000E01309EF805E095
:1099E00001F801EB3040DBE700D00040DB432DE91C
:1099F000F04713F001050F46144604D02448FFF742
:109A0000B3FFBDE8F087B2B3EFF31186202383F3F1
:109A10001288BFF36F8F0D20F0F746FC80460D20B3
:109A2000F0F72EFC86F31188BFF36F8FDFF864A088
:109A3000194ECAF80051DAF800314FF400590123E9
:109A4000CAF800302546C6F88091DAF80031A3B193
:109A5000FFF76CFF031EA4BF05F1FF35ADB2C6F8DA
:109A60008091A8BF7B55002DEFD1B8F1000F02D037
:109A70000D20F0F7F7FB2046C3E7EFF3118020231A
:109A800083F31288BFF36F8F03F015FDDDE700BF8E
:109A90008031002000D0004000E100E070B50D46AC
:109AA00014460CB9204670BD4FF0FF334FF0FF3223
:109AB0000C4801F0CBFD224629460B48FFF754FF26
:109AC0000646084801F08EFD3EB94FF0FF324FF0D8
:109AD000FF33064801F0BAFDE6E7A41BA4B2354403
:109AE000DFE700BF60310020953100207031002099
:109AF00038B501221146174806F0A0F8154D01228D
:109B0000002105F1100006F099F840F207432B8779
:109B10004FF070632B620C2385F8243000240E4B29
:109B200085F83540EC86D3F8042542F00102C3F8ED
:109B300004250121C3F80041D3F80021C3F8041320
:109B4000224619600D20F0F7BDFB0D20F0F78AFBCF
:109B5000204638BD6031002000D0004010B5FFF72E
:109B6000E5FE002820DB174B93F8222093F82140D4
:109B700093F82310141B31EA0404C0B20DD193F8FA
:109B8000372093F8364093F83810141B31EA040458
:109B90000BD10D4B01225A600EE09C18013211408E
:109BA00084F8250083F8221010BD9C180132114062
:109BB00084F83A0083F837100448BDE8104001F0FB
:109BC00011BD00BF6031002000D000407031002086
:109BD0002DE9F043476840F20636D0063B7C87B05B
:109BE00002EA060654BFC2F3401C4FF0030C01F01A
:109BF0001F05B6F5837F144645EA43158DF803C06B
:109C000044D00DD8062E16D005D8A6B1022E3FD0CE
:109C10006FF0150037E0B6F5807FF9D101260AE034
:109C200040F20222964235D0B6F5407F34D0B6F5E8
:109C3000007FEDD10226220330D57A6801238B40C4
:109C4000C2F80835B868A0BB05F01F036D092DD018
:109C5000012D77D13E4A02EB8302C4F30043D2F8D0
:109C6000001783F00103C4F3404444EA430421F4A1
:109C7000E16144EA8C0421F0070144EA06230B4326
:109C8000C2F80037002007B0BDE8F0830726D2E70E
:109C90000426D0E70526CEE70326CCE7630341BFC1
:109CA00001237A688B40C2F80C35CBE74FF0A04215
:109CB000D1E70DF10202294605F094FC14F4403F6F
:109CC00080460CD1B868294605F0C1FCB8F1000FF8
:109CD000D8D19DF80210B86801F060F8D2E74FF0D3
:109CE000000901ABCDE90199CDE90439CDF80C901B
:109CF000B86803AA294605F04AFB4845C2DB14F4BC
:109D0000003314D0C4F300449DF803308DF80E30B6
:109D100084F001048DF80C608DF80D40B8684B4656
:109D200003AA294605F0E6FB0028CFDAAAE7CDE929
:109D300004330DF103030393B86803AA294605F021
:109D400026FBF1E703F5E07350F82330FFDE00BF98
:109D500000030050420970B5034602D0012A17D013
:109D600070BD0D4E326951680029F9D003F01F0310
:109D700001250C689D400029F2D08A682A4002D053
:109D80004B68304698472CB1236821461C46F2E7C1
:109D9000024EE7E72346F8E770030400540304008B
:109DA00038B54568A86890B105F04BFC014670B91C
:109DB000A86805F02AFC044658B902460649A86876
:109DC00005F00DFC224605210620F0F77BFA002065
:109DD00038BD6FF00400FBE7559D0300F0B5456802
:109DE0001646A8682A7C01F01F0487B044EA421492
:109DF000002869D0B6F5001F04D1214605F07AFC91
:109E0000002052E001AA0020B6F5800F01905060BA
:109E100037D1B3F1007F14BF052304238DF804303C
:109E20000023CDE904230393EB6823FA01F111F039
:109E300001010DF103073AD1B6F1A07F37D104F04B
:109E40001F03620903F5E07326D0012A3FD1214A9E
:109E500052F82330DB072AD4A8683A46214605F099
:109E6000C1FB16301BD00297A86803AA214605F053
:109E70008EFA002819DBA8680122214605F0E9FBCB
:109E8000BEE7B3F1C06F05D0B3F1007F14BF01236B
:109E90000223C3E70323C1E74FF0A042D8E7A86835
:109EA000394600F081FF0028DDDA07B0F0BDA86870
:109EB0003A46214605F096FB0028D5D19DF80310BF
:109EC000A86800F06BFFCFE76FF08500EDE751F871
:109ED0002330FFDE00030050036803F01F025B091C
:109EE000026004D0012B034818BF002070474FF0D8
:109EF000A0407047000300502DE9F04F00EB8109AE
:109F0000664985B01546834640F2FF1AD94503D10C
:109F1000002005B0BDE8F08FDBF80020C2F3C728B1
:109F200018F00808C2F3C320C2F3080440F0B08060
:109F30005B4B120E1F5C544508BF4FF0FF34222AC2
:109F400000F2A980DFE802F012222633292F33A77E
:109F5000A7A7A73640A7A7A7A7A7A7A7A7A7434E26
:109F60005154575A5D6064676A6D7000C5F80C45BE
:109F7000621C34D003A80394FFF7AEFF039A0126B6
:109F800006FA02F2C0F8082530465EE0C5F814452E
:109F9000002615E0C5F80845EAE7C5F8084500269B
:109FA000631C47D11BE0C5F80C450126F8E7C5F84E
:109FB0001045EDE7C5F80845002FE9D10026062732
:109FC000631C0CD0002040E0C5F80C45F4E7C5F850
:109FD0006045BBF80220601C02F0010227D10BF1A2
:109FE000040B93E7C5F86445F3E7C5F86845F0E767
:109FF000C5F86C45EDE7C5F82045C9E7C5F8244527
:10A00000C6E7C5F81C45C3E7C5F824450126D7E7D0
:10A01000C5F82845ACE7C5F83045F7E7C5F834453D
:10A02000F4E7C5F83845F1E7C5F83C45A0E7002A54
:10A03000A0D1012603A80394FFF74EFF039A84469C
:10A04000012000FA02F2CCF80C25DBF80020019286
:10A0500002F4004CBCF1000F08BF804603A818BFF3
:10A0600001260394FFF738FF039C019A00EB84005C
:10A07000C2F3412CD0F800473A0242EA8C0242EA8D
:10A0800008020C40224342EA4602C0F80027A6E735
:10A090006FF015003DE76FF085003AE7F0F8FCFF40
:10A0A00006140400014B01221A60704700C00040F2
:10A0B0000C2903690BD15B6A064907484B4393FBA4
:10A0C000F0F100FB113311605360002070476FF016
:10A0D0008500704790D0030040420F00044B006998
:10A0E0000022C3F80021D3F8003101F07BBA00BF91
:10A0F00000C000407FB50569AB6A63B321F0400141
:10A100000C292BD105F110064FF0FF324FF0FF3331
:10A11000304601F073F9134B0193A86A032300241E
:10A1200069460394029302F0CFFE4FF0FF324FF0E6
:10A13000FF33284601F08AFAA86A02F010FF0A4BA2
:10A14000D3F808256A6201225A60304601F0C8F946
:10A15000204604B070BD6FF00A00FAE76FF085008A
:10A16000F7E700BFA5A0030000C0004010B50469D8
:10A170000020FFF7FDFAA0624FF0FF3200212046D9
:10A1800005F05CFD04F1100005F08EFC00220121B9
:10A190000C20F0F797F80C20F0F764F8024B01223E
:10A1A000C3F80423002010BD00C00040036803F082
:10A1B0001F025B09026004D0012B034818BF002076
:10A1C00070474FF0A04070470003005010B5EFF308
:10A1D0001184202383F31288BFF36F8F0029C36992
:10A1E0000CDDC1F5B60202F5B6629A420BDB1944EA
:10A1F000C16184F31188BFF36F8F10BDF7D0044A9B
:10A20000521A9A42F3DD012380F82030F1E700BFB3
:10A2100050FAA4FF10B52F290369406820D1EFF34D
:10A220001181202484F31288BFF36F8F9B6981F31F
:10A230001188BFF36F8F4FF4B4714B43816A93FB66
:10A24000F1F11160846A04FB113313B953600020EB
:10A2500010BD05494B435360816A93FBF1F3F5E769
:10A260006FF08500F4E700BF40420F0013B5436A6A
:10A270005A1C044619D0019301A8C1B1FFF796FFFB
:10A28000019A01239340C0F80C35636A019301A839
:10A29000FFF78CFF019B00EB8300094BD0F80027F0
:10A2A000134043F00303C0F8003702B010BDFFF7BE
:10A2B0007DFF019A01239340C0F80835E5E700BF10
:10A2C000F0F8FCFFF7B545680669EB690446984766
:10A2D0002946134A2346304605F0A4FA0546E0B95C
:10A2E00001466068FFF7C2FF636827691E6A01AA1A
:10A2F000304604F048FC002805DB019B32681979E0
:10A300001868FFF7F9FD60680121FFF7AFFF3846D5
:10A3100005F09AFA284603B0F0BD6FF07705F9E72B
:10A32000E5EB03002DE9F041044647680D4605F0D2
:10A3300073FD88B14FF02008EFF31186314688F3A2
:10A340001288BFF36F8F606804F053FD50BB86F333
:10A350001188BFF36F8FEFE71F4B1B78002BE9D0FD
:10A360004FF020086426606804F043FD70B90120B6
:10A3700004F06FFE013EF6D10021212005F0EAFD38
:10A38000F0E786F31188BFF36F8FF5E7EFF31186DF
:10A39000314688F31288BFF36F8F606804F029FD9F
:10A3A0000028EED0BB691D706368BA691B68002085
:10A3B000C3F844250122C3F84825C3F82001D3F887
:10A3C0002041C3F85801D3F858019A6081F31188ED
:10A3D000BFF36F8FBDE8F081B932002070B5012363
:10A3E00083400F4ABFF35B8FDC4352E8001F01EA52
:10A3F000040542E80056002EF7D1BFF35B8F4FF4FF
:10A40000803282400748C0F80823BFF35F8FBFF354
:10A410006F8F03EA0100003818BF012070BD00BF34
:10A42000EC3100200010014070B41249D1E9003431
:10A43000D01AC31844F1000422F07F46C1E9003469
:10A44000A6F50013B3F5400F09D20B4B1B681A0A8F
:10A450001B069C19094B42F10005C3E90045EFF3C7
:10A460001181202383F31288BFF36F8F70BC02F039
:10A470001DB800BF300F0020F0310020380F002041
:10A4800011B3BFF35B8F0123104A834052E800CF22
:10A490004CEA030C42E800C10029F7D1BFF35B8FFF
:10A4A0000B4A4FF480338340C2F80433094BBFF3A7
:10A4B0005B8F1B68BFF35B8FC340DB0742BF064B5C
:10A4C0004FF40032C3F80021704700BFEC31002088
:10A4D00000100140E831002000E100E00D4B186859
:10A4E000010A0006BFF35F8F0B4BD3F80435181831
:10A4F00041F10001B3F5801F0AD2084BD3E90023D4
:10A50000904271EB030303D210F1807041F100011E
:10A51000704700BFF031002000100140380F0020CC
:10A520002DE9F04F85B016461F469DF840A0044621
:10A53000FFF754FF0190FFF7D1FFB04271EB070323
:10A540005ED23E4B301A67EB0101984271F1000177
:10A5500009D36FF0150520460199FFF791FF2846B2
:10A5600005B0BDE8F08F364B03EB0413D3E90223AB
:10A570009F4208BF964254D032494FF4803804F1CC
:10A58000500508FA04F8AD00C1F848832046ADB282
:10A5900004F043FD26F07F4B05F1804504F5A873D8
:10A5A00005F58835DC464FF003090293029A2CF03A
:10A5B0007F4341F82230C1F84483D1F80435224A60
:10A5C0006FF00200C01A604420F07F40904228D90A
:10A5D000286868B1D1F804350393A3EB0B0020F091
:10A5E0007F40B0F5000F1CD9204604F016FD039BF8
:10A5F000BAF1000FADD109EB030C09F10109D5E760
:10A60000BAF1000FA5D10123104ABFF35B8FA3401D
:10A6100052E8000F184342E800010029F8D1BFF3C7
:10A620005B8F07490E98230101EB0412C8500F9B62
:10A630005360C2E9026700258DE700BF010080007A
:10A64000200F002000100140FDFF7F00E8310020B6
:10A650007FB51C4C1C4BC4F80833C4F848331B4B63
:10A6600000254FF0FF304FF0FF31C4F80855C3E923
:10A6700002014FF48033C4F80433154B02264FF423
:10A6800000320121C4F804631120C3F880212A4656
:10A69000EFF718FE1120EFF7E5FD0E4A0123A36046
:10A6A000236013600C4B0D4A0093CDE90155002344
:10A6B0002846FFF735FF3046FFF792F8284604B0EA
:10A6C00070BD00BF0010014003000F00200F0020EC
:10A6D00000E100E0EC31002029A40300FFFF7F002F
:10A6E0002DE9F7432E4CD4F8043399070BD5D4F851
:10A6F000043143B12B4A0023C4F80431D4F80431A7
:10A70000136801331360D4F80433DA0343D5BFF37D
:10A710005B8F254B53E8002F22F0010143E8001026
:10A720000028F7D1BFF35B8FD30702D4D4F84031B0
:10A730008BB30025C4F84051D4F84031FFF7CEFE6A
:10A74000EFF31182202383F31288BFF36F8F174B2F
:10A75000D3E90267B042B94120D34FF0FF304FF048
:10A76000FF31C3E90201D3E900981D604FF4803343
:10A77000C4F84833C4F84051D4F8403182F311880A
:10A78000BFF36F8FB9F1000F05D0CDF800803246CE
:10A790003B460020C84703B0BDE8F083A946EDE77B
:10A7A00000100140F0310020E8310020200F00208F
:10A7B00030B5431C124C85B005D08442A8BF044676
:10A7C000012CB8BF0124FFF789FE0E4B0C4DD3E9D5
:10A7D0000013401AB0F5000F10D22218AA4228BF69
:10A7E0002A4652184FF0000007490091CDE90100B8
:10A7F00043F10003FFF794FE05B030BD2A46F0E7B1
:10A80000FFFF7F00300F002029A4030008B5FFF7E9
:10A8100065FE024B1B68C01A08BD00BF300F002048
:10A82000024AD2F80034002BFBD0704700E0014010
:10A8300010B54FF08053D3F83021082A4ED14FF095
:10A8400080420021C2F80C11C2F81011C2F838156C
:10A8500002F54042D3F80414C2F82015D3F80814C6
:10A86000C2F82415D3F80C14C2F82815D3F8101424
:10A87000C2F82C15D3F81414C2F83015D3F81814F4
:10A88000C2F83415D3F81C14C2F84015D3F82014BC
:10A89000C2F84415D3F82414C2F84815D3F8281484
:10A8A000C2F84C15D3F82C14C2F85015D3F8301454
:10A8B000C2F85415D3F83414C2F86015D3F838141C
:10A8C000C2F86415D3F83C14C2F86815D3F84014E4
:10A8D000C2F86C15D3F84434C2F8703504F0A9FB03
:10A8E00018B1374B374AC3F88C2604F0A2FB18B1D5
:10A8F000354BFB22C3F8182504F09BFB58B14FF0F1
:10A9000080424FF08051D2F8E43ED1F8581261F302
:10A910000303C2F8E43E04F08CFB20B12B4B4FF450
:10A920000072C3F840264FF08053D3F83031082B23
:10A9300017D14FF08043D3F80024D20744BF6FF003
:10A940000102C3F800244FF08053D3F83431042BB4
:10A9500081BF4FF01023D3F808224FF08043C3F893
:10A9600058254FF01023D3F80022002A03DBD3F838
:10A970000432002B22DA164901234FF01020C1F8CF
:10A9800004351224FFF74CFFC0F80042FFF748FFE0
:10A99000C0F80442FFF744FF0023C1F80435FFF775
:10A9A0003FFFBFF34F8F0B490B4BCA6802F4E062C5
:10A9B0001343CB60BFF34F8F00BFFDE710BD00BF57
:10A9C000005000404881030000F000400090024029
:10A9D00000E0014000ED00E00400FA05014B1860C2
:10A9E000704700BFF431002010B5054B18681446BD
:10A9F00004F031FB0028A4BF2070002010BD00BF70
:10AA0000F4310020024A01238340C2F80435704724
:10AA100000F00140014B00201B681847F83100206E
:10AA2000014B1B68184700BFF831002010B50C4CD3
:10AA3000237993B9012323710A4B2060002818BFA2
:10AA4000184600F04BF850B923680748002BBDE8C2
:10AA5000104008BF184600F091B86FF0770010BDA5
:10AA6000F831002015AA030021AA030008B5064BFF
:10AA70001B682BB10020EFF717FC08B9EFF7F2FBCA
:10AA8000024B01221A7008BDF8310020B7320020B5
:10AA900038B54FF080440123C4F8083363600023C5
:10AAA000C4F80031D4F8003142F21075D4F80C2407
:10AAB000D4F80C34D20307D5DB0705D5012004F008
:10AAC000C8FA013DF2D138BD04F02BFB0028FAD0C2
:10AAD000014B00225A71F6E70032002010B50849F8
:10AAE0000C794CB9012308600B7104F01AFB08B90A
:10AAF000002010BD4C71FBE76FF07700F9E700BF55
:10AB0000003200204FF080430022C3F80021D3F828
:10AB10000021094901221A60096811B1C3F8042310
:10AB20007047D3F80021002AFBD00022C3F800218F
:10AB3000D3F80031704700BF0032002010B54FF04D
:10AB40008043D3F80423D20715D5D3F8002192B15E
:10AB50000022C3F800210121D3F80021C3F8081313
:10AB600004F0DFFA044B10B15A7922B95971BDE8EB
:10AB700010401B68184710BD00320020074A1379A7
:10AB800043B90121106011714FF080421846C2F89C
:10AB9000183570476FF07700704700BF083200200B
:10ABA00010B54FF080431D4CD3F81814D3F8182477
:10ABB00011F4803F1AD002F00302012A01D092B9A9
:10ABC00000224FF08043C3F818250022C3F8042167
:10ABD000D3F8042101229A6022688AB9D3F80421AB
:10ABE000002AFBD014E004F0ADFAE9E7D3F814240E
:10ABF000D107E5D5D3F81C249207F4D422681AB102
:10AC00000222C3F8042310BDD3F80421002AFBD08C
:10AC10000022C3F80421D3F80431F4E708320020FD
:10AC2000F8B54FF08043194FD3F80443012504F0E1
:10AC30001A04002604B9F8BDB4FA84F0C0F11F006C
:10AC4000830003F580739BB203F1804305FA00F2A1
:10AC5000196892B224EA02040029EBD01E601B6836
:10AC60004FF08043022AC3F808230BD1D3F81814FD
:10AC7000D3F81814890705D1C3F81855C3F804236D
:10AC80009D60D7E73B68C0B29847D3E70832002001
:10AC9000036803F01F025B09026004D0012B034824
:10ACA00018BF002070474FF0A040704700030050CD
:10ACB000034A430900F01F00D35C1844C0B2704738
:10ACC0000E140400024611F0010030B515D18B07B7
:10ACD000C1F3400022D51249D1F8200550604FF051
:10ACE0008052C1F82005D2F83021082A08BFD1F8D7
:10ACF0002025003818BF012010E04FF0A0444FF08D
:10AD00008055D4F820351360C4F82035D5F830517B
:10AD1000082D08BFD4F82045002BD8D030BD00BF87
:10AD200000030050F7B504460846FFF7C1FF04EBE7
:10AD300040060D46B38ADB072AD5204604F005FB02
:10AD40002946204604F071FA50B1204604F083FAF7
:10AD5000276807EB80000023C0F81035C0F81035D5
:10AD60002946204604F0A0FA0021B18201A80195ED
:10AD7000FFF78EFF019B00EB8300074BD0F8002705
:10AD8000134043F00203C0F80037084603B0F0BD9B
:10AD90006FF01500FAE700BFF0F8FCFF014804F07F
:10ADA00078B900BF4C06002010B504480C4604F0EA
:10ADB00052F90028A4BF2070002010BD4C060020CE
:10ADC0002DE9F04F074689B057F8049BD9F80413D2
:10ADD000C9B28346082241F00041484604F08DFA8A
:10ADE000051E2FDA0023032106A8CDE90633FFF75D
:10ADF00069FF634B01930DF118084FF0000A019AA7
:10AE0000604912F8013B0192DA0803F007038A5CFB
:10AE100022FA03F3DB071CD40AF10103022B08F129
:10AE200004084FF0010AEAD14FF0004100224846E1
:10AE300004F063FA032106A8FFF744FF0028D8D1E5
:10AE400025F000450124002D40F0848009B0BDE8C4
:10AE5000F08F4D4B53440293D8F80060002EDBD0A6
:10AE6000029B96FAA6F61C78B6FA86F646EA4414D1
:10AE70002046FFF71DFF0BEB4000F208818A18F80F
:10AE800002000594C1F382030393009306F00706C2
:10AE9000012303FA06F620EA060008F8020005A8D6
:10AEA000FFF7F6FE059A039B02F5E07211F0100F12
:10AEB00050F82260C6F3014633D0009A3846214646
:10AEC00004F0D3F905A80594FFF7E2FE059B03F50E
:10AED000E073F6B250F82330C3F301439E4207D12A
:10AEE0000021204604F092F93146204604F08EF904
:10AEF00005A80594FFF7CCFE059B012202FA03F397
:10AF0000C0F820354FF08053D3F83031082B01BF03
:10AF1000D0F82035D0F82035D0F82035D0F82035BD
:10AF20009AE7022E14BF022103212046039304F066
:10AF30006DF9039B032B03D0022E07D1012BD7D130
:10AF4000009A2146384604F090F9D1E7032ECFD17C
:10AF5000022BF4E795FAA5F3B3FA83F304FA03F2AC
:10AF600025EA020503F5A2720BEB430359F82220F0
:10AF7000B3F87C10C2F30142384604F076F962E778
:10AF80001E140400C00C04001E14040010B5174C5D
:10AF900023783BBB0278C2F3400392070FD54FF0F2
:10AFA0008053D3F83021082A08D1D3F83431022B4A
:10AFB00002BF4FF080430122C3F8382601234FF02F
:10AFC0008042C2F88035037803F00103C2F8783577
:10AFD0000020EFF769F908B9EFF744F9012323706E
:10AFE000002010BD6FF07700FBE700BFB8320020F3
:10AFF0004FF080434FF46072C3F80823014B0022E6
:10B000001A6070471032002008B5FFF7F1FF03689F
:10B010000BB1014A136008BD1032002010B54FF08B
:10B020008043D3F80443620707D54FF4847004F0DB
:10B0300063FB10B11E4B1B689847A30608D54FF45D
:10B040008A7004F059FB18B11A4B00201B6898470E
:10B05000600608D54FF48C7004F04EFB18B1154B08
:10B0600001201B689847210608D54FF48E7004F024
:10B0700043FB18B1104B00201B689847E20508D528
:10B080004FF4907004F038FB18B10B4B01201B6893
:10B090009847A3050AD54FF4927004F02DFB28B110
:10B0A000054BBDE810401B680220184710BD00BFCB
:10B0B00018320020143200201032002000F01F024D
:10B0C00040090BD001280CD1094B03EB8203094A3C
:10B0D000D3F800170A40C3F8002770474FF0A04389
:10B0E000F3E702F5E072002353F82230FFDE00BFE1
:10B0F00000030050F0F8FCFF38B5EFF31185202372
:10B1000083F31288BFF36F8F064B9C6804F039FC01
:10B1100085F31188BFF36F8F2046BDE83840EFF705
:10B1200079B900BF1C32002038B50A4B53F82040D3
:10B13000013053F82050A54200D838BD606830B1C6
:10B14000037EDB0701D404F0F1FB0834F3E7236846
:10B150009847FAE7C40C040070B52A4B2A4C2B4DD3
:10B1600086B0012203201A70FFF7DEFF01F040FADB
:10B170000420FFF7D9FF2646AE4204F130040FD376
:10B1800000F0BEFE204CAC4226D300F0CDFEEDF721
:10B19000E1FA1F4A938923F00103938106B070BD41
:10B1A00054F80C3C059354F8103C049354F8143CA8
:10B1B000039354F8183C029354F81C3C019354F840
:10B1C000203C009354E90A2354E90C0100F098FC58
:10B1D00054F8303C5E65CEE7D4E90A23B3F1FF3F73
:10B1E00008BFB2F1FF3F05D052EA0301206803D146
:10B1F00004F0C9FE3034C6E70649183001F0C6F83D
:10B20000F8E700BFB9320020D0050400D0050400E3
:10B21000C00F0020E1FE030070B5002386B00122BC
:10B22000CDE90423134E144D01930F22CDE90232D0
:10B230001249142303FB005506EBC01604464FF4D5
:10B24000C07000FB04110E4B00954FF4A072304605
:10B2500000F056FC337C0B4AEE6023F00403337499
:10B260004FF4046304FB033313442C746B6006B087
:10B2700070BD00BF400F00201C320020804D002018
:10B2800083FA0300404500207FB50020FFF74CFF04
:10B29000284B83F30888284C636943F40073636187
:10B2A0000025E02384F82230E57725766576A576BB
:10B2B00084F82050636A43F4E023636284F82350E7
:10B2C000EEF78CFFEFF790F84FF0FF33A362E362E5
:10B2D000EFF7ACF9EFF708F91848194C00F088FCC3
:10B2E0000120FFF721FF0220FFF71EFF00F046FEBE
:10B2F000144B15495C61154B059301234FF4806293
:10B30000CDE90353CDE90155114B0095204600F0DE
:10B31000F7FB237C064623F004032046237404F045
:10B32000BCFD2846FFF778FF094A31462046EFF773
:10B330003DF800BF804D002000ED00E0E01000204F
:10B34000C00F00201C320020004F00207A130400A0
:10B3500059B1030038B5064C064DAC4201D300206C
:10B3600038BDD4E90112204604F00EFB1434F4E792
:10B37000E0060020E006002038B5074C074DAC423F
:10B3800001D3002038BD204604F022FB08B91C344C
:10B39000F5E76FF01500F5E770060020E0060020E5
:10B3A00073B50C46EFF31181202585F31288BFF3A6
:10B3B0006F8FC5685DB125602B68C36083690133F9
:10B3C0008361002081F31188BFF36F8F11E052EA8F
:10B3D000030603D125606FF00B00F3E7CDE90023EE
:10B3E0000246083000F0EAFC18B9034B9B685B6921
:10B3F000236002B070BD00BF1C3200202DE9F34174
:10B40000044617461E46EFF31188202383F3128863
:10B41000BFF36F8F304BC2689B6872B180689842EF
:10B4200017D057EA060216D188F31188BFF36F8F41
:10B430006FF00F0002B0BDE8F08193F90E102161AA
:10B440000132C4E9023288F31188BFF36F8F002004
:10B45000F0E72169F3E793F90E1090F90E30994265
:10B4600030DA9942A8BF194604F016FB0546CDE92B
:10B4700000761A482246414600F0A0FC0028E6D09B
:10B48000EFF31186202383F31288BFF36F8FA06838
:10B49000D0B1236821699C420AD04BB193F90E3098
:10B4A0009942A8BF19466FF07F039942B8BF194669
:10B4B00004F0F2FA40B10948314604F021FD6FF082
:10B4C0000A00B7E70025D2E7002DF4D186F31188F2
:10B4D000BFF36F8FF3E700BF1C320020BA320020A9
:10B4E000F8B583680546002B3FD0234A9268934203
:10B4F0003ED1C368012B03D9013BC3600020F8BDD6
:10B50000EFF31187202383F31288BFF36F8F016954
:10B51000806804F0C1FA2C68A54207D10023C5E970
:10B52000023387F31188BFF36F8FE7E7002CF5D064
:10B53000D4E9003213605A60237C002623F0020312
:10B540002374C4E90066A66004F1180004F074FDD9
:10B55000AC6094F90E302B612046A66704F09DFC88
:10B560000648394604F0CCFCC8E76FF01500C6E782
:10B570004FF0FF30C3E700BF1C320020BA3200207A
:10B5800037B51146EFF31185202282F31288BFF3FD
:10B590006F8F04689CB12368426823F003039442D0
:10B5A000036008BF43600121204604F0F8FA044616
:10B5B00085F31188BFF36F8F204603B030BD51EA89
:10B5C0000302F5D000F10802CDE900131046294628
:10B5D00000F0F4FB0028EFD1014B9B685C69EBE7BE
:10B5E0001C32002070B5EFF31186202383F31288FC
:10B5F000BFF36F8F0468A0421AD0CCB1D4E90032F7
:10B6000013605A60237C002523F002032374C4E9ED
:10B610000055A56004F1180004F00EFD2046A56752
:10B6200004F03BFC31460848BDE8704004F068BCBB
:10B63000D0E902329A4218BF0133836086F3118841
:10B64000BFF36F8F70BD00BFBA32002013B5EFF3A8
:10B650001181202484F31288BFF36F8F846844B172
:10B66000013C846081F31188BFF36F8F002002B02A
:10B6700010BD52EA030406D181F31188BFF36F8F26
:10B680006FF00F00F3E7CDE900230246014800F018
:10B6900095FBECE7BA32002070B50546EFF3118652
:10B6A000202383F31288BFF36F8F00232C68A542F9
:10B6B00018D0BCB1D4E9003213605A60227C002358
:10B6C00022F00202C4E900332274A36004F11800DE
:10B6D00004F0B2FC6FF00A03A367204604F0DDFB20
:10B6E0000123E3E70022AA6023B986F31188BFF3A0
:10B6F0006F8F70BD31460248BDE8704004F000BC59
:10B70000BA32002007B5074B0093074907484FF0AE
:10B71000FF334FF4806200F04FF9002003B05DF872
:10B7200004FB00BFDC0C040040530020401000204C
:10B730002DE9FF41544E04462027EFF3118887F38B
:10B740001288BFF36F8FD4F88450F5B9022104F149
:10B750009C0004F07FFA002870D004F194050022C8
:10B760000121284604F02FFC0028F8D10023029381
:10B770004FF0FF324FF0FF33CDE90023414604F193
:10B780008C02424800F042FDD7E7D4F888202B68AD
:10B79000C4F88430954208BFC4F88830D4F89C308F
:10B7A00043F00203C4F89C30EB6823F0040343F039
:10B7B0000103EB606B6888F31188BFF36F8F284635
:10B7C0009847EFF3118887F31288BFF36F8FEB6808
:10B7D000D80623F001023ED4EA60EB689A0717D539
:10B7E000306823F00203EB6090B10368002178B168
:10B7F000426895423DD10368002934D172683360B4
:10B80000904200D17360002340F8083BFFF7EAFE46
:10B81000D4F89C3023F00203C4F89C30DB0530D40C
:10B82000D4F88430003B18BF012388F31188BFF39C
:10B830006F8F002B81D000F0A9FB7EE7D4F89C30FD
:10B84000D90693D5C4F89C0088F31188BFF36F8F95
:10B8500004B0BDE8F08123F01103EB6005F11000A6
:10B86000FFF7C0FEB9E70B607368984208BF7160CC
:10B87000C9E701461BB11A6818461346B7E71A46CE
:10B88000FAE70023D1E700BF3C320020BA320020A3
:10B89000F8B5C3689A0704460E46C3F3400542D480
:10B8A0005F0742D40B680BB983680B60E368D80765
:10B8B00044BFA368336037684CBF0225012557B3E6
:10B8C0001B4B9A68D7F880309A421ED104F0A4FA34
:10B8D00080F00100C0B2D7F89C30D907C3F38002D2
:10B8E0001CD5F2B1F8B100232360D7F8883073B9C2
:10B8F000C7E92144384604F0C8F9E36843F004037B
:10B90000E3603368A3602846F8BD0020E3E71C60CD
:10B91000C7F88840EEE76FF0150506E06FF01205F6
:10B9200003E01B07DFD56FF00F0500233360EAE764
:10B930001C320020F8B5C36803F00503002B06464F
:10B940000C4614BF012700271CD085680122002166
:10B9500004F1100004F072F91349204604F0F6F9DE
:10B96000E36843F01003E360F3685B0712D53368C4
:10B9700023606BB9D5F8883033B9C5E9214428462E
:10B9800004F083F93846F8BD1C60C5F88840F6E736
:10B990003460F4E7D5F884302360D5F88830C5F8F2
:10B9A0008440002BEBD1F0E76BFC0300014601481B
:10B9B00004F0E8B940100020F0B589B0044600203A
:10B9C000C4E921000E9D04F18C00C4E9230004F1B8
:10B9D0009400C4E9250055B32879002840F20110ED
:10B9E00008BF0120C4F89C0000204FF0FF364FF044
:10B9F000FF37CDE90330CDE90100CDE906670D4BF6
:10BA00000094204600F0C8F855B1296811B12046CD
:10BA100004F008FA6B791BB1A38943F00103A381F9
:10BA2000204604F0B0FAC4F8804009B0F0BD01200F
:10BA3000D8E700BF31B7030037B501900846EFF3F0
:10BA40001184202181F31288BFF36F8FC16811F038
:10BA50001E0F16D153EA020508D101A9FFF718FFFE
:10BA600084F31188BFF36F8F03B030BD41F008013C
:10BA7000C160019981620449103000F087FC012007
:10BA8000EEE70020ECE700BFFFFC030001460148A1
:10BA9000FFF7D2BF40100020F7B50C4601901646C4
:10BAA0001D46EFF31187202383F31288BFF36F8FB6
:10BAB000084604F0DBF855EA060309D101A920463F
:10BAC000FFF7E6FE87F31188BFF36F8F03B0F0BD79
:10BAD000E368074943F00803E360019BA362324631
:10BAE0002B4604F1100000F051FC0120EAE700BFF2
:10BAF000FFFC030001460148FFF7CEBF40100020C5
:10BB00002DE9F043073285B022F007020E461F46AA
:10BB10001099818100F158037F32C0E91633044641
:10BB2000002322F03F020421836001743F2A0F9812
:10BB3000A073C4E90633E37306F14009A2F140089B
:10BB400005D883F31188BFF36F8F084602DFB5185D
:10BB500029462046EEF72EF907300E9B20F007000D
:10BB6000A066C4E9189802930D9B01932D1A0C9BB3
:10BB700000932A463B4631462046EEF7E5FB00237C
:10BB80006365044B9B6803B1DB6EE366284605B032
:10BB9000BDE8F0831C320020F0B587B00025059584
:10BBA000109D04950F9D03950E9D0295DDE912767B
:10BBB0000D9D01950C9D00950446FFF7A1FFB6F180
:10BBC000FF3F08BFB7F1FF3F05D056EA070305D195
:10BBD000204604F0D8F9204607B0F0BD3A46334677
:10BBE00004F11800014900F0D1FBF4E7E1FE030085
:10BBF0000123037483810023C0E91833C366014B1A
:10BC0000986070471C320020094A93686FF00A015F
:10BC10009967084958674B6843F080534B6000238D
:10BC200083F31188BFF36F8F9368986F704700BFDD
:10BC30001C32002000ED00E070B590F91020037C6C
:10BC4000002A2FDBD9062DD11A4C63F07F03224640
:10BC5000037452F8183FE169934207D1C0E900210B
:10BC60000860E0610FE09942F8D01B68002BF5D026
:10BC700093F90E6090F90E50AE42F4DD5968C0E9B8
:10BC8000003108605860A569954200D005B9E568A3
:10BC9000A3681A7CD20606D1DA897F2A03D9AA6959
:10BCA0000AB9636170BDAB4202D0284600F0F0FAD9
:10BCB0006561F7E71C32002038B590F91020037C4D
:10BCC000002A014604DA03F07F03037404F0ADF8A0
:10BCD0000D4D2A46AB6852F8184F944200D004B973
:10BCE000EC688B4207D01A7CD20604D1DA897F2A0D
:10BCF00001D9A2692AB1A34202D0204600F0C8FAB5
:10BD000023466B6138BD00BF1C320020B3F1FF3FFA
:10BD100008BFB2F1FF3F03D00249183000F036BB34
:10BD2000704700BFE1FE0300034648B9EFF3058208
:10BD300032B9064A51699268914201D0FFF764BF57
:10BD400083F31188BFF36F8F704700BF1C32002050
:10BD500038B5184CA168E0690B68814214BF1A46D7
:10BD6000002249680B605960A368E1692AB9124A48
:10BD7000C3E900210B60E3610AE092F90E5093F9E8
:10BD80000E00854212DD5168C3E900210B6053604B
:10BD9000A569094B9D4200D005B9E568A3689D429D
:10BDA00002D0284600F074FA656138BD8A42DED0C0
:10BDB0001268DBE71C32002034320020F8B50E4B4D
:10BDC0000C4611460D4A98681060DDE90667EFF3EE
:10BDD0001182202282F31288BFF36F8F9D6828465C
:10BDE00004F035F8284632463B46FFF78FFF2046E1
:10BDF000BDE8F840FFF708BF1C32002044320020A5
:10BE0000F8B50446EFF31187202383F31288BFF3BC
:10BE10006F8F037C03F01F02002A0CBF012600264F
:10BE200049B235D103F07F03037403F0FEFF294DBF
:10BE3000037C817363F07F032A46037452F8183F32
:10BE4000E869934207D1C4E900200460EC610DE089
:10BE50009842F8D01B68002BF5D093F90EC08C45A2
:10BE6000F6DD5968C4E900310C605C60AC6994424D
:10BE700000D004B9EC68AB689C4202D0204600F0C8
:10BE800007FA6C6187F31188BFF36F8F3046F8BDF6
:10BE90009B071CD5856803F0C8FF81732B689D4202
:10BEA00009D16B68C4E900531C606C60EAE76A68FA
:10BEB0009A42F6D01B68002BF3D093F90E208A42E9
:10BEC000F5DD5A68C4E9003214605C60DAE781731A
:10BED000D8E700BF1C320020034648B9EFF30582C3
:10BEE00032B9064A51699268914201D0FFF78CBE7F
:10BEF00083F31188BFF36F8F704700BF1C3200209F
:10BF0000EFF31181202383F31288BFF36F8F054B6A
:10BF10009A68D37B013BD37381F31188BFF36F8F92
:10BF2000704700BF1C32002070B5EFF3118620234C
:10BF300083F31288BFF36F8F0F4DAB68DA7B01324A
:10BF4000DA732A4652F8184F944200D004B9EC68CC
:10BF50001A7CD20604D1DA897F2A01D9A2692AB1D2
:10BF60009C4202D0204600F093F923466B61304694
:10BF7000BDE87040FFF7D8BE1C320020024B03F131
:10BF80001802C3E9062270471C32002070B5EFF397
:10BF90001186202383F31288BFF36F8F1A4CA16898
:10BFA000E0690B68814214BF1A46002249680B60A1
:10BFB0005960A368E1692AB9144AC3E900210B60FA
:10BFC000E3610AE092F90E5093F90E00854216DD06
:10BFD0005168C3E900210B605360A5690B4B9D427A
:10BFE00000D005B9E568A3689D4202D0284600F05C
:10BFF0004FF965613046BDE87040FFF705BE8A42E3
:10C00000DAD01268D7E700BF1C320020343200209B
:10C01000F8B550EA010306460C4603D1FFF7B6FF18
:10C020000020F8BDEFF31187202383F31288BFF3BC
:10C030006F8F124D124BA8681860FFF73DFEA8687D
:10C04000104923463246183000F0A0F9AA68137C44
:10C0500043F00403137404463846FFF7D5FDAB687C
:10C06000D3E90A23B3F1004F08BF002AD8D104F066
:10C0700018F8201A20EAE070D3E700BF1C32002035
:10C0800044320020E1FE03000C490D4A08B58C46FD
:10C090004FF4004E0021C0FB0EC100236046EBF7B9
:10C0A0002FF8C117FFF7B4FF054947F6FF730022C9
:10C0B000E0FB0132DB0B43EA424008BD3F420F0088
:10C0C00040420F00014B9868704700BF1C320020AF
:10C0D0002DE9F84304468789EFF31186202383F383
:10C0E0001288BFF36F8F037C190705D586F311887B
:10C0F000BFF36F8FBDE8F883D90943F008026FD111
:10C100000274A36813B1204603F097FE04F11800EF
:10C1100003F092FFA56D04F15808A84511D04FF027
:10C12000000975B1284603F088FE05F1180003F0F8
:10C1300083FFC5F878902846FFF77EFDA56DA845DA
:10C14000EFD1DFF8BC80D8F808309C4250D1EFF333
:10C150000589B9F1000918BF4FF00109D8F8185046
:10C16000284A954200D00DB9D8F80C50AB4202D005
:10C17000284600F08DF82046C8F8145001F084F9E4
:10C18000B9F1000F02D02048FFF732FDD8F808308F
:10C190009C4230D1EFF305836BBBA289D20711D546
:10C1A00086F31188BFF36F8F83F31188BFF36F8F0E
:10C1B0000423184602DFEFF31186202383F312884D
:10C1C000BFF36F8F3046FFF71FFDFB0792D50023AB
:10C1D00083F31188BFF36F8F0423184602DF89E7CA
:10C1E00003F07F0343F00803037403F01EFE88E7A7
:10C1F0004FF00009B2E786F31188BFF36F8FE4E7D1
:10C200001C32002034320020E0100020D3B5DDE9DC
:10C210000667089CCDE90067FFF7D0FD1CB1034B12
:10C220009B685B69236002B0D0BD00BF1C32002058
:10C23000027C12F01F02034610D10A4988420DD039
:10C240000949086868B1D9897F2909D893F90E206E
:10C25000064B1B689A42B8BF002070470020704709
:10C2600010467047400F0020500600204832002042
:10C27000044BC01A044BC0105843044B01221A54FB
:10C28000704700BF60110020ABAAAAAABA320020F2
:10C2900070B50C4B0C4D1E7CFFF7CAFF182303FB37
:10C2A00006550446284603F0C7FE084B00229A555F
:10C2B0003CB1621E28460649BDE87040D31700F025
:10C2C00065B870BD1C32002060110020BA32002019
:10C2D00071C2030038B5EFF31185202383F3128870
:10C2E000BFF36F8F0F4B104A9C681068A04206D1B5
:10C2F000FFF7CEFF85F31188BFF36F8F38BD0021A4
:10C300001B7C1160094AD35C002BF3D02046FFF759
:10C310008FFF0028EED0237CDB0601D1FFF718FD4C
:10C320002046E5E71C32002044320020BA320020CB
:10C33000024B1868984208BF00207047540600203E
:10C34000034B1B680BB9FEF761BA0020704700BFB2
:10C350004C32002030B570B10B4B5B6898420AD06C
:10C36000036843B1D3E90421D0E90445121941EB34
:10C370000501C3E90421D0E9003213605A600023AB
:10C38000C0E9003330BD00BF54060020B3F1FF3FC9
:10C3900008BFB2F1FF3F2DE9F84F04469946154614
:10C3A0001F467AD08160EFF31188202383F312882F
:10C3B000BFF36F8FB9F1000FDFF8E4A020DBFFF7C8
:10C3C000BFFFDAE90027013549F100092D1849EBD3
:10C3D000E073C4E90453AD18064643EB07074FF07A
:10C3E0000109FFF7A5FFDFF8BCE0DEF804A0034673
:10C3F000EBB9C4E900EACAF80040CEF8044028E0EE
:10C40000DAE900126FF001035B1A4FF0FF3161EBC4
:10C4100002025B1B62EB0902012B72F10001BCBF3F
:10C4200001230022C0E904324FF00009D9E7D3E923
:10C43000041CD4E904208A4270EB0C0B24DA891A1C
:10C440005A686CEB0000C3E90410C4E900321460C0
:10C450005C60FFF76DFF84420ED1134B1B685BB924
:10C46000B9F1000F02D1FFF76BFF0646304603F02B
:10C47000CCFD0021FEF79CF988F31188BFF36F8F84
:10C4800028463946BDE8F88F521A60EB0C00534538
:10C49000C4E90420ADD01B68AAE700252F46EFE7CA
:10C4A00078110020540600204C3200202DE9F0477E
:10C4B000DFF8A890DFF8A880C9F800000246FFF76F
:10C4C00037FF0D4600260027D8E900134FEAE27E29
:10C4D00050B1D0E9044CA2427EEB0C0A1BDAA41A3C
:10C4E0006CEB0E06C0E9044652184FF0000443EB13
:10C4F0000E032046C8E90023C9F8004003F085FD7B
:10C500002146FEF755F985F31188BFF36F8FBDE81B
:10C51000F047FFF7DFBE611843EBE473C0E904673F
:10C52000C8E90013FFF716FF01224FF00043C0E9EE
:10C53000042385F31188BFF36F8F83689847EFF367
:10C540001185202383F31288BFF36F8FD9F8002061
:10C55000121BC9F80020FFF7EBFEB5E74C320020B4
:10C560007811002010B5EFF31184202383F3128893
:10C57000BFF36F8FFFF7E4FE054A0346D2E90001DF
:10C58000181841EBE37184F31188BFF36F8F10BD6E
:10C5900078110020F8B507460C46164603F03CFC1F
:10C5A00008B10020F8BD0D4B9B68DD6E002DF8D062
:10C5B000221DF6D2EFF31184202383F31288BFF3F8
:10C5C0006F8F47F004012846B04784F31188BFF30A
:10C5D0006F8F0028E5D040F8045BE3E71C320020B1
:10C5E0000146024A0020FFF7D5BF00BF0FCD030070
:10C5F000014800F0D2BB00BF881304002DE9F04FC2
:10C600008BB04368009383789C078046924640F144
:10C61000F98000250878002800F0F68025280AD047
:10C620004B1C019301354146009B98470028C0F2FE
:10C63000E3800199EEE74E788B1C252E0193F1D013
:10C640000027B9463C460A221F2C22D8A6F1200317
:10C65000102B20D8DFE803F0141F1F1A1F1F1F0B19
:10C660001F1F1F121F171F1F090044F00104019B09
:10C6700013F8016B0193002EE6D13AE044F0020476
:10C6800044F00404F3E744F00804F0E744F0100435
:10C69000EDE77F2C24D8A6F13003092B08D86006DB
:10C6A0004EBF02FB073702FB093944F02004DEE7E6
:10C6B0002A2E0DD161065AF8043B53D4002BA7BF94
:10C6C00044F020049946C3F1000944F02804CEE761
:10C6D0002E2E05D1630600F1978044F04004C6E792
:10C6E0006C2E2ED028D8682E32D06A2E37D04C2E01
:10C6F00035D0002F46F02003B8BF24F04004A3F14A
:10C700006502BCBFA4B20027022A01D9612B2BD13C
:10C710000AF1070A2AF0070A9C4E0AF1080A0727BD
:10C72000210760D506EB070B34465C455DD1AE1B97
:10C73000A219A9EB070959E1742E98D07A2E96D048
:10C74000D7E7260648BF44F4007444F080048EE71F
:10C75000E00548BF44F4007444F4807487E744F46F
:10C76000207484E71F4682E7A6F16302122A00F2D2
:10C77000D880DFE812F013004D00D600D600D600B6
:10C78000D6004D00D600D600D600D600D600E80070
:10C79000D100D600D6001A00D600A0005AF8043BFB
:10C7A0008DF81030012704AEBAE75AF8046B784BC5
:10C7B000002E08BF1E4614F0400F14BF39464FF03C
:10C7C000FF31304603F0FDFC0746A9E7009B4146D8
:10C7D0002020984700280FDB013CA742F6D34D44A8
:10C7E0002D1BA1469EE74C46F7E714F8010B009B72
:10C7F00041469847002898DA98F8023043F004033D
:10C8000088F802304FF0FF3528460BB0BDE8F08FB6
:10C81000220630D5A3052AD50AF1070A2AF0070314
:10C820009A4659685AF8080B24F0100B00291FFA91
:10C830008BFB2FDA404261EB41014BF4806B04AC7F
:10C840000A23224603F0C9FC1BF0400FA0EB0402B0
:10C8500000F08E802BF001049742A4B240F38F8049
:10C86000002E40F08E802BF01104A4B21DE05AF887
:10C87000040BC117D8E7E0055AF8041B01D4084699
:10C88000F7E7A2054BBF48B208B241F3C01141F32C
:10C89000C031C9E750EA0103D1D16306CFD5002FDB
:10C8A000CDD124F01104A4B23A463B4640F20641F1
:10C8B0000C4262D124E024F01004A4B20A2314F044
:10C8C000800243D014F400711FBF0AF1070A2AF056
:10C8D00007029246516814BF5AF8080B5AF8040B25
:10C8E00050EA01023ED124F0160B62061FFA8BFBC0
:10C8F0003CD5002F3AD124F01704A4B23A463B4667
:10C9000021075AD4E10705D5994572DDA9EB030348
:10C910009F184B469B464AE044F0100410237826AB
:10C92000CDE7782B04D1C6F1780343F01003C6E7B6
:10C93000009B4146252098470028FFF65DAF023551
:10C940004146304670E608230026B8E714F48071AB
:10C950005AF8040BC4D014F400711ABFC0B21146C7
:10C9600080B2BDE724F006041FFA84FB04AC68E73C
:10C9700013465C46E10699D52EB90133C0E713464C
:10C98000F8E73B46F6E70233BAE700BFB713040007
:10C99000B0130400CDE902324146009B20209847A5
:10C9A0000028FFF629AFDDE902320BF1010BD94572
:10C9B000F0DCEB1A03EB0B055B46E10627D5CDE96E
:10C9C00002324146009B302098470028FFF614AF02
:10C9D000DDE902327EB901352F44791B8A4229DB19
:10C9E000144604AE9CBB2A44A9EB030915469144A6
:10C9F00042E017468EE7CDE9023202354146304625
:10CA0000009B98470028DDE90232E5DAF4E640F2BF
:10CA100006410C42E0D014F0020F14BF2B2020205E
:10CA200014F4806FCDE9023205F10105414618BFCB
:10CA30002D20E5E7CDE902324146009B30209847A2
:10CA40000028DDE9023205F10105C6DAD4E6013C31
:10CA5000CDE90232305D009B414698470028DDE970
:10CA60000232BFDAC8E6009B4146202098470028E2
:10CA700005F10105FFF6C0AEA9EB0503002BF2DCC2
:10CA8000D7E500BF704700EBC10040884008704701
:10CA9000F8B50346FFF7F7FFB0FA80F0C0F11F00CA
:10CAA00003EB800CCA00DCF81060171D0C46063240
:10CAB0008DB256B9012101FA00F0D9680143D9605D
:10CAC000CCF81040DD539D52F8BDF1000431585AA6
:10CAD000D85303EBC0009E52C5805D52F4E710B5F9
:10CAE00000EBC104E388994202F104010AD1012359
:10CAF00003FA02F2C36823EA0203C360002340F88A
:10CB0000213010BDA28840F8213000EBC20100EBBB
:10CB1000C300CB808280F4E708B50346FFF7B3FF7C
:10CB2000B0FA80F2C2F11F021846BDE80840FFF7D4
:10CB3000D6BF2DE9F843B1FA81F3C3F11F0200EB30
:10CB400082090646D9F810700D4687B9C3F1200353
:10CB50004FF0FF349C40F3681C4014D094FAA4F2C8
:10CB6000B2FA82F2131D56F82340214608E03C46F3
:10CB70004FF0030821463046FFF785FFA84205D352
:10CB80003046FFF7ACFF2046BDE8F88306EBC4044F
:10CB9000B8F10108E488C9F81040D7D0A742E9D11C
:10CBA000D4E738B50446FFF76EFF0D46034611463D
:10CBB0002046FFF768FF03449BB204EBC5055A000B
:10CBC0006A802046FFF75FFF014424F8313038BD0A
:10CBD00070B50446FFF757FF0B4604EBC305511A27
:10CBE0009B1A89B203444E009BB204EBC2006E80D4
:10CBF0005D00458024F8321020461146FFF743FFC0
:10CC0000014424F8313070BDF8B5002951D00468D2
:10CC10000D1F2D1BEE0825F007056219538813F030
:10CC2000010306D183F31188BFF36F8F04231846E5
:10CC300002DF31462046FFF726FF304434F830301B
:10CC4000C01A864207D0002383F31188BFF36F8F89
:10CC50000423184602DF538823F001035380314632
:10CC60002046FFF710FF371804EBC7035B88DA078D
:10CC700008D439462046FFF74FFF3A463146204652
:10CC8000FFF78FFF655B751B04EBC5035B88DB0754
:10CC900009D429462046FFF73FFF32462946204661
:10CCA000FFF77FFF2E4631462046BDE8F840FFF7EC
:10CCB000EFBEF8BD70B509B9002070BD056801F080
:10CCC00007030B33CC0804EBD304AB689C4228BFAA
:10CCD0001C4621462846FFF72CFF06460028EBD0CD
:10CCE00001462846FFF7CFFEA04207D93219284651
:10CCF000FFF76EFF11462846FFF7CAFE05EBC60296
:10CD00001046538843F0010353800430D5E71146A1
:10CD1000FFF7D0BF043A2DE9F843CC1D114424F0AD
:10CD2000070421F00706A6EB04084FEAD807B7FA74
:10CD300087F2C2F12405AD004FF000090735C2F1BA
:10CD40002002ED0804604946A760C4F80C909200E8
:10CD500004F1100003F01DFAAAB2530043F00103DE
:10CD600063807B1B9BB204EBC5015800A4F80090C4
:10CD7000488024F83520A6F8029024F8083004EB07
:10CD8000C70329465A8842F001025A802046BDE86E
:10CD9000F843FFF77DBE002070470FB407B504A924
:10CDA00051F8040B0191EBF73BFD03B05DF804EB88
:10CDB00004B070470FB407B504A951F8040B0191F2
:10CDC000EBF72EFD03B05DF804EB04B07047036889
:10CDD00000220BB9184670478B4210D10B6842B93C
:10CDE00042680360914200D1436000230B60012040
:10CDF000704713604368994208BF4260F5E71A46DE
:10CE00001B68E6E7038B13F0070306D10368002BCA
:10CE100018BF032008BF00207047022B05D1408BAC
:10CE2000B0FA80F0400980007047012B04D10368FC
:10CE3000002B18BF0520EDE70020704710B50C4609
:10CE400000B111B96FF0150010BD081D00F0C6F853
:10CE50000028F9D1A368032BF6D9F3E72DE9F041B7
:10CE60000D4607461946281D90461E4600F0C7F895
:10CE7000044638B13346424629463846A446BDE802
:10CE8000F0416047BDE8F08110B4EFF31182202437
:10CE900084F31288BFF36F8F416110BC0121EBF75F
:10CEA000F1BC38B50C46054658B151B10B6843B1D9
:10CEB0004B6833B11C22002103F06BF92C61002078
:10CEC00038BD6FF01500FBE7F8B504460E46FFF7D6
:10CED000B5FF051E3BDBEFF31182202383F312889D
:10CEE000BFF36F8F638B278B4FF6FF718B4207F079
:10CEF00007072ED0062F2FD8DFE807F0182E082EB0
:10CF0000180418006FF08505002303E001336383E4
:10CF10000225012382F31188BFF36F8FBBB1002379
:10CF20003A4631462046FFF799FF10E00023336070
:10CF3000636823B9C4E9006627B13D46E4E71E6093
:10CF40006660F9E702212046EBF79CFC3D46284647
:10CF5000F8BD6FF00A05D7E76FF00405D4E710B508
:10CF6000EFF31182202383F31288BFF36F8F048BBA
:10CF700004F00704022C0AD0012C0CBF6FF004004F
:10CF80006FF0850082F31188BFF36F8F08E0438B49
:10CF9000013B9BB2438323B92146EBF773FC204648
:10CFA00010BD2046EEE738B5A8B1A1B1EFF3118569
:10CFB000202282F31288BFF36F8F048BFFF707FFE5
:10CFC00030B104F0070085F31188BFF36F8F38BDCF
:10CFD0006FF07700F7E76FF01500F8E7034658B1F8
:10CFE000426802F00302012A03D0032A04D1026836
:10CFF00012B10020986070476FF0150070474268CA
:10D00000816002F00302032A4FF0000203460CBFC6
:10D01000006810465A60704770B50C8806468888CC
:10D02000241A3069A4B2844285B224BF641BA4B21E
:10D030002D1BA8B2984228BF1846336823441360BA
:10D040000B8803440B8070BD70B4838985880669A2
:10D05000ED1AADB2731B934228BF134670BC0A464B
:10D06000011DFFF7D9BF70B40E460146C58831F8DF
:10D070000A3FEC1AA3B2934228BF1346324670BC53
:10D08000FFF7CABF10B54B880C88E41AA4B29442CB
:10D090000ED31A4492B28B884A800A800069D21A51
:10D0A00092B2824201D2002010BD03448B80FAE785
:10D0B0006FF01500F8E72DE9F34106460F461546D7
:10D0C0004FF000082A4601A93046FFF7BDFF04468D
:10D0D00040B102463946019803F034F82D1BA044B4
:10D0E0002744EFD14246311D3046FFF7CBFF404683
:10D0F00002B0BDE8F0812DE9F34107460E46154622
:10D100004FF000082A4601A93846FFF7ACFF044655
:10D1100048B12EB102460199304603F013F8264477
:10D120002D1BA044EED1424607F10A013846FFF715
:10D13000A9FF404602B0BDE8F081704710F0700FC3
:10D1400008D100F07F0310F0800F18BF10330120CA
:10D1500098407047002070472DE9F84306460F4677
:10D160009046994604254B46424639463046FBF7E1
:10D170006BFA10F10B0F044603D1FEF707FF013DD8
:10D18000F1D12046BDE8F883006840B150F8043C76
:10D190005B688B42A0F1040001D04068F5E770475E
:10D1A000006850B150F8043C5B685B689B788B4228
:10D1B000A0F1040001D04068F3E7704730B5006883
:10D1C00088B150F8043C5B681A6A1D7F043800235C
:10D1D000043ADCB2A54201D84068F1E7013312F805
:10D1E00033408C42F5D130BD08B5ECF7C9F928B110
:10D1F000406810F1100F14BF0020012008BD4B1C27
:10D20000DBB28170817680F82530C37600F8061C89
:10D21000704750E90231D0F89C001847036900229A
:10D2200083F84A207047036993F84A0050B193F895
:10D23000480038B1D3F890209388918910695B1A1F
:10D240009BB2C01A70470369002283F84B207047D5
:10D25000036993F8490008B193F84B00704708B58B
:10D260000246FFF7F5FF28B91046FFF7DCFF00384C
:10D2700018BF012008BD0369C3E9001270470229E5
:10D28000036908D004290BD001290ED1D3F89430BA
:10D2900013600020704793F89B30C3F34003F7E717
:10D2A00093F89B3003F00103F2E76FF085007047BD
:10D2B00008B5402903693DD011D810292ED006D8D1
:10D2C00001291AD008291CD06FF0120008BD2029AE
:10D2D000FAD193F89C1052BB01F0FB0116E0B1F5B6
:10D2E000807F33D0B1F5007F39D08029ECD193F81D
:10D2F0009C1042BB01F0EF0108E0C3F8942000202D
:10D30000E4E793F89C1032B901F0FE0183F89C1019
:10D31000ECF7AAFBF3E741F00101F7E793F89C1063
:10D3200012B901F0FD01F1E741F00201EEE741F031
:10D330000401EBE793F89C1012B901F0F701E5E75F
:10D3400041F00801E2E741F01001DFE793F89C109B
:10D3500012B901F0DF01D9E741F02001D6E793F8D7
:10D360009C1012B901F0BF01D0E741F04001CDE7B8
:10D3700070B504690546D4F88C00FFF7BCFE94F83C
:10D38000A0300646B3B1D4F88C20938891891269F5
:10D390005B1A9BB2D31A3F2B0CD994F89E3033B151
:10D3A0006B681B6A2246187B0021ECF7FDFB00230B
:10D3B00084F8A030304670BD08B50122FFF7D8FFD1
:10D3C000013818BF4FF0FF3008BD0269D2F8901045
:10D3D00088898B8809691B1A9BB2994204BF002374
:10D3E00082F84830D2F88C30D9885B89994204BFE2
:10D3F000002382F8493001207047F0B587B01F46FE
:10D4000004460D46164600F0DBF9022302930DF1A7
:10D4100016030193BDF83030ADF816000093324684
:10D420003B462946204601F06DF807B0F0BD2DE9D6
:10D43000FF411F460D4616460446EDF767FC804641
:10D44000E9F778FEBDF82830009380B2CDE901807D
:10D450003B4632462946204601F054F804B0BDE868
:10D46000F08102F096BE02F06DBE01460068ECF756
:10D470006DBC08B5ECF79AFCBDE80840ECF7BABF04
:10D4800000210120ECF762BC6FF08500704761B6A7
:10D4900062B680F31188BFF36F8F704772B60023B6
:10D4A00083F31188BFF36F8FBFF34F8F30BF62B626
:10D4B000BFF36F8F704772B6002383F31188BFF3F9
:10D4C0006F8FBFF34F8F20BF80F31188BFF36F8F33
:10D4D00062B67047202809D9B0F1004F08D801384A
:10D4E000B0FA80F0C0F11F0040007047082070477C
:10D4F0003E20704708B5EDF75BF9002008BD704786
:10D50000002303824369C3607047C1698968EDF7EE
:10D51000BBB9027A013202727047034618465B6853
:10D52000002BFBD17047426810B52AB10B461C4650
:10D530005B68002BFBD16260416010BD10B50446F2
:10D5400020B90B7A01330B72084610BD034618460A
:10D550005B68002BFBD1FFF7E6FF2046F5E710B52F
:10D5600008B14B6843604C68002308464B60EDF7F8
:10D5700009FA204610BD83680B44036070470368B6
:10D580000B6043684B6083688B60704783880268D8
:10D5900019448180D018704730B484880568A31876
:10D5A0008380281930BC02F0CDBD10B58388026895
:10D5B0005C1C8480D154D01810BD034600689A8842
:10D5C000401A11441860998070470268531E036026
:10D5D00083880133838002F8011C70478288521AC5
:10D5E000034682800068084418607047034600685C
:10D5F0009A88521A01449A801960704710B50368DE
:10D600001C780121FFF7EAFF204610BD10B5036822
:10D610001C880221FFF7E2FF204610BD10B50C4622
:10D62000017822788A4288B00ED06946EDF706FA72
:10D6300004A92046EDF702FA10220DEB020168461C
:10D6400002F0AFFD08B010BD012A06D0022A07D0B3
:10D6500072B940886388C01AF4E740686368FAE7E3
:10D660001022611C013008B0BDE8104002F099BDE5
:10D670006FF01500E6E7042A0AD0102A0DD0022A1E
:10D680004FF0000315D103700B88438001207047D1
:10D69000012303700B684360F8E7022300F8013BA5
:10D6A00001F1100351F8042B40F8042B9942F9D1F1
:10D6B000ECE718467047012310B50621044600F830
:10D6C000013BF8F721F918B9A37963F03F03A3717F
:10D6D00010BD38B50446807AEDF7ACF861690546AF
:10D6E00049B1637ADB0704D4C3691B6820469B6891
:10D6F00098470023636121462846BDE8384002F080
:10D7000093BA2DE9F0410C4601F10C08054600F1F1
:10D710000C01404617461E46FFF731FF6269E36879
:10D720002F829B1A13FA87F36B8201236B7239469F
:10D730004046FFF753FFE3687360628A0023E360AB
:10D740007281638234602846BDE8F08138B5D1E942
:10D750000032DA600B684A895A820C46054608682E
:10D76000EDF710F920461022002102F012FD2846A4
:10D77000BDE83840FFF7ADBF438A23B9C068B0FAAF
:10D7800080F0400970470020704710B50346BFF392
:10D790005B8F53E8000F40EA010243E80024002CAD
:10D7A000F7D1BFF35B8F10BDBFF35B8F50E8003F35
:10D7B0000B4040E80032002AF8D1BFF35B8F70477E
:10D7C000002070470020704770B506460D464FF0A8
:10D7D000FF304FF0FF31EDF761FA044668B10321E5
:10D7E0000C30FFF7D3FE0680857021460022BDE88D
:10D7F000704040F20640EDF7DDBA6FF0680070BD92
:10D80000033138B5C9B205460E20EDF777FD032187
:10D8100004460C30FFF7BAFE01230370A0F8015054
:10D82000204638BD70B505460E460F200421EDF7A1
:10D8300065FD042104460C30FFF7A8FE01220670A6
:10D8400042704580204670BD08B5072202F0A9FC51
:10D85000B0FA80F0400908BD036800220BB91846F1
:10D8600070478B4210D10B6842B942680360914205
:10D8700000D1436000230B600120704713604368B0
:10D88000994208BF4260F5E71A461B68E6E710B503
:10D890000446006918B1EDF775F80023236110BD47
:10D8A00010B500F1C802BFF35B8FD0F8C830BFF3EA
:10D8B0005B8F7BB1BFF35B8F591C52E8004F9C42DA
:10D8C00004D142E8001CBCF1000FF6D1BFF35B8F1E
:10D8D000E7D110BD1846FCE710B5837A023B044639
:10D8E000062B16D8DFE803F009041515150B0900FF
:10D8F000417200212046EDF7C1FF002010BD0088D5
:10D90000FFF762FF0028F9D1A37A072BF5D1082190
:10D91000F0E76FF07F00F1E738B5037A8B420446F9
:10D92000154615D100F170010722284602F039FC96
:10D9300080B1E378072243B904F17E01284602F062
:10D9400030FCB0FA80F0400938BD04F17701F5E70A
:10D950000020F9E70120F7E7704710B50446FEF70D
:10D96000CFFA234653F8402BD2F8B41061B92164A2
:10D97000D2F8B81061B9C2E92D33FEF7D5FA2068A4
:10D98000BDE81040EDF750BF8B42F6D00968EDE7D7
:10D990000B60C2F8B830F0E77047F8B50E460021CA
:10D9A0000746154600234FF480320846EEF7ECF99F
:10D9B000044630B104210C30FFF7E8FD07704670D3
:10D9C00045802046F8BD38B50546006898B1807A94
:10D9D000072810D1087A012810D1C87A07280DD954
:10D9E0008A61CB6105F1300002F013F92846FFF798
:10D9F000B4FF002038BD6FF07F00FBE76FF015002B
:10DA0000F8E7406B30B1838B8B42A0F1080001D066
:10DA10008068F7E7704738B50D460521FFF7F1FF3D
:10DA200000231A462946FFF7CEFF044610B12846C8
:10DA3000ECF7A8FF204638BD38B50B8A032B054606
:10DA40000C4621D9042104F10C00FFF7CFFD238AF5
:10DA500042889A4218D14178B1B10378012B13D092
:10DA6000132B11D0022201202D68FFF796FF0446E8
:10DA700050B102210C30FFF789FD00230370437081
:10DA800021462846FFF7C7FF002038BD406B30B164
:10DA900083898B42A0F1080001D08068F7E77047C6
:10DAA00070470346006828B1596802681A608842C6
:10DAB00008BF5A6070470346002003B970471A8AAE
:10DAC0005B681044F9E710B5D4682378023113B9C4
:10DAD0002170012010BD8B42FBD0038A023B0382E0
:10DAE00000201061F6E72DE9F04104468868FFF751
:10DAF000E2FF638B628D934228BF134683420D463B
:10DB00001DD32165D1F8088000278F60FEF7F8F952
:10DB100041462046EEF78CF9064638B1C5F8088034
:10DB20002765FEF701FA3046BDE8F081618D638B11
:10DB3000994228BF1946284600F077FEF1E76FF0BA
:10DB40007906F0E72DE9F041C469074644B154F87D
:10DB5000986906B1983E0022154607F104080CB9F1
:10DB6000BDE8F081236D9BB905B98AB94046FFF73E
:10DB700098FF054658B101462046FFF7B4FF00283C
:10DB8000EED07B682B60BB687D6003B9BD60224628
:10DB900036B1D6F8983003B1983B34461E46DEE7DE
:10DBA0003346FAE773B51446014605464FF49572BD
:10DBB000206800F052FD207530B92068294600F039
:10DBC00037FE20B908232375002002B070BD237AE8
:10DBD000B3B1A3F11802534253419B000193638AEE
:10DBE0000093AE68238AE26820682946B04700287F
:10DBF00008DB238A83420CD1002323750120E4E74C
:10DC00000223EBE710F1FF0F03D34042C0B22075AF
:10DC1000DAE70E20FBE738B504460D46EEF708F9C3
:10DC200030B1294604F15400BDE8384001F0F1BF9D
:10DC300038BDF8B59368166805460F46144663B9B3
:10DC4000506801210C30FFF7A1FCA0602B681B7805
:10DC5000002B14BF022301230370A3681B78012B40
:10DC600003D0022B1FD000201CE02B681B78002B58
:10DC7000F9D1606804210C30FFF788FCE060078070
:10DC80002A68E36852885A806168728D738B088AAB
:10DC90009A4294BFC0EB0200C0EB0300042894BF7B
:10DCA00000200120F8BD2B681B78022BDBD16068B7
:10DCB00012210C30FFF76AFCE06007802B68E268F5
:10DCC000591C0232113351F8040B42F8040B9942EB
:10DCD000F9D16168728D738B088A9A4294BFC0EB48
:10DCE0000200C0EB03001228D9E770B40668F2699D
:10DCF0005AB3144654F8983903B1983B00221146A0
:10DD00007CB9438D408B8B4201D890421FD982420F
:10DD100038BF02469942306838BF194670BCEFF7E9
:10DD20003FBB844207D0658D648BA94238BF29462A
:10DD3000A24238BF224633B1D3F8985005B1983D7E
:10DD40001C462B46DCE71D46FAE71146D9E770BCB6
:10DD500070472DE9F041CB681F88BBB2162B0546F2
:10DD60001BD90321EEF70EF90646C0B102210C3093
:10DD7000FFF70CFC00244FF0170880F80080447077
:10DD800031462846FFF747FF2846A5F81A806F85D9
:10DD9000FFF7ABFF2046BDE8F0810420FBE70E2033
:10DDA000F9E7D0680378043113B901700120704796
:10DDB0008B42FBD091680B8A0020043B0B821061E0
:10DDC00070472DE9F0418846174601210422054697
:10DDD0001E46EEF785F8044670B104210C30FFF7BB
:10DDE000D5FB80F80080A0F80170C6702146284657
:10DDF000BDE8F041FFF70FBFBDE8F0811FB5CDE9E9
:10DE00000123002300931A46EFF77EF805B05DF872
:10DE100004FB0368002203B970478B420FD10B68E3
:10DE20003AB942680360914200D1436000230B601D
:10DE3000704713604368994208BF4260F6E71A468C
:10DE40001B68E8E7BFF35B8F50E8003F43F0080230
:10DE500040E800210029F7D1BFF35B8FC3F3C00076
:10DE6000704707B5CA681388528800920C210D22AA
:10DE7000EEF72AF903B05DF804FB07B5CB68002282
:10DE80001B8800920A210B22EEF71EF903B05DF801
:10DE900004FB70B504460E46002200230846FDF739
:10DEA0006FFB054658B101462046EDF7C1FF044619
:10DEB00018B12946304601F0B7FE204670BD6FF01C
:10DEC0000104FAE737B50C46054601F10C00FFF7EF
:10DED0009DFB228A0192E2680092034613221221DE
:10DEE0002846EEF72FFB03B030BD37B50C4605468C
:10DEF00001F10C00FFF78AFB228A0192E26800928E
:10DF00000022034611462846EEF71CFB03B030BD45
:10DF10002DE9F04391B0D2F8008007460E46002567
:10DF200042F601030068D8F804908DF82C500BA934
:10DF30001446ADF82E30FFF771FB002800F0828008
:10DF40004FF4205338688DF82C500BA9ADF82E30C3
:10DF5000FFF764FB38B1A3681BB15A88B24200D204
:10DF60005E80012010E061680846FFF7A4FDB8F864
:10DF70002A20B8F81A309A4294BFC0EB0200C0EBD6
:10DF80000300032803D8002011B0BDE8F083084641
:10DF9000FFF7C3FA616805460846FFF78CFD6B8AF8
:10DFA0002A8AA3EB020C6B69EA68D21AACEB020373
:10DFB000B8F81AC0B8F82A20944594BFC0EB0C00FA
:10DFC000C0EB0200834228BF03466BB9887AECF7A6
:10DFD00031FC00220023FFF798FA05460028D2D032
:10DFE00001466068FFF7AAFA00230093D7F804807F
:10DFF0003946102302AA4846C047071E22DB227C6E
:10E00000E068BA421AD001460BA8FFF734FBC8B14A
:10E01000FAB202A906A8FFF72EFB98B106A90BA831
:10E02000FFF7FCFA70B900236374042105F10C00BA
:10E03000FFF7ACFAA0600680A36891E702A902F09E
:10E04000B0F8EFE70023A3608BE72DE9F04F064619
:10E0500085B0104690469946FFF72DFD738B728D63
:10E06000934228BF134683428B4675D97368039346
:10E070004046FFF752FA4FF0000A04464046FFF7C9
:10E080001AFDE168228A658A6369778BCB1AAD1A1B
:10E09000ED1A738D9F4294BFC0EB0700C0EB0300E5
:10E0A000854228BF054625BB98F80A00ECF7C2FB5D
:10E0B00000220023FFF729FA044608B9574627E053
:10E0C00001464046FFF73AFA4046FFF7F4FCE168A4
:10E0D000228A658A6369778DCB1AAD1AED1A738B24
:10E0E0009F4294BFC0EB0700C0EB0300854228BFEE
:10E0F0000546CDF80090DBF8047003980A44ABB2F3
:10E100005946B847071E07DABAF1000F18BF57463D
:10E11000384605B0BDE8F08F0E9BABB9394604F127
:10E120000C00FFF733FA4046FFF7C5FC738D728B86
:10E13000934228BF1346B9448342BA441FFA89F96F
:10E14000BCD9AF429AD0B9E70F9A0E9B3946204608
:10E1500098470028E2D1B1E70027D9E72DE9F3413C
:10E160001768D7F804800023144613730146064647
:10E170009522404600F071FA0546207330B93146C9
:10E18000404600F053FB28B908232373002002B057
:10E19000BDE8F081A068798B7A8D038A914294BFA3
:10E1A000C3EB0103C3EB0203012BEFDD02210C30B3
:10E1B000FFF7ECF9CDE900558046A388A268314607
:10E1C0003846FFF742FF031E06DA13F1FF0F26BFA2
:10E1D0005B42DBB20E23D8E7A8F800300120D6E777
:10E1E0002DE9F3411768D7F8048000231446137310
:10E1F000014606469522404600F02FFA0546207358
:10E2000030B93146404600F011FB28B9082323738A
:10E21000002002B0BDE8F081CDE900553146A38869
:10E22000A2683846FFF711FF002807DA10F1FF0F48
:10E2300026BF4042C0B20E202073E9E70120E8E784
:10E24000F8B50546071F00F1480350F8044CBFF32A
:10E250005B8F53E8001F21F0040143E80012002AFD
:10E26000F7D1BFF35B8FFCB1EB6C83B9636873B11B
:10E27000201DFFF716FC064601463846FFF733FC23
:10E2800090B163683360A368666003B9A66005F166
:10E2900050013846FFF7FDFD30B104F10C0138465E
:10E2A000BDE8F840FFF7F5BDF8BD08B5837A072B48
:10E2B00001D0002008BD0421FFF7E8FB0028F8D0BA
:10E2C000BFF35B8F836CBFF35B8FDB07F1D550F837
:10E2D000040CEFE738B50546BFF35B8F0B68BFF35F
:10E2E0005B8FDB0716D550F8040C98B1EB6C8BB93B
:10E2F0000430FFF7D6FB044660B10146281FFFF744
:10E30000F2FB38B155F8043C5A6822609A685C60A8
:10E3100002B99C6038BD70B50E461546FFF7C5FFC3
:10E3200078B1C3696BB1184650F8983903B1983B7E
:10E33000691C428D448BA24228BF2246914202D9D9
:10E340003BB9002070BD2A463146BDE87040EDF76C
:10E35000C7BDD3F8984004B1983C18462346E8E777
:10E36000EEF762BD10B504466438EEF7BFFB54F813
:10E37000640C1321BDE81040FFF7AEBA08B50023C6
:10E380000A8AC968EEF77CFB002008BD70B50D460F
:10E39000FFF78BFF044628B92846ECF7F3FA6FF035
:10E3A0007F0070BD00F10C062946304601F031FCBB
:10E3B000E469C4B154F8985905B1983D002210465B
:10E3C00007E022467DB1D5F8983003B1983B2C4642
:10E3D0001D46831C01D1002AF4D131462046FFF7A7
:10E3E00058FD0028EDD10020DBE738B505460C4686
:10E3F000FDF786FD2846FFF758FF20B9FDF794FD8D
:10E400006FF07F0038BD0023236083683BB9C0E90B
:10E410000144FFF797FBFDF787FD0020F2E71C6042
:10E420008460F6E710600020704710B5029CA36876
:10E4300033B1B1F5807F28BF0E21CAB2214698477B
:10E44000A37DE268013BDBB2A37522B11BB9204674
:10E45000BDE81040104710BD10609180002070474B
:10E4600070B50D46064611F8010BEDF71DFC04468C
:10E4700010B12C89EDF7ACF96B89A34207D0EB689A
:10E480006C8123B121463046BDE87040184770BD0D
:10E4900010B5144632B900F17001007AEEF79CFB1A
:10E4A00000B1846010BD08B5EEF796FB18B10023EB
:10E4B00003604360836008BD70B500F170060546D7
:10E4C0003146007AFFF77EF904463146287A1CB1BE
:10E4D000BDE87040FFF7E7BFEEF77EFB10B10460C8
:10E4E0004460846070BD022A10B508D1002300F199
:10E4F00070011A46007AEEF781FB022010BDFFF78B
:10E50000DBFFFAE738B5BDF81010BDF81840059DDF
:10E51000A14210460CD84CB16DB1641A9C42A8BF00
:10E520001C46A4B22246294401F00CFE204638BD08
:10E530006FF00604FAE76FF00D04F7E770B5CC68EA
:10E5400086B02678BDF8285066B96488ADF81640C4
:10E55000022402940DF11604CDE90054FFF7D2FF16
:10E5600006B070BD102602960134F5E7F0B50C46F2
:10E5700087B0C968054616461F46EEF7DFFB00B1B7
:10E580000089ADF81600022302930DF116030193E2
:10E59000BDF83030009332463B4621462846FFF70F
:10E5A000B1FF07B0F0BD13B5044610B9002002B0AA
:10E5B00010BD00238DF80430006842F6030301A962
:10E5C000ADF80630FFF72AF80028EFD1E368988805
:10E5D0000028ECD12046EEF767FC013080B2E6E778
:10E5E0002DE9F041CC688AB0064698460846A379E2
:10E5F0008DF814300D461746FFF7D5FFADF815001E
:10E600002468237893B96388ADF817300523029303
:10E6100005AB0193BDF8403000933A464346294686
:10E620003046FFF76FFF0AB0BDE8F081631C0DF1C3
:10E630001702113453F8041B42F8041BA342F9D10A
:10E640001323E4E71FB5CDE90123002300931A4605
:10E65000EEF75AFC05B05DF804FB4B8A12F0010F8F
:10E66000C3F30E0304D013F0950F10D0486870B1B7
:10E6700012F0020F04D013F4957F0AD0896841B1DB
:10E68000134013F4DE7F14BF0520002070470220E2
:10E690007047032070472DE9F041837A072B86B03D
:10E6A00006460C46154640F0858000238DF8143050
:10E6B000206842F6030305A9ADF81630FEF7AEFF59
:10E6C00090B96768002F75D00090012304AA2146F5
:10E6D000B84701286ED19DF8103013F0300F69D083
:10E6E0002046EEF76BFC0446002320688DF81430BA
:10E6F00005A942F60213ADF81630FEF78FFF18B1E8
:10E700002046EEF75BFC0446002742F6021820681C
:10E710008DF8087002A9ADF80A80FEF77FFFF8B9FE
:10E72000002320688DF8143005A942F60213ADF8D5
:10E730001630FEF773FF00283CD16768002F39D0F0
:10E740000090022305AA21463046B847022831D15D
:10E75000BDF8143005EA0300003818BF01202AE094
:10E7600020688DF80C7042F6030303A9ADF80E3053
:10E77000FEF754FF0028D3D020688DF810704FF4B6
:10E78000205304A9ADF81230FEF748FF0028C7D087
:10E7900020688DF8147042F6010305A9ADF8163013
:10E7A000FEF73CFF0028BBD02046EEF707FC0446EE
:10E7B0000028ACD1002006B0BDE8F081F8B50F46C6
:10E7C00051684B8A03F094030646144613BB01229A
:10E7D000FFF761FF08B3A2891B2102323046FFF721
:10E7E0009AFD0546E0B1A1890C300231FEF7CEFE5C
:10E7F00020F8027BA289A16801F0A4FCD4E90412EC
:10E8000028460123EEF7D6F929463046BDE8F84000
:10E81000FFF7BCBD4FF0FF30F8BD6FF01500FBE710
:10E820006FF00B00F8E70120704770470120704738
:10E830000120704713B5C068144668B100238DF8F5
:10E84000043001A94FF4C053ADF80630FEF7E6FEE0
:10E8500010B9236801332360012002B010BD0021EC
:10E86000F8B54FF0FF324FF0FF3305460846EDF79D
:10E870008BFA00F10C07044601213846FEF786FEAC
:10E880000526067001213846FEF780FE002306703B
:10E890001A4621462846FFF796F810B12046ECF7B5
:10E8A00071F80020F8BD6FF08500704700207047B8
:10E8B00010B50369C0E905330023C360837F0446B4
:10E8C00013B1407AFAF752FD0123237700236377CF
:10E8D000E377A37710BDFCF791BDFCF701BE037889
:10E8E000027903F00F011AB951B14FF0FF307047B0
:10E8F0000829FAD8012A03D1C3F3C00001387047B0
:10E9000043F3C000704738B50146F9F74BFA0546A6
:10E9100060B1037A6BB108460024FAF7A9FD2846D6
:10E92000AC77FFF7C5FF2C72204638BD6FF015009D
:10E93000FBE76FF07700F8E770B504460E46154622
:10E94000F9F7F8FE30B906B925B12046BDE87040A8
:10E95000F9F738BF70BD4FF08053D3F83021082A43
:10E9600005D1D3F83401003818BF012070470020CA
:10E970007047C343C3F3C01300F00F0000EB031054
:10E98000704708B5F9F78CFF818208BD08B5F9F723
:10E9900087FFEFF31183202282F31288BFF36F8F7A
:10E9A00002690A60027B2AB9807D83F31188BFF374
:10E9B0006F8F08BD0420F8E70369C9B20C2202FB7F
:10E9C0000133186C00F00700704770B50346C9B2F8
:10E9D0000069EFF31186202484F31288BFF36F8F50
:10E9E0000C2505FB0104246C14F0C00401D0A242E4
:10E9F00010D105FB010001220264002086F311887A
:10EA0000BFF36F8F28B95B6803EBC1035B6898475E
:10EA1000002070BD4FF0FF30F0E78022FFF7D5BF38
:10EA2000F8B5069F04690546C9B2EFF3118C2020A2
:10EA300080F31288BFF36F8F0C2606FB0146306C03
:10EA400000F0070EBEF1010F11D1376400268CF3E0
:10EA50001188BFF36F8F46B90C2000FB0144C4E955
:10EA60000E236B6853F8313098473046F8BD00F0FC
:10EA7000C00087420CBF6FF077064FF0FF36E6E725
:10EA800013B580240094FFF7CBFF02B010BD10B483
:10EA90000069CBB21C2404FB0300002110BC10470A
:10EAA0001046FCF79FBD00F066BBFCF779B84368E1
:10EAB0005B68D3F810350B600020704743685B68D3
:10EAC00002EA010021EA0201C3F80805C3F80C15A7
:10EAD0000020704743685B680020C3F80815704742
:10EAE00043685B680020C3F80C15704743685B6897
:10EAF000D3F8042521EA02001140C3F80805C3F841
:10EB00000C150020704730B50369586800B3002425
:10EB1000884219D108688CB99C685860A14200D11C
:10EB20009860002008602AB15A680A609A685960A3
:10EB300002B9996000200FE02846E9E72060986854
:10EB4000814208BF9C60ECE705680446002DF3D1C4
:10EB5000002AE9D16FF0150030BDFCF731B913B5CB
:10EB60004FF080520829136E526E28BF082112BA46
:10EB700000921BBA0C460A466946019301F0E2FA7C
:10EB8000204602B010BD30B543681360057A446872
:10EB900004EBC504A34202D36FF0010030BD5C79E1
:10EBA0008C4203F10803F0D10020F7E710B50369A8
:10EBB0000888012813D148884C2801D02F280ED16D
:10EBC000EFF31180202484F31288BFF36F8FC3E921
:10EBD000092180F31188BFF36F8F002010BD6FF003
:10EBE0008500FBE71FB504AC04E9070018691C4663
:10EBF000BDF80430B3F5827F04D0B3F5847F18D01C
:10EC000004B010BD0299FBF7E1FAEFF31182202363
:10EC100083F31288BFF36F8FD0E9093182F3118833
:10EC2000BFF36F8F002BEBD0204604B0BDE810403F
:10EC30001847012380F82030E2E713B54C29046916
:10EC400001D02F2920D101AA6946204600F005FEF7
:10EC500000992046FBF7BAFAEFF31182202383F3E1
:10EC60001288BFF36F8FE369A3610023E36182F32E
:10EC70001188BFF36F8F94F8200018B184F820300A
:10EC80006FF08A0002B010BD6FF08500FAE7002235
:10EC900001211220EBF716BB43681B68D3F88004F0
:10ECA000C3F88004704742681368D3F8100150B16C
:10ECB000D269002012780A70C3F81001D3F810212D
:10ECC00001221A6070474FF0FF307047002A0FDDB5
:10ECD00042681368D3F8100158B10020C3F810013E
:10ECE000D269D3F8100112780A70012018607047B9
:10ECF0000020704710B543681C680369EFF311806A
:10ED0000202282F31288BFF36F8F1A68D17B39B942
:10ED100091731B680122DA734FF48003C4F8043343
:10ED200080F31188BFF36F8F10BD03691A68D17B20
:10ED300021B1012191731B680022DA7370470269C7
:10ED400011680346C87B40B15B681B68D3F8580163
:10ED500018B100230B6113689889704743681B68DA
:10ED6000D3F81001003818BF0120704743681B68B2
:10ED7000D3F80423D2065CBF1022C3F804237047E3
:10ED800043681B68D3F80423D20644BF1022C3F89B
:10ED90000823704743681B684FF40072C3F80423CC
:10EDA000704743681B684FF40072C3F8082370472C
:10EDB00038B543681D68D5F804335B02044605D4B2
:10EDC000D5F8040310F0100006D138BDFFF7B7FFE7
:10EDD0000028F5D00120F8E72046BDE83840FFF7CD
:10EDE000BDBF012070470369186801601B685A6045
:10EDF000704702680346D2F8580140B95B68DB07E8
:10EE000006D4D2F82001003818BF01207047012035
:10EE1000704710B4436802691B68D3F80413C9052E
:10EE200017D5D3F82011A1B1EFF31181202484F379
:10EE30001288BFF36F8FD3F8204134B10024C3F898
:10EE40002041D3F820410124DC6081F31188BFF315
:10EE50006F8F1168D3F8584171B17CB100240C61F7
:10EE60001168C97B19B94FF48001C3F80813116800
:10EE70008C7B1CB100238B7310BC7047D3F824111A
:10EE800021B10021C3F82411D3F82431126813688A
:10EE9000002BF1D0516810BC184713B501AA0446E5
:10EEA000FFF771FE002805DB019B226819791868BD
:10EEB000FBF722F802B010BDF8B50022054601218B
:10EEC0000220EBF7FFF90220EBF7CCF96C68012187
:10EED000E068FFF7E2FF6B681A682369C2F824351F
:10EEE000617D237D0B43A17D0B43C2F86C356E68B9
:10EEF000D6E9004313F001030ED02F6904F10C0191
:10EF000007F10C0204F5907000F0E0F800283ADBFD
:10EF1000387BFBF777FD01230822C4F80025B2698E
:10EF2000C4F8442501210022C4F84825A1606BB92A
:10EF3000D4F82031002BFBD0C4F82021D4F82031A4
:10EF40000123E3604FF48073C4F80433D4F85831DC
:10EF5000002BFBD00021C4F800156D682C68E86810
:10EF6000FFF79BFF0823C4F800352A7A52B9EB69F2
:10EF7000C4F834350123C4F83835C4F81021D4F866
:10EF8000102123600020F8BD2DE9F04106693368A7
:10EF90009C89BFF35B8F94420546A8BF144610338B
:10EFA000012753E8002F002A03D143E8007000280E
:10EFB000F7D1BFF35B8F0CBF3B4600232BD13368E7
:10EFC0002246986801F0BEF8EFF31188202383F3FE
:10EFD0001288BFF36F8F69680846FFF70AFF32682F
:10EFE00040B91061044688F31188BFF36F8F204643
:10EFF000BDE8F0810B689268C3F844250022C3F88D
:10F000004845C3F82021D3F82011C3F85821D3F87C
:10F0100058219F60E7E71C46E9E700F150039B0099
:10F020009BB203F1804303F5883300221A601B680A
:10F0300070474FF08053D3F83021082A03BFD3F82C
:10F040003401B0FA80F040090020704703460020E8
:10F05000184700F067BC10B502461168B1B1BFF3A4
:10F060005B8FB1FA81F3C3F11F000123834021EAD2
:10F07000030352E8004F8C4204D142E8003CBCF14B
:10F08000000FF6D1BFF35B8FE7D110BD6FF00B001F
:10F09000FBE710B50368CB40DB0714D401238B409A
:10F0A0000268BFF35B8F43EA020150E8004F9442CD
:10F0B00004D140E8001CBCF1000FF6D1BFF35B8F18
:10F0C000EED1002010BD6FF01500FBE770B50C46C7
:10F0D0000021054608461646FBF786FC48B93378FA
:10F0E000DB0003F1804303F5F833C3F81055C3F890
:10F0F000144570BD10B1012802D07047FBF750BD18
:10F10000FBF700BD18B1012803D100F019B800F0D9
:10F1100032B8704708B5FBF711FDBDE80840FBF7B2
:10F120007FBD4FF08053D3F83021082A06D1D3F8A1
:10F13000340102288CBF0020012070470020704756
:10F14000FBF7A6BC38B54FF080440223C4F808335F
:10F150000123E3600023C4F80431D4F8043142F2FF
:10F160001075D4F81834DB0304D50120FFF771FFC4
:10F17000013DF6D138BDFFF7E5BFF7B5019001A815
:10F18000DDE9084716461D46FBF782FD019BB6F1F7
:10F19000000C18BF4FF0010C00EB83000B1E18BFD2
:10F1A0000123002D43EA4C030CBF4FF0000C4FF03D
:10F1B0000C0C002C43EA0C030CBF4FF0000C4FF476
:10F1C000E06C002F43EA0C03D0F800270CBF4FF08F
:10F1D000000C4FF4403C43EA0C0322EA030301B164
:10F1E00009780EB13678760019430DB12D78AD004F
:10F1F00031430CB12478240229430FB13F783F04F6
:10F200000C433C43C0F8004703B0F0BD1FB50DF1FF
:10F210000F03019300238DF80F1000931A4619462F
:10F22000FFF7ABFF05B05DF804FB10B504460846D8
:10F23000FBF73EFD04EB4004207DC0F3401010BD01
:10F2400010B504460846FBF733FD04EB4004207D6F
:10F25000C0F3400010BD10B504460846FBF728FD7A
:10F2600004EB4004A08A400B10BD70B5044608466C
:10F270001646FBF71DFD08300D4634F81030DA0550
:10F2800009D5C3F3432304EBC302314654F83330AA
:10F29000526828469847A3682BB1E2683146284651
:10F2A000BDE87040184770BD10B504460846FBF72E
:10F2B000FFFC04EB4000838ADA051DD5C3F343212C
:10F2C00023F4F853838204F1120204F1720032F83D
:10F2D000023F13F4807F03D0C3F3432399420BD042
:10F2E0008242F4D104EBC10300225A6004F1780099
:10F2F000BDE81040FFF7CDBE10BDF0B5034600F5E8
:10F300008074002005460127844695420AD1D3F82F
:10F310007C2132B10022C3F87C21D3F87C3140F04B
:10F320000040F0BD25F0404607FA06F6314209D00C
:10F33000D4F800E0BEF1000F04D0C4F800C0D4F847
:10F3400000E0304301350434DFE738B504460D46AC
:10F35000FFF76BFFA8B12046FFF772FF88B9204680
:10F36000FFF779FF226801238340C2F8083323683E
:10F3700003EB8000D0F8103523F00303C0F81035FC
:10F3800038BD28460021BDE83840FFF73FBF2DE9D2
:10F39000F043174685B004460846FBF789FCD7F8CA
:10F3A00000800E460546B8F1000F1ED02046FFF73C
:10F3B00047FF18B12046FFF738FF20BB0023CDE9F7
:10F3C00000338DF80E308DF80F300DF10F024346EB
:10F3D0000DF10E013046FFF7D0FE04EB4502938A93
:10F3E00023F0020343F0010393827B689BB3314611
:10F3F000204693F80080D3F80490FFF721FF28B14E
:10F40000B9F1000F1FD06FF0150027E004EB4500A5
:10F41000838A23F4604323F020038382B9F1000F31
:10F4200011D0B8F1030FEED87B6821685B6893F8C0
:10F4300000C04FEA8C031944B8F1000F11D1C1F894
:10F440001085C1F8108504EB4502938A23F01C0354
:10F4500043EA88039382BB6843BB002005B0BDE844
:10F46000F083D1F8102522F00302C1F8102522689C
:10F470001344D3F8102522F44F3222F44072C3F81B
:10F4800010253202D3F8101502F47C5242EA0842E9
:10F490000A43C3F8102504EB4C03A3F87C60838A6D
:10F4A00043EA4C3343F020038382CCE7D3E900786E
:10F4B00031462046FFF7F8FE002FCED063689F420A
:10F4C00006D004F17800FFF7C6FD002804DAC5E78E
:10F4D000A3689845F5D1002004EBC003C3E9017887
:10F4E00004EB4505C0B2AB8A43EA402343F4807382
:10F4F000AB82B2E72DE9F043054685B008461646D3
:10F500001F46FBF7D5FB0C46804626B32846FFF77F
:10F5100097FE18B92846FFF788FE18BB05EB480987
:10F52000B9F8143003F01C0313B17378012B19D010
:10F5300001238DF80F300023CDE90063721CB31C4A
:10F540000DF10F012046FFF718FEB9F8143043F013
:10F550000303A9F81430002F3FD021462846FFF7B7
:10F560006FFE20B96FF0150005B0BDE8F0833E785E
:10F570002B6803EB86030022C3F81025C3F810257F
:10F5800005EB48024FEA860C938A23F4604323F08C
:10F5900020039382787800B32968BF78614400041F
:10F5A000D1F8103523F4991323F4F853C1F810352A
:10F5B000230200F4403003F47C5303433805D1F8B0
:10F5C000105500F4801003432B43C1F81035938A83
:10F5D00043EA463343F0200393820020C4E7C0E9A6
:10F5E0000312704770B504461546FFF71EFE48B17A
:10F5F0000846FBF75DFB04EB40040020A38A5B0B8D
:10F600002B7070BD6FF01500FBE738B590F88C409B
:10F6100005469CB960222146143000F0BAFD2868E6
:10F62000C0F87C41D0F87C3140F30730EAF71AFE8D
:10F63000012385F88C30AB67204638BD6FF077002A
:10F64000FBE790F88C00003818BF01207047FBF7EB
:10F6500069BB2DE9F34104461746FFF7E6FD0D4669
:10F660002668F0B12046FFF7EBFD8046C8B920467A
:10F67000FFF7F1FD820002F5807346F80380F3582E
:10F6800023681344D3F8102542F00102C3F8102573
:10F6900027B1226801238340C2F8043302B0BDE8D9
:10F6A000F081D6F80433002BA4BF4FF00043C6F816
:10F6B00004332846FBF7FCFA04EB4004A38AC3F3A7
:10F6C0008203042B12D0052B12D001A80195FBF761
:10F6D000DFFA019BD0F81015D94001F00101023189
:10F6E000284602B0BDE8F041FFF790BD0321F7E7DF
:10F6F0000221F5E7FFF729BE00F180431A68002ACE
:10F700001FBF00221A601B68012008BF002070473D
:10F710004FF080434FF46072C3F8042370474FF0FA
:10F7200080434FF46072C3F80823704708B5FBF7B5
:10F7300075FCBDE80840FFF7EDBC30B59508403DCD
:10F740000124AC400C4208D0815831B100218150D5
:10F75000825813B11A6822431A6030BD2DE9F8436C
:10F760004B7E06460C4653B94868FBF7A7FCA068D9
:10F77000FBF7A4FCE068431C01D0FBF79FFCD4E935
:10F78000031EA77E336894F814C094F8008094F8A0
:10F790000190627DB1F1FF3F08BF4FF0100CD4E93A
:10F7A0000150C3F80895C3F8108516BFC3F840E5AB
:10F7B000C3F840C5C3F804C52FB9C3F82055C3F832
:10F7C0002405C3F81C1502B10122C3F82825E37DE6
:10F7D00033B33268D2F8003243F00103C2F800328A
:10F7E0000625A37D34681D43DB0742BF0023C4F810
:10F7F0000031D4F8003115F0020F4FF000031CBFA8
:10F80000C4F80431D4F80421C4F8083144F30730B3
:10F81000D4F80831EAF726FDC4F80453BDE8F883AC
:10F820000425DEE770B5067B044656B9C0E901231E
:10F8300019B14B7E0375FFF791FF0123237300205D
:10F8400070BD6FF07700FBE702680123C2F8003556
:10F850000268136002230373704710B50368012424
:10F860009C600368D3F818050860D3F84835136026
:10F8700010BDF0B504460068D0F8046385B006F00A
:10F880000706002301AD314601934FF480722B46E9
:10F89000FFF753FF31464FF48272FFF74EFF3146B8
:10F8A0004FF48472FFF749FF31464FF48672FFF739
:10F8B00044FF31464FF48872FFF73FFF019EF10786
:10F8C0000DD54FF48073ADF804302368D3F80C35B0
:10F8D0008DF8083095E80700D4E90173B847B207FE
:10F8E0000FD54FF48273ADF804302368D3F8182590
:10F8F000D3F848350393029295E80700D4E90173E1
:10F90000B84773070CD54FF48473ADF8043095E80D
:10F910000700D4E90163B44605B0BDE8F040604794
:10F9200005B0F0BD08B1EBF767B8704710B5436993
:10F9300004463BB90020E268537843F0010353705A
:10F94000404210BD98470028F4D00028B8BF40427C
:10F95000E368FF28A8BFFF201870ECE740B1C36838
:10F96000587810F001001EBF1878B0FA80F04009F6
:10F970007047EFF31183202383F31288BFF36F8F57
:10F98000FEE708B5FFF7F5FF10B400F10C04C0E97D
:10F99000034410BCFDF7BEB938B50446EFF311853A
:10F9A000202383F31288BFF36F8FFDF72DF904F145
:10F9B0000C0000F0C0FA30B1294604F11400BDE893
:10F9C000384000F09DBA85F31188BFF36F8F38BDC2
:10F9D00010B542696AB1836842EA0301890708D118
:10F9E0000169A2FB011424B95B182CBF012100217D
:10F9F00002D36FF0150005E0C1609B1A02698A42CC
:10FA000001D8002010BDC2681A604269C36001318C
:10FA10009B1AF3E72DE9F04105460F46EFF31188F5
:10FA2000202383F31288BFF36F8FC668F6B904688A
:10FA3000A0421BD0D4B1D4E9003213605A60237CB9
:10FA4000A66023F002032374C4E9006604F11800E1
:10FA500000F0F2FA2046A667676100F01EFA414600
:10FA600005F10800BDE8F04100F04ABA3E60AB691C
:10FA7000EF60013BAB6188F31188BFF36F8FBDE886
:10FA8000F08108B52024EFF3118384F31288BFF3CB
:10FA90006F8FFDF703FDF6E790F90E308B4201D032
:10FAA000FCF7AEB90020704703460020C3E902000E
:10FAB000C3E900337047D0E9003213605A60027C1A
:10FAC000002322F00202C0E9003302748360704711
:10FAD0002DE9F843904604469DF820200D46EFF3AB
:10FAE0001187202181F31288BFF36F8F02B145681F
:10FAF000A66804F10809B14515D0A6B13046FFF754
:10FB0000DAFF002406F1180000F096FA3046B467D8
:10FB1000C6F8148000F0C1F94846394600F0F0F903
:10FB20002046BDE8F883A3B10820FCF759FD002862
:10FB300032D00122C0F804800260016801F00301A4
:10FB40005DB922680A430260626820606AB9606039
:10FB50000BE0C8F800304046EFE72A68032A10D8C7
:10FB60000160616839B9C4E90000002087F3118899
:10FB7000BFF36F8FD5E70A6802F0030202430A6001
:10FB8000E5E722F003020A4302602A6802F003025A
:10FB900040EA02032B60E8E76FF00B00E6E710B5E0
:10FBA000044630B10268930703D0446809B100F0FD
:10FBB000C2FA204610BD0023C0E9003300F108035B
:10FBC000C0E90233704770B5EFF31185202383F34A
:10FBD0001288BFF36F8F846800F10806A64213D025
:10FBE00094B12046FFF767FF04F1180000F024FAF3
:10FBF00000232046A367636100F04FF92946304691
:10FC0000BDE8704000F07CB985F31188BFF36F8FB9
:10FC100070BD07B50123009300230A461946FFF77C
:10FC200057FF03B05DF804FB07B500230A460093B5
:10FC30001946FFF74DFF03B05DF804FB3AB18A4265
:10FC400005D3C0E90212C0E90000002070476FF040
:10FC500015007047026801238B4022EA030303600A
:10FC600022FA01F000F001007047704710B503213F
:10FC700004460C30FFF7EEFF30B104F1100000F045
:10FC8000DBF9B0FA80F0400910BD20B10022114626
:10FC90008C3000F098B9704770B5C368C3F3400664
:10FCA0009B07044616D4856802210C30FFF7D2FF6B
:10FCB00080B1D5F884206AB194421DD122689EB9E2
:10FCC000D5F88830C5F884209C4201D1C5F8882039
:10FCD00000232360E36813F01F001EBF43F00203FC
:10FCE000E36040F0020070BD3260D5F88820944295
:10FCF00008BFC5F88860EBE716461268DBE773B506
:10FD00000446EFF31185202383F31288BFF36F8F2E
:10FD100000230193D0E90423B3F1004F08BF012A67
:10FD200005D085F31188BFF36F8F02B070BDA0F1CD
:10FD3000100603210438FFF78DFF0028F1D0A369D6
:10FD4000019301A93046FBF7A3FDEAE738B5044665
:10FD50000D461022002100F01CFA656038BD13B575
:10FD600001900846EFF31184202383F31288BFF338
:10FD70006F8F01A9FBF78CFD84F31188BFF36F8FA0
:10FD800002B010BD10B5FFF7EAFF041E08DDEFF367
:10FD90001180202383F31288BFF36F8FFCF79CF848
:10FDA000204610BD70B50D46EFF31186202383F376
:10FDB0001288BFF36F8FFBF7BDFD044686F31188F1
:10FDC000BFF36F8F38B14FF0FF324FF0FF3305F1C3
:10FDD0001000FBF73BFC204670BD38B530220446CE
:10FDE0000D46002100F0D5F94FF480736560E360A3
:10FDF00038BD38B50446EFF31185202383F312880C
:10FE0000BFF36F8FFFF732FF2046FFF745FF85F303
:10FE10001188BFF36F8F38BDEFF30580003818BF2E
:10FE2000012070476FF057007047D0E9003213602F
:10FE30005A600023C0E90033704708B5FFF7F5FFAB
:10FE4000037C23F0020303740023836008BD38B5EC
:10FE500004460D46FBF730FF237C43F00203237476
:10FE6000D5B1A5602B689D4209D16B68C4E90053E8
:10FE70001C606C6010E06A689A42F6D01B68002B28
:10FE8000F3D093F90E1094F90E209142F3DD5A68E5
:10FE9000C4E9003214605C6038BD10B5EFF3118422
:10FEA000202383F31288BFF36F8FFBF7C5FE84F323
:10FEB0001188BFF36F8F10BD08B5037C13F0280FB6
:10FEC00001460CD183680BB1FFF7B7FF0B7C23F021
:10FED00004030B740846BDE80840FBF7ADBE08BD3F
:10FEE00010B5EFF31184202383F31288BFF36F8FD3
:10FEF0001838FFF7E1FF84F31188BFF36F8F10BD4F
:10FF00000846FBF711BF38B504680546AC424FF010
:10FF1000000000D138BD002CFCD02046FFF78DFF3B
:10FF200004F1180000F088F82046FBF785FE2C68E5
:10FF30000120A542EDE710B5EFF31184202383F3F0
:10FF40001288BFF36F8FFFF7DEFF84F31188BFF3D2
:10FF50006F8F10BD38B50C460546FCF759F8B4F163
:10FF6000FF3F08BFB5F1FF3F1FBF47F6FF730022F9
:10FF70004FF47A71E0FB01321ABFD80B40EA4240DD
:10FF80004FF0FF3038BD38B50446EFF3118520231C
:10FF900083F31288BFF36F8F037C5B070ED5183095
:10FFA00000F04AF8237C23F0040320462374FBF777
:10FFB00043FE2846BDE83840FBF7B6BE85F31188FE
:10FFC000BFF36F8F38BD38B5EFF31185202383F36E
:10FFD0001288BFF36F8F0468A04212D09CB1A16752
:10FFE00062612046FFF729FF04F1180000F024F8B1
:10FFF0002046FBF721FE012085F31188BFF36F8FA8
:020000024000BC
:1000000038BD0020F8E72046F6E708B50246FCF7C1
:100010008FF970B1D0E904319B1A61EBE272B3F150
:10002000004F72F1000104DA002AACBF184600202C
:1000300008BD6FF00040FBE738B50246EFF31185CD
:10004000202383F31288BFF36F8F0368D3B1FCF7CB
:100050006FF904461046FCF77DF900224FF000438B
:100060008442C0E9042305D0002085F31188BFF342
:100070006F8F38BDFCF764F9FFF7C7FF0021FAF76F
:1000800097FBF1E7D0E90413B3F1004F08BF012952
:1000900004D100204FF00041C2E904016FF01500C7
:1000A000E3E708B5FCF75EFA08BDB3F1FF3F08BF10
:1000B000B2F1FF3F70B506461D46144614D01A43F0
:1000C00016D0002B08DBFCF74DFA041941EB0501B3
:1000D000C6E90041304670BD6FF001031C1B4FF0B4
:1000E000FF3363EB0501F3E74FF0FF342146EFE701
:1000F0000024FBE7B3F1FF3F08BFB2F1FF3FF8B5C3
:10010000074616461C4610D054EA020311D0FCF7ED
:1001100029FAB0420A46A14103460AD2F31A64EB17
:100120000204C7E900343846F8BD4FF0FF331C46DF
:10013000F7E70023FBE720B1011F50F8040CFFF79D
:100140002BBC70470A44914200F1FF3300D1704745
:1001500010B511F8014B03F8014F9142F9D110BDD0
:10016000884210B501EB020402D98442234607D825
:10017000431EA14207D011F8012B03F8012FF8E725
:100180000244824200D110BD13F8011D02F8011D86
:10019000F7E702440346934200D1704703F8011B7E
:1001A000F9E710B501390244904201D1002005E081
:1001B000037811F8014FA34201D0181B10BD013084
:1001C000F2E710B5024601448A42134603D01C7878
:1001D0000132002CF8D1181A10BDF0B5C3F1370761
:1001E0000446FFB203F01F031046082BE6B233D0DB
:1001F000102B3ED06508A40844EA817445EAC17515
:100200002D194FEA910242EB5102290941EA02718C
:100210006D1842EB1212290A41EA02616D1842EB95
:100220001222290C41EA02416D1842EB1242AD182C
:1002300042F10002EC0844EA4274D10804EB840263
:10024000A6EB4205EDB2092D0CD90134A5F10A0542
:1002500041F10001EDB212E0E40844EA417406F015
:100260000705C908303554EA010200F8015BBCD12A
:10027000F0BD240944EA017406F00F050909092DAF
:0802800084BFED19EDB2EDE7BA
:08028800BC6EFE7F01000000C6
:100290001DAA020000000000C1A902000000000029
:1002A000000000003803040055B303000000000004
:1002B00079B3030000000000000000007003040098
:1002C000000000005403040000000000C403040008
:1002D00000000000E003040000000000A803040088
:1002E000000000008C030400DD9803000000000003
:1002F00051A6030000000000D9A702000000000082
:10030000A19C02000000000005B7030000000000EF
:1003100000000000FC030400197E03000000000040
:100320000000000034040400000000001804040071
:0803300045AB020000000000D3
:10033800151304002C0C040040060400620600207B
:100348000C310020D5950300000000003413040090
:100358003C0C0400D805040066060020A4310020E7
:10036800A19D03000000000042130400500C04008B
:10037800D805040068060020B0310020A19D0300C4
:1003880000000000B90D04003C0900205C060400D0
:100398005C06002000000020219A020000000000F6
:1003A800C70D0400180900205C0604005E06002042
:1003B800B0000020219A020000000000241304006D
:1003C80000000000D0050400640600206031002011
:1003D800F19A0300000000006C130400800C040074
:1003E800A80604006E06002024060020B9EE0300CB
:1003F80000000000B40904000000000034060400F6
:10040800600600209C1E0020000000000000000084
:100418005013040000000000180604006A060020BB
:10042800BC3100206DA10300000000005E13040031
:10043800CC050020FC0504006C060020F80500200F
:08044800C5A203000000000042
:100450002DF703004DF003000000000081D40300DD
:10046000E003040013EE03000000000081D4030049
:100470000000000081D403000000000081D40300CC
:100480006C0300205BEB03000000000081D403003C
:100490000000000081D403000000000081D40300AC
:1004A0000000000081D4030000000000295903006F
:1004B00018040400DDA00300603100205D9B0300F0
:1004C00000000000157D03000000000081D403003F
:1004D0000000000081D4030000000000E1A603003A
:1004E000F805002073F803000000000081D4030029
:1004F0000000000081D403000000000081D403004C
:100500000000000081D403000000000081D403003B
:1005100000000000595903000000000081D40300CE
:100520000000000081D403000000000081D403001B
:100530000000000081D403000000000081D403000B
:100540000000000081D403000000000081D40300FB
:100550000000000081D403000000000081D40300EB
:100560000000000081D403000000000081D40300DB
:100570000000000081D403000000000081D40300CB
:100580000000000081D40300C18C03004DF0030083
:100590000000000081D403000000000081D40300AB
:1005A0000000000081D403000000000081D403009B
:1005B0000000000081D403000000000081D403008B
:1005C0000000000081D403000000000081D403007B
:0805D0009D9A0300ED99030060
:1005D800D19B0300AFEA0300BDEA0300D5EA03009C
:1005E800E1EA0300EDEA0300DD9D030007EB0300E9
:0405F80000000000FF
:1005FC000000000000000000ADEB03003BEC03002A
:10060C0015A2030000000000000000000000000024
:10061C000000000000000000F5A00300B1A00300E2
:08062C000000000000000000C6
:0C0634005DFD02007DFB0200F9FA0200EF
:100640002D9603001BEA030081EA0300000000006E
:0C065000B9E903000000000000000000F9
:10065C00B9D30300AD9A020000000000D998020043
:10066C0071D30300B99802001DD2030027D20300F6
:10067C009998020047D203000000000051D20300F9
:10068C0000000000000000005FD20300CBD3030089
:10069C0077D20300B1D203007FD20300A7EC030092
:1006AC0025A3030099EC030089EF0300CDEC0300B4
:1006BC00F5EC03002BED03003FED03006DED0300A3
:1006CC0081ED03003FED03005DED030095ED0300AC
:1006DC00A3ED0300B1ED0300E3ED0300E7ED030030
:0806EC00000000000000000006
:1006F400050000006DBD02000600000035D40200B4
:080704000400000011C802000E
:10070C002009040004000000480704000700000052
:1007200000010602010000000001020104040404AB
:1007300000C20100000008000000000000000000EE
:100740000338FDD870470000100D04003DE503009C
:10075000000000000C0D040000000100080D040062
:10076000E1E5030000000000540300200000010048
:10077000000D04002FD40300000000000000000062
:1007800000000100FC0C0400E1E503000000000093
:100790004C03002000000100F40C0400FBD3030014
:1007A000000000000000000000000100F00C040048
:1007B000E1E5030000000000440300200000010008
:1007C000E80C0400D19C02000000000000000000C2
:1007D00000000100000000200000000000000B06E7
:1007E00002000000E807040000000000F01104000F
:1007F0002600020600000020F811040022000B1160
:1008000065A8020000000000FFD4030000080400F7
:100810001C080400470000000000000020580020D1
:1008200000080400300804002E0000000000000052
:10083000C45C002000080400440804000201000019
:1008400000000000985D0020000804005808040023
:100850004700000000000000B45E00200008040013
:100860006C0804000000000000000000745F00201D
:1008700000080400800804002000000000000000C0
:100880009C5F002059D9030099D9030000000000A3
:10089000000000000000000039DA03000000000042
:1008A0000000000000000000000000000202010043
:1008B00053DD0300040401001DC002000606010010
:1008C00081C202000804010041C302000A020100C3
:1008D0007BDE03000C04010063DE03000E04010054
:1008E00059C1020020040100EDC102001004010002
:1008F00055C4020012020100C5DE03001E00040000
:100900007DE3030052020000EBDE03000008040058
:100910001C09040022000000000000007460002098
:10092000280D04003DE5030000000000240D040034
:1009300000000100200D0400E1E5030000000000BC
:100940005404002000000100180D04000000000005
:10095000000000000000000000000000140D040072
:100960006DE5030069CD02005C0400200000030077
:100970000000000000000000000000000000000077
:10098000000000005FE8030000000000000000001D
:10099000000000000000000042542043544C52204C
:1009A000525820707269000042542043544C522027
:1009B0005258000062745F6863695F636F6E74729F
:1009C0006F6C6C65720000005A6570687972204F18
:1009D000532076342E342E310000000057455354F6
:1009E0005F544F504449522F7A65706879722F7363
:1009F00075627379732F626C7565746F6F74682F8D
:100A0000636F6E74726F6C6C65722F6C6C5F737752
:100A10002F756C6C5F636F6E6E2E63006572722053
:100A20003D3D2030207C7C20657272203D3D202D94
:100A300031323000415353455254494F4E204641C4
:100A4000494C205B25735D20402025733A25640ABC
:100A50000000000009706172616D313A2025752037
:100A6000706172616D323A2025750A005745535402
:100A70005F544F504449522F7A65706879722F73D2
:100A800075627379732F626C7565746F6F74682FFC
:100A9000636F6E74726F6C6C65722F6C6C5F7377C2
:100AA0002F6E6F726469632F6C6C6C2F6C6C6C5F53
:100AB0006164762E63000000300000000925733A5F
:100AC0002041637475616C204556454E545F4F5606
:100AD0004552484541445F53544152545F55532059
:100AE0003D2025750A000000574553545F544F5070
:100AF0004449522F7A65706879722F7375627379E1
:100B0000732F626C7565746F6F74682F636F6E748A
:100B1000726F6C6C65722F6C6C5F73772F6E6F7277
:100B20006469632F6C6C6C2F6C6C6C5F70657269A0
:100B300070686572616C2E6300000000612D030017
:100B4000712D0300812D0300912D03000000000092
:100B500000000000A12D0300392E0300B12D030079
:100B600000000000692E030000000000C12D0300FA
:100B7000492E030000000000D12D0300A92E030020
:100B8000E12D0300792E0300892E030000000000F0
:100B9000992E0300B92E0300C92E0300F12D030086
:100BA0000000000000000000000000000000000045
:100BB00000000000592E030008020B020A03050280
:100BC0000000000000000000020200000602000019
:100BD00004030000000009030000000001030000FE
:100BE00000000000070300000000000000000000FB
:100BF000F401FA00960064004B0032001E0014005D
:100C0000707265706172655F63620000707265701A
:100C10006172655F6362000001030405B17F030038
:100C2000919503006195030000000000DD9603002C
:100C30005D960300ABEA0300A7EA0300FFFF000094
:100C4000000300506C0300200000000001000000C1
:100C5000FFFFFFFF000000506C03002000000000B9
:100C60000000000000200140700C040001000000A2
:100C7000780C0400020000000206001A0306001BA4
:100C8000002000400100000000000000A00C040053
:100C90000000D601000000009632002095320020AE
:100CA00000200040AC0C040001000000B40C040063
:100CB000020000002B0000002C06000108000000CC
:100CC000030000009002040098020400F0020400F7
:100CD000F802040038030400380304007F13040002
:100CE00000010000000000000000042A0000042AA7
:100CF000000003280000012A0000012A0000032848
:100D00000000002A0000002A00000328000000184C
:100D100000000028000002290000052A0000052A22
:100D2000000003280000011800000028555342204D
:100D3000E5BA8FE58897E59FA0E5889DE5A78BE557
:100D40008C96E5AE8CE68890EFBC810A0051444554
:100D50004320E8A8ADE58299E5B09AE69CAAE6BAF8
:100D600096E58299E5A5BDEFBC810A00E7B7A8E743
:100D7000A2BCE599A8E696B9E59091E581B5E6B8FB
:100D8000ACE9968BE5A78BEFBC81E8AB8BE8BD891E
:100D9000E58B95E6978BE988952E2E2E0A00E58F38
:100DA000B30A00E5B7A60A0030313233343536379E
:100DB0003839414243444546006364635F61636D73
:100DC0005F756172743000626F6172645F63646347
:100DD0005F61636D5F7561727400757362776F72C6
:100DE0006B710072302F61313A2020307825303815
:100DF00078202072312F61323A2020307825303827
:100E000078202072322F61333A2020307825303814
:100E1000780A0072332F61343A2020307825303838
:100E200078207231322F69703A202030782530389E
:100E300078207231342F6C723A2020307825303887
:100E4000780A0020787073723A2020307825303884
:100E5000780A004661756C74696E6720696E7374F8
:100E600072756374696F6E20616464726573732058
:100E7000287231352F7063293A2030782530387840
:100E80000A00556E68616E646C6564204952516E4B
:100E90003A2025640A002A2A2A2A2A204D50552061
:100EA0004641554C54202A2A2A2A2A0A0020205337
:100EB0007461636B696E67206572726F722028635C
:100EC0006F6E746578742061726561206D69676802
:100ED00074206265206E6F742076616C6964290AE3
:100EE000002020556E737461636B696E67206572B4
:100EF000726F720A0020204461746120416363654F
:100F000073732056696F6C6174696F6E0A002020DC
:100F10004D4D46415220416464726573733A2030EE
:100F20007825780A002020496E737472756374699D
:100F30006F6E204163636573732056696F6C6174D3
:100F4000696F6E0A002020466C6F6174696E672DB0
:100F5000706F696E74206C617A7920737461746546
:100F600020707265736572766174696F6E20657248
:100F7000726F720A002A2A2A2A2A205553414745AD
:100F8000204641554C54202A2A2A2A2A0A00202089
:100F90004469766973696F6E206279207A65726F31
:100FA0000A002020556E616C69676E6564206D656E
:100FB0006D6F7279206163636573730A0020204E40
:100FC0006F20636F70726F636573736F7220696EE9
:100FD000737472756374696F6E730A002020496CB4
:100FE0006C6567616C206C6F6164206F662045588A
:100FF000435F52455455524E20696E746F205043E2
:101000000A002020496C6C6567616C20757365204F
:101010006F662074686520455053520A00202041B5
:101020007474656D707420746F2065786563757471
:101030006520756E646566696E656420696E73749B
:1010400072756374696F6E0A002A2A2A2A2A20425E
:101050005553204641554C54202A2A2A2A2A0A0050
:101060002020537461636B696E67206572726F72C2
:101070000A002020507265636973652064617461A1
:1010800020627573206572726F720A0020204246DA
:10109000415220416464726573733A203078257838
:1010A0000A002020496D7072656369736520646170
:1010B000746120627573206572726F720A0020205D
:1010C000496E737472756374696F6E2062757320F4
:1010D0006572726F720A005265736572766564207C
:1010E000457863657074696F6E202800537075725F
:1010F000696F757320696E746572727570742028DB
:101100004952512000535053454C20696E20746859
:1011100072656164206D6F646520646F6573206E15
:101120006F7420696E646963617465205053500A5E
:10113000002A2A2A2A2A2048415244204641554C56
:1011400054202A2A2A2A2A0A00202042757320665F
:1011500061756C74206F6E20766563746F72207495
:1011600061626C6520726561640A002020446562DA
:101170007567206576656E740A0020204661756C7F
:101180007420657363616C6174696F6E2028736588
:10119000652062656C6F77290A00415243485F45BC
:1011A0005843455054207769746820726561736FA5
:1011B0006E2025780A0A002A2A2A2A2A20446562F3
:1011C0007567206D6F6E69746F72206578636570E6
:1011D00074696F6E202A2A2A2A2A0A002A2A2A2AB1
:1011E0002A20257320256429202A2A2A2A2A0A004F
:1011F000464C4153485F30005352414D5F300057D9
:101200004553545F544F504449522F7A6570687962
:10121000722F7375627379732F626C7565746F6F5B
:1012200074682F686F73742F6863695F636F72658A
:101230002E630062745F6863695F6576745F6765DB
:10124000745F666C616773286864722D3E6576749E
:10125000292026202831554C203C3C2028312929A2
:1012600000415353455254494F4E204641494C206A
:101270005B25735D20402025733A25640A00454EA6
:101280004300657272203D3D20300009436F6E744B
:10129000726F6C6C657220756E726573706F6E73B1
:1012A0006976652C20636F6D6D616E64206F70636D
:1012B0006F6465203078253034782074696D656FEF
:1012C00075742077697468206572722025640A003D
:1012D00062756600574553545F544F504449522F2E
:1012E0007A65706879722F7375627379732F626C87
:1012F0007565746F6F74682F686F73742F68636996
:101300005F636F6D6D6F6E2E6300757362645F77E0
:101310006F726B7100636C6F636B403430303030D0
:101320003030300072616E646F6D40343030306444
:10133000303030006770696F4035303030303330D6
:1013400030006770696F40353030303030303000F9
:1013500074656D704034303030633030300071640B
:101360006563403430303132303030007561727432
:10137000403430303032303030006D61696E00738F
:101380007973776F726B71002A2A2A20426F6F740B
:10139000696E67205A6570687972204F53206275B4
:1013A000696C642076342E342E31202A2A2A0A00D1
:1013B000286E756C6C29002A666C6F61742A0000B7
:1013C000000000000000FFFFFFFFFFFF0000000023
:1013D00000000000000000001000800000805F9B03
:1013E00034FB0104000200000002000000000000C5
:1013F00000050000000000000000000000000000E8
:101400000005010002030001020304050607002095
:10141000303030303030303030303030303000012B
:1014200000000000000000000000000000000000BC
:1014300000000000000000000000000000000000AC
:10144000000000000000000000000000000000009C
:10145000000000000000000000000000000000008C
:10146000000000000000000000000000000000007C
:10147000000000000000000000000000000000006C
:10148000000000000000000000000000000000005C
:10149000000000000000000000000000000000004C
:1014A000000000000000000000000000D802002042
:1014B000C402002000C2010000000800000000007B
:1014C000000000000000000000000000000000001C
:1014D000000000000000000000000000000000000C
:1014E00000000000000000000000000000000000FC
:1014F00000000000000000000000000000000000EC
:1015000000000000000000000000000000000000DB
:1015100000000000000000000000000000000000CB
:1015200000000000000000000000000000000000BB
:1015300000000000000000000000000000000000AB
:10154000000000000000000000000000000000009B
:101550000000000000000000000000001803002050
:101560000403002000C20100000008000000000089
:10157000000000000000000000000000000000006B
:10158000000000000000000000000000000000005B
:10159000000000000000000000000000000000004B
:1015A000000000000000000000000000000000003B
:1015B000000000000000000000000000000000002B
:1015C000000000000000000000000000000000001B
:1015D000000000000000000000000000000000000B
:1015E00000000000000000000000000000000000FB
:1015F00000000000000000000000000000000000EB
:1016000000000000000000000000000000000000DA
:1016100000000000000000000000000000000000CA
:1016200000000000000000000000000000000000BA
:1016300000000000000000000000000000000000AA
:10164000000000000000000025B2020000000000C1
:10165000000000000000000000000000000000008A
:10166000000000000000000000000000000000007A
:10167000000000000000000000000000000000006A
:10168000000000000000000000000000000000005A
:10169000000000000000000000000000000000004A
:1016A000000000000000000000000000000000003A
:1016B000000000000000000000000000000000002A
:1016C000000000000000000000000000FC03040017
:1016D0001F00000000000000FFFFFFFFFF1F0000D1
:1016E00097CD0300286400200000000000000000E7
:1016F0000000000000040000286800200000000036
:10170000000000000000000000040000CD9902006D
:1017100080000000AD96020000000000AD960200BF
:1017200080000000286C0020000000000000000085
:1017300000000000000400002870002000000000ED
:10174000000000000000000000040000CD9902002D
:1017500080000000AD96020000000000AD9602007F
:1017600080000000EC0C040000000200F80C0400F3
:1017700000000200040D0400000002000000000050
:10178000F5D40300000000000000000000600040ED
:101790000000000000000000000000000000000049
:1017A0000000000000000000000000000000000039
:1017B0000000000000000000000000000000000029
:1017C0000000000000000000000000000000000019
:1017D0000000000000000000000000000000000009
:1017E00000000000000000000000000000000000F9
:1017F00000000000000000000000000000000000E9
:1018000000000000000000000000000000000000D8
:1018100000000000000000000000000000000000C8
:101820003DB20200000000000000000000000000C7
:10183000DDB60200000000000000000089C00200C8
:10184000EDCA0200000000000000000000000000DF
:1018500005C6020041E20300D5E2030079BF0200A1
:101860000000000000000000DDC8020000000000D1
:10187000000000001C0D040000002000000000001B
:10188000000000000000000000000000E7E403008A
:10189000000000000000000074160020000000009E
:1018A000B1FA0200000000007C16002000000000D9
:1018B00021EF02000000000084160020000000005C
:1018C000F95D0300000000008C16002000000000FD
:1018D00049EC020000000000C41E002000000000CF
:1018E0004567030000000000CC1E0020000000003F
:1018F000F95D030000000000D41E0020000000007D
:10190000450E030000000000481F002000000000FA
:101910007115030000000000501F002000000000AF
:10192000F95D030000000000581F002000000000C7
:10193000FD16030000000000601F002000000000F2
:101940008D1E030000000000842000200000000025
:10195000D4200020000000007421002000000000BE
:1019600024220020000000004D7103000000000050
:1019700034220020000000001D5B03000000000076
:101980005422002000000000F95D03000000000068
:101990006426002000000000B9DF02000000000003
:1019A0005C26002000000000B9DF020000000000FB
:1019B0005426002000000000E5DB020000000000CB
:1019C0004C26002000000000B9DF020000000000EB
:1019D0004426002000000000E5DB020000000000BB
:1019E0003C26002000000000B9DF020001060000D4
:1019F00000000000000000000000000000000000E7
:101A000001000001000101008FEC0300640C0400E0
:101A1000FFFFFFFF18000000002001400000000051
:101A200000000000000000000000000000000000B6
:101A300000000000000000000000000000000000A6
:101A4000000000003406002000000000000000003C
:101A5000000000000000000000000000973200209D
:101A600020000000000000000090D003FF000000F4
:0C1A7000900200005406002054060020E4
:101A7C00000000000000000000000000000000005A
:041A8C000000000056
:101A90007006002070060020546100200000000045
:101AA0000100000024000000000000008C0600205F
:101AB0008C0600208057002000000000010000007C
:101AC000A000000000000000A8060020A8060020DA
:101AD000A8610020000000002000000014000000A9
:101AE00000000000C4060020C40600207861002029
:101AF00000000000030000001000000000000000D3
:101B0000E0060020E00600200000000000000000C9
:041B10000E000000C3
:101B1400F4060020F406002001000000010000008B
:101B2400040700200407002000000000FFFFFFFF5F
:101B340000000000000000001C0700201C0700201B
:101B440000000000000000002C0700202C070020EB
:101B540000000000000000003C0700203C070020BB
:101B640003000300100000000000000070080400DF
:101B7400FC5F00200000000000000000600700205F
:101B8400600700200300030010000000CDBF020026
:101B94000C090400DC6000200000000000000000CC
:101BA40084070020840700200300030000000000D5
:101BB4000000000020080400505D00200000000028
:101BC40000000000A8070020A80700200100010071
:101BD4001000000091B602005C080400745F00204D
:101BE4000000000000000000CC070020CC0700200B
:101BF4000200020000000000000000004808040089
:101C0400445F00200000000000000000F0070020F6
:101C1400F00700200C000C0004000000A5AA02003C
:101C24000C080400745B00200000000000000000A9
:101C34001408002014080020010001000000000026
:0C1C440000000000340804009C5E00203A
:101C500012010002EF020140E32F0001040401021F
:101C6000030109020000000100E032080B0002023B
:101C70000200000904000001020200000524001017
:101C800001052401020104240202052406000107C3
:101C900005800310000A09040100020A0000000781
:101CA00005800240000007050002400000080B000C
:101CB00002020200000904000001020200000524E3
:101CC000001001052401020104240202052406007B
:101CD000010705800310000A09040100020A000040
:101CE00000070580024000000705000240000004D4
:101CF0000309040E035A45504859520000000000E1
:101D00000010035553422D444556000000000000CA
:101D100000220330313233343536373839414243CB
:101D200044454600000000000000000000000000E4
:051D30000000000000AE
:101D38000000000053080020FFD103001D9C020092
:101D48006999020000000000000000000300000084
:101D58002C0300200000000095080020FFD103009C
:101D68001D9C0200699902000000000000000000AC
:081D780003000000EC02002052
:041D800015E015E075
:040000032000A2092E
:00000001FF
