:020000022000DC
:107000008088002095BA02002FC6040081BA0200D1
:1070100081BA020081BA020081BA020000000000B9
:10702000000000000000000000000000CDBA0200D7
:1070300081BA020000000000CDBC020081BA02004B
:1070400045BD0200D50B040045BD020045BD020050
:1070500045BD020045BD020045BD020045BD020020
:1070600045BD020045BD020045BD020045BD020010
:1070700045BD020045BD020045BD020045BD020000
:1070800045BD020045BD020045BD020045BD0200F0
:1070900045BD020045BD020045BD020045BD0200E0
:1070A00045BD020045BD020045BD020045BD0200D0
:1070B00045BD020045BD020045BD020045BD0200C0
:1070C00045BD020045BD020045BD020045BD0200B0
:1070D00045BD020045BD020045BD020045BD0200A0
:1070E00045BD020045BD020045BD020045BD020090
:1070F00045BD020045BD020045BD020045BD020080
:1071000053B94AB9002908BF00281CBF4FF0FF310E
:107110004FF0FF3000F00CB8ADF1080C6DE904CE73
:1071200000F022F8DDF804E0DDE9022304B0704746
:10713000704700BF10F8012B11F8013B012A28BF4E
:107140009A42F7D0D01A7047034611F8012B03F882
:10715000012B002AF9D17047034613F8012B002AAE
:10716000FBD1181A013870472DE9F0478C468E463E
:10717000089E154604461946002B40F0D080724503
:1071800047D9B2FA82F74FB1C7F120030EFA07FCD4
:1071900020FA03F3BD4043EA0C0CBC404FEA154E05
:1071A000A8B2BCFBFEF8230C0EFB18CC08FB00F9C0
:1071B00043EA0C43994528D9EB1808F1FF3204D271
:1071C000994502D9A8F102022B44A3EB0903A4B20A
:1071D000B3FBFEFC0EFB1C330CFB00F044EA034443
:1071E000A04214D92C190CF1FF3304D2A04202D9C9
:1071F000ACF102032C44241A43EA02401EB1FC40C5
:10720000002334607360BDE8F0874246DDE76346E3
:10721000F1E7002A79D0B2FA82F3002B3FD0194669
:10722000C1F1200302FA01F52EFA03F20EFA01FE73
:1072300020FA03F343EA0E034FEA154E00FA01F475
:10724000B2FBFEFCAFB20EFB1C201A0C0CFB07F8C5
:1072500042EA004290455AD9AA180CF1FF3004D2F4
:10726000904502D9ACF102002A44A2EB08029BB27D
:10727000B2FBFEFC0EFB1C220CFB07F743EA0243A9
:107280009F4246D9EB180CF1FF3204D29F4202D93B
:10729000ACF102022B44DB1B42EA004202E0AEEBFF
:1072A000020301224FEA154EAFB2B3FBFEFC200CE5
:1072B0000EFB1C330CFB07F840EA034398452AD920
:1072C000EB180CF1FF3004D2984502D9ACF1020062
:1072D0002B44A3EB0803A4B2B3FBFEFC0EFB1C3350
:1072E0000CFB07F744EA0344A74216D92C190CF10A
:1072F000FF3304D2A74202D9ACF102032C44E41BB1
:1073000043EA00400F46114678E71F2188E76046B0
:10731000ABE76246BFE76046DBE76346EFE77345EE
:1073200006D916B9002108466DE7C6E9000EF9E74F
:10733000B3FA83F787B9734501D3824207D8841A19
:107340006EEB030301209C461EB900215BE7384623
:10735000FAE7C6E9004CF8E7C7F1200CBB4022FA77
:107360000CF51D4320FA0CF12EFA0CF30EFA07FE71
:1073700041EA0E014FEA154900FA07F4B3FBF9F8A8
:107380001FFA85FE09FB18300B0C08FB0EFA43EAC6
:1073900000439A4502FA07F240D9EB1808F1FF3092
:1073A00004D29A4502D9A8F102002B44A3EB0A03A8
:1073B00089B2B3FBF9F809FB183308FB0EFE41EA6A
:1073C00003418E452CD9691808F1FF3304D28E454C
:1073D00002D9A8F10203294443EA0040A0FB029825
:1073E000A1EB0E014145CE46434602D306D14C45A2
:1073F00004D2B9EB020E68EB05030138002EA4D0CD
:10740000B4EB0E0261EB030101FA0CFC22FA07F364
:107410004CEA0303F940C6E9003196E74046C5E768
:107420004346D9E700000000F0B5002285B01146C0
:1074300002AF40F6034007F007FA044600285BD18C
:1074400006F0A0FF21463A1D41F2030007F0FCF9C7
:107450000446002850D17A68294DD168D1F801003E
:10746000D1F8051005F1880303C3104604F05AFF54
:1074700021463A1D41F2010007F0E6F904460028D2
:107480003AD17868C3685A7885F880205A88A5F878
:1074900082201A7985F88120B3F80720A5F8842086
:1074A000B3F80530A5F8863004F03CFF21463A1DBC
:1074B00041F2020007F0C8F90446E8B9D7F804C061
:1074C000DCF80C2005F19006531C4132186859680D
:1074D000344603C4083393422646F7D1604604F08D
:1074E00021FF95F88C305A0610D4064A064801212F
:1074F00026F0E2FC6FF0120420460C37BD46F0BDCA
:10750000D0000020D1620500B43505003A1D0021ED
:1075100042F2030007F098F904460028ECD17A689B
:10752000B74BD168D1F80100D1F8051003C310465C
:1075300004F0F8FE21463A1D42F2020007F084F9F9
:1075400004460028D8D17E68F468B4F801309AB2B5
:1075500092B1E27882B1A5F80C31E378032B06D022
:1075600003220092A748A84A022124F005FEE278EF
:10757000A648114629F096FF304604F0D3FE95F850
:107580008C601F2316F02006A5F8203119D14FF08A
:10759000FF304FF0FF3106F01DFF0446002800F0D9
:1075A000DA8102210C3025F004F9012303704670C2
:1075B0002146324640F66D4007F046F90446002861
:1075C0009AD195F8AC301B0712D53A1D002142F232
:1075D0001C0007F039F9044600288DD17868C3688B
:1075E000D3F80120D3F80530C5E93C2304F09AFE16
:1075F00095F8E8309E0623D5B91C384607F0CCF93B
:10760000044600287FF478AF4FF0FF304FF0FF3191
:1076100006F0E0FE0646002800F09D8104210C30B3
:1076200025F0C7F83B8803807B884380224631469B
:1076300042F2240007F008F9044600287FF45CAF0A
:1076400095F8E8305C062BD54FF0FF304FF0FF3156
:1076500006F0C0FE0446002800F07D8102210C30B7
:1076600025F0A7F8B5F8C03103802146002242F288
:107670002E0007F0E9F8044600287FF43DAF0146EC
:107680003A1D42F22A0007F0DFF8044600287FF492
:1076900033AF7868C3685B7885F8223104F042FE26
:1076A0004FF0FF304FF0FF3106F094FE0646002801
:1076B00000F0518108210C3025F07BF895F8E84066
:1076C00014F0400F40F20223024608BF0323A00734
:1076D0004CBF43F02C0343F00C03A10695F8E910CE
:1076E00048BF43F0400311F0090F18BF43F4006393
:1076F00004F0010443EA0410002126F019FC0022E2
:10770000314642F2010007F09FF8044600287FF45A
:10771000F3AE95F88C30B5F80C1198065CD4C9B965
:107720003A1D41F2050007F08FF8044600287FF467
:10773000E3AEB5F80C317C684BB9E368B3F80120CF
:10774000A5F80C219A883148114629F0ABFE204655
:1077500004F0E8FD4FF0FF304FF0FF3106F03AFE45
:107760000446002800F0F78008210C3025F021F8AD
:1077700095F8E830D907024638D425484FF0005133
:1077800026F0D6FB2146002240F6014007F05CF8C7
:10779000044600287FF4B0AE01463A1D4FF6014082
:1077A00007F052F8002839D01A4A1648022126F06C
:1077B00083FB6B7D002B40F0BE8008F02DFA044661
:1077C00000287FF499AE09F083FE044600287FF478
:1077D00093AE06F0C3FF8FE60029BBD10E4A0948DD
:1077E000012126F069FB6FF0040485E602A1D1E9CE
:1077F0000001C5E7AFF30080908800020080002000
:10780000B8010020B4350500F5620500E001002054
:10781000108800025E6305003B6305007B68DC683E
:10782000B4F80130042B96BF584A594952F8231036
:107830006E468AB002AA5748D3614FF4007313848E
:10784000554BC2E9050142F8103F54484FF413511B
:1078500026F04AFBB4F80120B4F80330022AB546FA
:1078600049D1052B47D84E4A52F823106E468AB0AC
:1078700002AA4C48D3614FF400731384464BC2E90B
:10788000050142F8103F4FF41351444826F02CFBF9
:10789000637994F806C0D4F80900032BB54698BF65
:1078A000414AB4F8076094BF52F8231038496C4637
:1078B0008CB002AADFF8F4E0C2E9073C4FF4007391
:1078C00093853B4BC2E905E1C2E909604FF473516E
:1078D00042F8103F314826F007FBA546786804F0CF
:1078E00021FD3A1D00214FF6024006F0ADFF04468F
:1078F00018B1304A59E72649B8E77868C368B3F841
:107900000130A5F8D13004F00DFD95F8D1305A07BB
:107910007FF54FAF3A1D21464FF6034006F094FF26
:1079200008B1254A41E77868C3685B7885F8D030AC
:1079300004F0F8FC3DE72E78002E7FF43EAF95F87A
:10794000D1309B061FD54FF0FF304FF0FF3106F0CE
:1079500041FD044610B96FF06804CDE506210C30F6
:1079600024F027FFD5F801300360144B9B888380F7
:10797000214632464FF6064006F066FF04460028D0
:107980003FF41BAFB8E56FF08504B5E5C83B0500D3
:10799000D86005008263050004000001B4350500CD
:1079A000B03B05009B630500A03B0500B3630500E9
:1079B00007000001E063050009640500D100002014
:1079C0002DE9F843D0E90738856903EB08042F3423
:1079D000A5420F46164619D8DFF86C80A3FB0801B4
:1079E00017A3D3E90023FFF78BFB0346601BA0FB23
:1079F000080123F07F4412A3D3E90023FFF780FBA3
:107A000020F07F403C603060BDE8F883DFF83890BC
:107A10000BA3D3E90023A5FB0901FFF771FB20F0BD
:107A20007F440A480A2106A3D3E90023E8FB0901A1
:107A3000FFF766FB20F07F403C603060BDE8F883D4
:107A40008D49FD1A0700000000CA9A3B00166BF131
:107A5000002800F051812DE9F04FCB4C94F85E20C6
:107A600012F001058DB040F03481607EFF2300F0FC
:107A70000300A37618F0EEFC94F85E00420700F1D4
:107A80002C81627F94F8293004EB820204EB83039B
:107A9000166AD3F82C8086B1BB48314613F0D2F871
:107AA00033785B0605D506210EF016FF002800F09E
:107AB0005581B548414613F0C5F8337813F00E0FE1
:107AC00040F0918063691BB10C200DB0BDE8F08FD0
:107AD00010F016FF8146002800F0498110F01CFFCD
:107AE0008246002800F0408113F0CEFA05460028B7
:107AF00000F05A81D0F888004FF6FF73AB8405F18F
:107B0000100B002800F0358105F17C0205F17801A9
:107B10000EF0EEFEB5F8763023F4EF6323F00703A2
:107B200043F48C7343F00103A5F8763095F83730B1
:107B300003F03F0363F07F0385F8373095F88E300C
:107B400023F0070385F88E3095F83C3023F00F03BF
:107B5000002785F83C304FF4C023C5F88E31284605
:107B6000C5E91277C5F88870A5F88C7085F839706A
:107B70006F85C5F82E702F65A5F86071A5F8947112
:107B8000A5F88A7115F016FA85F86471C5F8689140
:107B900013F042FD95F89C3160F3020385F89C31A7
:107BA00013F040FD95F89C3160F3C50385F89C31D6
:107BB00095F8623167F34103012185F86231284667
:107BC00014F0C4F805F1E00015F014F8C4E9159AB2
:107BD000C4F814B0C5E902772F702D6119F0A4FC28
:107BE000002840F0BD80237E0121C3F342030DF144
:107BF0002B008DF82B300FF01DF8024600287DD0A9
:107C00004146304612F016FE604A614BB4F85C8083
:107C10000721E0FB023100251846C4E9025558A3AC
:107C2000D3E900232570FFF76BFA606010F098F934
:107C300000F10907B8F1000F07D1357805F00F05FD
:107C4000A5F10105B5FA85F56D09207E636865F338
:107C5000000010F00105207657D04E4A099200200E
:107C6000106002254C4ADFF8348104930BAE019377
:107C700005920321CDE90200069400903B46CDF821
:107C80001C8008962A460B9510F08EF8314610F0AD
:107C9000CDFE98BB424905914AF2D8330093CDE915
:107CA0000300CDE90100CDF81C80089606943B4600
:107CB000012203210B9510F05BF8314610F0B6FE5F
:107CC000E0B994F85E300120034384F85E3018F088
:107CD000A3FB00200DB0BDE8F08F2A4604F15F0140
:107CE000C0F3C00018F0EEFCFF28A0763FF4C9AE48
:107CF000284618F0C9FBC4E612F034BD6369002BB6
:107D00003FF4E2AE12F004FDDEE6224A2548049379
:107D100003F247130694029591211360A8FB000318
:107D200001FB08311D4B07931B4B05934FF6FF7367
:107D300009924FF0020803930BAE11A3D3E900237D
:107D4000CDF82C800896FFF7DBF93B46CDE90050D3
:107D500042462846032110F027F8AEE71220B4E689
:107D600012F0D6FC0320B0E6484610F0CFFD072005
:107D7000ABE605F18000C5F88800C5E6AFF30080EA
:107D80008D49FD1A070000000C2E002000CA9A3B06
:107D90008C49FD1A002E0020ADA803005D80030071
:107DA000D1A50300002AE784504610F0BBFD4846E9
:107DB00010F0ACFDDBE700BF70B5037E8AB0C3F303
:107DC00042030D46044601210DF1230016468DF8AD
:107DD00023300EF02FFF31460246284612F02AFDCE
:107DE0001D4A1E4B0721E0FB0231184618A3D3E9B8
:107DF0000023FFF785F963689842054621D21B1AD4
:107E000000220192164A0293164BA21AA3FB0232D9
:107E10000221520900230A4409AE09911249059131
:107E2000CDE9033303210696D2B20093184610F031
:107E300011F8314610F0FAFD38B9656000200AB03B
:107E400070BDFBD9C21A0023DBE70C200AB070BD5D
:107E50008D49FD1A0700000000CA9A3B8C49FD1AA3
:107E60000C2E00204FECC44E5D800300000000008B
:107E70002DE9F04F05468BB08B4601200221994633
:107E800014461BF037F900220221824601200EF031
:107E900083FD2F494FF4D47228460EF009FDC61C0D
:107EA0002C4B0093F6B201954B463246012100203F
:107EB00010F01EF810F0FD0F42D1274BA4FB034831
:107EC000204621A3D3E900234146FFF719F908957D
:107ED00006956B680493214B20F07F47A7FB033185
:107EE000E01A1F4B07934FF007021E4B059302FB4E
:107EF00007114FF6FE7368EB010103934FF47A729A
:107F00000023FFF7FDF8CDF800B0CDE901704B4636
:107F10003246012100200FF02BFF10F0FD0F0DD194
:107F2000BAF1000F02D10BB0BDE8F08F012202219F
:107F300010460BB0BDE8F04F0EF02EBD00DEEFE7AF
:107F400000DEBAE7AFF300808D49FD1A070000009C
:107F50005018002045AF030000CA9A3B8D49FD1A16
:107F60002DAF0300D1F803002DE9F0418468A28C05
:107F70004FF6FF739A428CB000F0C0800546204651
:107F800015F094FA2B7D012B00F0E680022B00F017
:107F9000B88033B994F88E3003F01803182B00F032
:107FA0001C8194F86471002F40F0AE802B8AE68D1E
:107FB00094F93720CDE90A77002B00F0AC80002A35
:107FC000C0F221810023A4F89031AB7CA28D03F094
:107FD0000303551C012BADB200F0BA80B4F8943104
:107FE000002B00F0BF80AB4240F237815B1B9BB29D
:107FF000062BA4F894314FF000028CBF002301231C
:10800000E2851F4694F83C2063F3820284F83C200A
:1080100029460DF12702204615F008F8743000F0CB
:108020001681B4F88E312BB1AB4240F2BF805B1B9E
:10803000A4F88E31B4F88A312BB1AB4240F2C6803D
:108040005B1BA4F88A31E58D17B9AE4200F0AC8015
:108050000135ADB294F8D13013F0010609D1DDE954
:108060000AC3B3BBBCF1000F00F0E9801E461946FD
:1080700030E094F9372023F00103002A84F8D1304E
:10808000C0F28A8094F87600C0F3C00100F00700C7
:1080900019F0C8F8B4F86E20B4F86C301344E28BD1
:1080A00003F23F13134418448D4A8E4B0721E0FB23
:1080B0000231184688A3D3E90023FFF721F861684D
:1080C00020F07F408142DDE90AC380F0B280461A89
:1080D00060600021A28C24690694CDE90357033225
:1080E000814D0291CDE900C6D2B201210020059553
:1080F0000FF0B0FE10F0FD0F40F0B4800CB0BDE802
:10810000F0813D2784F86471394620460CB0BDE803
:10811000F04113F041BB002AB8BF84F8D570AB7CA6
:10812000A28D03F00303551C012BADB210D0B4F89F
:108130009031002B3FF452AFAB4240F29A805B1B70
:10814000A4F89031B4F89431002B7FF44CAF59E788
:108150000023A4F8943155E70023A4F88E31A4F845
:108160008A311EE7E38C052B8BBF40F2E2424FF4CD
:10817000FA725A4303FB0222B4F8923142F21071B0
:1081800001FB0323013BB3FBF2F39BB2A4F8943150
:10819000002B7FF428AF35E794F87700012100F039
:1081A000070019F041F875E73D4653E710F0FAFB78
:1081B0000146002864D00023A4F88E31A38CC3802C
:1081C0001B230371006810F0BFFB33E70023A4F802
:1081D0008A31204614F0BCFF35E7218DB4F88C219C
:1081E0008B1D9A42C4BF931F5B1AB4F88811CCBF91
:1081F0009BB21346994256D0A4F88831A4F88A312C
:10820000A4F88E21CDE694F8D530002B3CD0013B6C
:1082100084F8D53004F1E008404614F02DFD002824
:1082200055D0404614F028FD002842D00023E385B5
:10823000C8E6091A6060A3BB51EA0C021ED115B949
:10824000002F3FF45BAF00263146334642E79DF8EE
:108250002710204613F0A0FA50E70821204613F01B
:108260009BFA4BE710F00CFC84423FF447AF00DE72
:1082700044E73E21204613F08FFA3FE71E4629E7E8
:108280000123A4F88E31D5E60AAA0BA92846FFF7E8
:1082900097FBDDE90A231343BCD0237884F8D5305B
:1082A000B8E7002616E7B4F88E1100297FF479AEFE
:1082B000A4E70246D4E91E010EF032FB0028B5D136
:1082C00094F83C301B0744BF238DE3857AE6FF20FA
:1082D00013F024FAA5E700BF8D49FD1A070000003E
:1082E00000CA9A3B8C49FD1A85AF030000000000CC
:1082F0002DE9F04F87B0B0F86071BDF84C90009157
:10830000CDE90423B0F82431BDF840A01F44BFB22A
:108310000446A7EB090390F87600D4F81C819EB2BE
:10832000BDF844300193C0F3C001BDF84830039656
:1083300000F00700029318F075FFE58C052D40F260
:10834000A38015FB06F5ADB240F2E24BBAF1050F82
:1083500040F28E80B4F86E20B4F86C30134403F20F
:10836000D5130344764A77480721E3FB02014FF017
:108370009613E361962323846FA3D3E90023FEF7CA
:10838000BFFE564620F07F4040F2E2430BFB05F271
:1083900003FB06F6531E3344B3FBF6F31FFA83FBCD
:1083A00060600BFB06F082425D4653D26449801A3E
:1083B000A0FB010160A3D3E90023FEF7A1FE20F09A
:1083C0007F408044B4F82421B4F86031A9EB070958
:1083D0004D44ADB213442B44A4F86031638D134473
:1083E0001D4494F837306585DB0955D100DE002740
:1083F0003546019B2385029BA4F8923131462046E5
:10840000A4F826A014F03EFE4F4B218D3344881D66
:10841000B3FBF6F39AB29042A4F88C2104D2C1F5D2
:108420007F41FA310A4492B2009BA4F8882113B12B
:108430000023A4F8943143462A4639462046FFF7E4
:1084400017FD94F8623143F0010384F8623107B0FC
:10845000BDE8F08F121A3A48A2FB000136A3D3E917
:108460000023FEF74DFE20F07F40A8EB0008A9E7AF
:108470004FF096130AF10106E36196232384B6B206
:108480000A204FF4FA7381E7039B013515FB03F5CE
:10849000ADB24FF4FA7B59E7216CA36C284F01FB76
:1084A0000233039A01FB1233A3640023C4F8DC30C7
:1084B00019F08CF8054694F8D400C0F3420019F086
:1084C00087F8054406FB05F5204B1E4805F5742585
:1084D00005F23F25A3FB0535AD0CA36C25640BFB12
:1084E00005FB72085B44963A934228BF1346C4E9E1
:1084F0001123049B40F2E24909FB03F307212365A2
:10850000EBFB07010CA3D3E90023FEF7F9FD104BA9
:10851000059AA8EB0008A3FB0230800A09FB00F0D3
:10852000A0FB070104A3D3E90023FEF7E9FD751BB7
:1085300020F07F475DE700BF8D49FD1A070000006E
:1085400000CA9A3B8C49FD1A7FC3C90183DE1B43D5
:108550005917B7D1000000002DE9F04F0D461668FD
:1085600095F8118009681446027FD1F8009093B005
:108570008346C2F38012D0F81E008DF83720B8F180
:10858000FF0FBBF822201090ADF8442057D110AB5C
:1085900093E803000E90ADF83C105A46BBF82E103D
:1085A00052F82EAB9278A2722181DBF82A20626009
:1085B000DBF83A20C4F8222004F122009BF83E2088
:1085C000027105210EF036FB94F8272000F03F00E1
:1085D00060F3050284F827209BF83F20C2F30401D2
:1085E00084F82810BBF83410E182012802F01F0241
:1085F00089B20AD91B3202F01F020B2A05D80639AC
:1086000089B240F67A42914225D90021C9F8081072
:1086100094F82C2061F3000284F82C20DBF80C4045
:108620000125504659468BF8045010F081F9206816
:108630002571214610F088F913B0BDE8F08F0EAA1D
:108640000DF13701404617F045FC9DF83720023206
:108650008DF83720A1E72A6800215160BBF8362049
:10866000E78A228340F2E24303FB07F73046BBF878
:1086700032300B9314F01AFD9BF83F2096F8D4107B
:10868000520962F3430186F8D41018F09FFF0A9054
:1086900096F8D400C0F3420018F09AFF0A9A1044EA
:1086A00007FB00F0AE4A00F5742000F23F20A2FB69
:1086B00000207A08800C963A206362639BF8312090
:1086C00040F2E24303FB02F26264BBF83820A6F8F2
:1086D00092213946304614F0D5FCA24AA249C6F888
:1086E00098113A44B2FBF7F290B2A6F88C01218BB4
:1086F00001F1060C604504DDC1F57F41FA3101440A
:1087000088B25A46A6F8880112F81C3FC3F34013FA
:10871000D2070A9300F115814FF48072ABF81C2048
:1087200099F81A0018F002F9002800F0EA80DBF846
:108730002420CBF82B20BBF82820ABF82F20B8F151
:10874000FF0F00F0F880BDF844201098ABF8292006
:10875000CBF825009DF837208BF81E200E98BDF829
:108760003C20CBF81F00ABF82320E28AABF8322084
:10877000228BABF83420B6F89221ABF8362096F86D
:10878000D420C2F342028BF83820304612F088FC25
:10879000A082ABF80600D5F804805046594610F088
:1087A000C7F81C23A28A88F804300A9BD8F800A0D6
:1087B000A8F80620002B40F0B180DDF828B088F83A
:1087C0001CB04146504610F0BFF894F86700B4F86A
:1087D0005CA0B4F85E80012100F0070018F024FDD1
:1087E000D04408F2D51808EB00038246DFF87C81FC
:1087F0005F480721E3FB08014FF09613C4E90333F8
:1088000055A3D3E90023FEF77BFC20F07F40706086
:10881000EB680B98226B40F2E24101FB003404F25A
:10882000B3440221A41A0120BF1A00220EF0B4F8AA
:10883000484612F0C5F9A4EB0A0447A3D3E9002384
:108840008246A4FB0801FEF75BFCCDF80490AB6800
:108850004849009120F07F480AF10202363BD2B22B
:108860004344012100200FF043FB01286BD099F80D
:108870001830DB074AD4304612F012FC3B4CA7FB01
:10888000044935A3D3E90023834649462046FEF731
:1088900037FCAB68384A0792A3F1360A374B069685
:1088A00020F07F47A7FB0331E01A354B05934FF4C7
:1088B000F8730893736804934FF0070303FB0711E1
:1088C00069EB010100244FF47A7200230394FEF750
:1088D00017FC0BF10305EDB2CDE90170CDF8008076
:1088E00053462A46012120460FF042FA10F0FD0FB0
:1088F0002FD10122022110460EF04EF813B0BDE830
:10890000F08FCBF82B00ABF82F0018E700230122E3
:108910000093184611460FF0B5FAACE794F82730EB
:1089200043F0400384F82730201D17F0BFF84FF0C4
:10893000010B208543E70021CBF82510ABF8291067
:1089400008E700DEE8E610F09BF881458FD000DEF6
:108950008DE700DECDE700BF8D49FD1A070000005E
:1089600083DE1B437FC3C901404B4C0000CA9A3BC6
:108970008C49FD1A59F90300A9F803008D49FD1A25
:10898000D1F80300000000002DE9F04F8DB0484EF3
:10899000484D82460FF0E4FAF16807460FF0E2FA1C
:1089A0007168F76040A3D3E900230446A1FB0501E9
:1089B000FEF7A6FB20F07F439C4257D30DF12F0119
:1089C0000DF12E0010F01EF8DFF8E8803568A5FBE9
:1089D000085935A3D3E9002328464946FEF790FB02
:1089E000CDF818A004467068334B0593A0FB08012E
:1089F0002DA3D3E900234FF00008CDE90788FEF747
:108A00007FFB2E4BCDF80C8024F07F44A4FB033178
:108A100020F07F40072202FB04110490E81A69EB62
:108A200001014FF47A720023FEF76AFB9DF82FB024
:108A30009DF82EA0CDF80080CDE901403B465A4676
:108A4000504603210FF094F910F0FD0404D06FF0AC
:108A50008B000DB0BDE8F08F19481A4A00231FF0B3
:108A60007FF890B930690DB0BDE8F08F30680EA383
:108A7000D3E90023A0FB0501FEF742FB20F07F4174
:108A800038460FF06FFA074698E79DF82F209DF8BB
:108A90002E000094234603210FF0F4F96FF07300C9
:108AA000D7E700BFAFF300808D49FD1A0700000033
:108AB000801B002000CA9A3B6D0B04008D49FD1AF3
:108AC00004340020447B0B0038B50F4D04460FF0F2
:108AD00047FAA9680FF046FA696803460B48B3FBEA
:108AE000F4F4A1FB00011C4405A3D3E90023FEF725
:108AF00007FB20F07F40844294BF0020012038BD56
:108B00008D49FD1A07000000801B002000CA9A3B17
:108B1000F0B5C468636883B00546002B54D119F0E2
:108B20002FFE002019F050FE0021084619F03EFEED
:108B300000222521082019F0A5FE414B019301A830
:108B400019F08CFE3F4940F25B6019F03DFF237A3B
:108B5000C3F3420262F306132372204618F0C6FEE6
:108B600017F06CFF637A03F0030348BBFBB9276877
:108B70002E68384618F010FB06446A6806F10901B1
:108B800001201AF069F81AF029F9204612F024F8A9
:108B9000811C3246C9B2384618F000FB054600BBBE
:108BA000204618F0D5FAD0B9002003B0F0BD01205E
:108BB00017F028FC4178821C007819F0EDFFD6E709
:108BC000181E18BF0120F3E793F82C309B07A6D09E
:108BD0001D48214619F0A8FD19F0A0FEE4E700DECB
:108BE000E2E71A4A1A491B4840F2114322F053FAAD
:108BF000194B0721A5FB030301FB05310EA3D3E9A4
:108C00000023FEF77DFA15490246154822F043FA83
:108C1000002585F31188BFF36F8F0323184602DF09
:108C20001048214619F080FD19F078FE6FF08B0096
:108C3000BBE700BFAFF3008000CA9A3B0000000012
:108C4000D6BE898E55555500E112040040410500FD
:108C50008C410500D04005008D49FD1AD442050025
:108C600090410500DD1504002DE9F043C468A28A97
:108C70004FF6FF739A4283B000F0FD80064619F06C
:108C8000E9F83389628B208C94F82710A3831A4467
:108C900092B2104480B2431C23840023638301F00A
:108CA0003F034906E28300F1A48094F82810009362
:108CB00004F1290004F1220316F0BAFE0546D4E9B6
:108CC0000C31A26BA08BA36303FB0022E36B8A42EF
:108CD00094BF9B185B188B4228BF0B46626CE36302
:108CE000236C94F867101A4494F82C3061F306133F
:108CF0000021C4E9101294F87E2084F82C3012F080
:108D0000040200F0898019F03BFD002019F05CFDA1
:108D1000201D19F0A3FD2389A17A40F25B6043EA8C
:108D2000014119F051FE284618F048FA21465848EA
:108D300019F0FAFCA08919F083FF94F8662094F8E2
:108D40006700C2F3C003002102F0070200F0070031
:108D500019F0A0FE204619F017F9D4F80080376802
:108D6000404618F019FA0744726807F1090100201B
:108D700019F072FF81461AF005F800201AF01CF86D
:108D8000E36B94F8670003F12F02636C012100F09C
:108D9000070003EB420519F0B3FD4D44054494F878
:108DA000670000F00700022834D004280CBF4FF4FD
:108DB000BC73282301211D4419F0A4FD284419F097
:108DC000D3FFA18A03313A46C9B2404618F0E6F90A
:108DD0000546A8B1B37A13F002062BD000252D4822
:108DE000214619F0A1FC19F099FD284603B0BDE811
:108DF000F083218D04F1220216F05CFE05465EE749
:108E0000204618F0A5F900283CD10025284603B0DB
:108E1000BDE8F0831823CDE7D4E91A010DF080FDF9
:108E200000287FF470AF94F87E3043F0040384F898
:108E30007E3068E7184A194919484FF4AC7322F09C
:108E40002AF918480721A5FB000301FB05310EA3F1
:108E5000D3E90023FEF754F913490246134822F0E0
:108E60001AF986F31188BFF36F8F0323184602DFC8
:108E70006FF08B05B3E70E48214619F055FC19F049
:108E80004DFDC2E700DEC0E700CA9A3B00000000CB
:108E9000AD210400BD120400BC4105008C41050059
:108EA000D04005008D49FD1AE042050090410500C3
:108EB000E1120400034B04480A461978013122F0FC
:108EC000DDB800BF57430020D04E0500024B0348D9
:108ED0001978013122F0D2B857430020F94E05002D
:108EE00030B5164D164C89B007F018F91422002140
:108EF00003A82AF032F829781248635C8DF80C3008
:108F00000722A023CDE90423F0230F4A0693002370
:108F100052F82120009350F8211003A806F022FFF8
:108F2000014638B929780948625C013122F0A6F877
:108F300009B030BD064822F0A1F8F9E757430020F8
:108F4000E30800201438050008380500214F05000B
:108F50005C4F050008B5094909480B780322013325
:108F6000B3FBF2F202EB42029B1A01220B7002F0F9
:108F70006FF8BDE80840FFF7B3BF00BF57430020BC
:108F80007F4F050070B50C49064614461D46FEF796
:108F9000D1F828B9094901222846A047002070BD10
:108FA00007493046FEF7C6F810B906490322F3E731
:108FB0006FF00100F3E700BF834F05005743002027
:108FC00069510500E30800201FB507240294044CF2
:108FD0000194BDF81840009426F0C4F904B010BD07
:108FE0002883050038B528F030FD4FF47A72A0FBD5
:108FF000020302FB01310C4AC30BD2E9004043EAF1
:1090000041431C1B4FEAD13140F2E93561EB0000CE
:10901000AC4270F1000006DBC2E900310348BDE854
:1090200038401EF06DBF38BD700C002000030020DA
:1090300008B50A4822F022F807F070F8084B1868C3
:1090400038B1084B01221A70BDE80840132125F001
:1090500039BABDE8084004481EF052BF864F0500EB
:10906000C81E002056430020F002002038B50C4DE9
:109070002B6883420C4603D107F08AFC00232B6047
:109080000848214621F0FAFF074B1A7832B1002236
:1090900006481A70BDE838401EF032BF0448F9E7B0
:1090A000C81E0020B74F050056430020F0020020E4
:1090B000D002002008B559B925F0E8F9054B186031
:1090C000054B06481978BDE80840013121F0D6BFAC
:1090D00008BD00BFC81E002057430020D74F050021
:1090E00030B483689C6984B1130207D505690123F4
:1090F0002D688B402B4218BF82F0C062044BA446FF
:10910000134030BC02F0B072604730BC704700BF03
:109110004000000638B528F098FC4FF47A72A0FBA6
:10912000020302FB01310C4AC30BD2E9004043EABF
:1091300041431C1B4FEAD13140F2DD5561EB000089
:10914000AC4270F1000006DBC2E900310348BDE823
:1091500038401EF0D5BE38BD680C0020E00200206B
:1091600010B5154821F08AFF06F0D8FF134B186898
:1091700010B1132125F0A6F9114821F07FFF114C01
:10918000204627F0C5FF60B1A3689B684BB14FF440
:1091900000424FF46C212046984710B90A4821F04C
:1091A0006DFF0A4821F06AFF4FF40040002128F0CB
:1091B0006CFB012000F01CFDF24F0500C81E0020D2
:1091C00032500500243205006F500500A150050003
:1091D00070B58EB000214FF4C03028F056FB5648D1
:1091E00021F04CFF554821F049FF554821F046FF3A
:1091F000544827F08DFF98B1534A5248032121F07B
:1092000023FD50484FF0B8620321FFF769FF4F4A32
:109210004F4B53604B4808231146936021F00EFDDD
:109220004C4827F075FFA0B1474A4A480B2121F06E
:109230000BFD48484FF0B8620B21FFF751FF464A3B
:10924000464B536043484FF400631146936021F04E
:10925000F5FC4348434C08F023F908AD002005F025
:109260001DFD23F0D2F8032301A92846019306F03F
:109270007FFA0199032905D16278FF2A02D0A378E9
:10928000FF2B56D1384821F0F9FE012006F0EAFA0A
:10929000022006F0E7FA95E80300ADF80C10090C7F
:1092A00002908DF80E1002AD95E803000490ADF821
:1092B0001410C0F30720C1F30741013061F03F01F2
:1092C00001268DF811008DF8161004A800218DF8E4
:1092D000106006F05FFA0028B8BF3046607095E86D
:1092E00003000690ADF81C10C0F30720C1F307413E
:1092F000023061F03F018DF819008DF81E1006A8AC
:1093000000218DF8186006F045FA0028B8BF022049
:109310001449A0700322154801F09AFEA3786278E0
:109320002178134821F0AAFEFFF7DAFD00200EB0E5
:1093300070BD21780F48F5E7CB500500F6500500C9
:10934000CC5005006031050011000100D81E00203E
:10935000E58F020044310500CC1E0020159102006B
:10936000A8020020E30800202251050065510500F5
:109370006D510500A95105002DE9F84F8A4600AF4F
:10938000002974D004680E1F361BF50826F0070666
:1093900004EB0608B8F802B01BF0010B16D1E94641
:1093A00088B06A46334BCDE90531032342F8103FBC
:1093B00031485B464FF4C25101F012FBCD468BF3AE
:1093C0001188BFF36F8F0423184602DF2946204619
:1093D00021F05FFC284434F83030C01A854217D0A1
:1093E000E94688B06A46254BCDE9053A032342F8A1
:1093F000103F214800234FF4C25101F0F1FA00233D
:10940000CD4683F31188BFF36F8F0423184602DF24
:10941000B8F8023023F00103A8F8023029462046AC
:1094200021F037FC05EB000804EBC8035B88DA0782
:1094300008D44146204621F075FC42462946204684
:1094400021F0B5FCA65BAE1B04EBC6035B88DB0713
:1094500009D43146204621F065FC2A463146204693
:1094600021F0A5FC35462946204621F017FCBD46D3
:10947000BDE8F88F625205005436050039520500E8
:109480002DE9F04F91B08407009302F0040302939A
:10949000C2F3C20303F10103DDF868A0039205469D
:1094A0000E46059340F09D81041D00284AD101F02D
:1094B0000706341DC6F10806009B00275A1E4FF010
:1094C00004084FF0FF3301930497B946BB46434667
:1094D0000DB1009921600598002800F3D7809048CD
:1094E0000099814203D38F488142C0F0CF80039915
:1094F00011F0020CA4EB050040F0D680B9F10F0F7B
:1095000000F2CF80002D00F0D68009F140010DEB74
:10951000010EC0F3870001990EF8200C0EF8101C04
:10952000BCF1000F00F0C38060F07F000EF8200C4B
:10953000013709F10109C5F10801043406914FF61C
:10954000DA7E8CE00729B7D86FF01B0011B0BDE8B8
:10955000F08F7A285BD84B280FD8472857D829286E
:109560002ED8252850D052D8202818BF23280CBF29
:109570004FF0010B4FF0000B71E04C382E2846D80D
:10958000DFE800F06D4545454545454545454545C0
:10959000484545454545454545564548485656562E
:1095A0006D486A456D4518481845457F7C484545D6
:1095B00048457C0000204FF0000B4FF0040835E0D8
:1095C0002A38C0B2012101FA00F010EA0E0F46D18C
:1095D00010F0625C2CD110EA010B40D06046013CD7
:1095E0004444B4FBF8F408FB04F425B1A3EB050CE8
:1095F000A444B445A8D8002870D005990139059134
:109600005AF8041B009163E70199013901914FF069
:10961000000B24E012F8010C6C2834D112F8023C43
:1096200000206C2B8346C8D14FF008084346D6E78C
:109630000AF1070A2AF0070A0734FAE802BC24F004
:10964000070435B106982044B0423FF67DAFC4E927
:1096500000BC08344FF0000B4FF00808434612F8E6
:10966000010F002853D0BBF1000F7FF472AF252803
:10967000F5D1019B013301934FF0010B4FF004082A
:10968000ECE7584697E700208346A8E70399880748
:109690007FF551AF601B4FF0010CB0F5007FFFF478
:1096A0002DAF6FF0150051E74FF0000CF5E704986F
:1096B000013004903DE7BCF1000F01D0013638E7DE
:1096C0000298023600287FF434AF0098CDE90632C4
:1096D000FDF742FDDDE9063206442AE7042B08D1F6
:1096E0000AF1040015B1DAF8001021600434824652
:1096F000B5E70AF1070323F0070303F1080A1DB1D8
:10970000D3E90001C4E9000108340823A7E7631B7B
:10971000B3F5806FC5D23DB9A6F10804E01815E78E
:109720006830050094880500029A28609B082B7019
:109730009DF81030AAB1EB70AF702FB108A80022CD
:10974000C5F1010C91450ED1C5F101030DF12008C1
:109750004FF0000A01930DF1300BD14512D1601B7F
:10976000F4E66B70E8E710F8013B190608D50CEB3E
:10977000040EB64503F07F033FF6E6AE04F8013B66
:109780000132DFE71FB198F90020002A17DB029BA6
:10979000D3B11AF80B2004F8012B0022019B1819F1
:1097A0001044B0423FF6D0AE98F8000004F8010B28
:1097B00000990392204629F0A9FB039A14440AF168
:1097C000010A08F10108C8E798F8002055F822308E
:1097D0000093029B45F822300098FDF7BDFC421C27
:1097E000DCE76FF00D00B1E62DE9F04F97B000AF68
:1097F000C7E90A3205468A4649B90378467880782F
:1098000000EB83002844564524D8A0EB050AD7F87E
:10981000803095F80280D7F8804003F00103FB61A7
:10982000EB787B62B8F1000F0CBF002404F0010458
:109830001BB1D7F880309A0715D4A4B9FB6A1BB1C5
:10984000BA6A514628469847564630465C37BD4668
:10985000BDE8F08F441C2046FDF77EFC013020441B
:109860000AF1010ACFE7D7F88030C3F3C0033B62A7
:109870002B78BB619B003B616B687B61BB6905EB2F
:10988000830BFB6A002B77D15646D844BCB11C46EB
:109890001BF8013B55F82300FDF75EFCD7F8843038
:1098A000013043B1D7F88830A34282BFD7F8843063
:1098B00023F814000134C3450644E9D1D846D7F84B
:1098C000803013F0050F0CBF4FF0020B4FF0010B6F
:1098D0004FF000097B6A9945B7D298F8013055F8E6
:1098E00023A0AE4B9A4508F10208C0F04B81AC4B67
:1098F0003A6A9A452CBF002301230AB318F8021CC8
:109900007869FB6221F099FBFB6AC8B1EA468AB02C
:109910006A46A44B05937B69CDE906314FF4007389
:10992000ADF82030A04B42F8103FA04800234FF480
:10993000125101F055F8023ED54609F10109C9E777
:1099400023B1FB6933B9A6EB0B06F6E7D7F88030F5
:109950009B07F2D55046FDF7FFFBD7F884304BB19B
:10996000D7F888309C423FBFD7F88420431C22F8A8
:10997000143001340644E0E7002C69D1B8F1000F3F
:109980006CD0D7F8803058076BD5C14607F1480036
:109990004246594629F0BAFA0BEB0803FB60002255
:1099A0000233796A8A425ED3D7F8802095F801B0F5
:1099B000F969920704EB0B03DBB254BF4FEA59027B
:1099C0000022002940F0A680D7F8801011F0040F83
:1099D00014BF494600216B70A970EA703969BA6AF0
:1099E000FB6A28469847061EFFF62FAFBB692B700F
:1099F0007B6AEB704946BA6AFB6A85F801B085F864
:109A0000028007F148009847B0F10009C0F2B68023
:109A10003B697A6A786A03EB4201FB68BA6A41449F
:109A200003EB4000AAEB0101FB6A98470028C0F253
:109A3000A780B14409EB00064FF0000B07F1380A8C
:109A4000A34569D30021BA6AFB6A08469847FCE639
:109A5000444607F138004FF0000999E74446C146F3
:109A60009AE7A14698E713F8016CDFF830C155F882
:109A7000260013F8021C6045C0F08A80DFF820C180
:109A80006045386A2CBF4FF0000B4FF0010B38B126
:109A90007869C7E9013221F0D0FAD7E90132F0B98B
:109AA000BBF1000F1ED0F96949B1611C04F1280017
:109AB00007F13004041904F8206CCCB20FE0D7F899
:109AC000801049070BD509F1280007F1300C09F186
:109AD000010100EB0C0909F8106C5FFA81F9013201
:109AE00002335EE7D7F880008007DED409F1280C46
:109AF00007F1300EF44409F101000CF8101C07F1D5
:109B0000580151FA80F009F102095FFA89F900F869
:109B1000106CE4E700215EE71BF80A3087F8373065
:109B200055F82390D7F884302BB3D7F888309B456D
:109B300021D2D7F8843033F81B80BA6AFB6A01213E
:109B400007F13700984700281ADB0644B8F1000FE8
:109B500006D14846FDF700FB00F101081FFA88F81E
:109B6000BA6AFB6A414648469847002808DB064423
:109B70000BF1010B64E74FF00008DEE74E4664E6A8
:109B8000064662E63B6A002B3FF4E0AE0023B5E6F2
:109B9000386A0028A6D04FF0000B79E7683005003E
:109BA000948805008F52050004000001EC35050083
:109BB000014B1860704700BF1003002080B50546B8
:109BC0000E46174698461EF075FD034602F0CCF887
:109BD000DFF81890044649F80030424630463946CE
:109BE000A84754F8090002F05BF800BF0800000025
:109BF00008B50446EFF31183202383F31288BFF3E3
:109C00006F8F1CF0AFFB204602F0D8FB024821F01A
:109C100035FA22F025FDFCE7435305002DE9F04716
:109C2000058B0446280717460CD501290CBF45F0C3
:109C3000100545F02005258387F31188BFF36F8F4A
:109C4000BDE8F087022905F0070540F09480204622
:109C500021F025FD052864D801A353F820F000BFAA
:109C6000399C0200779D0200239D0200E59C0200C2
:109C7000FF9C0200119D020001F007035A1F012AF8
:109C80001FD8002221F00701062BD4F8008089B2EA
:109C9000C4E9002209D1434603E0628B01326283AA
:109CA0001B68002BF9D141F002012183204621F0ED
:109CB000F6FC4FF0000900286DD041F0200121830F
:109CC00069E0042B0AD121F0070189B221832046E3
:109CD00021F0E5FC10B141F0200121834FF0000894
:109CE000C14658E02369D3F80090238B23F0070383
:109CF00043F0060323834FF0000846464BE02369F8
:109D0000D3F80490238B23F0070343F00403F1E717
:109D10002369D3F80890238B23F0070343F005034E
:109D2000E8E74FF00008C146E7E7012243F00803E7
:109D3000238387F31188BFF36F8F002A3BD1B8F1DB
:109D4000000F4AD1B9F1000F02D02D492046C84773
:109D5000EFF31187202383F31288BFF36F8F238BD8
:109D600023F008039BB22383D9063FD523F01002CA
:109D7000228303F007056669218B002EBFF67CAFB6
:109D80000023D4F8008021F00701C4E9003341F03A
:109D9000010121839946238B03F0070AAA4502D0CB
:109DA000A268002AC1D1B8F1000F02D1B9F1000FA9
:109DB000DAD00022BAE7A1680029C0D00D680029D6
:109DC000BDD04F68334652462046B8471DB12B6878
:109DD00029461D46F3E72B46FAE7414633465246ED
:109DE0002046D8F8008021F086FCA8E79A067FF587
:109DF00023AF23F02002228303F0070527E700BFEB
:109E000023B7040037B504460821C06A124D21F07B
:109E1000F1FE00234FF6FF72ADF804306368ADF831
:109E200000208DF80620E26819182B401344181AF8
:109E300060606846ADF8021021F034FE69462046A5
:109E400021F0F7FE211D204621F004FE63682B401F
:109E5000A36003B030BD00BF0000FFFF2DE9F74352
:109E60000F4681460821C06A144D21F0C3FE3C68AC
:109E7000241A80463C6004EA0506B4421CD3A0B212
:109E800010B903B0BDE8F08308236A46214648466E
:109E900021F0A7FD0028F4D16946A0B221F096FE7A
:109EA00038B1BDF80230BDF804203C602E401344A8
:109EB0001E44A4EB0804E0E70020E2E70000FFFFF7
:109EC0002DE9F04704468AB000F11407384627F020
:109ED00019FAA06A8368DB689847E06250B99F4A24
:109EE0009F48012121F0C3FD6FF0150528460AB0F7
:109EF000BDE8F087A06A8368DB6898470368013B88
:109F00001F2B01D9974AEBE7E368B3F5803F08D9E7
:109F10004FF4803200929248934A012122F02CF9AA
:109F2000E2E7A06A216807AA26F071FA08B18F4A11
:109F3000D6E7E5682DB1089BB5FBF3F203FB12559C
:109F40000DB18B4ACCE7238A012B01D8894AC7E798
:109F5000E36A029593F805804FF0FF334FF0FF322C
:109F600038461DF0D5FCE06A082121F043FEA946E1
:109F70000646238A1FFA85FA534544D8238A4B455F
:109F800000F02D8153450BD1029908234246891BCD
:109F9000204621F034FD18B902A9204621F05AFDCF
:109FA00002A92046FFF75AFF0546002840F0B2807C
:109FB000029961604FEA11494FEA0949C4F80890D3
:109FC000A3688B420DD8082303AA204621F009FD7F
:109FD000B8B903AB13F8012B904532D101300828F2
:109FE000F8D1636802A96FF30F032046029321F0B2
:109FF00031FDE36802994246204621F000FD002829
:10A000003CDA054686E0E1682B04891B13FA81F1EE
:10A01000424608232046029121F0F1FC78B102A9C2
:10A02000204621F017FD09F1010902990823424653
:10A0300020461FFA89F921F0E2FC00289ED0013564
:10A0400097E7A08803A921F0C1FD626810B9911BB0
:10A050006160B5E7BDF810A0BDF80E10E06AC4F865
:10A060000890514421F0C6FD48448242A060EED1E0
:10A07000BAF1000FEBD06FF01C054BE000F08B80C5
:10A0800063684FF6FF7906EB0308E368CDF80880B4
:10A090001FFA88F29B1B9A4223D3374A3048032188
:10A0A00021F0E5FC6168204621F0E3FC014680BB1D
:10A0B0006368324AE06813400344A3EB46036360DD
:10A0C0001340A360204621F055FE002899D1E36893
:10A0D000A288A3EB46039A421CD1204621F0C6FD7C
:10A0E0008FE7082305AA4146204621F07AFC002884
:10A0F00087D105A91FFA88F021F068FD38B1BDF8B5
:10A1000014304B4503D1BDF81830002B6AD0B04451
:10A11000BBE70D4638461DF06DFC002D7FF4E6AE22
:10A120000123A374E268238A0D4800920321144A94
:10A1300022F022F863689AB200920948114A1B0C77
:10A14000032122F019F8A3689AB2009204480E4A3B
:10A150001B0C032122F010F8C8E600BF8B5305004A
:10A160000C360500AD530500CA530500F353050036
:10A170000B5405001F540500915405000000FFFF1B
:10A1800042540500595405006B540500E26AA36867
:10A1900012681344A360D4E901318B4208D95B1AD9
:10A1A0004246204621F02BFC0028FFF62AAFEDD1D5
:10A1B0006168E36801EB46029A4288D1124BA068BD
:10A1C00001EA0302904282D0204621F052FC00288E
:10A1D0007FF417AF62680C4B1A40A26077E76FF00C
:10A1E0002C0597E7094A0A48032121F040FC6368DF
:10A1F00002A96FF30F032046029321F02BFC029972
:10A20000204621F036FC60E70000FFFF7C5405008B
:10A210000C3605002DE9F04F1E46837C95B00446B0
:10A220008946904653B96B4A6B48012121F01FFCC7
:10A230006FF00C05284615B0BDE8F08FC26A082102
:10A24000104621F0D7FCB1B20190104621F0D2FCAB
:10A25000E368019AA3EB820383420746C0F0B6800D
:10A260001EB1B8F1000F00F0B180D4F804A0CDF811
:10A2700010A005AA04A9204621F032FD05460028B9
:10A28000D8D1BDF814304B4507D0DDF810A0636875
:10A290005345EED1002E39D1CCE705A91FFA8AF03B
:10A2A00021F094FC0028F0D0BDF8183066B3B3421A
:10A2B0002CD14FEA1A43BDF816A0CDF800801B043C
:10A2C0009A44E36A1B685B4203F020030293B3469F
:10A2D000029B5B4528BF5B460CAA51462046039370
:10A2E00021F07FFB00284DD1039B00981A460CA952
:10A2F00028F03BFE50B9039B009ABBEB030B1A44BA
:10A300009A440092E4D195E7002B93D0002F3CD1E2
:10A31000BA4604F1140B4FF0FF324FF0FF335846AA
:10A320001DF0F6FA238A9D424DD0D4E901320AEBA2
:10A3300002018B422ED39BB263B3FF23ADF81E20E4
:10A34000002118220CA88DF82230ADF81C90ADF831
:10A35000206028F002FE0CA92046CDE90E8621F0EF
:10A3600053FC074648B907A821F09CFB07A92046E3
:10A3700021F05FFC074600B9374658461DF03AFB0E
:10A380003D4657E7C2DC054654E7019B1F441FFAD0
:10A3900087FABEE72046FFF735FD3DB9ADF82490BA
:10A3A000CDF82880ADF82C608DF82E5009A92046F4
:10A3B00021F0E0FC07460028DFD19DF82E30013562
:10A3C000002BAFD0D8E76FF01B07D6E76FF015056D
:10A3D00030E700BF775305000C3605002DE9FF4735
:10A3E0001E46837CBDF8309004460F4690464BB91C
:10A3F0002848294A012121F03AFB6FF00C0004B0F3
:10A40000BDE8F087C06A082121F0F4FBE368A3EB04
:10A410004003B3423AD3656801954FF0000A02AA9F
:10A4200001A9204621F05CFC0028E8D1BDF80830E5
:10A43000BB4206D102A9A8B221F0C8FB50441FFAC2
:10A4400080FA019B62689A4219D0CA4515D9BDF8B5
:10A450000C30C3B1CA4516D3BDF80A10B3426FF32E
:10A460000F0528BF334642462944204621F0B9FA59
:10A470000028C4D1BDF80C00C1E71D46CFE7BDF8E8
:10A480000830BB42E3D06FF00100B8E76FF0150071
:10A49000B5E700BF0C360500775305002DE9F047FE
:10A4A000DFF85480044607464FF0010994FAA4F5FA
:10A4B000B5FA85F509FA05F32E0108EB05156FEAE3
:10A4C000030A24EA03042B7B63B158F806301B69A6
:10A4D0006BB94644042273682846196807EA0A07DC
:10A4E00021F0C7FD002CE1D13846BDE8F0872846B1
:10A4F00098470028F6D1ECE79436050010B51049CE
:10A50000104888B0002227F0E8FA4FF40032002308
:10A51000CDE9062300240E23CDE90334CDE901441F
:10A52000094B0A4900944FF4407209481DF048FE57
:10A530000849074827F0E8F8204608B010BD00BFDA
:10A5400059A502000811002089A80200004500203A
:10A55000780C0020BF54050001481DF0CDBA00BFA3
:10A56000700A00202DE9F047804621480F4621F06F
:10A5700060FD0646002833D000252846BDE8F08758
:10A58000237B83B12368DB680BB12046984763685F
:10A5900083F8069023681B69D3B96368042219689D
:10A5A000204621F066FD013610345445E8D3B8F159
:10A5B000000FE2D0002DDFD02846FFF76FFF0546E1
:10A5C000002FF7D000214FF4A47027F05EF9F1E7D7
:10A5D000204698470028E0D009FA06F31D43E2E739
:10A5E000044CDFF814A005464FF00109DDE700BF79
:10A5F000F41E002094360500A4360500014B53F8E4
:10A60000200070473439050008B5034608462BB1D1
:10A61000044A136000F044FC002008BD6FF01500F0
:10A62000FBE700BF1403002010B5044C237813B9D6
:10A6300003481DF061FA0123237010BD5843002028
:10A64000700A002010B504460B4821F0F2FC5CB102
:10A65000BFF35B8F094B53E8001F013943E8001239
:10A66000002AF8D1BFF35B8F05481EF049FB05486F
:10A67000BDE810401DF040BAEC1E0020F01E002086
:10A6800008110020700A0020064BBFF35B8F0022E8
:10A6900053E8000F43E800210029F9D1BFF35B8F95
:10A6A000704700BFEC1E002070B5FFF7EDFF084CAF
:10A6B000084E0546B44200D370BD63685B792BB188
:10A6C00023685B6813B12946204698471034F1E7A8
:10A6D00094360500A436050010B5044C0449204604
:10A6E00020F0E6FD034B1C6010BD00BF6409002094
:10A6F00020390500E41E00200D4A0E48002310B545
:10A7000013700D4A13600D4A4FF400411360FFF7B8
:10A710007BFFFFF7E1FF0A4B0A4918468B4200D343
:10A7200010BD1A1A5C681211013222711033F5E75C
:10A73000594300202FC00400EC1E0020F01E002012
:10A7400094360500A4360500014600220148002386
:10A7500020F0CFBD64090020014820F066BE00BF94
:10A7600064090020024B0146186820F0B9BE00BF02
:10A77000E41E0020014820F0EEBE00BF6409002066
:10A7800070B52A4B1B78002B4ED0FFF7E5FF04462F
:10A79000002846D1264B274D1B68002B19DD27F0DA
:10A7A00054F94FF47A76A0FB063206FB0121D5E975
:10A7B0000020DB0B43EA41439B1A4FEAD13140F2C0
:10A7C000E93261EB0001934271F1000101D3FFF71F
:10A7D0006BFFD5E9003213F57A7342F10002C5E947
:10A7E00000320CB3BDE87040FFF7C4BF6B685B7903
:10A7F00023B12B6821461B68284698471035B5427F
:10A80000F4D32046FFF7AEFFBFF35B8F0A4B53E84C
:10A81000001F013943E80012002AF8D1BFF35B8F13
:10A82000B8E7064D064EEAE7002070BD5843002009
:10A83000EC1E002000110020F01E002094360500C0
:10A84000A436050070B50D4D297861B90120FFF7D8
:10A8500089FE0B4C0B4EB44206D3FFF791FF002844
:10A86000FBD101232B7070BD63685B791BB123683A
:10A8700020469B6898471034EDE700BF59430020FD
:10A8800094360500A436050000212DE9F84308465A
:10A89000FFF768FE044648B340F267684FF00009CE
:10A8A00001F062FA1A4B1B4A1B58136033B11A4B62
:10A8B0001B68092B02DD19481DF01EF9184F0025F1
:10A8C00044B12046FFF7EAFD044618B94FF0FF38BF
:10A8D0004FF0FF39FFF754FF064628B9B5B90F48C6
:10A8E00042464B461DF03CF93546E9E74FF0FF384C
:10A8F0004FF0FF39D4E72B689B691BB1002211464A
:10A90000284698471035BD42F5D3E8E7054DFAE7EC
:10A9100008000000E81E0020F01E0020700A002041
:10A92000A43605009436050013B5184821F081FBC4
:10A93000174B1B7873B1EFF31184202383F3128834
:10A94000BFF36F8FFFF71CFF84F31188BFF36F8F86
:10A9500002B010BD0F4B1B68002BF9D050B900227C
:10A960000023CDE900230C484FF4004200231EF0E1
:10A970008FF9EDE70928EBD107481EF0C1F9074828
:10A9800002B0BDE810401DF0B7B800BFF01E0020B7
:10A9900059430020E81E002008110020700A002002
:10A9A00010B5064B1B68044698472146A060044832
:10A9B00020F01CFDBDE81040FFF7B6BF14030020D7
:10A9C00064090020044A054B9B1AB1EBD30F34BF36
:10A9D00052F83100002070474435050094360500D8
:10A9E0002DE9F04F8FB004AFC1F34A26B8600D4691
:10A9F00090467B600C0D002E61D04FF000090A23B9
:10AA00004FF0040B07F1140AFE60C7E90799C7F875
:10AA100024900093CDF808B0CDF804A007F11C03F2
:10AA2000F9684A464046FEF7DFFEB0F5006F034680
:10AA30001CD36C468AB0D8F8041004AB2448C3E990
:10AA4000050140F2FF71D9611A464FF40071198473
:10AA5000204B42F8103F20484B464FF41251FFF76D
:10AA6000BFFFA5462C37BD46BDE8F08FC0F30A06F0
:10AA700004F11700184420F0070080083B60FFF73E
:10AA800063FE66F35325044680B13B68134A00F128
:10AA90001001C7E90839F961CDE901AB0A23009338
:10AAA000F96807F11C034046FEF79EFE66F3532546
:10AAB0007B68B9682A46204621F0FBFAD2E704F108
:10AAC000170020F007008008FFF73EFE0446EDE780
:10AAD000D4540500040000011436050085C00400AC
:10AAE0002DE9F04F87B0DDE9127ADDE9106B0546FC
:10AAF000884614469946BFB11021CDF800A03B46C8
:10AB00005A460020CDF814A0FEF7BAFCB0F5006F4D
:10AB100001460BD3194A1A4840F2FF73022107B0CD
:10AB2000BDE8F04F21F01EBB3946384604F007035C
:10AB300005F00704E40044EA831444EA402444EAAC
:10AB4000065406F11700084420F00700800803911E
:10AB5000FFF7FAFD054640B13FB10399CDF800A0DB
:10AB60003B465A461030FEF78BFC4B462246414688
:10AB7000284607B0BDE8F04F21F09BBA13550500F9
:10AB800014360500406820B1034BC01A40F3CF00D3
:10AB900070474FF0FF307047443505000EB403B5E1
:10ABA00003AB014653F8042B0448019301F062FA09
:10ABB00002B05DF804EB03B0704700BFC7C10400EA
:10ABC000CA0605D48B064CBF02490349FFF7E6BF0E
:10ABD000704700BF4C5505004B5505002DE9F04F5F
:10ABE00089B09846159B0693DDE916A39DF8509011
:10ABF000189F059204460D460493B9F1000F00F02A
:10AC0000B08007F48073079321F031FA07F0020B4C
:10AC10000246002874D078492046FFF7BFFF064659
:10AC2000BBF1000F08D017F0440F6BD173492A46CF
:10AC30002046FFF7B3FF064407F0010353B1704B02
:10AC4000704953F82920704B2046002A08BF1A4645
:10AC5000FFF7A4FF07F48073002B07F0080318BF69
:10AC60004FF00008002B79D0684B694953F8292030
:10AC70002046FFF793FF0546059B2BB165491A4611
:10AC80002046FFF78BFF0544B8F1000F05D062495D
:10AC900042462046FFF782FF054460483544069B44
:10ACA0001BB15F49224620F097F9049B002B00F06E
:10ACB0008E80DDF810803946B8F1100F204628BF8D
:10ACC0004FF01008FFF77CFF0026B54250DC00264D
:10ACD00033461AF8032053492046FFF75FFF013639
:10ACE000102E4BD0710703D14F492046FFF756FF76
:10ACF00046453346EDD34D492046FFF74FFFEEE77B
:10AD000006468DE74A4B1868002894D0494B4FF40B
:10AD10007A7B1B68B5FBF3F54FF46163B5FBF0F18B
:10AD200000FB11550BFB05F54FF03C0CB1FBF3F2AA
:10AD300003FB1211B5FBF0FEB1FBFCF300FB1E554B
:10AD40000CFB13110BFB05F50091B5FBF0F53A492F
:10AD5000CDE901E52046FFF721FF6CE707F0080584
:10AD60008AE7B8F1010F0CBF2C4834484D4696E7EE
:10AD70002D492046FFF712FF0136A6E7304920464D
:10AD80000026FFF70BFF33461AF803202D49A2F1E6
:10AD900020035F2B28BF2E222046FFF7FFFE01363F
:10ADA000102E0DD0720703D11F492046FFF7F6FE83
:10ADB000B0453346E8D81C492046FFF7EFFEEEE7E2
:10ADC000049BB3EB0803C24404937FF472AFB9F160
:10ADD000000F0AD0FB0704D50B4A0A492046FFF7AB
:10ADE000DDFE39462046FFF7EBFE204609B0BDE800
:10ADF000F04F21F0DBB900BF535505005755050052
:10AE0000443905001E6105004E55050058390500FE
:10AE10007C5505008255050086550500C7C1040014
:10AE200075C002008B55050093550500915505002E
:10AE3000FC1E0020F81E002060550500FDC1040026
:10AE4000955505009755050073B542F20F738B4277
:10AE500028BF0B4605680F4A0446052168461FF0C7
:10AE600001FC63680C495B6806460B22284621F00A
:10AE70008FF963683246694628465B6821F088F995
:10AE8000636806495B681B22284621F081F902B0FD
:10AE900070BD00BFA77F05004B8305002F83050011
:10AEA000074A00210123904206D8064A01B901232E
:10AEB0001360054B1860704740085B000121F2E702
:10AEC00040420F00F81E0020FC1E0020F8B5074F7E
:10AED0000D4604464618B44201D12846F8BD14F880
:10AEE000011BBB6801485B689847F4E77C310500AB
:10AEF000014B036000207047A039050070B5104B6E
:10AF00001C680D46B4B10F4B196800238B4202DB5D
:10AF10006FF0010070BD224612F8106B864202D01D
:10AF200001331446F2E7E06826F0F2F828B12C600D
:10AF30000020EFE76FF00C00ECE76FF01200E9E79C
:10AF400020030020A039050010B588B043680293A3
:10AF50008368C068CDE903320A680023CDE906237F
:10AF60000C4601AA0449059325F055FA079808B93B
:10AF7000059B236008B010BDF9C2040007B51B494A
:10AF80001B4821F073FD70BB1A49194821F06EFD72
:10AF900048BB1949164821F069FD20BB17491448E0
:10AFA00021F064FDF8B90146154A114822F045F830
:10AFB000C8B9024613490E48012322F018F990B986
:10AFC00001230093014602230948EF2221F058FC97
:10AFD00048B9074821F07DFC28B9054803B05DF861
:10AFE00004EB21F0A6BC03B05DF804FB980300203D
:10AFF000D40B0020800300206803002050030020B1
:10B0000024030020D45505001FB507240294044CE6
:10B010000194BDF81840009424F0A4F904B010BDC8
:10B020000109002010B5DFF824C086B04FF42814C1
:10B03000CDE904C40824029404AC0194BDF8204076
:10B04000009424F08FF906B010BD00BF180028004E
:10B050002DE9F0410C4B1C6805460E4617467CB1A5
:10B0600000F06AF963682046D3F8108032463B4608
:10B070002946C047044600F069F92046BDE8F08142
:10B080006FF00104F9E700BF241F002000230360D4
:10B09000044B5A6812B9C3E9000070471060586049
:10B0A000704700BF281F0020014B1860704700BF89
:10B0B000241F002030B585B00023CDE902330546BA
:10B0C000019000F039F9094B1C6844B9284600F09A
:10B0D000D5F8044600F03AF9204605B030BD636863
:10B0E00020461B6801A998472468EEE7281F002026
:10B0F0001FB5CDE90101039200F01EF9074B1C6852
:10B1000024B900F023F9204604B010BD636820463E
:10B110001B6801A998472468F2E700BF281F002098
:10B12000024B0022C3E90022704700BF281F002005
:10B13000024B0022C3E90022FFF7F2BF301F0020BC
:10B140002DE9F74307460C4609B100230B601F4D5C
:10B15000DFF87C9000264D450FD31E4B1D6885B34C
:10B1600055F8188C01AA41463846183D21F054F98B
:10B1700010B3D6B914BB2E461EE0D5F8008001AA44
:10B180004146384621F048F950B116B954B92E4617
:10B1900006E031680022404621F03EF90028F5D152
:10B1A0001835D8E7019B2360F1E73168002240465B
:10B1B00021F032F90028DDD1AD69D0E7019B236091
:10B1C000D9E7304603B0BDE8F08300BFA4360500E0
:10B1D0004C370500301F00202DE9F04784B002AF46
:10B1E0000446D7F8289078600D4616469846B9F17F
:10B1F000000F07D0D9F8001031BBD9F804A0BAF17C
:10B20000000F28D1391D2046FFF79AFF08B3D0F868
:10B210000C907868434632462946C847C8B16D4607
:10B220008AB002AA124BD061C2E905344FF4007310
:10B230001384104B42F8103F0F4800234FF4115174
:10B24000FFF7CEFBAD4604E03A1D21F0E5F80028FB
:10B25000D3D1002007E0D9F808300093786843463E
:10B2600032462946D0470837BD46BDE8F08700BFC3
:10B270000256050004000001643605002DE9F04780
:10B28000DFF8A890DFF8A8A080464FF0004700261E
:10B29000284C3D464C450DD3DAF80040002C40D0F8
:10B2A000183CB8F1000F24D1226952BBA469F5E71C
:10B2B0002F46EDE7B8F1000F03D122694AB91834DF
:10B2C000E8E720680022414621F0A6F80028F4D1E2
:10B2D000F5E76368BB4206DDAF4202D0AB42A8BFD0
:10B2E0002B461D46EBE7EAD19047002E08BF0646E5
:10B2F000E5E720680022414621F08EF80028D3D1EE
:10B30000D4E76368BB4206DDAF4202D0AB42A8BFC0
:10B310002B461D46CAE7C9D19047002E08BF0646F6
:10B32000C4E7AF42C4D13046BDE8F0874C370500D2
:10B33000301F0020A436050003484FF0FF324FF0C5
:10B34000FF331CF0E5BA00BF240A002001481CF0BE
:10B3500051BB00BF240A002038B5094DFFF7ECFFB0
:10B360002B785BB9FFF7E4FE00F068F8044608B9F3
:10B3700001232B70FFF7EAFF204638BD0024F9E7D0
:10B380005B4300202DE9F043048F013499B0064659
:10B390000F46A4B200F10808651EADB2B5F5004F26
:10B3A00047D04A2305AA2946404620F027FE04F547
:10B3B0007F543F34A4B28146214601230DF10B0294
:10B3C000404620F01BFEB9F1000F014610DC0028BA
:10B3D00010DC338FAB4209D132466B1E22F8383F66
:10B3E0004FF4004102234046FEF714FF2C46D3E7FA
:10B3F000002808DC2946404620F0FCFD2146404656
:10B4000020F0F8FDE5E709F160030DEB03090023E7
:10B4100009F84C3C084A009703AB05A8CDF80C800E
:10B42000ADF81040FFF7D8FE0028DFD019B0BDE816
:10B43000F0830020FAE700BF89C404007FB5012330
:10B44000694602200193FFF759FD044660BB02AA3A
:10B4500001A9022020F072FF044610B110F10C0F78
:10B4600022D10399B1F5803F23D2009A002394683A
:10B470001846084484421AD30133082BF9D10E4DE3
:10B4800069612B835368AB602846D368EB6321F076
:10B4900091F8044640B9094E6E602846FFF7F6FD64
:10B4A00028466E60FFF700FE204604B070BD9BB2D8
:10B4B000E5E76FF02004F7E7381F0020FC3A0500AD
:10B4C00008B50348034A0021121A21F0A8F808BD64
:10B4D000680C0020E84400200748084A084908B5DD
:10B4E000121A21F09EF80748074A0849BDE80840AB
:10B4F000121A21F096B800BF00000020680C00204E
:10B5000094880500000000200000002094880500B9
:10B510002DE9F047064600AF0C46002936D0E94633
:10B520008AB0D1E90012A3686D462148E8464FF081
:10B53000050ACDE90501CDE9072348F810AF1D48FC
:10B54000424600234FF42151FFF74AFACD46D4E991
:10B5500003126369AD461848C5F810A0C5E9050196
:10B56000C5E907231348002342464FF42151FFF752
:10B5700037FACD46E369114A0E48012120F0F2FD69
:10B58000A3690F4A0B48012120F0ECFD012E07D1E1
:10B59000EFF305830B4A0748103B314620F0E2FDEC
:10B5A000214630461BF0FAFEBD46BDE8F08700BFDD
:10B5B000275605004C3605005656050085560500F1
:10B5C00094560500C256050030BFFFF7FDBF00BF0F
:10B5D0002DE9F0410B4EDFF8308006EB0807CC1B5D
:10B5E000054632460949204627F090FCA0194246FC
:10B5F0000021083C27F0B1FCAC6707F10800BDE86A
:10B60000F08100BF00000000080000004C3705007A
:10B6100010B5204C2049214821F010F8A36A990167
:10B6200036D51E481E4921F009F81E20A36ADA010A
:10B6300004D51A481B4921F001F81F20154CA36AB4
:10B640001B0304D51548184920F0F8FF2120A36AF0
:10B65000590304D51148154920F0F0FF22200D4C64
:10B66000A36A9A0304D50D48114920F0E7FF23206F
:10B67000A36ADB0304D509480E4920F0DFFF24202C
:10B68000044A936A6FEA03436FEA1343936210BD5F
:10B690001D20CBE700ED00E0D55605004C36050037
:10B6A000ED560500005705001A57050038570500EC
:10B6B0005D5705007757050070B506460D46284CC6
:10B6C0002849294820F0BAFFA36AD9043CD5264866
:10B6D000264920F0B3FF1720A36A1A0504D5224893
:10B6E000234920F0ABFF18201D4CA36A9B0512D5FF
:10B6F0001D48204920F0A2FFA36BA26A100409D5BF
:10B700001D4A1948012120F02DFD1EB1A36A23F422
:10B710000043A3621920124CA36A590504D51248AC
:10B72000164920F08BFF1A20A36ADA050ED50E48C1
:10B73000134920F083FF1B20094A936A43F47F4397
:10B74000936200232B7070BD1620C5E7A36A9B048B
:10B75000F2D505480B4920F071FF1C20ECE700BF33
:10B7600000ED00E0A25705004C360500B857050073
:10B77000C9570500DC570500F55705000A580500B4
:10B78000255805003D5805002DE9F84380468946B7
:10B790001746354D3549364820F050FFAB6ADE0676
:10B7A00027D53449324820F049FF1124AB6A1D07E0
:10B7B00004D531492E4820F041FF12242A4DAB6AAE
:10B7C000980718D52D492A4820F038FF6E6BAB6AD0
:10B7D000190646D52A4A26483346012120F0C2FCE4
:10B7E000B9F1000F03D0AB6A23F08003AB621324DE
:10B7F00003E01024DAE76FF015061B4DAB6ADA0799
:10B8000004D520491A4820F019FF1424AB6A9B067E
:10B8100004D51D49164820F011FF1524124B9A6AD1
:10B82000D50602D49A6A90070AD55B68190507D530
:10B830004146304600F0EAF910B180F3098802244D
:10B84000094B9A6A920642BF5A6A22F400525A621F
:10B850009A6A42F0FF029A6200233B702046BDE8DC
:10B86000F8836FF01506C2E700ED00E06C580500A4
:10B870004C36050082580500C9570500B55805002B
:10B88000CD580500E35805003D5805002DE9F0416D
:10B89000684B8AB0D3F8048000AF0446C8F30806AA
:10B8A000002585F31188BFF36F8F02F07F43B3F15A
:10B8B0007F4F07D102F00C03082B12D15E495F487D
:10B8C00020F0BCFE00252C460023FB71F31E092B43
:10B8D00000F28F80DFE803F00A8588818D8D8D8DE1
:10B8E0008D8B10074CBF0C460125EDE7544953489A
:10B8F000504E20F0A3FE0023FB71F36A9A0705D592
:10B9000050494E4820F09AFE00232DE0F36A002BA8
:10B9100001DA4D49F5E7F36A5B00F5D54B49474835
:10B9200020F08CFE7369A26943F480737361BFF3E6
:10B930004F8FBFF36F8F32F8023C726922F480722E
:10B940007261BFF34F8FBFF36F8F03F47F42B2F585
:10B950005F4F2BD1DBB2022B28D123683C4A3748FA
:10B96000012120F0FFFB2368FA79DAB907F1080614
:10B9700004F1200C20686168324603C20834644533
:10B980001646F7D17A6A002D50D0C2F3080121B9CA
:10B990006FEA52226FEA42227A6207F108011846E2
:10B9A000FFF7B6FD2837BD46BDE8F081214B9A6A06
:10B9B000D2B22AB1FA1D01212046FFF7E5FE0EE0C2
:10B9C0009A6A12F47F4F04D0F91D0120FFF774FE2C
:10B9D00005E09B6AB3F5803F96D3FFF719FE034657
:10B9E000C2E7FA1D0021E7E7F91D0020EEE719493B
:10B9F00087E7194A194B18F4F87FE8468AB008BF60
:10BA000013466A461649CDE905134FF40073ADF8A5
:10BA10002030103E134B079642F8103F0748002392
:10BA20004FF41151FEF7DCFFC5466DE76FF30802D6
:10BA3000B2E700BF00ED00E0305905004C360500CC
:10BA40005B5905007259050093590500A15905007D
:10BA5000C0590500DC5905000259050017590500B9
:10BA6000005A050004000001044B5A6942F010021C
:10BA70005A615A6922F008025A61704700ED00E0ED
:10BA8000EFF30880EFF3098101B57246FFF7FEFE80
:10BA900001BD00BF0B4880F308881AF083FC20200A
:10BAA00080F3118808484FF40461401880F3098836
:10BAB000EFF314800221084380F31488BFF36F8FE3
:10BAC00000F06CF880880020C06E00201EF0040F8B
:10BAD0000CBFEFF30880EFF30980816911F8021CB5
:10BAE0000229FFD001B5724620F09DFD01BD00BFC7
:10BAF00040B2002807DB044A4109012300F01F007F
:10BB0000834042F82130704700E100E040B2002855
:10BB10000CDB4309064900F01F002033012282405C
:10BB200041F82320BFF34F8FBFF36F8F704700BFE3
:10BB300000E100E0054B420900F01F0053F822200D
:10BB4000012303FA00F01040704700BF00E100E05D
:10BB500040B20028A8BF00F1604001F10101B8BF68
:10BB6000064B4FEA4111ACBF00F5614000F00F00F9
:10BB7000C9B2B4BF195480F80013704714ED00E047
:10BB8000044B054A23F07F039360BFF34F8FBFF34D
:10BB90006F8F70470070020000ED00E008B5FFF7FE
:10BBA000EFFF0B4AD2F8883023F47003C2F88830D4
:10BBB000EFF3148323F0040383F31488BFF36F8F30
:10BBC000FFF77EFCFFF788FC00F0B0F81BF00CFDDF
:10BBD00000ED00E042F8203C009B42F81C3C0A4982
:10BBE000019B42F8183C029B42F8143C21F00101F1
:10BBF0004FF0807342F8043C42F8081C0023203ABE
:10BC00000265C367704700BFBD9B0200094A034637
:10BC1000906870B113F1160F806E05D0A0F140024C
:10BC2000934205D3834203D2814228BF002070474C
:10BC3000002070474C3C002008B515460B4A0C4BC1
:10BC40009060826F1A600E4600F0A0F82C4686F3D2
:10BC500009880020034B984720460021002200233A
:10BC6000014C204753C60400BD9B02004C3C002001
:10BC7000781F0020014B10221A61704700ED00E090
:10BC8000054B5A699B689A421FBF044A536843F0A8
:10BC900080535360704700BF4C3C002000ED00E033
:10BCA000084B9B6883420BD1EFF3058343B1064BEE
:10BCB0005A6842F080525A605A6A22F400425A622C
:10BCC0001CF0FEBC4C3C002000ED00E014498A68EA
:10BCD0004FF030001044EFF3098C80E8F01F202073
:10BCE00080F31288BFF36F8F0E4F4FF000664A69E2
:10BCF0008A603E60906F0C4C2060D06F0023D36749
:10BD000080F3118804B5104600F040F8BDE8044007
:10BD100002F1300090E8F01F8CF3098870470000B2
:10BD20004C3C002004ED00E0781F00200448002374
:10BD30002021C2180133302B82F80013F9D170474B
:10BD400000E100E008B5EFF30583064A103B02EB83
:10BD5000C30152F8330049688847BDE80840FFF73F
:10BD60008FBF00BF403205000148006870470000E7
:10BD7000781F0020024B034A0348012100F08AB8D3
:10BD80000000042000000020183B0500836E054AD7
:10BD9000403B1360044B4021C2E9011310460121CE
:10BDA00000F082B87C1F002000000B1508B5034688
:10BDB0001048D0F89020C2F30722013A934207D9E5
:10BDC0000D480E4A012120F0CDF96FF0150008BD95
:10BDD000C0F898300A6822F01F021A4342F010029D
:10BDE000C0F89C208A6842F00102C0F8A0201846E2
:10BDF000EDE700BF00ED00E02C360500175A050006
:10BE0000F0B50E4685B01F4604460025B5420DDA52
:10BE1000606810B397B1431E18420AD0104A114807
:10BE20002B46012120F09EF96FF01502104605B057
:10BE3000F0BD1F28F2D921680B42EFD1236801938E
:10BE400020F02AFCA36801A90343D0B20393FFF7B3
:10BE5000ADFF10F1160FE7D0421C01350C34D5E7C9
:10BE60003D5A05002C360500044B0522C3F89420EA
:10BE7000BFF34F8FBFF36F8F704700BF00ED00E03F
:10BE8000BFF35F8F024B0022C3F89420704700BFBE
:10BE900000ED00E010B5034C01232278FFF7B0FF5E
:10BEA000207010BD5C43002008B50B4A00231278B7
:10BEB000FFF7A6FF10F1160F07D0084A0021D2F8AD
:10BEC0009030C3F30723984200DB08BDC2F8980006
:10BED000C2F8A0100130F2E75C43002000ED00E062
:10BEE0002DE9F0435D485E49D0F890300C68C3F30B
:10BEF00007239C4285B000F2AE80FFF7C1FF49687E
:10BF00000022944201F10C011AD1564F564D3C705B
:10BF10006846FEF7EDFF554C554E81464FF0000840
:10BF2000C14520D13B784D490020D1F89020C2F383
:10BF300007229342C0F28980FFF796FF002050E06D
:10BF4000C0F8982051F80C3C23F01F03134343F032
:10BF50001003C0F89C3051F8043C43F00103C0F8D2
:10BF6000A0300132CDE7009800EB08114FEA081C21
:10BF7000CB682340B3F5000F49D00BD8B3F5001FB1
:10BF800032D0B3F5800F37D0B3F5801F14D008F14D
:10BF90000108C5E7B3F1007F42D0B3F1805F48D01C
:10BFA000B3F1807FF3D150F80C3088684A6820F0F4
:10BFB00073FB40F0887009E050F80C3088684A68DC
:10BFC00020F06AFB40F0885040F43020039001A933
:10BFD0003878CDE90123FFF7E9FE002831DA6FF068
:10BFE000150005B0BDE8F08350F80C3088684A6849
:10BFF00020F052FB3043E9E750F80C3088684A687B
:10C0000020F04AFB40F0007040F40030DEE750F8CA
:10C010000C3088684A6820F03FFB40F08270D5E71A
:10C0200050F80C3088684A6820F036FB40F48020D5
:10C03000CCE750F80C3088684A6820F02DFB284384
:10C04000C4E73B7801333B70A1E7C1F89830C1F8F1
:10C05000A000013369E74FF0FF30C2E700ED00E0D8
:10C06000243B05005C430020000002110000F0FFAB
:10C0700000000811F0B587B007460E4614460021AF
:10C08000102268461D4626F068FF02238DF8023014
:10C090002A46054B019321466846CDE904761EF0F9
:10C0A00071FB07B0F0BD00BFB9C6040008B5024B74
:10C0B0001B689847002008BD881F0020034B044AD6
:10C0C0001860937843F0020393707047881F002034
:10C0D000E003002008B50649064821F00701C1F138
:10C0E000005202F580221EF036FF002008BD00BF7E
:10C0F0000BB400208C1F002003484FF0FF324FF09C
:10C10000FF331BF005BC00BFF003002001481BF00B
:10C1100071BC00BFF003002038B50546FFF7ECFF07
:10C1200008482A4608211EF0A5FE044628B925B174
:10C13000FFF71AFE044B0C221A50FFF7E7FF2046C8
:10C1400038BD00BF8C1F00200C00000010B5044655
:10C15000FFF7D2FF21460348FDF70EF9BDE8104076
:10C16000FFF7D4BF8C1F002070B5A0FB015434B979
:10C170002846FFF7D1FF064640B9304670BDFFF7AD
:10C18000F3FD054B0C221A500026F6E72A462146FD
:10C1900026F0E3FEF1E700BF0C00000070B5416936
:10C1A000867A0B4D044659B1437ADB0706D4242323
:10C1B00003FB0653DB691B689B6898470023636198
:10C1C0002420214600FB0650BDE8704025F05CB9F4
:10C1D000B40A0020024B242202FB0030704700BF4B
:10C1E000B40A0020827A064B242101FB02331A6A2A
:10C1F0001B7D1B33801A23F00303B0FBF3F0704761
:10C20000B40A002038B5074B827A242404FB023399
:10C21000DB69D3E901240C601568FFF7E3FF04FB39
:10C22000005038BDB40A00202DE9F04385B0054622
:10C230006846039190461C4625F009FCDDE900673D
:10C24000EFF31189202383F31288BFF36F8F6B8A7A
:10C25000002B41D02A8A9A4225D900220023284661
:10C260001BF018FC0446F0B189F31188BFF36F8FFF
:10C27000039B002B41D032463B46684625F00CFC20
:10C28000A27A264B242101FB02332046DB691B687E
:10C2900003A91D68DDE90023A847606170BB204643
:10C2A000FFF77CFF24E0698A4B1E6B8289F31188BB
:10C2B000BFF36F8F2B7D2A8A2C6A1B3323F0030375
:10C2C000521A02FB0344154B154AEB1A9B105343B9
:10C2D000A3722B7DE372CBE789F31188BFF36F8FD5
:10C2E0002346424628461BF0D5FB04460028BFD112
:10C2F0000024204605B0BDE8F083636101230025DA
:10C300002381039B6382E27A6560294604F1180069
:10C3100026F023FE63692582E360EAE7B40A002081
:10C32000398EE33870B50D4C242500B970BD037A01
:10C330004668002BFAD0013BDBB20372002BF5D12B
:10C34000C3604360837A05FB03439B6913B198473D
:10C350003046EAE7FFF722FFFAE700BFB40A002001
:10C360000C4B0122C3F840254FF080434FF0805121
:10C37000C3F87825D1F83001082805D1D1F8341157
:10C38000022908BFC3F838260122C3F880250020FF
:10C39000704700BF00E0014048B1054B054A1B68EB
:10C3A000B3FBF2F35843044B43F0010318477047C3
:10C3B000B408002040420F0000380500BFF34F8F43
:10C3C0000549064BCA6802F4E0621343CB60BFF331
:10C3D0004F8F00BFFDE700BF00ED00E00400FA054D
:10C3E00008B5054A054B136010463C2353601AF00C
:10C3F000AFF8002008BD00BF981F00203FC00F000D
:10C400002DE9F04190F8283003F01F03012B04467A
:10C410000F4600F128062FD0022B18D08BB394F8CA
:10C420002910204620F0C8FA024678B3304620F0A2
:10C43000ADFB1D4D002834D113693BB33A4631465C
:10C44000204698470346FFF78FFC2B5024E0818D50
:10C45000C9B220F092FE05460028E0D0304620F018
:10C4600095FB024668688368CAB99B6873B13A460F
:10C470003146BDE8F0411847818DC9B220F064FE15
:10C48000E9E790F8291020F09BFEE4E7FFF76CFC49
:10C49000054B6FF085021A500020BDE8F081DB6883
:10C4A000E4E7D368C9E700BF0C0000002DE9F04FB6
:10C4B0000B7E33F0800893B004460D46164640F0DC
:10C4C0008E847AB10846FFF72DFF6B7EDF0703D419
:10C4D0009E0711D52B7E7BB9204613B0BDE8F04FE7
:10C4E00020F080BB4A7E00F12809900708D5802BF8
:10C4F0000CD12846FFF716FF404613B0BDE8F08F79
:10C50000910700F02784002B40F02484D2072FD518
:10C510002B8A082B40F00684EA681368A3625368EC
:10C52000C9F804302946002020F02CF9054610B146
:10C53000FFF7F8FEEFE0484620F028FBE28D70B9E7
:10C54000B2B12946A06923F06AFD0146002800F037
:10C550002D84204613B0BDE8F04F20F0B4BF3AB1AF
:10C560001146204620F0AAFF0546002800F01E8450
:10C57000FFF7FAFB94F82880B14F002318F0600F02
:10C58000C351C8F3411307D0032B40F0BD81FFF71F
:10C59000EBFB6FF0850337E0484620F0F7FA94F89C
:10C5A0002930002840F04E81013B0A2BEFD801A230
:10C5B00052F823F02BC702008FC50200B7C7020054
:10C5C0008FC50200E1C502008FC502008FC50200C1
:10C5D0008FC5020051C602008FC50200B3C602001B
:10C5E000618D7F29D3D8A38D002BD0D1E38D002B73
:10C5F000CDD118F01F0FCAD194F83030022B05D1DD
:10C60000FFF7B2FB4FF0FF333B5076E0A0690369C0
:10C6100093F880301B0707D5C9B220F019FB80467C
:10C6200028B1002D6CD167E7012384F8393094F8E4
:10C630003030012B0AD1638D43B984F83030FFF7D5
:10C6400093FB3B58002B00F0858056E00123F4E774
:10C65000204620F010F9628DFF2A014697D8E38D1D
:10C66000002B94D194F82830D80690D194F830302B
:10C67000002BC5D02AB1D2B2204620F08BFC002876
:10C68000BED0618D94F838308B42D8D0C9B22046E4
:10C6900020F087FC80460028C3D1628D002A14BF99
:10C6A0000223012384F830300521204620F096FF34
:10C6B000C5E708F01F08B8F1010F7FF468AFE38DFC
:10C6C000002B7FF464AF628DFF2A3FF660AFA18D2F
:10C6D000FF293FF65CAF94F83030022B90D1D2B2F4
:10C6E000C9B2204620F06DFE10F1020F804640F0E6
:10C6F0001081FFF739FB47F8008065B14FF0000863
:10C700002846FFF70FFEB8F1000F7FF4F5AEFFF7F4
:10C710002BFB3B58F3B1484620F038FA0346A0699A
:10C72000002B00F04F83802155E3E38D002B7FF435
:10C730002EAF94F83030002B3FF462AF012BA18D67
:10C7400002D100297FF45CAF18F01F080CD0B8F1BB
:10C75000020F16D0E38D002B40F0D782204620F048
:10C760002BFA0028D7D1B7E600297FF449AF638DB3
:10C77000012BEFD194F86C3061F3C30384F86C3073
:10C78000E8E7B4F82AA0BAF1000FE3D15FFA81F824
:10C790004146204620F008FF0346FFF7E5FA3B50EC
:10C7A000013302D14FF0FF383BE752464146204665
:10C7B00020F0F2F943E7E38D002B7FF4E8AE628DC1
:10C7C000A38D022A5FFA83FA11D108F01F085AEAF2
:10C7D00008087FF4DCAEA0690122190A20F015FADE
:10C7E00000287FF4D4AE012384F8393027E794F889
:10C7F000301000293FF404AF012902D1002B7FF44F
:10C80000FFAE18F01F0811D0B8F1020FA2D1002A14
:10C81000A0D15146204620F0B2FE0346FFF7A4FA0D
:10C820003B500133BED001225146C0E7002B7FF4BC
:10C83000E7AE012A8ED194F86C3043F008039DE7EF
:10C840000C0000000A2B3FF6A2AE01A252F823F022
:10C850007DC802008FC502008FC502008FC502008F
:10C860008FC502008FC50200F7C802008FC5020005
:10C8700087CC02008FC50200B1CC0200E38D022BF1
:10C880007FF485AE94F83030002B3FF4B9AE012B25
:10C89000A18D02D100297FF4B3AE18F01F0811D08A
:10C8A000B8F1020F1CD04FF0000805F10C0A5046F9
:10C8B00020F064F9E38D984218D2FFF755FA6FF033
:10C8C0000B03A1E600297FF49BAE94F86C304FEA8D
:10C8D000930808F00208C3F3001348EA0308E4E7EA
:10C8E000C9B2204620F06FFE8046DEE74146504642
:10C8F0001FF076FFA3E6B4F82AA018F01F0F4FEA46
:10C900001A235FFA8AFA09D029462046FFF778FDF4
:10C910008046B8F1000F7FF484AE90E6013B0E2B09
:10C920003FF635AE01A252F823F000BF69C90200FC
:10C93000A9C9020053CA02008FC502008FC50200B8
:10C940004BCA02004BCA02008FC502008FC502000D
:10C950008FC502008FC502008FC502008FC502007F
:10C960008FC5020095CB020005F10C08404620F06F
:10C9700005F983462046B4F82EA01FF07CFF20B1B5
:10C9800001287FF404AE616F00E0216F002900F000
:10C990002A820A78DA4528BFDA46524528BF52462D
:10C9A00040461FF00CFF4AE620461FF064FF0AF1E4
:10C9B000010201900146D2B2204620F0C5FA80461D
:10C9C00000283FF4E4AD05F10C0AD0F804B050465D
:10C9D00020F0D4F89BF80020824228BF0246594636
:10C9E00050461FF0ECFED8F80CB0BBF1000F09D197
:10C9F000298AE38D99427FF622AEC91A50461FF06C
:10CA0000F9FE1CE6DBF8040083681B6B13B9DBF846
:10CA100000B0EAE7019998470028F8D0A0F104088F
:10CA200058F8041F0029F2D00A78002AEFD05046A7
:10CA3000CDE9022120F0A2F8029A0399904238BF72
:10CA400082B250461FF0BBFEEAE720461FF013FFFC
:10CA50009DE55246032120461FF0EEFF8246002846
:10CA60003FF495AD20F085F8B4F82EB09AF8153063
:10CA7000C8B99AF814808DF828808DF82930DAF832
:10CA8000103005F10C0A1B88ADF82A30504620F012
:10CA900075F8C3455A4628BF4246824228BF02461F
:10CAA0000AA950467DE7DAF808208DF81530C14B09
:10CAB0001340C14A4FF0000893428DF8148058D1BA
:10CAC000102106A823F0D4FD021EFFF660AD0AA9CE
:10CAD000102ADFF8E8E20DF1180C084628BF1022F2
:10CAE000424501F1020133D8920002325FFA82F826
:10CAF0008DF81480034605F10C0A5046029320F08D
:10CB00003DF8D845424628BF5A46904228BF1046B5
:10CB100002288346804628BF4FF0020B5A46A8EBF6
:10CB20000B0805A950461FF04AFE4FEA580301932F
:10CB3000029B9B4603EB5802934521D118F0010F4D
:10CB40003FF47DAD019A995C50461FF041FE76E5B9
:10CB50001CF8013B4FEA131A03F00F031EF80AA05A
:10CB60001EF8033001F802AC01F8013C08F101089D
:10CB7000B6E79AF81480DAF810308DF81480BAE726
:10CB80001BF8011B5046CDE902321FF029FEDDE9FA
:10CB90000232D1E720461FF06EFE38B101282CD0BA
:10CBA000FFF7E2F86FF085033B5048E5236F002B59
:10CBB00000F019815B88B3F5007FF1D9804B0A93AF
:10CBC00000238DF82C30E36C04F14C0B9B4508BF1F
:10CBD0000023BDF82A10A3B15A7D0F2A08D11A7D6F
:10CBE0000A44ADF82A209DF82C2001328DF82C2023
:10CBF000226D934203D01B68EBE7636FD7E7BDF864
:10CC00002A10019105F10C0A50461FF0B7FFB4F845
:10CC10002E800199884528BF8846804528BF8046D8
:10CC20004246052A28BF05220AA9504601921FF054
:10CC3000C6FD019AB8EB02083FF401ADE36C5B4519
:10CC40003FF4FDAC002B3FF4FAAC5A7D0F2A14D10F
:10CC50001A7D19690193424528BF424650461FF08C
:10CC6000AEFD019B1A7D424594BFA8EB0208A8EBDC
:10CC70000808B8F1000F3FF4E2AC226D93423FF494
:10CC8000DEAC1B68DEE794F83030002B3FF4B8AC24
:10CC9000E38D012B7FF47BAC05F10C0840461FF0BF
:10CCA0006DFF00283FF409AE94F8381040464CE779
:10CCB00008F01F08B8F1010F7FF4A2AC204620F065
:10CCC00057F900283FF49CACB4F82CA0BAF1FF0F40
:10CCD0003FF65DAC43681B795345FFF458AC5FFAEF
:10CCE0008AF30F2B3FF653ACE38D012B7FF44FAC4F
:10CCF00005F10C0840461FF041FF00283FF4DDAD70
:10CD000004EB0A0393F83A10D0E748461FF03EFFC1
:10CD100018B92846FFF706FB20E52946204620F0F3
:10CD2000D2FB08B1284603E4A069036993F8801098
:10CD300011F004017FF4D0AB23F085F905460028FB
:10CD40003FF4E9AC0146204620F0BDFB00283FF44B
:10CD5000C3ABE7E752077FF5DEAC002B3FF4C9AB6E
:10CD60002846FFF7DFFA94F83930002B3FF4C4ABC4
:10CD700094F82930052B05D1618DA069C9B21FF047
:10CD800067FF064694F82930032B09D1638D022BE7
:10CD900006D1A18DA0690022090A1FF036FF0646C0
:10CDA000002384F83930B046FFF7A6BB6FF00B06BE
:10CDB000B1E400BF00FF0200000302008E83050003
:10CDC000050F0500E38D002B3FF4ADAC16F10C010F
:10CDD00018BF0121C90123F05CF8FFF77DBB6FF09C
:10CDE0000408FFF789BB6FF015081AE40B78062BCF
:10CDF00010B414D10369D3F89C20EFF311842023DD
:10CE000083F31288BFF36F8F4B6800201860506A5D
:10CE100058B9C2E9083384F31188BFF36F8F04480F
:10CE200010BC0022002324F05EBA03605362F2E7D4
:10CE3000380A00202DE9FF4120264FF0FF335E48DD
:10CE40004FF0FF3201A91AF0FFFC039B1B69D3F8D6
:10CE50009C40236A93B1EFF3118286F31288BFF3EB
:10CE60006F8F216A29B1606A0B682362814208BF13
:10CE7000636282F31188BFF36F8FC9B99DF80430E4
:10CE8000062BDAD0072BD8D801A252F823F000BF26
:10CE9000E3CE0200D7CE020003CF0200E9CE0200AB
:10CEA00027CF02001DCF02003BCE0200B1CF02000F
:10CEB0000B7ED1F81E205D06204609D1FFF7F6FA59
:10CEC00002460028C5D00721204620F087FBC0E796
:10CED00020F04AF9F4E700220121204620F07EFBF1
:10CEE000ABE700221146F8E794F86C3043F00403F6
:10CEF00001A984F86C3020461FF0D2FE00220321E5
:10CF0000EBE794F86C3023F0040301A984F86C304B
:10CF100020461FF0C5FE00220221DEE701A92046BF
:10CF20001FF0BEFE89E794F86C30A76923F0040374
:10CF300084F86C30D7F808803B69BFF35B8FD3F877
:10CF4000A030BFF35B8F9A072FD5D8F83C30384616
:10CF50009847D8F82430002138469847D8F8403010
:10CF6000054638469847ADB92946204620F019F8BD
:10CF7000054678B9A06923F085F8831E58425841C8
:10CF800094F86C3084F8305023F0680343EA40137F
:10CF900084F86C3000220421204620F01FFB002D75
:10CFA0003FF44BAF2A46072197E74FF0FF35F1E7F3
:10CFB000029A062191E700BF380A002030B589B0F7
:10CFC00000220023CDE9062300246FF00703CDE9FA
:10CFD0000334CDE901441A4B1A4900944FF480629E
:10CFE00019481BF0EDF81949174824F08DFB184B30
:10CFF00018498B4207D3184B184900208B4210D395
:10D00000002009B030BD03F11402BFF35B8F52E87A
:10D01000000F42E80045002DF9D1BFF35B8F1833B4
:10D02000E7E703F11402BFF35B8F52E8004F42E8D9
:10D030000005002DF9D1BFF35B8F1833DEE700BF89
:10D0400035CE020040480020401100208D5A0500D6
:10D05000500C0020680C0020680C0020680C002098
:10D0600038B5024609490546806923F071F804463F
:10D0700048B985F8380028461FF069FE044610B10B
:10D08000A86923F098F8204638BD00BFEDCD020016
:10D0900070B5084C084E0546B44202D30024204621
:10D0A00070BD636828461968FAF744F80028F6D07E
:10D0B0001834F1E7500C0020680C002070B50646CB
:10D0C000EFF31181202383F31288BFF36F8F1B4D81
:10D0D0002A6881F31188BFF36F8F526892F86C2031
:10D0E000D20705D4BDE87040212200231AF0ACBF5E
:10D0F000EFF3118283F31288BFF36F8F2C682CB18A
:10D10000696823682B608C4208BF6B6082F31188CA
:10D11000BFF36F8F44B1606804F10801C369984799
:10D120000748214624F08FF82B6833B1304600229F
:10D13000BDE8704000231AF053BF70BDA01F00204F
:10D14000F409002030B585B0CDE900120546002273
:10D150001448002303A91AF0E3FA0246E8B9039B36
:10D16000DDE900015D60083383E80300EFF311801F
:10D17000202383F31288BFF36F8F039B1A600A4A40
:10D18000516861B9C2E9003380F31188BFF36F8F32
:10D190000648002200231AF023FF05B030BD0B60C3
:10D1A0005360F1E7F4090020A01F002000000020D8
:10D1B00038B54B78046945682069202B08D0222BAC
:10D1C00019D0FEF7D1FD114B6FF085021A5010E017
:10D1D000CB88072BF5D1D3681A6842609A88028100
:10D1E0009B79837220F01BFA22460821284620F002
:10D1F00003FA002038BD4B888381C3F3400203F05B
:10D2000001030276437622460921EFE70C00000075
:10D2100008B513464A78212A14D133B9FEF7A4FD84
:10D220000B4B6FF00B021A500AE0CA8801690969BA
:10D23000072A28BF0722043103F10C001FF0BFFAB0
:10D24000002008BDFEF790FD014B6FF08502EAE774
:10D250000C00000073B504698DF807102025EFF36A
:10D26000118685F31288BFF36F8F0122E06B0DF1F9
:10D2700007011EF06DFB86F31188BFF36F8F012845
:10D2800010D024F03BFAA8B10E4BBFF35B8F012204
:10D2900053E8001F002903D143E800200028F7D1FC
:10D2A000BFF35B8F2122002304F148001AF098FE9F
:10D2B00002B070BDA37E002BE6D00021212024F017
:10D2C000E4FACCE7A81F002038B505690E49EB6BDE
:10D2D0000024C3E90144DC606B6B05F14800C3E93D
:10D2E0000144DC6024F0B3F905F17800074924F02B
:10D2F00061F9074905F1240024F05CF9284620F083
:10D300008EF9204638BD00BFC9D7040077D9040084
:10D3100003DA04000E4B402970B528BF40210D4CA4
:10D3200046181D46B04203F1020304D1002305F85C
:10D330001130074870BD02781209A25C03F8022C74
:10D3400010F8012B02F00F02A25C03F8012CE9E7B0
:10D350007B430020B983050030B503788BB00446C9
:10D3600007AD032B21D8DFE803F0021A1C1E124977
:10D370002846F9F7E9FE059563780493A3780393AB
:10D38000E37802932379019363790093A3790B4A9D
:10D390000B481E211DF066F909480BB030BD094944
:10D3A000E6E70949E4E70949E2E7094A0A2128468C
:10D3B0001DF058F9DFE700BFA55A0500C75A050060
:10D3C0005D430020AC5A0500B35A0500BD5A050064
:10D3D000847905002DE9F341334C064617469846FB
:10D3E000BFF35B8F2368BFF35B8FDA0723D538B9B0
:10D3F0002E4A2F4801211EF0ACFE6FF001001BE009
:10D4000001A91FF02DF80228054630D1024629490E
:10D41000304625F0AAFD0028EFD1BFF35B8F2368CB
:10D42000BFF35B8FC3F3C0061B0708D5224A204811
:10D4300029461EF08EFE002002B0BDE8F081E43CDB
:10D44000152221464046B84706280BD81B4A1848E3
:10D4500001211EF07EFE15223146204625F07DFD7D
:10D460006675E8E70723B0FBF3F06075E3E7032890
:10D47000C3D102461249304625F077FD0546002803
:10D48000BBD1302204F17C014046B8470F28D2D8E6
:10D490000C4A074801211EF05CFE3022294604F1A7
:10D4A0007C0025F05AFDC6E7B4010020F15A0500C2
:10D4B000DC350500BA5A0500125B0500365B050035
:10D4C0005B5B05005F5B05002DE9F04389B09D794A
:10D4D000DDF840905E791F7993F803C093F802E07D
:10D4E00093F801801B780C46B9F1000F15D0CDE9F7
:10D4F0000639CDE904E81346CDE9027CCDE90056B2
:10D500000D4A1DF0AFF8002813DBA0422CBF6FF0CE
:10D510001500002009B0BDE8F083CDE90583CDE911
:10D5200003CE1346CDE90167044A00951DF09AF831
:10D53000E9E76FF01500EDE77D5B0500A15B0500F5
:10D5400010B5FDF709FF044628B1044A034601213E
:10D5500003481EF007FE204610BD00BFC25B050059
:10D56000DC35050070B504468CB01E461546AAB1E0
:10D5700029B10A4602A804211EF005F802A900916B
:10D580002B462246242103A8FFF79EFF70B9109A6C
:10D59000314603A8FDF75CFD0CB070BD0346054A9B
:10D5A000242103A81DF05EF82328F0D96FF01500A0
:10D5B000F2E700BFE75B050007B50B4B0B485A7D50
:10D5C000C2EBC202009200221146FFF7CBFF0346D6
:10D5D00038B1074A0748012103B05DF804EB1EF09B
:10D5E000C1BD03B05DF804FBD0000020BA5A0500AD
:10D5F000ED5B0500DC35050007B50C4B0C485A7D8A
:10D6000012010092002203F5B0731146FFF7AAFF42
:10D61000034638B1074A0848012103B05DF804EB1E
:10D620001EF0A0BD03B05DF804FB00BFD0000020D9
:10D630005B5B0500085C0500DC35050030B5044681
:10D640008DB015469AB129B10A4602A804211DF0F1
:10D650009AFF02A900912B462246242103A8FFF736
:10D6600033FF60B903A81EF0D3FE0DB030BD0346F2
:10D67000044A242103A81CF0F5FF2328F2D96FF0F7
:10D680001500F2E7E75B050007B5009313460A466D
:10D6900001460348FFF766FF03B05DF804FB00BFD7
:10D6A0004C7505000A4601460148FFF7C7BF00BF99
:10D6B0004C75050007B5009313460A46014603481A
:10D6C000FFF750FF03B05DF804FB00BF467505008F
:10D6D0000A4601460148FFF7B1BF00BF4675050085
:10D6E00007B5009313460A4601460348FFF73AFF81
:10D6F00003B05DF804FB00BF697405000A460146EB
:10D700000148FFF79BBF00BF6974050007B5002201
:10D710000346009103481146FFF724FF03B05DF86C
:10D7200004FB00BF3E75050008B502481AF0E8FB8F
:10D73000002008BD4005002008B502481AF0E0FBB3
:10D74000002008BD30050020F8B51F4DBFF35B8FEA
:10D750002B68BFF35B8F13F0010F2E4631D015F805
:10D76000CF3CA5F1E4078BB902F010F9044630B1C3
:10D77000164A174801211EF0ECFC2046F8BD7B7DBF
:10D7800023B902F04DF904460028F1D1BFF35B8FB5
:10D790002B68BFF35B8F5A0701D400F02BFFBFF358
:10D7A0005B8F56E8003F23F4006246E80021002921
:10D7B000F7D1BFF35B8F1B0503D5FFF7B5FFFFF76D
:10D7C000BBFF0024D9E700BFB4010020245C0500A2
:10D7D000DC35050007B5009313460A4601460348A9
:10D7E000FFF7C0FE03B05DF804FB00BF687C0500D6
:10D7F0000A4601460148FFF721BF00BF687C0500CB
:10D8000010B586B0094B0A4803930024CDE90444BF
:10D8100023F017FF03AB0093064905480A234FF492
:10D82000B0621AF073FB204606B010BD575C0500CD
:10D83000C8110020804C0020014601481AF0A6BB08
:10D84000C81100200146014823F0D0BEC8110020B5
:10D8500030B50378012B11D0022B21D06BB9154BB9
:10D860000A4603F1100453F8045B42F8045BA34238
:10D87000F9D143881A0A8A70CB7030BD0D4B0A4625
:10D8800003F1100453F8045B42F8045BA342F9D19E
:10D8900043681A0C180E4A700870C3F30722EAE7AF
:10D8A00000F11003013913F8012901F8012F984202
:10D8B000F9D1E2E7CA83050010B520F077FA23F02A
:10D8C0001DFF044608B91AF031FEBFF35B8F064B0B
:10D8D0001B68BFF35B8F0BB10A2098471CB9BDE8EA
:10D8E00010401AF037BE10BDAC1F002038B50446FA
:10D8F00008481EF0F2FE054648B1631EDBB21F2B3E
:10D9000096BF054A0021D15C0C301EF061FF28460D
:10D9100038BD00BF680B0020DA8305000F2810B562
:10D920000CD80D280CD90A481EF0D7FE044618B1B1
:10D9300004210C301EF04CFF204610BD1328F2D0FD
:10D9400009B10448F0E7BDE810400220FFF7CEBF60
:10D950008C0B0020FC0A0020C3681B78024A034895
:10D96000022120F0BABA00BF6F5C0500B435050093
:10D97000F8B506460F4603F065FC044690B93946F3
:10D98000304608F0B3FC054600BB3946304606F089
:10D990005FFC174B1B6823B153F80C4904B10C3CD6
:10D9A000C3B9F8BD8378012B4FF0000304BFD0F852
:10D9B000A450C0F8A4304FF0130118BF1D4620F04A
:10D9C00081FD204602F0E4FF002DD8D0284622F049
:10D9D00011F8DAE79B6813B13946304698472CB105
:10D9E000E26802B10C3A23461446D9E72246FAE728
:10D9F0002420002038B5C5682B7893B9B5F80140CC
:10DA00000F21204603F0F6F8EB78054650B90A4A94
:10DA1000118831B96FEA04506FEA10501080074A3C
:10DA2000137038BD0373012103F002F82846BDE8E6
:10DA3000384002F0ADBF00BF14430020FC4300207B
:10DA400070B5C3681D78BDB9B3F801600F213046C9
:10DA500003F0D0F8044638B9084A09483346012192
:10DA6000BDE8704020F039BA294602F0E1FF2046B7
:10DA7000BDE8704002F08CBF70BD00BF975C050030
:10DA8000B435050010B5C368B3F801400121204644
:10DA900003F0B0F838B9064A064823460121BDE82C
:10DAA000104020F01ABABDE8104002F071BF00BF6C
:10DAB000BD5C0500B435050010B5C3681C880121A4
:10DAC000204603F097F838B9054A06482346012155
:10DAD000BDE8104020F001BABDE8104002F058BF88
:10DAE000BD5C0500B435050010B501210C301EF0F9
:10DAF000A1FE0378034A0448BDE81040012120F04C
:10DB0000ECB900BFE15C0500B4350500014610B575
:10DB100008481EF0E6FD0849084823F067FD031E8B
:10DB200006DA074A0748BDE81040012120F0D5B9C0
:10DB300010BD00BF14020020600500201813002053
:10DB4000035D0500B435050010B586B003AB0024B5
:10DB500000930749074805944FF0FF334FF4806264
:10DB6000CDE903441AF0D2F9204606B010BD00BF3B
:10DB7000405200207012002010B5084C01460622C9
:10DB800094F87F0003F0B0FB38B994F87F000449A3
:10DB9000BDE81040052203F0A7BB10BDD000002057
:10DBA0009F830500024A0348012120F085B900BF88
:10DBB000205D0500B4350500B0B50B460D8A00AFF9
:10DBC00004462946D868FFF7A5FB8AB06A46094B88
:10DBD000CDE9053440F20243ADF82430064BCDE9DF
:10DBE00007504FF4325142F8103F044820F07CF9BE
:10DBF000BD46B0BD3A5D050005000001B435050025
:10DC000070B5C568B5F801600121304602F0F2FF39
:10DC1000044638B90D4A0E4833460121BDE870402C
:10DC200020F05BB92B783BB9D5F80330C0F89930B8
:10DC3000D5F80730C0F89D30201D4FF4803120F01A
:10DC40003DF92046BDE8704002F0A2BEBD5C050073
:10DC5000B43505002DE9F84FD0F80C90018A99F8F9
:10DC60000040A30001338B4200AF63D96D468AB0F8
:10DC70006A463248CDE907310523CDE905044FF462
:10DC8000215142F8103F2E4820F02EF9AD46BD46F6
:10DC9000BDE8F88F2B4A2A482B46012120F01DF9B8
:10DCA000013699F800309E42F1DA09EB86030F2124
:10DCB000B3F80150B3F80380284602F09BFF0446F6
:10DCC0000028E7D000F1C00AB8F1000F06D065695E
:10DCD00045B91D4A1A48012120F0EEF8204602F00D
:10DCE00057FEDDE7A2692B686361954208BFA36117
:10DCF000204602F06FFD19F0FFFEC5F800B0236A60
:10DD0000ABB9C4E90755BFF35B8F5AE8003F013B4D
:10DD10004AE80032002AF8D1BFF35B8F0021204689
:10DD200008F1FF3802F062FD1FFA88F8CCE71D60A9
:10DD30002562E8E70026B346B3E700BF5C5D050057
:10DD4000B4350500875D0500A35D050037B502EB1E
:10DD5000C303044608469A4202D16FF05E0010E009
:10DD6000114611F8085BA54211D1038A51789942F6
:10DD700009D90848084A009401211EF0FDF96FF006
:10DD8000150003B030BD536898470020F9E70A46F4
:10DD9000E1E700BFB4350500BA5D05002DE9F047A5
:10DDA0000C461AF0C3FBE5682B78022B75D0042BC8
:10DDB0000AD03E4A3E48012120F08FF82046FEF767
:10DDC000B1FA6FF015040EE0B4F81080B8F1020F4C
:10DDD0000ED8384A43463648012120F07EF82046C6
:10DDE000FEF7A0FA00241AF0B5FB2046BDE8F08744
:10DDF00068783E280CD1B8F1030F02D12E4A434671
:10DE0000E9E7EB78012B01D00A2B46D1032704E088
:10DE100020F040F80746F8073FD504F10C06012131
:10DE20003046D4F814A01EF0FDFC022130461EF04E
:10DE300001FD814600783E2807D1E3681B78012B5D
:10DE400001D00A2B06D1032614E020F023F8C107E5
:10DE500006460FD4194A1A491A4841F268131DF0B0
:10DE60001AF9002383F31188BFF36F8F0323184639
:10DE700002DF0226144A99F800000623214620F00A
:10DE80006EF8B2070DD56369A4F81080A5EB0A05FA
:10DE900013FA85F5E560BB07A4D52046FFF736FEEB
:10DEA000A0E72046FEF73EFAF5E700BF825E0500D8
:10DEB000B4350500DC5D0500F85D0500185E050061
:10DEC0004C5E0500655E0500DC3B050010B50121D8
:10DED00004460C301EF0AEFC2146034A0078BDE833
:10DEE0001040022320F03BB80C3C050073B53E48BF
:10DEF0001EF00CFC0446002873D000F10C052846E7
:10DF00001EF0A0FC0228034603D0042847D0374A5D
:10DF100003E0238A032B05D8354A364801211FF038
:10DF2000DCFF13E0042128461EF084FCFF23428816
:10DF300006882376238AC6F30B009A42608309D0B1
:10DF40002C48009201212C4A1EF016F92046FEF7BB
:10DF5000E9F912E00F2102F04DFE054610B9638B7E
:10DF6000264ADAE702F06CFE320B2076214628467C
:10DF700002F092FC284602F00BFD214BD3F844310D
:10DF80007BB32049204823F031FB031E29DA1F4AC6
:10DF90001848012102B0BDE870401FF09EBF28461E
:10DFA00002211EF047FC054600783E2812D01FF0E3
:10DFB00071FF10F002060DD1154A1649164840F6B9
:10DFC0009A431DF068F886F31188BFF36F8F03231F
:10DFD000184602DF114A2878062321461FF0BFFFAA
:10DFE000B4E702B070BD00BF140200202B5F050033
:10DFF000965E0500B4350500B75E0500DB5E0500E2
:10E00000D00000206005002018130020035D0500EB
:10E01000185E0500FD5E0500655E05001C3C050000
:10E0200010B5012104460C301EF004FC2146034AC1
:10E030000078BDE8104008231FF091BF4C3C05005C
:10E04000F8B5012100AF04460C301EF0F3FB067852
:10E05000114A002321463046FFF778FE5F3019D180
:10E06000258AE0682946FFF755F96C468AB06A466A
:10E070000A4BCDE9053640F20243ADF82430084B97
:10E08000CDE907504FF4325142F8103F05481FF0D8
:10E090002BFFA546BD46F8BD8C3C05003F5F050043
:10E0A00005000001B43505002DE9F74FDFF818A190
:10E0B000BFF35B8F80468946174600235AE8004F1E
:10E0C0004AE80032002AF9D1BFF35B8F264644B9F3
:10E0D0003E4A3F484346012103B0BDE8F04F1FF0E0
:10E0E000FCBE2046FEF77EF83A4D4FF00C0B0BFBC2
:10E0F0000050438843451FD02046FEF773F80BFBC2
:10E1000000504388344A00933148434601211EF0B1
:10E1100033F8BFF35B8F5AE8003F4AE80062002AF9
:10E12000F9D1BFF35B8F002B4BD01E46304603B0B6
:10E13000BDE8F04FFEF7F6B8A74208D020461EF023
:10E14000C7FA3A8AF96804F10C001EF038FB204641
:10E15000FEF748F80C2707FB00504368ABB1B9F154
:10E16000000F12D12046FEF73DF807FB00500121B9
:10E170004268536803F01F00814010685B0900EBA0
:10E180008300137ACBB11FF099FE2046FEF72AF8E0
:10E190000C2707FB00508368002BC7D02046FEF7F2
:10E1A00021F8784305F800902046FEF71BF807FB9E
:10E1B0000055A86819F0A0FCB8E7C9431FF097FE06
:10E1C000E3E703B0BDE8F08F10020020715F0500A7
:10E1D000B4350500B01F0020995F0500B0B53C289C
:10E1E00000AF04461AD101F0B9FD6FF48071103010
:10E1F0001FF07DFE0020FFF7BFFC054630B9124A34
:10E20000124801211FF058FEBD46B0BD0473002125
:10E2100002F00EFC284602F0BBFBF5E76D468AB023
:10E220006A460B4BCDE905300A4B079340F20133A8
:10E23000ADF82030084B42F8103F04484FF412511B
:10E240001FF052FEAD46DFE7CC5F0500B435050098
:10E25000ED5F05004D5505000400000173B5C5686C
:10E26000B5F801600121304602F0C4FC044640B913
:10E270003E4A3F483346012102B0BDE870401FF0DE
:10E280002CBE2B781A2B00F1040619D1C378012B70
:10E2900050D14FF4804130461FF010FE42040FD49D
:10E2A000D4F88C3000936946D4F89430019320461A
:10E2B00003F012FB204602B0BDE8704002F068BBDC
:10E2C0002B78BBBBB5F803302A4940F2E2425343F6
:10E2D000C4F88830B5F80520A4F89020B5F80720D8
:10E2E000A4F89220A3F5EA520C3A8A4204D9224AB1
:10E2F0001F4802211FF0F1FDB4F89030B3F5FA7F0A
:10E3000004D31E4A1A4802211FF0E7FDB4F89230E8
:10E31000A3F10A0292B240F676418A4204D9184A21
:10E32000134802211FF0D9FD6FF4805130461FF0D1
:10E33000DEFD17E0BFF35B8F6368BFF35B8FDB0429
:10E34000F2D52B78202BEFD194F89830002BEBD01E
:10E35000013B84F898304FF42032002304F1400050
:10E3600019F03EFE204602F04DFEA3E7BD5C05001D
:10E37000B435050095F03C000960050030600500EB
:10E3800057600500094BBFF35B8F1A68BFF35B8FC3
:10E3900002F00B02BFF35B8F53E8001F43E800203D
:10E3A0000028F9D1BFF35B8F704700BFB401002094
:10E3B00010B5C1E900239DF808300B720C46FDF73B
:10E3C00011FF034B0C2202FB00335C6010BD00BF49
:10E3D000B01F0020F8B502460B4610481EF07DF92C
:10E3E0000446C0B104210C301EF0D8F92046FDF7D8
:10E3F000F9FE0B4D0C2707FB0050002646802046F7
:10E40000FDF7F0FE07FB005086602046FDF7EAFEB0
:10E4100007FB00556E602046F8BD00BF440B00208E
:10E42000B01F002037B502280C468DF80700C5B292
:10E4300014D829B10B490722204624F096FD40B993
:10E4400009490DF10702284607F098FE002003B0A5
:10E4500030BD21462846FFF78BFAF7E76FF015002D
:10E46000F5E700BFA6830500DFDE040029289ABF78
:10E47000014B185C09207047FA83050070B5C3682A
:10E48000B3F801601D780F21304602F0B3FB04465B
:10E4900038B91A4A1A4833460121BDE870401FF0C6
:10E4A0001CBD65B12846FFF7E1FF2946024620461C
:10E4B00002F066FE2046BDE8704002F069BA83783B
:10E4C000012B07D107F0EEFC20461FF0CBFC002803
:10E4D00008BF05252846FFF7C9FF29460246204602
:10E4E00002F04EFE002DE5D0064A054801211FF03E
:10E4F000E3FC052120461FF0E5FFDBE7975C050004
:10E50000B4350500836005002DE9F041C668B6F812
:10E51000017035780F21384602F06CFB044638B99B
:10E52000204A21483B460121BDE8F0411FF0D5BCFF
:10E5300065B12846FFF79AFF29460246204602F0B9
:10E540001FFE2046BDE8F04102F022BAF278C37AFD
:10E55000934205D1154A144802211FF0BEFCF0E792
:10E560008378C272012B08D10AB107F09BFC2046C8
:10E570001FF078FC002808BF05252846FFF776FF26
:10E5800029460246204602F0FBFD002DD9D0084A5C
:10E59000054801211FF090FC052120461FF092FF45
:10E5A000CFE700BF975C0500B4350500A960050002
:10E5B0008360050010B592B004460749442201A8C3
:10E5C00024F0A4FC102C9BBF12AB03EB8404034883
:10E5D00054F8440C12B010BD50370500D860050047
:10E5E000034B0146D3F85C0182689268104700BF74
:10E5F000D00000202DE9F047042100AF46481FF06D
:10E600005DFC6D4688B06A46444B0593444B0693C7
:10E610004FF40073ADF81C30424C434B42F8103FAE
:10E620004248434E4FF4E6511FF05EFC414B617D82
:10E63000AD462046012998BF1E46FEF78DFE8AB0E2
:10E640006A463D4B0790CDE905363C4B08933C4B61
:10E6500042F8103F35483B4EDFF8EC804FF4235131
:10E660001FF042FCA246AD460125637D9D420AF1A2
:10E67000070A3ADB94F880502846FFF79BFF6E4666
:10E680008CB0B4F88210B4F886306A46DFF8BCC0AB
:10E690000993CDE907512E4B4FF40075CDE905C024
:10E6A000ADF828504FF4535142F8103F1F481FF067
:10E6B0001BFCB54694F881603046FFF77BFF8AB0BB
:10E6C000B4F884306A462349ADF82450CDE9076395
:10E6D000214BCDE9051042F8103F14484FF4335157
:10E6E0001FF002FCBD46BDE8F0875046FEF734FE41
:10E6F000E9468AB06A4640F20133CDE905650790E4
:10E70000ADF82030094842F8108F4FF413511FF034
:10E71000EBFB0135CD46A8E7B4010020E46005001D
:10E72000F6600500D000002003000001B4350500AC
:10E73000E06005004D550500016105000002010380
:10E7400004000002106105000400000121610500C1
:10E75000060000015F6105000500000108B50848DA
:10E76000437D33B9074A084803211FF0A5FB002069
:10E7700008BD0821E4301FF0A1FBFFF73BFFF6E7DF
:10E78000D000002086610500B435050000487047C0
:10E79000B36105000149024822F028BF500500205E
:10E7A0007012002070B505460C4639B1CB684A6935
:10E7B0009B1A032B0ED86FF0150509E04FF0FF30C0
:10E7C0004FF0FF31FFF706FE044618B96FF06805F9
:10E7D000284670BD2046FDF705FD174B0C2202FBB5
:10E7E0000033A618032130465D801EF00AF805802C
:10E7F000238A033B8370012130461EF00AF840F65D
:10E8000035439D420FD12046FFF7EAFE054600281A
:10E81000DED00A4A0346012109481FF05EFB20466C
:10E82000FDF780FDD4E70748214622F022FE0025AF
:10E83000FFF7B0FFCCE700BFB01F0020BE610500AE
:10E84000B43505001C0200202DE9F04784B0804655
:10E8500000AF91460C4671B94FF0FF304FF0FF31D9
:10E86000FFF7B8FD044660B96FF068052846103719
:10E87000BD46BDE8F087887AFDF7ACFC3C4B83428F
:10E880006FD101220021384622F00CFE2046FDF710
:10E89000A9FCDFF8E0A00C2303FB00A08760204662
:10E8A0001DF04AFF01464046FFF77CFF054618B1C0
:10E8B0002046FDF737FDD9E74FF4A0220023384664
:10E8C00019F04EF9064690B14FF4F1732A4A2B49DC
:10E8D0002B481CF0E0FB2B48324641461CF0DBFB8A
:10E8E00085F31188BFF36F8F0323184602DF20469C
:10E8F000FDF778FC0C2358431AF800605EB36D46B0
:10E900008AB06A46204B0796CDE905381F4B08931D
:10E9100040F20243ADF824301D4B42F8103F1D4831
:10E920004FF432511FF0E0FA2046AD46093EFDF7A4
:10E93000F9FC092E0CD8DFE806F0050B0B08170BC5
:10E940000B0B0B146FF06E0590E76FF00C058DE765
:10E950006FF004058AE7B9F1000FA9D0C9F80040AB
:10E9600084E76FF0150581E76FF00B057EE700BFC8
:10E97000440B0020B01F0020185E0500E061050078
:10E98000655E0500E96105002E6205004D55050034
:10E9900005000001B435050073B506460D4601AA11
:10E9A000002142F22F00FFF74FFF044638B1154A0D
:10E9B000154801211FF080FA204602B070BD019871
:10E9C000C368B3F801203280B3F803302B80FDF721
:10E9D000A9FC3388A3F11B02E02A04D90B4A0A4898
:10E9E00002211FF07AFA2B88A3F5A47292B244F2A6
:10E9F00048118A42E0D9064A034802211FF06DFA05
:10EA0000DAE700BF4D620500B43505006D62050010
:10EA1000926205002DE9F04F85B0714BB0F801907E
:10EA2000198849F4704291424FF0000608BF1E80D9
:10EA3000054608BF6B4B00AF08BF1E7800F038FEDC
:10EA4000EB78012B08BF684B05F1040A50460CBF58
:10EA500093F87F4000241FF0A5F907F108085146FC
:10EA600068B340461FF093F9D5F81130C7F801306C
:10EA7000B5F81530A7F805304FF0010BEB78012BF6
:10EA800034D05046FEF768FC6C4688B06A46574B57
:10EA9000CDE905304FF40073ADF81C30544B5548A8
:10EAA00042F8103F4FF4E2511FF01EFA1321A54621
:10EAB00048461FF090FA1437BD46BDE8F08F204657
:10EAC0001FF008FC03460068B8609A889B79686864
:10EAD000A8F8042088F80630BAF804209AF806301E
:10EAE00095F804B03860BA80BB71C7E74046FFF7BD
:10EAF00043F804460028C4D00346B5F8012023F8A3
:10EB0000702BB86898F80620B8F8041020679A713E
:10EB10009980B5F8173040F2E2425343C4F8883088
:10EB2000B5F81930A4F89030B5F81B30A4F892303D
:10EB300095F8038084F803800023B8F1010F237354
:10EB400026D187F800B03868BA88BB79C4F8770056
:10EB5000A4F87B2084F87D3001F000F9BFF35B8FCF
:10EB60000369BFF35B8FDB042BD484F87E8005F14F
:10EB70000B0821490622404624F0F7F904F17F03EF
:10EB8000B8B1D5F80B20C4F87F20B5F80F209A80D3
:10EB90000721204601F04CFF26B1267301212046B3
:10EBA00001F046FF204602F087F8204601F0F0FE13
:10EBB00081E70D4AD2F87910C4F87F10B2F87D20B1
:10EBC000E5E7237A0849C3EBC3035A18CB58C4F8C6
:10EBD0007E309388A4F88230937984F88430D7E724
:10EBE00014430020FC430020D0000020B562050043
:10EBF00003000001B4350500B383050000B5C36808
:10EC0000187889B020B109B05DF804EBFFF7E6BAD7
:10EC1000B3F80120ADF80120DA788DF800008DF806
:10EC20000320B3F80B20ADF81720B3F80D20ADF892
:10EC30001920B3F80F20ADF81B205A7C8DF81D2049
:10EC4000586801901A899B7A8DF80A300B4BADF801
:10EC50000820D3F87920B3F87D30ADF80F30084B99
:10EC6000CDF80B2068461A689B88CDF81120ADF8C6
:10EC70001530FFF7CFFE09B05DF804FBD00000208F
:10EC8000B383050010B5F8F7CFFB034B1B6813B136
:10EC9000BDE81040184710BDD41F002073B52D4D9E
:10ECA0000646D5F85C0122F033FA48B92A4A2B48C7
:10ECB00001211FF001F96FF01204204602B070BD6F
:10ECC0006FF0020105F1E4001FF011F901211FF0BE
:10ECD000F5F8C3073AD4FEF733FC04460028ECD11C
:10ECE0001F4B1E600122114605F5987022F0DAFBD9
:10ECF00005F5A67022F08EFB1A4822F0A2FC1A49F4
:10ED0000184800946FF007034FF4805219F0FEF892
:10ED10001649144822F0F8FCD5F85C0114498368C0
:10ED20001B689847044630B1124A034601210B483C
:10ED30001FF0D3F8C1E726B902B0BDE87040F8F77C
:10ED400073BB05F1D40019F0DBF8B6E76FF0770478
:10ED5000B3E700BFD000002032640500B4350500E1
:10ED6000D41F002018130020805600204A6405009C
:10ED70009DDD020053640500F0B5C5682F88BCB264
:10ED800087B00121204601F035FF064640B9284AE8
:10ED900028482346012107B0BDE8F0401FF09DB888
:10EDA00002ACD5F80220D5F80630019469890091AB
:10EDB00020F07AFD48B34FF0FF304FF0FF31FFF7FE
:10EDC00009FB054648B91C4A1A4801211FF074F88E
:10EDD000304601F0DDFD07B0F0BD12210C301DF012
:10EDE000E8FC0346224623F8027B144603CC596014
:10EDF00006A98C421860224603F10803F5D1294682
:10EE000042F21A00FFF7CEFCE2E74FF0FF304FF07E
:10EE1000FF31FFF7DFFA04460028D4D002210C307E
:10EE20001DF0C7FC2146078042F21B00EAE700BF45
:10EE3000BD5C0500B43505006F64050073B5C3689B
:10EE4000D9789A781E8842EA0122ADF800205979D3
:10EE50001A7942EA0122ADF80220D9799A7942EA78
:10EE60000122ADF804201A7A5B7AB4B242EA032395
:10EE700001212046ADF8063001F0BCFE054658B928
:10EE80001D481E4A012123461FF027F80221204673
:10EE90001FF0FFF802B070BD694602F005F938B9FD
:10EEA0001E2120461FF0F5F8284601F071FDF1E71C
:10EEB0004FF0FF304FF0FF31FFF78CFA0446002887
:10EEC000F2D00E210C301DF074FC00230680C0F837
:10EED0000A30BDF800304380BDF802308380BDF8B1
:10EEE0000430C380BDF806300381214642F2200081
:10EEF000FFF758FCD8E700BFB4350500BD5C05003E
:10EF000038B5042104460C301DF094FC03464088BB
:10EF10005D7818B119782246FFF7C6F835B1044874
:10EF200018F0EAFDBDE83840FFF734BC38BD00BF3B
:10EF300000020020B0B50321044600AF0C301DF0E4
:10EF400079FCE2680346B0F80100117840F63542DA
:10EF5000904216D16C468AB06A46104B1048CDE9F3
:10EF60000531104B079340F20133ADF820300E4BC2
:10EF700042F8103F4FF412511EF0B6FFA546BD46B1
:10EF8000B0BD1D7810B12246FFF78EF8002DF6D0E7
:10EF9000064818F0B1FDFFF7FDFBF0E786640500B9
:10EFA000B43505004D5505000400000100020020A5
:10EFB00038B519F0BBFA2F4DD5F84C31002B56D08F
:10EFC0000022002305F5987018F0CAFD00284ED1E4
:10EFD0000022002305F5A67018F05CFD044668B910
:10EFE000254A2649264840F6AA431CF054F884F3E3
:10EFF0001188BFF36F8F0323184602DFD5F8403125
:10F000005BB1204A204801211EF056FFD5F840018F
:10F01000FDF788F90023C5F8403120461DF08CFB30
:10F02000C5F840012046FFF7DBFA0346C8B1174A8E
:10F03000154801211EF051FF154818F05DFD2046CE
:10F04000FDF7D0F8134B0C2202FB0033588818B19F
:10F0500022461F21FFF728F82046FDF763F9FFF746
:10F0600099FBFFF797FBBDE8384019F073BA01F040
:10F0700033FEF8E7D0000020185E0500635C050051
:10F08000655E0500BE640500B4350500BE6105007F
:10F0900000020020B01F002070B54FF0FF320D4677
:10F0A0004FF0FF3300210646FEF738FC044660B9F6
:10F0B0000A4A0B490B481A231BF0EDFF84F3118811
:10F0C000BFF36F8F0323184602DF022104F10C0007
:10F0D0001DF06FFB06704570204670BDFA65050097
:10F0E000635C0500655E0500F8B50A4D6F7D064658
:10F0F0000024E3B29F4202D86FF0010007E02946E6
:10F1000030461FF006F80735631C08B12046F8BDED
:10F110001C46EEE7D000002070B50D4DB5F8C0419B
:10F120004FF47A735C434FF4004C40F2E730002117
:10F130004FF47A720023E4FB0C01F7F7E1FF02467B
:10F140000B4605F5C870BDE8704018F049BF00BF18
:10F15000D000002002282DE9F041064688461446DA
:10F1600032D84FF0FF304FF0FF31FFF733F9074649
:10F1700070B327210C301DF01CFB41461EF0D3FF5D
:10F1800005462246C31D04F1100152F8040B43F852
:10F19000040B8A42F9D1104A163602EB061205F129
:10F1A000170302F11005144603CCAC4218605960F5
:10F1B000224603F10803F6D139460022BDE8F041AA
:10F1C00042F22700FFF740BB6FF01500BDE8F08169
:10F1D0006FF06800FAE700BFD00000207FB5054659
:10F1E00014460E4671B32F4930461EF092FF48BBBD
:10F1F0002D4BC5EBC500314618441EF094FF10227C
:10F200000021684623F0A9FE274B163503EB0515B0
:10F2100074B310226946204623F0A7FE40B32B4664
:10F2200004F11005206861681A4603C20834AC4234
:10F230001346F7D11D481EF07DFF43072CD4002054
:10F2400004B070BD68461EF094FD0028F8D16846F1
:10F25000FFF74AFF0028F5DA134BC5EBC500184449
:10F2600069461EF060FF002EC9D001463046C4E753
:10F270001021284611F0EAFB0028E1D1002CD9D05A
:10F280002B4610351A4603CAAA4220606160134615
:10F2900004F10804F6D1CDE7FEF746FAFEF74CFA82
:10F2A000CDE700BFA6830500D0000020B4010020F8
:10F2B00070B51A4E06223146054623F056FE38B385
:10F2C0004FF0FF304FF0FF31FFF784F8044608B3EA
:10F2D000062229460C301DF072FA2146002242F225
:10F2E0000500FFF7B1FA044648B110F10D0F04D143
:10F2F0000B4A0C4802211EF014FF204670BD334615
:10F300002A6843F87929AA88B280012283F87820F4
:10F310000024F2E76FF06804EFE700BF4901002026
:10F3200030660500BC35050098B5114BBFF35B8F07
:10F3300000AF53E8002F22F4807243E80021002937
:10F34000F7D1BFF35B8F13F8CF2C6C466AB1D31D96
:10F3500003F4FC73ADEB030D0121684623F0FDFDC2
:10F360006946044800F0F4FCA546BD4698BD00BFC0
:10F37000B4010020A1E20400022837B5034623D8D7
:10F3800013481EF0D7FEC2051CD4124D03F116001F
:10F39000694605EB00101EF056FC044620B1FFF74D
:10F3A000BBFE204603B030BD6846FFF781FF044630
:10F3B0000028F4D14FF4807105F1E4001EF021FF24
:10F3C000FFF7AAFE0024ECE76FF01504E9E700BFA1
:10F3D000B4010020D000002070B500F0BFFC04464E
:10F3E00068B9002635463046FFF7C6FF0346D8B158
:10F3F000124A1348BDE8704002211CF0B3BE00F170
:10F400001002082110461EF09BFE05460028E8D099
:10F410000C2110461EF094FE01460028E1D1204642
:10F4200026781EF0A6FFDEE734B12DB1204601217B
:10F43000BDE870401EF09DBF70BD00BF3F66050077
:10F44000BC35050007B5002306488DF807300DF1DF
:10F45000070100F07DFCFFF767FF03B05DF804EBE8
:10F46000FFF7BABF4FE1040038B505460C46044823
:10F470004FF480611EF0C5FE2B7A1C432C7238BD00
:10F48000B4010020F7B5002104460222084601F02D
:10F490002BFF064648B120460121FFF7E5FF304625
:10F4A00003B0BDE8F04001F073BA3B4D01463B4864
:10F4B00000F04EFC95F823317BB130461EF088FEFB
:10F4C00058B1374A022137481EF02BFE364800213A
:10F4D00003B0BDE8F04000F03BBC95F8232195F85F
:10F4E00022319A4218D1314A2E4802211EF019FECB
:10F4F0000022114642F22900FFF7A6F910B12C4A6A
:10F500000121E0E795F82331013385F82331237A8F
:10F5100043F004032372D9E72246671C12F82E0B2E
:10F520003946FFF717FE064610B1224A01210EE0C8
:10F5300095F82331013385F82331237A43F004030E
:10F54000237295F8B7305B0708D41B4A022115488F
:10F550001EF0E7FD01201EF03BFEB7E73946684686
:10F560001EF0E1FD01234FF0FF304FF0FF318DF829
:10F570000730FEF72FFF044660B1082269460C30C1
:10F580001DF01DF93246214642F24E00FFF75CF9AC
:10F590000028DFD0094AC9E7D00000201BE20400A0
:10F5A00061660500BC3505008DE104008666050036
:10F5B000B7660500D7660500F766050021670500F8
:10F5C00000212DE9F04102220446084601F08CFE9C
:10F5D000054640B120460221FFF746FF2846BDE818
:10F5E000F04101F0D5B901462A4800F0B1FB2846A8
:10F5F0001EF0EEFD284D064688B1284A034601213B
:10F6000027481CF0AFFD95F8233113B101201EF0FF
:10F61000DFFDBDE8F0412348002100F099BB95F8DB
:10F62000233195F822219A420CD2013B85F82331EF
:10F63000237A1D4923F0040302462372022006F0B8
:10F64000BFFDE0E74FF0FF304FF0FF31FEF7C2FEA5
:10F6500004F10108074668B107210C301DF0A9F834
:10F6600041461EF060FD3246394642F22800FFF75F
:10F67000EBF828B10D4A0A4801211EF052FDC2E7FD
:10F6800095F82331013B85F82331237A23F00403D5
:10F690002372B8E71BE20400D00000203C6705009D
:10F6A000BC3505008DE10400BBE10400696705007D
:10F6B0000A4BBFF35B8F53E8002F22F4806143E8CD
:10F6C00000100028F7D1BFF35B8F530504D5044920
:10F6D0000022022006F074BD704700BFB401002074
:10F6E00053E3040007B50023CDE9000304496A464B
:10F6F000022006F065FD019803B05DF804FB00BF31
:10F7000045E2040010B4034670B10A4991F8224161
:10F7100091F823210CB1944208D2013281F82321BF
:10F720001A7A42F004021A7210BC704710BCFFF73C
:10F73000A9BE00BFD000002010B4034698B10B4C06
:10F7400094F8221194F8232129B101318A4203DC73
:10F7500010BCFFF735BF12B1013A84F823211A7AA1
:10F7600022F004021A7210BC704700BFD0000020C3
:10F7700038B50D4606494C7D38B12B689C4228BFF0
:10F780001C46C4EBC40223F0C1FB2C6038BD00BF93
:10F79000D0000020F0B50E4685B0044628B32D49B0
:10F7A0001EF0B7FC08BB2046FFF79EFC00284BDA92
:10F7B00023785BB92848427D002A45D121461EF0B6
:10F7C000B2FC01234375104605B0F0BD012B04D1F6
:10F7D000A37903F0C003C02B07D0204A20480121A1
:10F7E0001EF09FFC6FF01500EEE71B4D6B7D032BA9
:10F7F0002DD005F1E4001EF09DFC10F0010114D1A4
:10F800001022684623F0A9FB002CEBD011492046BA
:10F810001EF07FFC0028E5D1002EE3D010226946BF
:10F82000304623F0A2FB0028DCD06F7D32467B1CE3
:10F83000214638466B75FFF7D1FC08B93846C3E757
:10F840006B7D013B6B75BFE76FF07700BCE76FF036
:10F850000B00B9E7A6830500D00000208E670500E5
:10F86000BC350500F7B5044600283CD0214E737D19
:10F87000834238D9C0EBC00737441F4938461EF0D1
:10F8800048FC98BB8DF8050001A91C488DF8044080
:10F8900000F05EFA9DF8051021B16FF00F052846C3
:10F8A00003B0F0BD2046FEF7BDFD05460028F6D1A9
:10F8B00004F116002946102206EB001023F04DFB40
:10F8C00038460D491EF02FFC737D0D48013B9C42CC
:10F8D00008BF74751EF02EFC4307E0D5FDF724FF2A
:10F8E000FDF72AFFDBE76FF01505D8E76FF0770526
:10F8F000D5E700BFD0000020A683050071E1040019
:10F90000B40100202DE9F341044640B91A4A1B48CE
:10F9100002211EF006FC002002B0BDE8F08101AA21
:10F92000002141F20900FEF78FFF054608B1144A95
:10F93000EDE7019E1349D6F80C8008F10107062275
:10F94000384623F012FB28B10F490622384623F02F
:10F950000CFB18B93046FCF7E5FCDCE7D8F80130C1
:10F96000C4F80130BB88A4F8053030462570FCF798
:10F97000D9FC0120D0E700BFBC670500BC350500FD
:10F98000D5670500B3830500AD83050070B58AB067
:10F990006846FFF7B7FF1E4C607518B310220021B0
:10F9A00006A823F0DAFA94F8D2309B070BD502AA06
:10F9B00000214FF60A40FEF747FFA8B1154A164846
:10F9C00002211EF0AEFB02A906A805F027FCE0B15B
:10F9D00012484FF400611EF014FC0022694600201A
:10F9E000FFF7FCFB0AB070BD029EF26806AD531C27
:10F9F0001132186859682C4603C4083393422546CF
:10FA0000F7D13046FCF78EFCDDE702AAE6E700BF3F
:10FA1000D0000020F3670500BC350500B4010020CC
:10FA20002DE9F0413F4D697D98B000296DD195F8E1
:10FA3000D230DB0711D43C4A3C4802211EF071FB56
:10FA400000246C7500274FF016086B7DFEB2B342A0
:10FA50002FD8002B59D0002052E003AA4FF60940BE
:10FA6000FEF7F2FE024608B1314AE5E70398C368A3
:10FA700093F801804446032C28BF032407AE0233C9
:10FA8000A24206DBFCF74EFCB8F1000FD9D1294A9F
:10FA9000D2E71946374603F1140C51F804EB47F846
:10FAA00004EB6145F9D109883980013216361633E5
:10FAB000E6E708FB06F404F160030DEB030003A97D
:10FAC0003E3805F0ABFBF0B11B484FF400611EF06F
:10FAD00098FB002204F160030DEB030401A954F824
:10FAE000443CCDF8053034F8403CADF809303046A0
:10FAF00001238DF80430FFF771FB01370028A4D0F3
:10FB000018B0BDE8F08103AAE4E70B484FF40061A8
:10FB10001EF077FB0021084618B0BDE8F041FFF762
:10FB200039BE00BFD000002010680500BC350500BC
:10FB30003C6805005C680500B4010020F8B5164675
:10FB40000D461C46024648B143B1290310D56B0748
:10FB500007D52E4A2E4801211EF0E3FA6FF015005A
:10FB6000F8BD1EF0CCFB0028FAD101232370F7E783
:10FB7000AF07037830D036B1A90604D5254991F8EE
:10FB8000E8104F063ED568070DD410461EF0B7FBAF
:10FB90000028E5D12EB1A90603D503232370002048
:10FBA000DEE70123FAE71B49C3EBC303CF5C012F58
:10FBB00008D10133194410461EF099FB0028CFD11B
:10FBC000277001E0002FFBD0002EE8D0AB06E6D571
:10FBD000237843F00203E1E76A0710D50D49C3EB30
:10FBE000C303CE5C012E07D1013319441EF07FFB05
:10FBF0000028B5D12670E9E7002EE7D1FAE71EF01C
:10FC00007EFBB2E76FF08500AAE700BF85680500BC
:10FC1000BC350500D000002008B50349034821F099
:10FC200016FD002008BD00BF45F402006002002060
:10FC30002DE9F74F884601904FF0FF314FF0FF302C
:10FC4000FEF7C8FB044600284ED020210C301CF0E3
:10FC5000B0FD002120220646002723F07EF9D8F8C7
:10FC6000005006F1010B3946D8F804309F4208D302
:10FC7000019831700022214603B0BDE8F04FFEF735
:10FC8000E3BD6A7895F800C0881C13181F2B5FFA33
:10FC900080F915D9BCF1090FC9F11F0201D1002A61
:10FCA0000CDC134A134801211CF053FA2046FCF7E0
:10FCB00039FB6FF0150003B0BDE8F08F4FF0080C72
:10FCC0005FFA82FA0AF1010E0BF801E00131C9B2C4
:10FCD00058440BF801C0D144696823F017F9013783
:10FCE0005FFA89F10835BFE76FF06800E3E700BF0E
:10FCF000AA68050044350500F7B5CDE9000169465D
:10FD000042F208009DF8207016461D46FFF790FF4E
:10FD1000044668B97FB9BFF35B8F0C4B53E8001FF3
:10FD200041F0040143E80012002AF7D1BFF35B8FD2
:10FD3000204603B0F0BD694642F20900CDE90065F6
:10FD4000FFF776FF0028E6D00446F1E7080100201F
:10FD500003460148184700BFF800002000487047DC
:10FD6000F80000202DE9F04FD0F81090DFF8A8A29D
:10FD700089B0B9F10004054602919346039318BF78
:10FD80000124BFF35B8FDAF80030BFF35B8F5A07B3
:10FD900040F1A181466873050CD56FF01504029BF4
:10FDA000002240F20110934540F09E81204609B0A8
:10FDB000BDE8F08FD0F81080B8F1000F05D0B7077C
:10FDC000EBD006F02403242BE7D0944F28787B7DDA
:10FDD0008342E2D9C0EBC00091490722384423F0A6
:10FDE000C4F80028D9D0B00706D197F88030082B86
:10FDF00002D8AB689F2BD0D916F0300F7FD0B8F166
:10FE0000000FCAD0F1067DD406F46036B6F5603F27
:10FE1000C3D028461EF099FA80460028BDD0814EF6
:10FE2000BFF35B8F3368BFF35B8FDA0500F1568158
:10FE3000BFF35B8FD6F8AC30BFF35B8F5B0501D5AA
:10FE4000FFF736FC6A680023CDE90533CDF81B3097
:10FE5000AB68ADF8103012F4004FEB68ADF812301B
:10FE600014BF06230723D00348BF03F00503910303
:10FE700048BF03F0FB038DF81D30BFF35B8F5AE8DA
:10FE8000003F23F480734AE80032002AF7D1BFF321
:10FE90005B8F2B7887F8283087F87F302246696897
:10FEA00061480DF11503FFF749FE044600287FF471
:10FEB00076AF5E4BB9F1000F31D02A6911684AF86C
:10FEC000B31C9188998092799A716B689A0728D0AF
:10FED000B9F1000F2CD013F0100F0CBF0123042335
:10FEE0008DF814302B691A68CDF816209A88ADF871
:10FEF0001A209B798DF81C304FF000081BE0B8F1F8
:10FF0000000F81D1D5E902239A423FF646AF1F2A5E
:10FF10007FF643AFB3F5804F7FF676AF3DE7404ABB
:10FF2000CCE79B0502D4039B002B3CD0022300E0CE
:10FF30004B468DF814304FF0FF304FF0FF31FEF795
:10FF400049FA0446002800F0CC800F2204A90C30A6
:10FF50001CF035FC2146002242F20600FEF774FC3C
:10FF6000044600287FF41BAFB9F1000F1FD068686A
:10FF700010F0030027D107462B4801211EF0F9F9A4
:10FF8000044600285AD02A4A2A4801211CF0E1F8E8
:10FF9000002F3FF404AF3846002100F049FD3846F9
:10FFA00000F0F6FCFBE603238DF81430A4E7129B67
:10FFB000039A0298CDF800805946FFF79DFE04464B
:10FFC0000028D4D0EBE697F828401549174887F861
:10FFD0007F40072222F0C9FF60B91749204601F08F
:10FFE00005F9074610B96FF00B04D8E6052100F0BB
:10FFF0001FFDC1E70D49204601F03EF900287FF4BE
:020000023000CC
:10000000CCAE97F82800094901F0F0F8074600281F
:10001000E9D00621EBE700BFB4010020D0000020AA
:10002000A683050008010020F8000020010100203F
:10003000C3680500443505009F83050017B13846A5
:1000400000F0A6FC6B68BFF35B8F9F0728D056E8D3
:10005000003F43F4007346E80032002AF7D1BFF3B3
:100060005B8FBFF35B8FB8F1000F22D056E8003FE3
:1000700043F4806346E80032002AF7D1BFF35B8F78
:100080006B68BFF35B8F58071CD556E8003F43F4FD
:10009000805346E80032002AF7D1BFF35B8F7EE63B
:1000A00056E8003F23F4007346E80032002AD6D019
:1000B000F6E756E8003F23F4806346E80032002A62
:1000C000DCD0F6E756E8003F23F4805346E80032E0
:1000D000002AE2D0F6E76FF00A0460E66FF07704DA
:1000E0005DE66FF068045AE61988814204D15968C8
:1000F00011B10978C90702D40132083353E6054922
:10010000054821F0A4FA4FF470220023024817F0AA
:100110009BFF4BE6990103001001002010B51B4C1A
:1001200020461EF04EF9BFF35B8F2369BFF35B8F50
:10013000DA05C3F3002027D5BFF35B8F2369BFF334
:100140005B8F9B0516D504F109001149072222F0A7
:100150000CFF034614F8280993B90E49052201F053
:10016000C3F8044630B10021017300F061FC204661
:1001700000F00EFCBDE81040044800211EF0F9B864
:10018000062204F13101EAE710BD00BFF8000020AB
:10019000A68305009F83050010B5FFF7BFFF034648
:1001A00030B1044A0448BDE8104002211BF0DABF18
:1001B00010BD00BFDE6805004435050070B59AB07B
:1001C0001422002104A822F0C8FE47F21213ADF851
:1001D0000C304FF48073ADF80E303B4B44F201020B
:1001E00001A903A8CDE9052319F052F8034638B355
:1001F000364A374801211BF0B5FF1F25354BBFF3A9
:100200005B8F53E8001F21F0010143E80012002A30
:10021000F7D1BFF35B8F304E18F088F9346804B122
:10022000043C002D2D4D18BF0025002C45D023681F
:100230000BB1284698476468002C3ED0043CF6E792
:1002400002AB0198412209A921F0E4FE034608B15E
:10025000234ACEE7234A0DF125030DF1650153F83A
:10026000040B42F8040B8B42F9D102AB1E490198F2
:10027000202221F077FE034608B11C4AB9E7019815
:1002800021F028FE054610B1194A0346B1E7154989
:1002900012481EF099F8174820311EF095F8BFF368
:1002A0005B8F154B53E8001F41F0100143E800122B
:1002B000002AF7D1BFF35B8FA0E70023C6E9003324
:1002C00018F048F91AB070BD000002090469050071
:1002D000A4350500D81F0020E01F00205D44002049
:1002E000226905001D440020FD43002045690500EA
:1002F000696905007D440020B401002030B5A7B035
:100300001422002108A822F028FE04233D22002107
:1003100016A8159322F021FE47F21213ADF81C30F7
:100320004FF48073ADF81E302B4B2C4944F2010280
:10033000CDE9092307A805AB202221F095FE03464D
:1003400000B3274A274801211BF00CFF6FF004047B
:1003500018F0ECF8244B1D6885B100201860234B81
:10036000BFF35B8F53E8001F21F0020143E8001246
:10037000002AF7D1BFF35B8F44B3A84718F0EAF81F
:1003800027B030BD1A4B0DF1550203F1400019465C
:1003900053F8044B42F8044B8342F9D106AB029365
:1003A0002023CDE900130C480599412315AA21F01B
:1003B000AFFF034608B10F4AC4E7059821F08AFD54
:1003C00004460028C4D00C4A0346BBE70DA80849E0
:1003D0001DF0FAFF0DA8D0E700000209FD43002040
:1003E00089690500A4350500DC1F0020D81F002006
:1003F0001D440020BF690500DB69050008B50449FC
:10040000402222F0B2FDB0FA80F0400908BD00BFE2
:100410002484050010B598B004461422002102A8D7
:1004200022F09BFD44F21213ADF804304FF48073B8
:10043000ADF80630154B4FF48042CDE90323214639
:1004400004230DF11D008DF81C301DF0BDFF04F1DB
:1004500020010DF13D001DF0B7FF6B46412207A9B9
:1004600001A821F001FE044601A822F077F82CB97A
:10047000009821F02FFD012018B010BD0448054A56
:10048000234601211BF06EFE0020F5E70000020963
:10049000A4350500F869050010B500283FD0234AAF
:1004A000136823B1043B98423CD05B68F9E7204BCA
:1004B000BFF35B8F1968BFF35B8F890707D51D48B2
:1004C0001D4A02211BF045FE6FF00F0010BD14689D
:1004D0004460011D5068116000B95160BFF35B8F2B
:1004E00053E8002F42F0010143E800100028F7D143
:1004F000BFF35B8FD30701D50020E7E70F4BBFF3B6
:100500005B8F53E8001F21F0100143E80012002A1E
:10051000F7D1BFF35B8F0A48FDF794F9ECE76FF072
:100520001500D3E76FF07700D0E700BFE01F002091
:10053000D81F0020A43505001C6A0500B401002066
:1005400080050020054BBFF35B8F1B68BFF35B8FFB
:1005500013F0100F024808BF00207047B4010020BC
:100560005D44002070B505461E4803688B4232D0BA
:10057000BFF35B8F1C4B1B68BFF35B8FDA062DD577
:10058000036813B16FF00F0070BD184ABFF35B8FA3
:100590001368BFF35B8FDB07F4D4BFF35B8F52E8C4
:1005A000003F43F0020442E80046002EF7D1BFF3BB
:1005B0005B8F13F00204E5D101600D4829461DF060
:1005C00003FF0C4805F120011DF0FEFE0A48FDF76F
:1005D00039F92046D8E76FF07700D5E76FF07C0057
:1005E000D2E700BFDC1F0020B4010020D81F00208C
:1005F0001D4400203D4400207005002070B50C4BC8
:100600001C68054644B154F81C3C1C3C13B1297BC2
:1006100028469847E469F5E7064C074EB44200D3F4
:1006200070BD236813B1297B284698472034F5E72D
:100630001C200020E43405002435050010B50446D4
:10064000FBF7D0FD044901EB001120461DF0EBFB48
:10065000BDE81040FEF79EB8E81F002070B5D1E954
:10066000015600220446C1E90122064820F001FF9C
:100670003DB1314620462B466FF06D02BDE870401B
:10068000184770BD9C0A002013B54FF480610446E2
:1006900004301DF0BFFE41053AD4BFF35B8F6368A1
:1006A000BFF35B8FDA0326D5E37823B9194A1A48DA
:1006B00002211DF0ADFE637B072B29D1174B93F868
:1006C000E8309B0624D51DF058FC08B30DF1060157
:1006D00001A8FEF761F9D8B9BDF80620BDF80410ED
:1006E00020461DF0B7FC034690B10D4A0A4801218F
:1006F0001DF08EFE0CE020461DF091FC034620B15B
:10070000084A054801211DF083FE637B072BCBD0EF
:1007100002B010BD6B6A05005C350500D0000020FA
:10072000846A05004A6A050070B505460F48002234
:10073000002317F015FAB8B90D4B1C6834B154F802
:10074000143C1C3C03B19847E469F7E7094C0A4E96
:10075000B44204D32846BDE8704017F0D1BBA3686B
:1007600003B198472034F3E770BD00BF800A002032
:100770001C200020E4340500243505002DE9F0415B
:10078000044620270025EFF3118287F31288BFF378
:100790006F8FE16929B1206A0B68E361814208BF6C
:1007A000236282F31188BFF36F8F71B1D1E90168C1
:1007B0000748C1E9015520F05CFE1EB10022414608
:1007C0002046B047FDF7E6FFDDE7BDE8F08100BF5A
:1007D0009C0A00200448B0F80C31002B00F588700A
:1007E00008BF0020704700BFD000002030B504468D
:1007F000FBF7BAFA0D4A0D460D490858D2F8881091
:10080000884289B005D1204609B0BDE83040FFF7E5
:10081000B5BF24342146104620F0E8FE1DB16946DC
:10082000204620F0F3FE09B030BD00BF601D00205F
:100830000800000038B5002204468A4202D1002494
:10084000204638BD04F1C8030120BFF35B8F53E895
:10085000005F002D04D143E8000CBCF1000FF6D17D
:10086000BFF35B8F02D0D0340244E6E7002CE6D021
:10087000C8220021204622F070FB04F14000044908
:1008800020F0E5FE034904F1240020F093FED7E7B1
:10089000991303003FE40400F7B516460D46012105
:1008A0000446FFF7A3FF012E23D0022E52D1236965
:1008B0003BB13148314A01211BF04BFC20461DF071
:1008C000DCFD256121690B8A012B53D9CA68128886
:1008D000043292B293424DD343D92748009201216A
:1008E000274A1BF049FC204603B0BDE8F0401DF04C
:1008F000C4BD206940B9234A1F4831461BF029FC7A
:1009000020461DF0BAFD01E02A8A2AB9284603B024
:10091000BDE8F040FBF706BD018A438A47695B1AD0
:10092000C168C91B5B1A9A420CD9174A1248314652
:100930001BF00FFC21690022204600F0A1FF0023DC
:100940002361E3E7E9680C301BF039FF2846FBF729
:10095000E9FCB7E70D4A0848334601211DF058FD70
:10096000CEE7002301222046236103B0BDE8F0401A
:1009700000F086BF03B0F0BD5C350500A06A05003D
:10098000206B0500BD6A0500DB6A0500026B0500EF
:1009900008B500F1C803BFF35B8F53E8002F013A9D
:1009A00043E800210029F8D1BFF35B8FAAB90B4BB4
:1009B000984212D303F1D00290420ED2C01AD02333
:1009C000B0FBF3F203FB120038B9054817F094F8B6
:1009D000BDE80840034817F093BA08BDC0130020D3
:1009E000800A0020A005002010B504461DF04EFD31
:1009F00017F09CFD0C4BD3F8243104F1BC0143B932
:100A00000A481DF0EBFC17F0A5FDBDE81040FDF70E
:100A1000C1BE994201D01B68F1E717F09BFD20464B
:100A2000FFF7B6FFF1E700BFD0000020F40100207F
:100A3000F8B5467B8E4200AF04460D461BD1082E0A
:100A400096BF534B534B53F826306C4688B06A46DA
:100A50005149CDE905134FF40073ADF81C304F4BED
:100A600042F8103F4E4800234FF4E451F9F7B8FF25
:100A7000A546BD46F8BD41730EB91DF007FD637B69
:100A8000082B00F2818001A252F823F0D90A03005A
:100A90002F0B0300730A0300730A0300730A030099
:100AA000730A0300730A0300B10A0300730A030008
:100AB0000023C4E90D33E378012BDAD1A378012BAD
:100AC00004BF032384F898304FF42032002304F14C
:100AD000400017F085FACCE7082ECAD8DFE806F008
:100AE0002005171C1C1C1720200004F14005284677
:100AF00020F0B9FD01212046FFF778FE20461DF0C9
:100B0000BCFC00220023284617F09EFAB1E7237BA5
:100B100013B12046FFF772FD2046FFF739FFA8E723
:100B2000204A2B461E4802211DF072FCA1E7237BC0
:100B30003E2B0FD16D4688B06A461B4BCDE905347C
:100B4000032342F8103F164800234FF4C451F9F72D
:100B500047FFAD46154D05F58876616911B9FDF77A
:100B600019FE86E7A2690B686361914208BFA36121
:100B70002046FFF773FDB5F80C31002B14BF30464B
:100B8000002016F0B9FFE8E7094A2B46CAE700BF84
:100B9000A03C05003B6B0500456B05000300000110
:100BA0005C350500566B05006D6B0500D00000201C
:100BB000946B0500F8B5074609480D4616461DF02A
:100BC00065FC044650B183781F4203D1BDE8F8406C
:100BD000FFF7DEBE3146A8472046F7E7F8BD00BF65
:100BE000C0130020024900220120FFF7E3BF00BF2D
:100BF00033E4040070B505460E480E461DF046FC71
:100C00000446A0B1437B012B02D0073B012B0CD83B
:100C10002388AB4208D1A3781E4209D1064A07486F
:100C20002B4602211DF0F4FB2046FFF7B1FE002405
:100C3000204670BDC0130020B06B05005C35050078
:100C4000034BC01A034B00115843C0B2704700BF9A
:100C5000C0130020C54EECC470B51C4614430546B5
:100C60000E460DD00F49FBF77FF8D1F888400E49AA
:100C700009588C4206D10D4A0D4802211BF069FA31
:100C8000002213460B49002D14BF284608461BF0CE
:100C900024FD044618B1711D0C301BF07FFD204669
:100CA00070BD00BF601D002008000000C76B05007C
:100CB0005C350500B40A002010B50446054817F05D
:100CC0001FF9204600F022FD2046BDE81040FFF746
:100CD00095BC00BF900500202DE9F04F87B000AF14
:100CE0000023FB607B61BF4B5A8A3AB1BE4DD5F8F9
:100CF00024413CB91C37BD46BDE8F08F1B68002B72
:100D0000F4D1F7E754F8BC3903B1BC3BB74900262E
:100D100001E01C461346B5F80C21002A00F05F8163
:100D2000D5F818214AB904F1BC06002BE2D0D3F85B
:100D3000BC20002AEDD0BC3AEBE70A68002AF2D0CA
:100D4000D4F8A820002AEED0D4F8AC20002AEAD0AB
:100D5000D4F8B020002AE6D0637B072B6CD1204664
:100D60009047002868D0BFF35B8FD4F8C030BFF342
:100D70005B8F022B60DC20461DF088FB04460028B8
:100D8000B8D0637B072B40F02781D4F8A830B5F8A2
:100D90000C1107F11002204698478146002800F008
:100DA0000E81B5F80C213B699A4208D30146D4F86C
:100DB000AC6007F1140307F10C022046B0477B69D1
:100DC0003B60B9F81030D7F80C80002B00F0FE80A3
:100DD0004846D7F810A01DF03CF87860002840F095
:100DE000F880B5F80C31DFF808B2002B14BF584674
:100DF00000200022002316F0B3FE78B97B480022C1
:100E0000002316F047FE064600283BD1B5F80C310A
:100E1000002B18BF5E46304616F06EFE6FF00B05D5
:100E20004846FBF77FFAB8F1000F00F0B38039684D
:100E30002A462046C047ADE0D4F8BC3004F1BC02DD
:100E4000C6B9D5F82811C5F824318A4201D1C5F8B0
:100E500028310023C4F8BC302046D4F8B03098477D
:100E600000288ED0637B072B40F0B6802046FFF72A
:100E7000BBFD86E73360D5F828319A4208BFC5F834
:100E80002861E6E73B68C0F804808360B5F80CB1E0
:100E90005448DA454FF000024FF000034FF00001D4
:100EA00098BF1FFA8AFBFBF7BFF9804650B1FBF7EA
:100EB00099F9504B5A4603EB0013494640461CF043
:100EC0008DFF8046B5F80C3194F8C4909A4584BFE4
:100ED00001237B607B6884F8C4309CBF09F1020960
:100EE0005FFA89F904F1C00ABFF35B8F5AE8003F4B
:100EF00001334AE80032002AF8D1BFF35B8F04F1D6
:100F0000140B314658461DF069FAA378012B5AD1CB
:100F100008F10C03042118467B601BF072FC228848
:100F20007B6809F0FD0942EA09320280B8F8102016
:100F3000043A4280022118461BF06BFC4046FDF744
:100F40004FFB8146002847D0BFF35B8F5AE8003F34
:100F5000013B4AE80032002AF8D1BFF35B8F3146EB
:100F600058461DF06FFA244A24484B4601211DF0D3
:100F70004FFA4046FBF7D6F920463146FFF76EFBA5
:100F8000B5F80C311A48002B08BF002016F0B4FD4C
:100F90006FF004056E4688B0194A0794CDE905251F
:100FA0006A46042342F8103F14484FF401510023CD
:100FB000F9F716FD1321B54620461DF083FA2046A9
:100FC000FFF7E6FC96E66FF01509BDE76FF07905CF
:100FD00026E76FF0040523E7FDF7DCFBEFE79368F6
:100FE000FFDE00BF200B0020D00000209C0A002064
:100FF000E0010020E81F0020BE6105005C3505000F
:10100000F06B05002DE9F04140F2E243D0F8886032
:10101000B6FBF3F60446B6B2031DBFF35B8F42681E
:10102000BFF35B8F920417D5B0F88C20B24213D86F
:10103000B0F88E20B2420FD3D0E9241291420BD1E6
:10104000BFF35B8F53E8001F21F4005143E8001207
:10105000002AF7D1BFF35B8F104B1D6865B155F8BF
:101060000C7C1C3D37B1B4F89230B4F89020314676
:101070002046B847ED69F1E7094DDFF8288045457E
:1010800001D3BDE8F0812F6937B1B4F89230B4F8DC
:10109000902031462046B8472035F0E71C2000203C
:1010A000E4340500243505002DE9F04107460846E3
:1010B0000D461CF064FF064618B900263046BDE810
:1010C000F081144B1C6884B154F8103C1C3C0BB9E3
:1010D000E469F8E72946384698470028EDD02846C5
:1010E0001CF04DFF0028F3D1E7E70B4CDFF82C8014
:1010F0004445E3D2E3680BB92034F9E72946384682
:1011000098470028D9D028461CF039FF0028F3D191
:10111000D3E700BF1C200020E4340500243505007F
:101120002DE9F041C37804468BB900F17E06114BDE
:101130001D687DB11C3D04F170076B691BB13A4617
:10114000314620469847ED6925B11C3DF5E700F191
:101150007706ECE7084D094F04F17008BD4201D352
:10116000BDE8F0816B691BB1424631462046984785
:101170002035F3E71C200020E43405002435050069
:10118000F8B5437A8372044616461DF0E3FA144B11
:101190001D684DB155F8043C1C3D1BB1617A3246C7
:1011A00020469847ED69F4E70E4D0F4FBD420DD331
:1011B000A6B9637A012B11D9A378012B0ED1207A1D
:1011C00004F17001BDE8F84005F02EBAAB691BB11F
:1011D000617A3246204698472035E7E7F8BD00BFE0
:1011E0001C200020E43405002435050038B50546F0
:1011F0000C460F480121FFF71DFBC0B105722368A3
:101200000367A388A0F87430A37980F876300123AF
:10121000437283728370074BC0F8A830064BC0F846
:10122000AC30064BC0F8B030054BC0F88C3038BD40
:10123000C013002009160300FDE30400F1E30400DD
:101240001800280070B505460A480E461DF01EF924
:10125000044620B18378012B04D0FFF799FB0024CA
:10126000204670BD324629461DF09EF90028F7D170
:101270002046F2E7C0130020B0B500AF0D46FFF7DF
:10128000E1FF044608B32846FCF766F8637B082BA9
:1012900096BF0F4A0F4B52F823306D468AB06A460C
:1012A0000D49CDE907030D4B09930D4BCDE905140D
:1012B00042F8103F0B4800234FF44251F9F790FBDE
:1012C0002046AD46FFF764FB0120BD46B0BD00BF20
:1012D000A03C05003B6B0500136C050001030204F4
:1012E000050000025C350500F8B505460E480E46BF
:1012F00017461DF0CBF8044620B18378012B03D0AC
:10130000FFF746FB00240DE036B1324629461DF0BA
:101310004BF908B92046F3E7637BBB42FAD1237A45
:10132000AB42F7D12046F8BDC013002038B50446C3
:1013300008460D461CF023FE48B3164B93F8E830E0
:10134000990707D4E37883B129462046BDE83840A1
:1013500000F0C2BA94F899309A07F3D5BFF35B8FC7
:101360006368BFF35B8F5B04ECD4294620461DF015
:1013700041F958B92B88A4F88C306B88A4F88E30CA
:10138000AB88A4F89430EB88A4F8963038BD6FF0A1
:101390001500FBE7D0000020F7B510F8333C0446F9
:1013A000A0F140060BBB30461DF077F9354B1D68A8
:1013B0004DB155F8183C1C3D1BB114F8341C304697
:1013C0009847ED69F4E7304D304FBD4205D33046C4
:1013D00003B0BDE8F040FFF7DBBA6B681BB114F84F
:1013E000341C304698472035EFE710F83E3C012B7F
:1013F00046D1BFF35B8FA0F13C0555E8003F23F4D5
:10140000005245E800210029F7D1BFF35B8F990412
:1014100023D5E36C00936946636D01933046FFF773
:1014200085FF034698B9BFF35B8F55E8003F23F46F
:10143000805345E80032002AF7D1BFF35B8F4FF4A9
:101440000061284603B0BDE8F0401CF0E3BF104A3D
:10145000104802211CF0DCFFF1E70F4A4FF428137B
:1014600069463046CDE90023FFF760FF034628B9FF
:101470004FF4805128461CF0CDFFE0E7074AE7E72C
:1014800003B0F0BD1C200020E43405002435050025
:101490004C6C05005C35050018002800716C0500D7
:1014A00008B568B1094B1A6800F10C0122B9074868
:1014B0001CF094FF104605E0914204D01268F5E755
:1014C0006FF0150008BD6FF07700FBE724200020C7
:1014D00010B50E481FF09EFF0D490C481FF0C9FFC4
:1014E0000C490A481FF0C5FF0B4908481FF0C1FF0F
:1014F0001DF023FD02F010FF044628B904F07AFD28
:10150000044608B91DF08AF9204610BD9C0A002047
:10151000F81F002004200020102000200346024A6B
:10152000024801211AF01EBE246D0500CC350500CD
:1015300080B500AF88B06A46074BCDE9053003237C
:1015400042F8103F054800234FF4C251F9F748FA1A
:101550006FF00B00BD4680BD4C6D0500CC3505001D
:1015600008B5064A136823B9054850600A60184652
:1015700008BDFFF7DDFF6FF00B00F9E7302000201A
:10158000EC3C050070B5044652EA030008D0FAF7B7
:10159000EBFB074D074ED5F888503058854201D1F6
:1015A0000022134620460431BDE87040FFF754BBCB
:1015B000601D00200800000038B5054618462B685D
:1015C000DBB15B7B072B18D10B7A012B07D00C4AC0
:1015D0000C4801211AF0C6FD6FF0150038BDCB7A1A
:1015E000072BF9D9C8618A6105F130001FF041FF6E
:1015F00028461DF029F80020F0E76FF07F00EDE7A6
:10160000736D0500CC3505002DE9F84FD0F8B440D6
:1016100000AF8846914644B1403C236B63B92068D3
:10162000B4301DF030F8246CF5E7FDF7B3F8002670
:101630003046BD46BDE8F88F04F1300A50461FF031
:101640002DFF05460028F0D01CF003FC80B16C464D
:1016500088B06A462A4BCDE90535032342F8103F8E
:10166000284800234FF4C251F9F7BAF9A546DEE73E
:1016700028461BF061F8656C06469DB9A38C058A67
:10168000403B9BB23F2B03D8238D9D4228BF1D4674
:10169000042106F10C001BF0B4F80580A38C4380F4
:1016A00004356564454520D8B6F810B0AB4506D181
:1016B00000220023504616F0EDF9FAF733FEA38C12
:1016C000A3F140023F2A07D8AB4514BF00220E4ABF
:1016D000B26118BF1346F3612068B4301CF0D3FF29
:1016E000236B13B120461CF0AFFF636CC9F80030C8
:1016F000984534BFA3EB08010021616498E700BF5F
:101700008B6D0500CC350500CDE70400F7B5284DFD
:10171000284F04460026BD4201D303B0F0BD2988FE
:1017200020461DF049F86B68019001A920469847B2
:10173000002838DB019B2A889A829A8403F11002E0
:10174000BFF35B8F52E8001F42E800600028F9D128
:10175000BFF35B8F1E645E649E60A16B03F10802A1
:1017600019BBC4E90D221C60DE6003F130001FF0DC
:1017700051FE019843681B6803B19847019BBFF372
:101780005B8F103353E8001F41F0010143E8001262
:10179000002AF7D1BFF35B8F01984368DB6913B16F
:1017A00000F1100198470835B5E70A60A263DAE74F
:1017B000CC340500E434050073B50D46064604211B
:1017C00005F10C001BF036F82B8A42889A42044639
:1017D00007D000921C4A1D4801211AF0CDFC02B02E
:1017E00070BD43783BB91A4A1848012102B0BDE8E0
:1017F00070401AF0AEBC0378012BF0D0132B06D149
:10180000022AECD0022300931346124AE3E7124A5D
:101810000E4802211AF0A6FC6178356802220120E8
:101820001CF0B0FF04460028D9D002210C301AF079
:10183000C0FF0023037043702146284602B0BDE874
:1018400070401CF0D0BF00BFA36D0500CC35050073
:10185000C46D0500E56D0500106E050008B50B8A26
:10186000032B06D8044A054801211AF072FC002017
:1018700008BDFFF7A1FFFAE7386E0500CC3505007B
:1018800038B50B8A032B05460C4609D80F4A104879
:1018900001211AF05EFC2046BDE83840FAF742BD4F
:1018A000042104F10C001AF0C5FF418828461CF001
:1018B000ABFF30B9074A06480B4602211AF052FC2A
:1018C000E9E7436821465B699847E4E7566E0500FF
:1018D000CC350500736E050070B5144A13780133DA
:1018E0000C4613F0FF010CBF01230B461370064694
:1018F00008BF1946082212201CF044FF054688B193
:1019000008210C301AF055FF22880280628842803C
:10191000A2888280E288C28029463046BDE87040B5
:101920001CF061BF6FF00B0070BD00BF9D44002034
:1019300023281FD81A2804D8431E182B0ED9062096
:101940007047A0F11B03082B1ED8DFE803F0051D2C
:101950001B231D19251D0500032070470F4A012375
:1019600083401A40C2B90E4A1A40002A0CBF062012
:101970000120704700F07F03522B05D100207047F3
:10198000012070470520704710F0400F14BF002061
:10199000062070470420704702207047AAAA8A02D6
:1019A000545545012DE9F74F064608460C46FAF70F
:1019B00019FC2E4F18234343FA18054691680191EC
:1019C000E168BFF35B8FF06CBFF35B8FC0070AD495
:1019D000274A284801211CF044FF6FF015094846AA
:1019E00003B0BDE8F08FE068007810710022FA5073
:1019F0000B78D22B0FD13368214618681DF0C1FF38
:101A0000814640B11C4A1B4801211CF02AFF204698
:101A1000FAF788FCE3E7182303FB0573D4F80C807E
:101A2000D4F814B0B4F810A09E6000231A462146E2
:101A3000301DFFF7C1FD81460028D0D010F1690F9D
:101A400004D10E4A0B4801211CF00BFF6269019B77
:101A5000A4F810A0A8EB0B0812FA88F2E260182292
:101A600055437A1947F805909360B8E78020002025
:101A7000AF6E05004C350500C96E0500DC6E050033
:101A800008B5EFF31181202383F31288BFF36F8F22
:101A9000002303600F4B5A68C2B9C3E9000081F309
:101AA0001188BFF36F8F0C4816F02AFA031E0CDA68
:101AB0000A4A0B4801211AF055FB002383F31188D1
:101AC000BFF36F8F0323184602DF08BD1060586014
:101AD000E5E700BF78200020D8050020FF6E050054
:101AE0004C350500011F01481FF0ADBBBC090020AB
:101AF000024A034801211CF0B4BE00BF286F050054
:101B00004C35050010B500F148030446BFF35B8F68
:101B100053E8001F41F0010143E80012002AF7D109
:101B2000BFF35B8F201F1CF070FF04F164000449B9
:101B30001FF08DFD2068BDE8104002F009BB00BF1A
:101B40000D2B030073B50E46438D418B8B4202F182
:101B5000010228BF0B469A42054609D91E48009249
:101B600002211E4A1AF008FB0024204602B070BD74
:101B70003046FFF7DDFE6FF01403034113F001035D
:101B800010D0FAF7F1F8164B1958164BD3F88830E5
:101B900099421ED0144B1B685A1A18BF4FF0FF32DF
:101BA000134601E04FF4702210480021FFF7EAFCD1
:101BB00004460028D9D0FAF715FB0D4B182202FB7A
:101BC0000033012104F10C009D601AF0F2FD067053
:101BD000CBE70022E4E700BF4C350500456F050068
:101BE00008000000601D0020C8200020D80A002046
:101BF00080200020F0B51D4603680E46003987B0EE
:101C0000044618BF0121186817461DF0E4FC40B9CE
:101C100004F14C001CF061FF002846D0002007B002
:101C2000F0BD002D43D018220021684621F095F91F
:101C30006FB1002213212046FFF784FF019030B9D5
:101C40001C481D4A01211CF00CFE1120E7E7236807
:101C50001A4A1B6800930023ADF812300C9B0393C3
:101C6000BDF83430ADF8103001238DF8143029461A
:101C70006B4628468DF808601CF00BFF9DF8143069
:101C800063B1002FCAD00198FAF74CFB9DF81430CD
:101C90002A46314620461CF02FFFBFE70199002954
:101CA000BCD020461CF047FEB8E71220B7E7012061
:101CB000B5E700BF4C3505006A6F0500C5E80400B4
:101CC0002DE9F3410B8A04460D4643B9294A2A48B7
:101CD00001211CF0C6FD002002B0BDE8F0810768BC
:101CE000012105F10C001AF0A5FD7B7B072B0646B0
:101CF000F1D154F8043C002BEDD003781F4F043C85
:101D0000002217F8320098424FEAC20807EBC201DE
:101D100014D12A8A4878904226D917480093012185
:101D20001346174A1AF028FA04234744BA78012ABE
:101D3000D1D1002BCFD03178002211E001320C2A12
:101D4000DFD1104A0C4802211AF00CFA317808460B
:101D5000FFF7EEFD2122C24012F00102BBD10623A3
:101D600020461CF0C9FEB6E74B6820462946984736
:101D70000346DAE7836F05004C350500143D050086
:101D8000B86F05009E6F0500F8B54FF47022074646
:101D9000002311480D461AF0A0FC044638B90F4A3A
:101DA0000F482B4601211AF0DDF92046F8BD00F15D
:101DB0000C06092130461AF0F1FC2046FAF712FA17
:101DC000084B182202FB0033012130469F601AF0B5
:101DD000F0FC0570E9E700BFD80A0020246D05007B
:101DE0004C350500802000202DE9F0410E8A043E8C
:101DF000F6B2022E04468CB0084601D0102E64D1F3
:101E000004210C301AF016FD0DF1080805884788EA
:101E1000011D324640461BF07EFF002857D0A5B377
:101E200000268FB3AF4230D34FF4205301A9404670
:101E30008DF80460ADF806301BF040FF48BB14225B
:101E4000002107A821F089F811212046FFF79CFF07
:101E50000990002837D001210C30CDE907481AF04D
:101E6000A8FC00230A90394603701A4A0B932846AF
:101E700007AB1CF00EFEDDE909131B78FBB9084621
:101E8000FAF750FA0A2301E03D4601232A461021C1
:101E90000EE042F6010307A940468DF81C60ADF83C
:101EA0001E301BF00BFF0028C9D010232A4619460C
:101EB00020461CF021FE00200CB0BDE8F081204639
:101EC0001CF039FDF7E71120F6E70420F4E70E20B7
:101ED000F2E700BF2D2403002DE9FF41036804460B
:101EE0000D46186801211DF076FB40B904F14C0045
:101EF0001CF0F3FDA0BB122004B0BDE8F08110225D
:101F00000021684621F029F821212046FFF73CFFF7
:101F1000029038B3009405F10C074FF001082B8AAA
:101F2000012B04D8029920461CF005FD18E0384624
:101F30001AF090FC6B460C4A8DF80C800146064660
:101F40001CF0A7FD9DF80C30002BE8D00298FAF7A2
:101F5000E9F99DF80C303246202120461CF0CCFDDA
:101F60000020C9E71120C7E74BED04002DE9FF4130
:101F7000036804460D46186801211DF02CFB40B98A
:101F800004F14C001CF0A9FDA0BB122004B0BDE878
:101F9000F08110220021684620F0DFFF0F2120464B
:101FA000FFF7F2FE029038B3009405F10C074FF0F2
:101FB00001082B8A012B04D8029920461CF0BBFC97
:101FC00018E038461AF046FC6B460C4A8DF80C8037
:101FD000014606461CF05DFD9DF80C30002BE8D054
:101FE0000298FAF79FF99DF80C3032460E212046F0
:101FF0001CF082FD0020C9E71120C7E7CFED0400E7
:10200000F0B51D46036885B004460E4618680121E8
:1020100017461DF0E0FA38B904F14C001CF05DFDE4
:1020200050BB122005B0F0BD65B3102200216846F8
:1020300020F093FF39462046FFF7A6FE029018B322
:10204000BDF82830ADF8043001238DF80C30294656
:102050006B460E4A009428461CF01BFD9DF80C3080
:1020600002995BB10846FAF75DF99DF80C302A46F3
:10207000314620461CF040FD0020D3E720461CF0EE
:102080005AFCF9E70120CDE71120CBE7CFED0400A2
:102090002DE9F0410E8A043EF6B2022E04468CB0C1
:1020A000084601D0102E76D104210C301AF0C2FB64
:1020B0000DF1040805884788011D324640461BF093
:1020C0002AFE002869D085B377B3BD422DD8606859
:1020D00001211DF080FA064678BB8DF8000042F61B
:1020E000020369464046ADF802301BF0E7FD20B31D
:1020F00042F6030306A940468DF81860ADF81A3081
:102100001BF0DCFDC8B1012D03D14FF6FF739F42D8
:1021100013D004F14C001CF0E0FC002814BF002098
:1021200012200CB0BDE8F0813D4601232A4608216B
:1021300020461CF0E1FC0020F3E7182200210DEB03
:10214000020020F00AFF09212046FFF71DFE08903B
:10215000F8B101210C30CDE906481AF02AFB002322
:10216000099003700A238DF82C30394606AB0C4ACF
:1021700028461CF08EFC9DF82C3008992BB108469F
:10218000FAF7D0F89DF82C30D0E720461CF0D3FBAE
:10219000D1E71120C5E70420C3E70E20C1E700BF47
:1021A000E52403002DE9F0430F4687B004460621DD
:1021B00007F10C001AF03EFB0588EDB1B0F8028083
:1021C000B8F1000F17D0454516D8002382888DF846
:1021D00000308DF8043001A94FF420536846D7F839
:1021E0000C90ADF80220ADF806301BF067FD0646F6
:1021F00060B10A2301E0454601232A460621204614
:102200001CF07AFC002007B0BDE8F08301461422E0
:1022100001A83F7C20F0A1FE07212046FFF7B4FD76
:102220000290D8B10A238DF81530414601AB0C4A13
:1022300001942846CDE903698DF814701CF029FC3F
:102240009DF8153002992BB10846FAF76BF89DF806
:102250001530D2E720461CF06EFBD3E71120D2E701
:10226000D12203007FB5CB681D8804468DB15E88FE
:1022700076B1B5420DD810220021684620F06DFEDF
:1022800005212046FFF780FD019058B9112007E095
:10229000354601232A46042120461CF02DFC00204F
:1022A00004B070BD6B463146084A009428461CF0C5
:1022B000F0FBDDE9011323B90846FAF733F80A23E6
:1022C000E8E720461CF037FBE9E700BF53E90400CC
:1022D0002DE9F04391B0D2F8008006460F46002564
:1022E00042F601030068D8F804908DF82C500BA931
:1022F0001446ADF82E301BF0E1FC00286DD04FF4F1
:10230000205330688DF82C500BA9ADF82E301BF0FF
:10231000D5FC38B1A3681BB15A88BA4200D25F809D
:10232000012010E0616808461CF083FAB8F82A2002
:10233000B8F81A309A4294BFC0EB0200C0EB030019
:10234000032803D8002011B0BDE8F08308461AF036
:10235000F7F96168054608461CF06BFA6B8A2A8A11
:10236000A3EB020C6B69EA68D21AACEB0203B8F873
:102370002AC0B8F81A20944594BFC0EB0C00C0EBFB
:102380000200834228BF03466BB9887AF9F722FF1F
:10239000002200231AF0A1F905460028D2D00146F8
:1023A00060681AF0DEF900230093D6F80480314605
:1023B000102302AA4846C047061E0EDB227CE068B6
:1023C000964227D001460BA81BF0A5FC40B9237C00
:1023D000134A1448022119F0C5FE0023A3609FE7A9
:1023E000F2B202A906A81BF096FC10B90E4A3346B9
:1023F000EFE706A90BA81BF061FC0028EDD1002334
:102400006374042105F10C001AF0D3F9A060078071
:10241000A36884E7324602A920F0A7FDEDE700BFDC
:10242000D76F05004C350500F66F05002DE9FF411B
:1024300005460E464FF000084FF420530068176819
:102440008DF8088002A91446ADF80A301BF036FC5E
:10245000A0B142F6010328688DF80C8003A9ADF8FD
:102460000E301BF02BFC48B123691BB15A88B242D5
:1024700000D25E80012004B0BDE8F0816168286868
:102480001BF01CFC10B100232361F3E7E368A06894
:102490001A786AB1B7F81AC0798D038A8C4594BF4F
:1024A000C3EB0C03C3EB0103934201DA0020E2E724
:1024B00004210C301AF07DF92061068023695E80CA
:1024C000074B00930194A2680023294638461CF06C
:1024D000B3FB0028EADB2069003818BF0120CAE7F7
:1024E00073EA04002DE9F34717680546894600683A
:1024F0005168D7F804A014461BF0E0FB8046002882
:102500004BD19522294650461CF0F3FF0646207514
:1025100040B1E3681B780BB184F81480002002B04E
:10252000BDE8F087294650461DF08FF810B9082302
:102530002375F3E7A06826751AF002F902210C3022
:102540001AF037F9164B2061A0F80090009301941F
:10255000A2683346294638461CF06EFB002807DA8D
:1025600010F1FF0F26BF4042C0B20E202075D5E704
:102570002369002BD2D0A0681CF05BF97B8D7A8B8D
:102580009A4294BFC0EB0200C0EB0300E3681B78E3
:10259000984294BF00200120C1E70120BFE700BF9F
:1025A00043E804002DE9F04182B000AF04468846BC
:1025B0003E4800220023394615F0B2F80546B0B176
:1025C0006D4688B06A463A4BCDE90534032342F89C
:1025D000103F384800234FF4C251F8F701FAAD46D6
:1025E0006FF00B0630460837BD46BDE8F081F9F7BD
:1025F000BBFB314B1A58314B38681A6029462422EC
:1026000020F0ABFC3B682E481C603C687D60C4E950
:102610000155C4E9075500220023391D15F080F843
:10262000064688B123686C4688B06A462549CDE9DC
:102630000513032342F8103F1E482B464FF4C451A4
:10264000F8F7CEF9A546CBE70146A022786820F03E
:1026500084FC78681C4B836054301EF0DBFE7B6882
:10266000BFF35B8F4C3353E8002F43E80061002930
:10267000F9D1BFF35B8F7B681C60E3697D681BB990
:1026800004F10C001EF0C6FEE269C5F89820226A2B
:1026900005F19803E36102B923627B6817225A852A
:1026A0005A830433C8F800309CE700BFA00900201B
:1026B000157005004C35050008000000C8200020FA
:1026C000BC0900203A700500B005002008B5437B26
:1026D000072B06D00C4A02210C481CF0C2F800203F
:1026E00008BD04211CF090F810B9094A0121F3E754
:1026F000BFF35B8F836CBFF35B8FDB0701D4054AAD
:10270000F4E750F8040CEBE75F7005004C3505006A
:102710006D700500AF6E05002DE9F04F85B000AF7C
:10272000B860EFF31188202383F31288BFF36F8F13
:102730005B4D28461CF073F82E68044688F3118818
:10274000BFF36F8F00285FD0F9F74CFD5549182271
:1027500002FB00F3C81851F803A00369FB600021D5
:10276000D0E9025890F80490B0F806B020F0F5FBDC
:10277000A07AF9F72FFD6169034659B1627AD00753
:1027800006D4DA697B6012682046926890477B68BD
:1027900000226261214618461EF076FEB9F1000F54
:1027A0000DD065B12B6853B11B6843B1BAF1000F6E
:1027B0002ED03D4A3D485346012119F0D3FC1EB3AB
:1027C000B96800201EF012FF00281DDA6C468AB09E
:1027D0006A46374B0593374BCDE906304FF400730B
:1027E000ADF82030344B42F8103F304800234FF40E
:1027F0001151F8F7F5F80023A54683F31188BFF3CC
:102800006F8F0323184602DF1437BD46BDE8F08FF3
:10281000281D1CF00CFB4846FFF78AF80528CED887
:1028200001A353F820F000BF7128030041280300E2
:10283000BF27030071280300BF27030041280300BE
:10284000BFF35B8FEB6CBFF35B8FDA0705D41B4ADA
:10285000164801211CF005F8B1E72B6D002BAED016
:102860004FF47022002305F1680015F0EDFBA6E798
:102870002B68D3F80090BFF35B8FEB6CBFF35B8FDB
:10288000DB07E4D5B8F1000F99D0002403E0F96824
:102890004846C0470134A3B29B45F8D88FE700BF34
:1028A0007820002080200020887005004C3505002D
:1028B000A77005006484050004000001AF6E0500E8
:1028C000F8B50F461646FFF701FFB0B1C4692046C0
:1028D0001CB150F8984904B1983C731C194638B1A2
:1028E000428B458DAA4228BF2A469A4207D264B934
:1028F0000A4A0B48022119F035FC0020F8BD324687
:102900003946BDE8F840FFF71DB9D4F8985005B135
:10291000983D20460B462C46E2E700BFC2700500FA
:102920004C35050007B50B4602460021F9F71CFAA5
:1029300001910E4909580E480068884204D00D489C
:10294000D0F88800884201D10022134601A90A4824
:1029500014F0E6FE014638B901981C2220F0FDFA79
:10296000019803B05DF804FB0020FAE708000000BE
:10297000C8200020601D0020D809002010B50446A2
:10298000806818B1F9F7CEFC0023A3602146024805
:10299000BDE810401EF057BCD80900202DE9F743D0
:1029A000044668300F4690461E461EF05CFE206DC1
:1029B00050B9154A154802211BF053FF204603B0B9
:1029C000BDE8F04300F08AB8114B98424FF0000385
:1029D00017D045684360206DD0F81890FFF7CEFF00
:1029E0000023206823651CF057FA3DB12068CDF81C
:1029F0000090006843463A463146A84703B0BDE818
:102A0000F0831D46ECE700BFDD7005004C35050086
:102A1000CC200020F7B550F8044C0546002C59D0C6
:102A200000F1940104F11C001CF03EF82E1F05F18A
:102A3000500700220023384615F02CF8024678BBD8
:102A4000EB6C2BB101466FF067033046FFF7A6FF32
:102A5000002345F8043C05F14803BFF35B8F53E8BE
:102A6000001F21F0010143E80012002AF7D1BFF353
:102A70005B8FE36973BB04F10C0600220023304630
:102A800015F008F878B9666886B9134826602146BB
:102A90001EF0D9FB286803B0BDE8F04001F000BC8F
:102AA000F9F740FCC5E7F9F73DFCE6E7A2683368B3
:102AB0006360964208BFA36077683FB1B369009333
:102AC000002320681A466FF06701B8473046FFF7C9
:102AD00055FFD8E703B0F0BDA009002010B50446AB
:102AE0000430FFF797FF606813211BF0EBFC0346EF
:102AF00030B1044A0448BDE81040012119F032BB4E
:102B000010BD00BFF47005004C350500B0B504469B
:102B100000AF54F8683D18681BF066FDFAF71CFC1E
:102B20006D4688B06A460B4BCDE905304FF4007313
:102B3000ADF81C30084B42F8103F00234FF4E2512F
:102B40000648F7F74DFF2046AD46FFF7C7FFBD46E5
:102B5000B0BD00BF12710500030000014C35050037
:102B600070B550F8043C0446061F002B3BD039B129
:102B7000C36C002B37D01B7CDA0734D505231CE04F
:102B80000568284601F04CFB6B7A012B2BD0E46CD6
:102B90004CB3237CDB0726D5E368002BEED06269BB
:102BA000617C3046FEF7CEFF054668B9637C0E4A6D
:102BB0000E48012119F0D6FA0E23002230461146A4
:102BC000BDE87040FFF7EABED4E90512E368984714
:102BD00018B12846F9F7A6FBEEE729463046FEF77E
:102BE000E1FE0028F5D170BD3E7105004C350500B1
:102BF000F8B51D460F461646F9F7F4FA044C1823AB
:102C000003FB0040C0E903760123C3800575F8BDCE
:102C10008020002008B51FF019FB38B1044A034694
:102C2000012104481CF027FA6FF0040008BD00BF22
:102C300065710500AC35050010B508491446184605
:102C40001022A047041E07DA054A06482346012140
:102C50001CF011FA204610BD0024FBE700150020EF
:102C60007B710500AC350500F8B50B4D06460F46E7
:102C7000002415F8013CB34207D1294638461CF020
:102C800050FA10B105482044F8BD1034402C05F12D
:102C90001005EED10020F7E70121002000210020DF
:102CA000F8B50B4D06460F46002415F8013CB3421B
:102CB00004D1294638461CF034FA30B90C34302C93
:102CC00005F10C05F1D10020F8BD02482044FBE7D6
:102CD0009114002090140020F8B50B4D06460F46C5
:102CE000002415F8013CB34207D1394628461CF0B0
:102CF00018FA10B105482044F8BD0C34302C05F109
:102D00000C05EED10020F7E71B4300201A430020FA
:102D100070B5204B144682689A420FD1A568C668E8
:102D200075B92279216830461CF003FA024628B1B1
:102D3000194901301CF02AFA15701581012070BD67
:102D4000E0680028FBD02B888B420AD0F6D2E068DE
:102D5000A36801380433E0600038A36018BF012085
:102D6000EDE725682279294630461CF0E2F9024653
:102D700060B9094930461CF0DCF902460028E6D06B
:102D8000294601301CF002FA23791370A3685B888E
:102D90001381DCE7BD320300A683050010B50748A8
:102DA0001021FAF7B3FC034630B1054A0548BDE8E7
:102DB000104001211CF05FB910BD00BFF0140020CD
:102DC0009C710500AC350500F8B50C4C0546002695
:102DD0002746621C65B90A4910461CF0A2F928B9B9
:102DE0000136042E04F11004F2D100273846F8BD54
:102DF000217828461BF0D8FBF1E700BF0021002016
:102E0000A683050010B54A1C0C4628B109781BF0B2
:102E1000CBFB30B1204610BD034910461CF081F9B0
:102E2000F7E70020F7E700BFA68305002DE9F04192
:102E300006460F4690461BF0C5F850B3394630465B
:102E4000FFF72EFF054678B9134A044610461CF0DA
:102E5000A4F9C0B90C225443104A601C39461044EE
:102E60001CF094F91655A518012101FA08F105F195
:102E700008001CF06DF9BDE8F04109484FF400422C
:102E8000002315F0E1B80134042C02F10C02DDD16D
:102E9000EAE7BDE8F08100BF9814002090140020FC
:102EA000C014002010B501460246042311F8010B9E
:102EB0000832FAF7E9FB034630B1044A0448BDE89A
:102EC000104001211CF0D7B810BD00BFC271050031
:102ED000AC3505002DE9F04180460F4616461D46EB
:102EE000FFF7FAFE044680B91749FFF7F5FE0446DE
:102EF00030B9164A1648BDE8F04101211CF053B91B
:102F000000F8018B39461CF041F9238973B96289B5
:102F100072B926816581214611F8010B1BF052F828
:102F200080B12046BDE8F041FFF7BCBF9E4204D30C
:102F30006289AA4206D29E42ECD263892681AB42C4
:102F4000E9D2E7E7BDE8F081A6830500DE71050060
:102F5000AC35050008B5034A034801211CF023F9EC
:102F6000002008BDFD710500AC35050038B50F4BDC
:102F7000144682689A420D4615D122792168C068AC
:102F80001CF0D7F878B1D4F8C8302F2B03D9FFF74D
:102F9000E1FF002038BD04EB830201331581018974
:102FA0005181C4F8C8300120F4E700BFBD320300EE
:102FB00008B5044A044801211CF0F5F86FF015002B
:102FC00008BD00BF51720500AC35050038B5094B8E
:102FD000154682689A420AD1C4682968013420469D
:102FE0001CF09FF818B1696820461CF0CFF801204A
:102FF00038BD00BFBD32030008B513468168074ADB
:10300000914209D11A791968C0681CF092F818B178
:103010000023036043600381012008BDBD3203002B
:1030200002484FF4A472002315F00EB8801500205A
:1030300008B5042108481CF08BF807486FF002011E
:103040001CF095F804481CF0A8F8C30701D5FFF759
:10305000E7FF002008BD00BFB0150020024608B5FC
:10306000084901301CF092F8002313720C32BFF3B0
:103070005B8F52E8001F42E800300028F9D1BFF30F
:103080005B8F08BDA683050010B5FFF725FE04463B
:1030900078B1014611F8010BFAF704FB034620B1A1
:1030A000044A054801211BF0E6FF0023236063600A
:1030B000A36010BD5D720500AC35050037B5044650
:1030C0000D46FFF7D1FD0246D0B1037A8DF80430EA
:1030D0000C301CF062F810F0010318BF01238DF8CA
:1030E000053001AA022329462046FAF7E3FA0346EF
:1030F00020B1044A044801211BF0BDFF03B030BDDC
:103100000346F0E77A720500AC3505002DE9F0477B
:1031100084B08A4600AF90469946044658B9394A69
:10312000394801211CF03FF86FF01505284610378B
:10313000BD46BDE8F08707F108011AF09BFD054682
:10314000A0B16D4688B06A46304BCDE905344FF4E6
:103150000073ADF81C302E4B42F8103F2A48002374
:103160004FF4E251F7F73CFCAD46DDE7391D204650
:1031700019F076F9786820B30A22294617F09CFAEC
:103180000228034605D9234A1F4801211BF073FF7B
:10319000CAE7C6B207F108013046FFF79DFD0446B5
:1031A00030BBBAF1000FC1D01B49FFF795FD0446B3
:1031B00048B91A4A144801211BF0F5FF6FF00B05BE
:1031C000B4E72E46E6E700F8016B07F108011BF0B3
:1031D000DDFF04F1080104224846C047041EA5DAB9
:1031E0000F4A0948234601211BF045FF25469DE76C
:1031F000BAF1000FEDD1C0F800A0C0F804A0C0F8EB
:1032000008A093E7F15A0500AC350500A37205004C
:1032100003000001BF720500A6830500DA720500F5
:103220007B7105002DE9F041214B154682689A42D9
:10323000074602D1C4686389E3B90120BDE8F08183
:1032400005F17008287A41461AF0BCFE68B9194B9E
:103250009C4202D128461CF024F8174930461BF046
:1032600095FF00232370238119E0414630461BF06F
:103270008DFF14E0238993B12646284616F8011BDA
:1032800032461BF091F90028DAD120783146FDF75B
:10329000D9FF20B1457BFDF77BFB072DCDD0E3683F
:1032A00000216181002BC8D038469847C5E700BF90
:1032B000BD32030010060020A68305002DE9F0476B
:1032C0001F46BDF82030D1F80C9006468846002BEA
:1032D0004ED17B1E012B4ED8012F49460CBF1578CD
:1032E0001588FFF78FFD0446B8B915B93846BDE813
:1032F000F0874946FFF786FD044638B91F48204A43
:1033000002211BF050FF6FF01000F0E706F1700192
:1033100001301BF03BFF337A2370D9F81030DBB952
:10332000B4F808A02581B9F80A30AB4203D0494669
:1033300040461BF03AFFAA4505D0307A002206F13C
:103340007001FFF773FD002DD0D10E49601C1BF0FA
:103350001DFF25702581C9E72A464146304698471A
:103360000028C4DB01380128DAD96FF00D00BEE770
:103370006FF00600BBE76FF00C00B8E7AC35050056
:10338000FC720500A683050008B5124801211BF058
:10339000DFFE10F0010F104B0AD1104A9A610D4860
:1033A0001BF0FBFE830713D4BDE80840FFF738BECF
:1033B0001A8B588B012A4FF6FF7205D8904207D01E
:1033C0004FF6FF725A83EAE790421983E7D0F7E796
:1033D00008BD00BFB0150020601500200100FFFFF0
:1033E00070B50B4C0025661C0A4930461BF099FE4F
:1033F000014630B920461BF07AFF20783146FFF7AE
:103400005DFE0135042D04F11004ECD170BD00BF48
:1034100000210020A68305002DE9F0419846BDF863
:103420001830012B0646174636D84344012B454633
:1034300035DCFFF7C9FC044668B9FFF7C5FC044654
:1034400048B91A4A1A4802211BF0ADFE6FF0100568
:103450002846BDE8F081B8F1000F11D0217A002391
:1034600021FA03F2D00703D53A78DA40D20719D50A
:103470000133032BF4D13B7803F007031943217286
:1034800006F17001601C1BF081FE337A237001216C
:1034900020461BF03CFFDBE76FF00605D8E76FF036
:1034A0000C05D5E76FF01205D2E700BF16730500D3
:1034B000AC35050010B56FF0020104460E481BF054
:1034C00056FE0D481BF069FEC20704D50B480022CA
:1034D000002314F0B9FD20461BF085FD58B12046AD
:1034E000FFF772FC38B1037ADB0704D5BDE8104062
:1034F00001211BF00CBF10BDB0150020801500206D
:103500002DE9F04784B08A4600AF904699460446BC
:1035100058B9444A444801211BF045FE6FF0150597
:1035200028461037BD46BDE8F08707F108011AF0BC
:10353000A1FB0546A0B16D4688B06A463B4BCDE97C
:1035400005344FF40073ADF81C30394B42F8103F8E
:10355000354800234FF4E251F7F742FAAD46DDE774
:10356000391D204618F07CFF786800B30A222946EE
:1035700017F0A2F80228034605D92E4A2A4801214D
:103580001BF079FDCAE7C6B207F108013046FFF724
:103590006BFB044698B9FFF717FC044648B9264A66
:1035A000214801211BF0FFFD6FF00B05B8E72E4607
:1035B000EAE700F8016B07F108011BF0E7FDBAF13B
:1035C000000F2AD0022239464846C047061E07DAB5
:1035D0001A4A1548334601211BF04DFD35469FE739
:1035E0003B782372022E09D0154A0F4802211BF0A6
:1035F000DAFD002120461BF08AFE91E77B78012B43
:1036000005D9104A084831461BF035FDF1E703F0B3
:10361000010120461BF06BFE82E72046FFF71EFDEE
:103620007EE700BFF15A0500AC350500A372050026
:1036300003000001BF720500427305007B710500A5
:1036400064730500B873050010B51B4801211BF019
:103650007FFDC3072ED4022117481BF079FD0840D7
:1036600007D11649164A0B88164CA2421CD300B14A
:103670000B80154915481DF0EAFF4FF4A472002392
:103680001248FAF7D9F8124912481DF0E0FF02215A
:1036900011481BF05DFD114811491DF0D8FFBDE830
:1036A00010401048FDF7FCBE506803449BB208323E
:1036B0000120DAE710BD00BF402100204A4300206E
:1036C000243505004435050041F4040010150020A0
:1036D000D93E030080150020B0150020C014002042
:1036E000D9F40400E80500202DE9F041034648B173
:1036F000008A38B91249DFF84CE001244FF0140C6D
:10370000714501D3BDE8F081D1E90076BB4204D315
:103710000CFB0672143A93420ED93444A2B208311B
:103720001446EDE70CFB0578434507D001356219D7
:10373000AE4292B2F6D1F2E70025F8E71046E1E793
:1037400024350500443505002DE9F74FBDF830500C
:10375000009199464FF6FF73002D08BF1D46244B7C
:103760001B888342074690463CD203B0BDE8F08FE9
:1037700073682344BB4232D29CB208361D4B9E4232
:10378000F6D3F2E78958019340461AF097FA019B65
:1037900090B101340AF1010AA4B273685345ECD91F
:1037A000009B9C42E1D8BC42F3D331680BFB0AF288
:1037B0008B18B8F1000FE5D1B9F1000F0BD1013D25
:1037C000ADB218460E9A0D9B21469847002DCCD0DD
:1037D0000028DED1C9E7DA689145DAD1EFE74FF08A
:1037E000000ADAE7044E01244FF0140BC6E700BFCD
:1037F0004A430020443505002435050010B59EB02D
:103800001022002168461FF0A8FB142200210DEBB6
:1038100002001FF0A2FB4FF41053ADF81030264CFD
:103820008023ADF8123010224FF48063CDE90634C6
:1038300069461CAB0DEB02001EF016FC034630B1CE
:103840001E4A1F4801211BF016FC1EB010BD014688
:1038500048220AA81FF081FB1C9922460AA81EF0E4
:10386000F2FC034608B1174AEBE7174A0AAB4FF6DA
:10387000FF7101201BF0D9FD144904AB10220AA8E6
:103880001EF0FFFC04461C981EF024FB14B1104AE5
:103890002346D6E70D4B214603F11002013118787B
:1038A00012F8014D03F8014B08291070F6D10948B0
:1038B0001BF04EFCC9E700BF0002C00309740500FD
:1038C000AC350500327405007BF00400F0140020D4
:1038D00050740500B01500202DE9F0411849BDF8DD
:1038E00018700446A1F1300015461E461DF0CEFEAC
:1038F00014481BF052FC010705D4FFF77FFFFFF7C8
:103900006FFDFFF74BFA2046FFF75EFA68B1037AC6
:10391000DA070AD500F10C0420461BF03EFCC30771
:1039200003D4022120461BF013FC102306933A46D1
:1039300031462846044BBDE8F0411BF04EBC00BFA9
:1039400040150020B0150020F014002010B51A48D2
:103950001BF023FCC0F3C00080F0010408B9FFF79E
:103960004DFF15481BF019FC034613481BF015FCCE
:10397000DA061FD5830606D5E4B1FFF731FDBDE8B1
:103980001040FFF70BBA20210B481BF0E1FB0B495D
:10399000102288181FF0E9FA48B909481DF063FEA3
:1039A000BDE8104004486FF001011BF0E0BBFFF7D9
:1039B000EBFCE2E710BD00BFB0150020F0140020C2
:1039C0008015002008B5102103481BF0C1FBFFF74C
:1039D000BDFF002008BD00BFB01500202DE9F04755
:1039E000B8B000AF0C4616463749D7F800013A4642
:1039F000984618F011FD40B9FFF7DAFA6FF0150993
:103A00004846E037BD46BDE8F0873D68391D284689
:103A100018F026FD3DB92D4A2D4801211BF0C3FBAE
:103A20006FF015043DE0786868B10A22002116F0B5
:103A300043FE0228034605D9264A254801211BF0EA
:103A40001AFBEDE7C0B207F1080A3875514628465F
:103A50001AF010F98146A0B16C4688B06A461E4B38
:103A6000CDE905354FF40073ADF81C301B4B42F81F
:103A7000103F174800234FF4E251F6F7B1FFA54677
:103A8000CEE7C7F810A0E4B1C02207F120014046FC
:103A9000B047041E07DA124A0D48234601211BF0E5
:103AA000EAFAA146ACE7A40807F12003C7E9063407
:103AB0000C4A07F110034FF6FF7101201BF0B5FC13
:103AC0009EE72346F2E700BF66740500F15A050041
:103AD000AC350500BF720500A372050003000001AC
:103AE0007B710500112D030030B5B5B000230191A5
:103AF0008DF8080033930E4A01AB04460D460120B1
:103B00004FF6FF711BF091FC339B73B19B0003AA2E
:103B100029462046F9F7E4FD034620B1054A064848
:103B200001211BF0A8FA35B030BD1A46F0E700BFFE
:103B30006D2F03006D740500AC3505002DE9F341D0
:103B400000F17008CDE9001204460F46007A4146A4
:103B500016461AF037FA0F4A05466B464FF6FF71C4
:103B600001201BF062FC1DB1207A4146FFF7BCFF2B
:103B7000207A3946FFF778F840B1314601301BF022
:103B800005FB1DB1207A4146FFF798FA02B0BDE867
:103B9000F08100BFCD2F030007B500230193FFF78D
:103BA000A3FD411C89B20846034A01AB1BF03DFC52
:103BB000019803B05DF804FB37F004002DE9F043F1
:103BC00087B0437B072B02AF80460C46154640F07A
:103BD000A68000233B73206842F6030307F10C0123
:103BE000FB811AF06BF80646002834D1D4F8049013
:103BF000B9F1000F05D14C4A4C4801211BF0D3FA12
:103C00008DE00123009007F108022146C847031EFA
:103C100011DA6D4688B002AA4549D3610423C2E98E
:103C2000051442F8103F414833464FF40151F6F76E
:103C3000D7FEAD4673E0012B05D03E4A3B4801213B
:103C40001BF019FA6BE03B7A13F0300F67D0204677
:103C5000FFF7A2FF0446002320683B7307F10C0125
:103C600042F60213FB811AF029F818B12046FFF73B
:103C700093FF0446002642F6021920683E7039463A
:103C8000A7F802901AF01AF818BB002320683B73BB
:103C900007F10C0142F60213FB811AF00FF80646F9
:103CA00000283CD1D4F80490B9F1000FA3D00090C3
:103CB000022307F10C0221464046C847031EA8DB39
:103CC000022BBAD1BB8905EA0300003818BF0120D6
:103CD00026E020683E7142F60303391DFB8019F08F
:103CE000EDFF0028D1D020683E724FF4205307F139
:103CF00008017B8119F0E2FF0028C6D020683E73DE
:103D000042F6010307F10C01FB8119F0D7FF0028EF
:103D1000BBD02046FFF740FF04460028ADD100206D
:103D20001437BD46BDE8F0838B740500AC35050043
:103D30009F740500C57405002DE9F84315468946B2
:103D40009422696806461BF0D4FB8046002842D1C5
:103D5000696802223046FFF731FF00283ED04FF459
:103D600070200021AF8AFEF7DDFD0237044680B1E6
:103D70001C4B47611D214174C0F80C804360856174
:103D80003A463046FEF79CFD074638B92046FEF716
:103D9000F5FD6FF00B052846BDE8F8830123424688
:103DA0004146FEF725FFA98A07F10C00023118F001
:103DB00000FD20F8029BAA8A29691FF0A7F8A760D6
:103DC000214630461BF0F2F805460028E3D0204695
:103DD000FEF7D4FDDFE74FF0FF35DCE76FF01505A8
:103DE000D9E700BF3DF0040070B504468AB03748FB
:103DF0001BF0D3F942070D4661D514B1637B072B45
:103E000060D16E6805963046FFF76EFC2A68ADF803
:103E1000180032B305A902912D4901910121002317
:103E200000914FF6FF710593FFF78EFC059E1EB9BA
:103E30006FF001000AB070BD6E60002330688DF82D
:103E4000103004A942F60303ADF8123019F036FF22
:103E500070B90598C3689B799B0605D46FF015006F
:103E6000E8E70028E9D1E3E71BF098FAADF818007D
:103E7000BDF818003CB101230146AB752A46204627
:103E8000FFF75AFFD6E76FF07F0307930223ADF8E1
:103E9000203042F60213ADF8123005ABAC75029338
:103EA0000C4B01930123009304AA23464FF6FF71A4
:103EB00009958DF81040FFF747FC0798BAE76FF0B7
:103EC0000A00B7E76FF07F00B4E700BFB40100203D
:103ED0006BF004004940030073B500F1300504465F
:103EE00050F8083C0193A0F120066FF0010128462C
:103EF0001BF03DF90D4B44F81C3C0D4B44F8183CAD
:103F000001AB002044F8103C042324F8080C24F8EA
:103F1000060C24F80C3C3146FFF766FF18B9022165
:103F200028461BF015F902B070BD00BFB03D05007A
:103F3000B53403002DE9F8433A4B164682689A429D
:103F400000AF054624D1D0F80C803468B8F80830AA
:103F5000F3B14246204612F8011B1AF025FBB8B116
:103F60004FF49572294620461BF0C3FA28B3032864
:103F700012D16C4688B06A462B4BCDE9053542F824
:103F8000100F2A4800234FF4C451F6F729FDA54627
:103F90000120BD46BDE8F883052820460CBF4FF040
:103FA00003094FF002091AF0F9FA814505D933796E
:103FB0004B45EDD286F80490EAE7414628461BF0CF
:103FC000F4F81B4B9845E3D1207A04F17001FEF719
:103FD00083FE05460028DBD0038913B94389002BF3
:103FE000D6D02046FCF72CFE124B2A8923F820203D
:103FF00003EB80036A8910495A80182202FB0011E2
:104000000E4A4A600B610E4A8A60042320468B8266
:10401000FFF7EAFE0028BBD00A4A044801211BF042
:10402000C2F8B5E7BD320300DE740500AC3505000B
:104030001006002016430020E8200020B03D0500B7
:104040002BF30400F27405002DE9F0413C4B1546BA
:1040500082689A42074603D001273846BDE8F081BE
:10406000D0F80C80374B984512D0B8F80820AB89AF
:104070009A42F1D1414611F8010BFDF7E3F80646EB
:104080000028E9D0437B072B22D0FCF781FCE3E733
:104090002D4C00262D4920461BF043F878B914F822
:1040A000010C07222146FDF71FF970B92B6914F89E
:1040B000010C1A69214653881288FEF70BFF01365E
:1040C000042E04F10C04E5D1CFE7FCF761FCF6E720
:1040D000D8F8143023B13946984708B93046D4E7A8
:1040E0003946942230461BF004FA07460028F5D1E1
:1040F000AB89022B15D1B8F808309A071ED52A696A
:10410000A9883046FFF718FE044618B92A69937D3E
:10411000013393753046FCF73BFC002CAC609CDB14
:104120009AE7012B0AD1B8F80830DB0706D52A69CF
:10413000A98830461BF018FA0446EBE73C46E9E74D
:10414000BD320300100600201B430020A68305009B
:1041500070B58EB000F17005044603900123007A1B
:104160008DF81030294619F02DFF90B1227A52B304
:1041700002AE0421304617F006FA0096134A2421B5
:104180002B4605A8F9F7A0F905AA11491046F6F73C
:10419000AFFF4FF6FF710F4A03AB01201BF045F94B
:1041A00020461AF0FBF99DF81010884209D22046EB
:1041B0001AF0BFF9034620B1074A084802211AF055
:1041C0005AFF0EB070BD0092D8E700BF69740500B9
:1041D000DD390300353F03000F750500AC350500E0
:1041E0002DE9F0410D4B1B6806460F46904623B162
:1041F00053F8044904B1043C0BB9BDE8F0811B68D5
:104200001BB142463946304698472CB1656805B126
:10421000043D23462C46EFE72546FAE744210020DB
:1042200013B50A4A009004464FF6FF7101206B4611
:104230008DF804001BF0F9F8002120461BF0CBF9A3
:1042400008B9FFF7A1F802B010BD00BF353F030069
:1042500037B5124A009104460D468DF804006B46AE
:104260004FF6FF7101201BF0E0F829462046F9F7D0
:1042700045FA002810DB29462046FEF705FF2946AF
:104280002046FEF7F1FC08B1FEF7E8FE294620467D
:10429000F9F71EFA00EAE07003B030BDF92F030011
:1042A00073B5044603461A4A4FF6FF71012004F124
:1042B00070061BF0BAF8207A31461BF0D3F8207A4A
:1042C000314619F07FFE50B1237A8DF80430114A3F
:1042D00000966B464FF6FF7101201BF0A6F82046B2
:1042E000FEF772FD054688B1207A314619F06AFE64
:1042F00028B9284602B0BDE87040FEF7AFBE31468F
:10430000681C02B0BDE870401AF040BF02B070BD3A
:1043100025320300F92F03007FB54FF42052ADF88A
:10432000162004AA02920B4A00230120CDE9003294
:104330004FF6FF7105AA04938DF81430FFF704FAC5
:10434000049B012B14BF6FF01500002007B05DF82F
:1043500004FB00BF53F6040008B501460448044BB3
:104360001BF090F9043B002814BF1846002008BD3C
:10437000BC15002010B50C4A11680C4ABFF35B8FC6
:1043800000F5B47353E8004F944204D143E8001C95
:10439000BCF1000FF6D1BFF35B8FBFF35B8FD0F89A
:1043A0006801BFF35B8F10BD2C200020B8150020E2
:1043B00008B5FFF7DFFFB8B1036843B1426832B117
:1043C000826812B90B4A12783AB904200BE0094A04
:1043D000127812B10BB1826842B9426842B9002B1F
:1043E00014BF0020032008BD0320FCE70120FAE7EA
:1043F0000220F8E79E44002008B5034A0348012143
:104400001BF03EF9002008BD57750500E435050096
:1044100038B504460023EC300D46FDF7CDF858B111
:10442000693004D1074A084801211BF029F92846C0
:10443000BDE83840F7F776BF2046BDE838401BF0AE
:1044400078B900BFDC6E0500E4350500F8B500AFB3
:104450006D468AB0038804460E466A4615490591A2
:10446000154908930523CDE9061042F8103F13487B
:104470004FF424511BF066F9114BD3F8EC00AD4614
:1044800030B9104AC3F8F020EC333360BD46F8BDB4
:1044900088B06A460C4B0948CDE90534032342F83D
:1044A000103F4FF4C2511BF04DF96FF00B00AD46B9
:1044B000ECE700BF72750500A7850500E43505002F
:1044C000B8150020283E050088750500B0B500AF7E
:1044D0006D4688B004466A46094B0593094B06931E
:1044E000032342F8103F08484FF4C8511BF02AF943
:1044F0002046AD460E211BF028F90020BD46B0BD78
:104500008655050088850500E435050038B5051D8C
:104510000446082128461BF018F9084904F1570001
:10452000FCF720F848B1082128461BF0E4F80448BD
:10453000044A01211BF0A4F8082038BD4D570300A0
:10454000E4350500AD750500F8B5054600AFEC2271
:10455000002105F127061EF000FD102130460CF069
:1045600075FA044618BB10213046F8F7D3FE6E46A4
:104570008AB06A460F4B05930F4BCDE9063040F2E7
:104580000133ADF820300D4B42F8103F0C484FF48A
:1045900014511BF0D7F80521B54628461BF0D5F875
:1045A000FBF7D0FF074B18602046BD46F8BD082436
:1045B000FAE700BFC6750500B585050004000001D7
:1045C000E43505004C2100202DE9F04100AF6C4698
:1045D00088B005460E466A46234B0593234B069347
:1045E0000323234842F8103F4FF4C8511BF0AAF8A8
:1045F0000D21A546281D1BF045F870B3D5F8EC3009
:10460000F668197A03F17008424602201BF0DEF9C1
:10461000C0B94046F8F7A0FE88B06A46154BCDE910
:1046200005304FF40073ADF81C30134B104842F8BE
:10463000103F4FF4E2511BF085F80820A546BD4617
:10464000BDE8F081324600F12E0306F1100152F868
:10465000040B43F8040B8A42F9D1284609211BF0C8
:1046600074F80020EBE700BF865505003385050090
:10467000E43505006E770500030000012DE9F04FD9
:1046800089B002AF0E460446FFF774FEE84688B0D4
:104690000546F66802AA784B5361784B9361032371
:1046A00042F8103F76484FF4C8511BF04BF804F124
:1046B0003702C5463346114606F1100053F8046B25
:1046C00041F8046B8342F9D1237A052B00F2CB80A9
:1046D000DFE803F018242403C9A107F1080369499E
:1046E0000093096804F1270304F1570002F018F859
:1046F00068BB0A21201D1BF028F8AB68B968D4F804
:10470000EC00984720460D211BF01FF8201D1021BA
:104710001BF01BF820461BF045F819E094F8DC105C
:10472000D4F8D83007F10808CB405649CDF80080BE
:1047300003F00103096843F0800304F157001BF004
:1047400084F948B1504A4E4801211AF099FF0820D7
:104750001C37BD46BDE8F08F04F117061021304626
:10476000F8F7D8FDE9468AB002AD484B6B612A469E
:10477000474BDFF820A140F2013BC5E90630A5F820
:1047800020B042F810AF3E487A604FF414511AF04E
:10479000D9FF1021CD464046F8F7BCFD8AB03C4B0E
:1047A0003D497A686961C5E906304FF414513448CF
:1047B000A5F820B0C5F810A01AF0C4FF1022CD460D
:1047C000414630461EF0D1FB08B10420C0E703216A
:1047D00020461AF0BAFF1AF0E5FF0028B7D194F886
:1047E000DC300133DBB2142B84F8DC3009D10D212D
:1047F00020461AF0AAFF1021201D1AF0A6FF002063
:10480000A6E7102104F127000CF020F9003818BFAA
:104810000120C0009CE7102104F127000CF016F9DC
:10482000002894D12DB3EB681BB31C4BE27A1B8894
:104830003B81A37C12F0010F08BF0320DB0703D5E7
:10484000002814BF012002200023C4E93833787205
:104850000C21201D1AF079FFEB68D4F8EC0007F169
:1048600008019847CBE70E4A054801211AF052FF8C
:104870006DE702206CE700BF865505002085050026
:10488000E43505004C210020D2750500EB750500CC
:104890000B85050004000001F7750500BC37050015
:1048A000027605002DE9F04F91B004AF044607F100
:1048B00020051022002128461EF04FFB237A052BED
:1048C00034D8DFE803F0060303063323D4F8D830E6
:1048D0003B62D4F8EC3004F1470204F1C708CDE99B
:1048E000018204F1370903F17E0204F1270A0092E4
:1048F00077335246494604F1970001F0A9FEF8B11A
:104900004C4A4D4801211AF0BBFE14E0D4F8E430C3
:10491000002BDED02E4603F1100C18685968324681
:1049200003C2083363451646F7D1D2E7434A4248EB
:1049300001211AF0EFFE08203437BD46BDE8F08FA4
:10494000D4F8EC3003F177027E3307F110060193BF
:1049500004F111030292009303962B464A465146F6
:1049600040461BF097F808B1354ACAE7237A052B71
:104970000ED1D4F8E010F9B10B46AC4601F1100E9F
:1049800018685968624603C2083373459446F7D1E4
:10499000D4F8EC30039703F17E027733019304F1EE
:1049A0000A030292009352462B46494640461BF0AA
:1049B00071F830B1234AA4E7102228461EF0CDFA40
:1049C000E6E71022394604F1B7001EF0CEFA78BBB4
:1049D000E84688B004AA1C4B53611C4B9361032327
:1049E00042F8103F14484FF4C8511AF0ABFE0D21A5
:1049F000C54620461AF0B7FE804600289BD01021FD
:104A00000C3017F0D6FE0346324603CAAA4218609D
:104A10005960164603F10803F6D1002241462046AC
:104A2000FFF7F6FC201D01211AF08FFE002083E71E
:104A30000B2081E71E760500E435050002760500AF
:104A4000337605005676050086550500F985050084
:104A5000F8B500AF6E4688B0CD6804466A461C4B78
:104A600005931C4B0693032342F8103F1A484FF45A
:104A7000C8511AF067FED4F8EC30DB78012BB5464C
:104A800018D1261D102130461AF035FE2B4604F1B0
:104A9000B70205F1100153F8040B42F8040B8B42E6
:104AA000F9D1072130461AF0EDFD30B10921304629
:104AB0001AF04BFE0020BD46F8BD0A2130461AF020
:104AC000E1FD0028F2D12046FFF7ECFEF3E700BF3E
:104AD0008655050078850500E435050073B5047A30
:104AE000022C054623D844B190F8DC30D0F8D840E9
:104AF000DC4004F0010444F08004032128461AF04D
:104B000032FE0646D8B110210C3017F052FE00904C
:104B100013482346006805F1270205F157011AF0F2
:104B200094FF044680B13046F7F7FCFB07E0032C06
:104B300008D00C4A0C48234601211AF0EBFD08204E
:104B400002B070BD0024D8E7024631462846FFF780
:104B50005FFC281D21461AF0CEFD2046F0E700BF7D
:104B60004C21002002760500E4350500F8B500AFC1
:104B70006E4688B00446CD686A461E4B05931E4BB0
:104B80000693032342F8103F1C484FF4C8511AF013
:104B9000D9FDB546261D0B2130461AF0ACFD2B463B
:104BA00004F1170205F1100153F8040B42F8040B4D
:104BB0008B42F9D1237A012B08D0022B13D1042187
:104BC00020461AF0C2FDFFF789FF0AE00A213046AD
:104BD0001AF058FD0028F2D0304600211AF0B5FD39
:104BE0000020BD46F8BD0548054A01211AF092FD96
:104BF0000820F6E786550500F7840500E435050032
:104C000002760500F7B50446FFF7B4FB261D0546FE
:104C10000E2130461AF036FD78B94F4B2022196824
:104C200004F157001EF0A1F938B94C4A4C48022152
:104C30001AF026FD082003B0F0BD0C2120461AF022
:104C400092FD07460028F5D040210C3017F0B1FD49
:104C5000414B1B680246014603F1200053F804CB88
:104C600041F804CB8342F9D1203203F1200153F8FB
:104C7000040B42F8040B8B42F9D10022394620463E
:104C8000FFF7C6FB237A052B5DD8DFE803F0034965
:104C90001A035C59042120461AF057FDFFF71EFF46
:104CA0000028C7D1304607211AF04FFD0820FFF732
:104CB00053FB00284DD1204603B0BDE8F040FFF77C
:104CC00025BC2046D4F8EC70FFF754FB04210546C0
:104CD0004FF0FF330DEB010001930BF0B7FE0028FE
:104CE000A8D1019B1F4AB3FBF2F102FB11330193E0
:104CF000C4F8D83084F8DC0055B12B6843B10B21DF
:104D000030461AF022FD2B68D4F8D8103846984760
:104D1000032120461AF019FD0E211AF016FDC1E7F5
:104D2000204603211AF011FD0E211AF00EFD304627
:104D30000A211AF00AFD6B68D4F8EC009847B1E735
:104D400004212046E9E7084A054801211AF0E2FC5F
:104D500070E700206FE700BF4C2100207A76050045
:104D6000E435050040420F0002760500F8B50C4618
:104D700000AF05466E46FFF7FDFA88B0E4686A4664
:104D8000314B0593314B0693032342F8103F4FF408
:104D9000C8512F481AF0D6FCB54605F157062346F0
:104DA000324604F1200153F8040B42F8040B8B4205
:104DB000F9D105F1770203F1200153F8040B42F811
:104DC000040B8B42F9D13046FBF718FBF8B1214AAE
:104DD0001F4803211AF054FC281D0E211AF0B5FCBF
:104DE000D5F8EC40D4F8A40038B9207A04F1700169
:104DF00001F030F9C4F8A400A0B1438A03F0240301
:104E000083B1437C9B070DD40320BD46F8BD3046DB
:104E1000FBF700FB30B90E480F4A02211AF030FCB4
:104E20000B20F2E70D4B1C682CB9281D06211AF047
:104E30008CFC2046E9E72846FFF7E4FE003818BF5F
:104E40000120C000E1E700BF865505006985050027
:104E5000E435050095760500B67605004C21002066
:104E6000B0B500AF6D468AB00446838C6A461A49D5
:104E700005911A4908930523CDE9061042F8103F21
:104E800017484FF424511AF05DFC1649AD4604F161
:104E90004C00A4F1EC051CF0DAFB28461AF0BDFC2E
:104EA000BFF35B8F104A04F17C0353E8001F43E813
:104EB00000200028F9D1BFF35B8FBFF35B8F8034F4
:104EC0004FF0FF3354E8002F44E800310029F9D1B6
:104ED000BFF35B8FBD46B0BDD2760500AC84050044
:104EE000E43505005D5E0300B815002038B5174BAA
:104EF0001B78054623B301F00F042846FFF758FA44
:104F0000134A03280CBF04F00B0444F0040405F515
:104F1000B6731278BFF35B8F53E8001F013103D1E2
:104F200043E800200028F7D1BFF35B8FBFF35B8F0E
:104F3000D5F86C31BFF35B8F2BB144F0010038BD65
:104F400001F00704D9E704F0FE00F8E79E440020D2
:104F50004C0900202DE9F0470D4600AFD0F8EC8059
:104F60000446FFF707FAED68E9468EB095F800A011
:104F700095F801E095F802C0E87829796B796A46DE
:104F80009D4E05969D4E0C930923CDE90A01CDE96E
:104F9000066ACDE908EC9A4842F8103F4FF4924176
:104FA0001AF0D0FBEB78102BCD4603D00620BD467F
:104FB000BDE8F087D8F8A4300BBB08F1700A98F868
:104FC0000800514601F046F8C8F8A400B8B95046A8
:104FD000F8F7C2F98AB06A468A4B0790CDE90536E0
:104FE00040F20133ADF82030874B42F8103F84483F
:104FF0004FF414511AF0A6FBCD460820D7E704F170
:1050000004090F2148461AF03DFB002868D001230F
:1050100063722B68C4F80A30AB88E38102232374DF
:10502000A9782046FFF762FFE0742046FFF7C0F939
:105030001023607423752B7903F0030363756B7978
:1050400003F00303A375E37C1A074FD405214846F8
:105050001AF018FB002859D06C4B1B78A374E37C22
:10506000980606D5AB78990603D5142148461AF060
:105070006CFBE37CDA074BD5AB78DB0748D50D2119
:1050800048461AF062FBA37D84F8E830637D84F81B
:10509000E930032148461AF058FB237BE17C2D7848
:1050A00003EA0102100704D5E27AA07C0243D2078A
:1050B00032D4042D32D80B4313F0040307D020461A
:1050C000FFF776F9524B05EB85052B441B5C2372E9
:1050D000D8F8A41020461AF0DEFA08BB032066E7D1
:1050E0002046FFF731FA002891D086E7AB781B07FE
:1050F000ACD5052148461AF028FB637D03F0020376
:105100006375A37D03F00203A3759FE7414BA4E7FA
:1051100000236375A375B6E70523D8E70023D6E718
:10512000D4F8EC309B7A032B57D045D8013B012BA8
:105130003FF663AF052148461AF0A4FA0028CDD007
:1051400020460C211AF001FB6D468EB094F81180B8
:1051500094F812E094F813C0207D617DA37D6A4627
:10516000DFF8B490CDE90B130923CDE909C0CDE9EF
:10517000078ECDE90596224842F8103F4FF4924140
:105180001AF0E0FA0221AD4620461AF0ECFA054684
:1051900000283FF432AF06210C3017F00AFBD4F898
:1051A00011300360B4F81530838000222046294670
:1051B000FFF72EF90020FAE6042B7FF41EAF237DC3
:1051C000627B934228BF1346102B7FF4EFAE05217C
:1051D00048461AF057FA002880D0237A002B3FF473
:1051E0007DAF052148461AF04DFA0028A2D1237A56
:1051F000013B012B9ED871E7E9760500E7840500A5
:10520000E43505006A77050004000001A044002091
:105210002D8605009F440020887705002DE9F04F7A
:1052200085B000AF064610220C46384600211DF01E
:1052300094FE1022394630461DF097FE002847D0D4
:1052400010213046F8F766F8E8468CB06A46224BE3
:10525000DFF888A005930025214B4FF0010B40F2A9
:105260000139CDE906A0CDE908B5ADF828901D4873
:1052700042F8103F4FF454511AF064FA2246C546E2
:1052800021466570A570E5706560A560E56084F8ED
:1052900000B030460BF0DCFB0546A0B910212046DB
:1052A000F8F738F88AB06A460F4B0790CDE9053A0F
:1052B0000E4BADF820900B4842F8103F4FF41451BC
:1052C0001AF040FAC54628461437BD46BDE8F08FAF
:1052D0006FF01505F7E700BF097805002686050081
:1052E00006000001E43505001E78050004000001F9
:1052F0002DE9F84390F80380B8F1010F00AF0446A0
:1053000005D06FF015042046BD46BDE8F8836D4614
:1053100088B06A46634B05934FF00309624B0693CE
:10532000624842F8109F4FF4C8511AF00BFA204619
:10533000AD461AF0F1F90546002800F0AD80061DD3
:10534000042130461AF09EF9002840F0A880494612
:1053500030461AF097F910B16FF00F04D3E74146C9
:1053600030461AF08FF90028F6D12846FFF702F8E8
:10537000D5F8EC309B7A032B804642D030D8013BE5
:10538000012B4AD90F21201D1AF07CF90028B8D131
:10539000D4F8A40090B904F17008217A4246202084
:1053A00000F02EFFC4F8A40040B9217A4246042040
:1053B00000F026FFC4F8A4000028A2D0438A13F00E
:1053C000240F9ED0A27A022A27D9417CC90798D5FA
:1053D000032A22D09B0694D5037C102B91D11CE08C
:1053E000042BCFD12846FEF7E3FF032806D1B8F1FE
:1053F000000FC7D0D8F80C30002BC3D02C4B1B7833
:1054000009E02846FEF7D4FF032806D1B8F1000FC3
:10541000B8D0D8F80C30002BB4D0D4F8A4303BB1BD
:105420002846FFF791F8044670B16FF068046AE708
:10543000207A04F1700100F00DFEC4F8A4000028E9
:10544000EED16FF00B045EE70B2128461AF08BF9C2
:1054500080460028E9D001210C3017F0AAF9092173
:1054600081462846FFF742FD234689F80000224680
:10547000414605F1EC00FCF79FF8044618B14046A0
:10548000F6F750FF3FE730460F211AF05EF9012191
:1054900028461AF05AF936E76FF07F0433E76FF0C9
:1054A000040430E786550500BE850500E435050097
:1054B0009E4400202DE9F84300AFE84688B0D0F8BC
:1054C000EC4006460D466A464A4B05934A4B4B480C
:1054D000CDE90631042342F8103F4FF404511AF08D
:1054E00031F9D4F8A430C54606F10409002B3FD1A8
:1054F000434A424802211AF0C3F80725414B13F8EA
:105500000580D4F8A4304BB11B7C002B69D1D4F8B2
:10551000A4001AF06FFA0023C4F8A4300221484610
:105520001AF0B0F850B9B8F1070F96BF364B1F21EB
:1055300013F8081042462046FBF722FE0321484696
:105540001AF0A0F840B3314B1B682BB353F80C5939
:1055500005B10C3D03B35B6813B141462046984743
:10556000002D45D0EA6802B10C3A2B461546F1E70A
:1055700085BB0D2148461AF085F8804620B1D4F845
:10558000A40008B101F038F8204B1B6823B153F890
:105590000C5905B10C3D7BB930461AF03EF9637BDE
:1055A000072B06D1627AA37A9A4202D02046FFF7EF
:1055B0009FFEBD46BDE8F8831B6813B141462046F7
:1055C00098472DB1EA6802B10C3A2B461546E2E73E
:1055D0002A46FAE7013DEDB20E2D8FD94FF00908AA
:1055E0008FE7022148461AF04DF800288FD195E741
:1055F0002A46BAE72978050011860500E43505003A
:105600003D78050091840500808405002420002059
:10561000F8B5031D06460F46184602211AF032F867
:10562000044620B1B6F8E840B4FA84F464090321D2
:1056300018461AF027F880B139463046FFF73AFF8E
:10564000C4B11A481A4A02211AF01AF8D6F8EC0026
:10565000052118F037FF0020F8BD012118461AF087
:1056600011F80028E8D10F2118461AF00BF800288D
:10567000E2D1E5E7052130461AF075F8054688B114
:1056800001210C3017F095F8234607702246294671
:1056900006F1EC00FBF790FF0028DCD02846F6F777
:1056A00041FED8E76FF06800D6E700BFE43505009B
:1056B00067780500B0B500AF6D4688B004466A460D
:1056C0001A4B05931A4B0693032342F8103F1948CF
:1056D0004FF4C8511AF036F8174BAD461C604FF026
:1056E000FF324FF0FF33154812F012F9144812F050
:1056F000B1FC124812F07EF934B9124A0D48022169
:1057000019F0BEFFBD46B0BD0F4CBFF35B8F2368E1
:10571000BFF35B8F5B06F5D5201FFFF773FA0028F8
:10572000F0D00821201FFFF773FFEBE78655050037
:10573000E7850500E43505004C21002028060020FF
:105740003C060020BF780500BC150020F8B500AF6E
:105750006D4688B004466A462A4B05932A4BCDE92C
:105760000630042342F8103F28484FF4045119F042
:10577000E9FF0820AD46FEF7EFFD0546E0B1061D46
:105780000821304619F0B7FFBCB3072119F0B3FF69
:10579000234605F1970204F1200153F8040B42F867
:1057A000040B8B42F9D10A21304619F06BFF70B11E
:1057B0000921304619F0C9FF0720FEF7CDFD044648
:1057C000E8B1FEF7A3FED0B10821204612E0102177
:1057D000304619F057FF09210028EAD1304619F068
:1057E00051FF0028E8D02846FFF75CF80146002862
:1057F000E2D02846FFF70CFFDEE70B21F9E7BD46B4
:10580000F8BD00BFD8780500D4850500E435050053
:105810002DE9F04383B00B8A02AF05460C464BB925
:10582000394A3A48012119F02BFF00200437BD46C0
:10583000BDE8F083012104F10C0016F0FBFF6E4679
:105840008AB00178238A804602AA314850613148E3
:1058500013620523C2E9060142F8103F2B484FF4BA
:10586000245119F06FFFB546A5F1EC06E83D04217F
:10587000284619F007FF98F8003028B1264A234837
:10588000022119F047FFD0E70E2B01D9234AF6E792
:10589000DFF88C9059F833204AB90221214A1B487D
:1058A00019F038FF07213046FFF7B2FEBDE7194671
:1058B000304619F09BFF98F8003060B913481A4A37
:1058C000022119F027FF0321284619F0DBFE0028EA
:1058D000ABD00821E7E709EBC301228A097991429D
:1058E00008D00121009309481346104A16F044FCE1
:1058F0000A21D8E7214659F8333030469847014607
:10590000002892D0CFE700BFDF780500E43505001E
:10591000FA7805009B8505001E7905004F79050082
:10592000503E0500717905008B790500B86F0500C0
:105930002DE9F04385B0CE68D0F8EC8000AF044686
:105940003046F7F709FD6D468AB06A46724B0593FB
:10595000724BCDE9063040F20133ADF82030704B88
:1059600042F8103F6F484FF4145119F0EBFE94F8D1
:10597000E93023F00203AD4684F8E930337808F1CA
:10598000700983B3B37903F0C003C02B2BD030462A
:10599000F7F7E2FC88B06A46634B644C4FF400763C
:1059A000CDE90530ADF81C604FF4E25142F8104FDC
:1059B0005C4819F0C7FE4846AD46F7F7CDFC88B005
:1059C0006A465B4BADF81C60CDE905304FF4E251FF
:1059D000544842F8104F19F0B5FE0A20AD4614376E
:1059E000BD46BDE8F0830722314648461DF0BDFAAA
:1059F00070B198F80800314600F078FC054638B1DF
:105A00000146204619F047FE30B3284619F0F2FF50
:105A10000D21201D19F036FE002869D098F80810D5
:105A20004A46022019F0D2FF0546B8B94846F7F7B2
:105A300093FC6C4688B06A463E4BCDE905304FF486
:105A40000073ADF81C30394B42F8103F35484FF425
:105A5000E25119F077FEA5460820C0E798F8033018
:105A6000002B52D108F17E031878012827D19A79AA
:105A700002F0C002402A22D1D3F80120C5F83E200E
:105A8000B3F80530A5F8423098F87030BBB198F8FB
:105A9000763003F0C003C02B11D02749FD603A1DBA
:105AA000C7E90196FBF786F83368C5F80130B3887B
:105AB000A5F80530B379EB714046FBF731FB28467A
:105AC000F9F710FE88B16E4688B003786A461B4924
:105AD00005911B491348CDE90613042342F8103FF2
:105AE0004FF4045119F02EFEB5462846F9F70AFE88
:105AF00094F8E9305B0703D50A21204619F025FE0A
:105B0000B4F8E81021B1002069E708F17703ABE7AA
:105B10002046FFF7CFFCF6E7A6790500558505007E
:105B200004000001E4350500B6790500030000011A
:105B3000687A05006E77050061F80400CA790500EF
:105B4000428505002DE9F0410E46D0F8EC80044670
:105B5000FEF710FCF668054633781048104A01211C
:105B6000271D19F0D7FD0A21384619F03FFE38B13C
:105B70006DB920463178FFF79DFC0020BDE8F0812B
:105B80000B21384619F032FE0028F1D1F1E72B69DC
:105B9000002BEED040469847EBE700BFE435050008
:105BA000F77905002DE9F843D0F8009000AF6D4675
:105BB0008EB0884699F80B30B9F8001004466A4652
:105BC00072480590CDE90A38714B0C93714840F644
:105BD0000603ADF83430704BCDE90604CDE90891E9
:105BE0006E4842F8103F4FF49A41A4F1E80619F0CC
:105BF000A9FD0121AD463046A4F1EC0519F0F6FDF2
:105C000028B3B8F1000F17D00321304619F03AFD40
:105C1000E8B14046F8F72AFC0138C0B208289ABF1C
:105C20005F4B1C5C00240221304619F08EFD21469A
:105C30002846FFF73FFC0AE099F80B303BB10321FF
:105C4000304619F01FFD28B9284619F0E6FDBD467B
:105C5000BDE8F8830521304619F014FDB8B114F8F9
:105C6000043C1A0707D514F8033C1B0703D5112180
:105C7000304619F06AFD14F8043C23F0080304F8D8
:105C8000043C14F8033C23F0080304F8033C14F824
:105C9000033CD80723D50621284619F056FD304687
:105CA000022119F052FD2668D6F8A430FBB906F19E
:105CB0007000F7F751FB6C4688B06A46394BCDE966
:105CC00005304FF40073ADF81C30374B42F8103FED
:105CD00032484FF4E25119F035FDA546B7E7990770
:105CE00001D50821D8E75A07D9D50A21D4E714F8F5
:105CF000043C9B0744D50821284619F034FD804612
:105D000028B92A4A2548012119F0BAFC9FE7102139
:105D10000C3016F04EFD337ADFF89490163309EB11
:105D20000313024603F1100E9C46BCE80300F44541
:105D300010605160634602F10802F5D1414600222D
:105D40002846FEF765FB0921284619F00CFD804620
:105D500008B9184AD6E707210C3016F02AFD337A25
:105D6000C3EBC30309EB030259F8033003609388C4
:105D7000838093798371104A41462846FEF748FB99
:105D800034F8041C00297FF462AF51E7197A05004A
:105D90004D550500D184050009000001E4350500DA
:105DA000888405005B7A050003000001707A050015
:105DB000D0000020957A050089F904002DE9F04112
:105DC000054600AF55F8EC39E8468AB0D3F8A46030
:105DD000838C04466A461E4905911E490893052393
:105DE000CDE906104FF4245142F8103F1A4819F03B
:105DF000A9FC04F14C00C546E83C1BF034FC03212F
:105E0000204619F03FFCA8B108212846FFF752FBB5
:105E10003EB1738A13B1737C9B0702D5304619F0EB
:105E2000E9FD4FF4B872002128461DF096F8BD46F2
:105E3000BDE8F0810121204619F024FC0028E3D1BF
:105E40000F21204619F01EFC0028DDD1E0E700BF3D
:105E5000D2760500BD840500E435050037B5A0F510
:105E60009C75A0F59A74BFF35B8F2368BFF35B8FBB
:105E7000BFF35B8F2A68BFF35B8F08480092012154
:105E8000074A16F079F928460821FFF713FB042189
:105E9000204603B0BDE8304019F057BCE43505009A
:105EA000BF7A05002DE9F04100AF044619F034FC3B
:105EB000054668B3061D0321304619F0E3FB38B3ED
:105EC000D4F8A40008B119F095FD04F17008207A07
:105ED000414600F0BFF8C4F8A400E0B94046F7F727
:105EE0003BFA6C4688B06A463F4BCDE905304FF42B
:105EF0000073ADF81C303D4B3D4842F8103F4FF465
:105F0000E25119F01FFC0821A5462846FFF780FB47
:105F1000BD46BDE8F0810E21304619F0B3FB28B133
:105F2000D4F8A420537C43F0020353742B7A032B40
:105F30000DD8002B4DD1D4F8A420537C23F020039E
:105F40005374D4F8A420537C23F001030DE0053BE7
:105F5000012BF0D8D4F8A420537C43F020035374D1
:105F6000D4F8A420537C43F0010353742B7D697B48
:105F7000D4F8A4208B4228BF0B4613740521304669
:105F800019F080FBD4F8A420537C48B343F01003ED
:105F900053740D21304619F075FB0028B8D0D4F8A1
:105FA000A400202119F022FDD4F8A43005F1470205
:105FB0001E33573552F8041B43F8041BAA42F9D18B
:105FC000D4F8A420002353619361D4F8A4209383D0
:105FD0009EE70521304619F055FB0028ABD0BFE7FE
:105FE00023F01003537493E76E770500030000015C
:105FF000E435050098B5104B00AF01226C468AB01D
:106000001A706A460D4B05930D4B06930D4B079383
:1060100040F20133ADF820300B4B42F8103F4FF403
:1060200014510A4819F08EFB0948A546FAF734FACC
:106030000020BD4698BD00BF9E440020EE7A0500BA
:10604000A0840500DF7C050004000001E4350500A4
:10605000440600202DE9F74FDFF8048107460E467D
:106060000025032418F8013CBB420BD131464046C1
:1060700019F0A1FC30B13B48482303FB050003B0F5
:10608000BDE8F08F032C06D13749404619F093FC48
:10609000002818BF2C460135032D08F14808E1D12E
:1060A000032C304D3FD14FF00008A9464446C3466B
:1060B000EA462E498DF800B0524601208DF8018045
:1060C000FAF778FD9DF8003033B93CB3D9F8442095
:1060D000636C9A4238BF4C4608F10108B8F1030FCF
:1060E00009F14809E5D1BCB1D4F80100B4F80520A4
:1060F000E379009051462078AAF8042004F10108C1
:106100008AF80630F8F78EF91749404619F053FC23
:1061100010B1641B902C03D90020B0E74C46DBE79C
:10612000134BE4105C4348235C43621C2F553168D9
:10613000A950AB18B2889A80B2799A7128191123A4
:106140000D34037306222B192A550022A3F80120CF
:10615000084A1368013313604364074B18608EE7E5
:106160005921002058210020A68305002563030043
:10617000398EE33854210020502100202DE9F341CD
:106180000E4C05460E46174604F1D808638A7BB1CB
:106190002378AB420CD1D4F80100B4F80510E279B1
:1061A0000090ADF80410684639468DF80620B047D7
:1061B00048344445EAD102B0BDE8F08158210020BE
:1061C0002DE9F041084C05460E46174604F1D80863
:1061D000638A2B4202D039462046B04748344445B2
:1061E000F6D1BDE8F08100BF5821002008B5034971
:1061F00000220220FFF7E4FF002008BDC7F90400D9
:106200002DE9F0410E4D06460F4690460024B5F8A4
:10621000113033420CD015F8013CBB4208D1414645
:10622000284619F0C8FB18B106482044BDE8F081A3
:106230004834D82C05F14805E9D10020F6E700BF25
:1062400059210020582100202DE9F0410B78012B25
:1062500007460D4602D00020BDE8F0818B7903F09F
:10626000C003402BF7D11E4E002401F1010836F87F
:106270002C3C9A070CD516F83E3CBB4208D10622AE
:10628000314640461CF071FE10B916482044E3E741
:106290004834D82C06F14806E9D1134E002436F8CC
:1062A0001C3C9B0716D516F82E3CBB4212D105F1BB
:1062B00001084146304617F0B3FC58B1094BD5F8F8
:1062C000010004F13E02D1189850B5F805208A80EB
:1062D000E018C1E74834D82C06F14806DFD1BAE708
:1062E000962100205821002086210020F8B50B4D72
:1062F00006460F46002415F8013CB34207D1394643
:10630000284619F058FB10B105482044F8BD483420
:10631000D82C05F14805EED10020F7E759210020DF
:106320005821002038B5427B072A0C4610D1057A47
:1063300018F05AF901462846FFF7D8FF40B16278B5
:10634000044B482101FB0233984204BF0123237010
:1063500038BD00BF582100202DE9F04194B015460A
:1063600002AF044658B9974A9748012115F0F1FE4B
:106370006FF0150630464837BD46BDE8F0813C2237
:1063800007F10C011846A847051E06DA8F4A2B466E
:106390008D48012115F0E6FEEAE7391D204617F089
:1063A00069FC064698B16D4688B002AA884BC2E9DE
:1063B00005344FF400739383864B42F8103F8248B4
:1063C00000234FF4E251F4F70BFBAD46D0E739461A
:1063D000204616F045F83868A8B10A22314614F074
:1063E0006BF90228034601D97B4AD1E7C0B21DBB35
:1063F00001463A1D3F20FFF703FF30B148222946EE
:106400001CF0ABFDB6E73046F1E7381DF6F7A4FF08
:106410006C4688B002AA714BC2E905304FF4007394
:1064200093836C4B42F8103F67482B464FF4E4517E
:10643000F4F7D6FAA5469DE7391DFFF70BFE044693
:10644000C0B9381DF6F788FF6D4688B002AA644BC4
:10645000C2E905304FF4007393835E4B42F8103F5E
:10646000594823464FF4E251F4F7BAFA6FF00B069D
:10647000AD467FE73C2D00F093803B7B112B42D053
:10648000382D40F0818040F21163C36007F10C05A4
:1064900000F1100207F1440C2B4603CB634510605A
:1064A00051601D4602F10802F6D1E27BB4F80D30CE
:1064B00043EA0243062B50D1637CDA071CD513F064
:1064C000300519D1381DF6F747FFE84688B002AA13
:1064D000444BC2E905304FF4007393833D4B42F8BF
:1064E000103F39482B464FF4E451F4F779FA637CB6
:1064F00023F00103C54663743B4B626C19688A4202
:1065000088BF1A6036E7382D3ED1381DF6F724FFD4
:106510006D4688B002AA354BC2E905304FF40073CE
:1065200093832C4B42F8103F274800234FF4E4514B
:10653000F4F756FA04F10C02AD4607F1440C07F1EA
:106540000C052B4603CB6345106051601D4602F1DC
:106550000802F6D1237B112BA7D0381DF6F7FCFEDD
:106560006D4688B002AA224BC2E905304FF4007391
:106570009383184B42F8103F134800234FF4E25125
:10658000F4F72EFAAD4607E03C230093194A0E4873
:106590002B46012115F0F0FD204619F02BFAE7E615
:1065A00007F10C0300F10C0207F1440C1D4603CD6A
:1065B0006545106051602B4602F10802F6D128684B
:1065C0001060C7E7F15A0500C4350500027B0500DD
:1065D000A372050003000001BF720500217B0500C6
:1065E000447B0500E37B050054210020637B05000C
:1065F000A37B0500857B050010B5014602463C23C0
:1066000011F8010B0C32F7F7E5F8044628B1044AFB
:1066100003460121034815F0A5FD204610BD00BF2B
:10662000487C0500C435050008B5FFF75FFE48B19A
:10663000054A1368834205D0044910600B68013392
:106640000B60436408BD00BF50210020542100208E
:106650002DE9F0439BB0304CDDE923871D4684468D
:10666000894616460CAB04F1300E206861681A4664
:1066700003C2083474451346F7D1206810602279AC
:106680001A716146202204A819F0C7F923486B4605
:10669000202204A900F072F80446C0BB102249462B
:1066A0000DF1350019F0B9F9102231460DF1450010
:1066B00019F0B3F92946062211F8013B8DF855303F
:1066C0000DF1560019F0A9F92299062211F8013BA3
:1066D0008DF85C300DF15D0019F09FF943463522CD
:1066E0000CA9684600F04AF8044680B9404619F003
:1066F0009EF901238DF8303035223B460CA96846BF
:1067000000F03CF8044610B9384619F090F92046DC
:106710001BB0BDE8F08300BFBE370500468605000C
:1067200070B598B00E4614460146202204A81D46B6
:1067300019F073F9202231460CA819F06EF91022D5
:10674000294614A819F069F910222146684619F063
:1067500064F96B46502204A9684600F00FF840B96E
:10676000039B054A1BBAB3FBF2F102FB11331C9ADF
:10677000136018B070BD00BF40420F002DE9F0411A
:106780008CB007460C4615460021142207A81E4669
:106790001CF0E3FB4FF41053ADF81830DFF85C80C9
:1067A0008023ADF81A304FF44063CDE90838102249
:1067B00004AB394606A81BF057FC034648B1104A03
:1067C0001048012115F0CEFC6FF004000CB0BDE8BC
:1067D000F08105AB029310232246CDE900634146C8
:1067E0002B4604981BF081FD044604981BF072FBB5
:1067F0002043EBD0044A2346E2E700BF0002C00377
:106800007F7C0500643505009B7C050000F1070CCA
:106810002CF0030C10B4541E1860A4B2ACF8002085
:10682000023A93B201FB04F24FF0000C40F802C0B0
:1068300074B103FB011403FB01F22044121B4FF659
:10684000FF7C013B9BB263458050A0EB0100F8D177
:1068500010BC70470346006810B102680AB91A609C
:10686000704700F1070C2CF0030CD11DBCF800C0E0
:1068700021F003010CF1FF3CA1F800C0EFE700BFDD
:106880000B687BB1073323F003031A88013292B2FD
:106890000346D1F800C043F807CB23F003031A8066
:1068A000086070470122F3E702FB0100704700BF58
:1068B000401A90FBF2F080B2704700BF531E1144A3
:1068C0009BB242B1DB430138CA1811F8013D00F810
:1068D000013F9142F9D17047014402E010F8013BB9
:1068E0001BB98842FAD1002070470120704700BFD1
:1068F00010600860704700BF0A6803460068904255
:1069000005BF00220A6000201A607047D2F800C05C
:10691000CCF80000D2F800C0CCF80410106070472A
:10692000884203D01AB14368136070470020704753
:106930000B68834209D02AB1586810601A680A604F
:1069400018467047002BF9D1FAE70023F8E700BF9B
:106950002DE9F8430E4EDFF83C904FF090080C27DD
:1069600006F1200409EB08052A1D29462046083CAB
:10697000FFF7BEFFB442A5F10C05F5D1043F3B1D66
:10698000A8F13008A4F12006EAD1BDE8F88300BFE1
:106990008C220020D822002010B403468C469AB1E5
:1069A00001EB4101144803EB4304090101EB8401AD
:1069B0000144487A0C7AA04204BF0130087210BC2E
:1069C000614618460CF08ABB01EB41020A4C1201E9
:1069D00000EB400302EB830323449C7ADA7AA24261
:1069E00001D010BC704701329A72044B01225A54F4
:1069F00010BC0CF0A3BB00BFB4220020302200204A
:106A0000F8B506461C460D4602B322786378D21AC2
:106A100012F0030229D1294F71004FEA450C31448D
:106A2000AC44890001EB0C1101330431DBB27A185C
:106A3000606823702146FFF769FF214B0122294638
:106A400030465A550CF07AFB0020F8BD0CF060FB84
:106A50000028DAD0294630460CF04CFB637860B948
:106A60002278D21A12F00302D5D0012A03D00133C2
:106A7000DBB22370E1E71046F8BD05EB450206EBFB
:106A800046010E4F120102EB81023A447100907AE6
:106A9000D27A90424FEA450C05D02078C01A10F007
:106AA0000302E2D1BBE72278D21A920702D0023366
:106AB000DBB22370D4E902039847C5E7B422002073
:106AC000302200202DE9F04FDFF8609119F80030F6
:106AD00089B0002B59D0DFF858A1C0EB00134FF05C
:106AE000000B00EB40079B000324CDE904BB09F831
:106AF00000B00AEB0717039302948346B8460023BD
:106B0000B96A58F8240F079307AAFFF709FF04464C
:106B100007AAB4B1079D2E786978761A06F00306A5
:106B2000012E35D02B78591A01F003010129DBB26F
:106B30003DD1D7E90901FFF7F3FE044607AA002C6F
:106B4000E8D197F82E3097F82F209A4203D087F893
:106B50002F300123049397F82C3097F82D209A4278
:106B600003D087F82D3001230593029B5D1EEBB205
:106B7000FF2B0293A7F10C07C0D10499D846DDF88A
:106B800014B011B1BBF1000F45D009B0BDE8F08FD2
:106B900001396970079BD3E902029047079D2A7863
:106BA0006978D3B2521A02F00302012A21D0B86ADE
:106BB000019300224146FFF7BBFE6C60019B6A789F
:106BC0006B702B789B1A03F00303012B08D0D7E9D5
:106BD000090107AAFFF7A4FE012E044698D10EE092
:106BE000039B6A701A1D294620465244FFF78EFE09
:106BF000EDE7D7E9090107AAFFF792FE0446029BD9
:106C00008BB101235946584609F80B300CF096FA1F
:106C100009B0BDE8F08F5A464146404609B0BDE88C
:106C2000F04F0CF05BBA002C8BD0EAE7302200204A
:106C3000B42200204B1EDBB271B1411E00EB030CED
:106C4000002011F8013F23B15A1E01301340C0B299
:106C5000FAD16145F5D170470846704770B5057E99
:106C60000468FF2D2AD02A464FF0000C07E09E68EA
:106C700014F80E30FF2B1546B4441FD01A4602EB11
:106C8000420391424FEA031E04EB0313EFD18D42FE
:106C900002D114F80E20027614F80E20986805EB45
:106CA00045052D01FF2A625506D002EB420204EB96
:106CB0000212936803449360604470BD002070BD6D
:106CC000A2EB010C1CF4000F10B4836844690AD1D4
:106CD0002CF07F4C6344A3420DD8E41A0023446196
:106CE000836010BC7047891A21F07F418B4208D91C
:106CF0005B1AA342F1D91B1B00244461836010BCC2
:106D000070470C44E41AE9E72DE9F041244DBDF841
:106D100024708E462C2101FB0055696801EBCE00E2
:106D200011F83E60C478417804F1010C5FFA8CFCE4
:106D3000664598BF4FF0000C61452DD0466804EBC6
:106D40004404210106EB04144FF0040806F8018006
:106D50006360069BA360079BE360089B23610A9B1B
:106D6000A3610F9B63620B9BE3610C9B23620D9BF2
:106D7000A3620E9BE36202236270A782A37080F875
:106D800003C0D5E90836704698472B464146002295
:106D9000B047A078BDE8F0810120BDE8F08100BFD8
:106DA000742300202DE9F04F87B00346427A01900A
:106DB00000685F680290002A00F0EF80531EDBB28B
:106DC00007EBC3038A4603930597039B5A6893F81E
:106DD00001B00492BAF1FF0F57D00AEB4A04029BAC
:106DE000CDF800A04FEA0419002513F809A003EB21
:106DF0000414019BFF2727701E681B7E06EB090801
:106E0000BB42D8F808100DD1C1E0091A05D1B8F875
:106E10001E90BEF81EE0F1457AD8B25CFF2A1F46EC
:106E200065D0134603EB430206EB021E4FEA430C08
:106E3000DEF8080088424FEA0212E6D9FF2FC8F8B0
:106E4000081088F800305DD1DDE900200276634447
:106E500006EB03139A68521A9A60A37801336370A1
:106E6000002DB7D0AB6A4FF000022A70AA7013B1A0
:106E7000E96A002098476368002BABD1AB6A2362B4
:106E8000EB6A6362BAF1FF0FA7D1039B049E997866
:106E90000BEB4B030BF1010059454FEA03125FFA6C
:106EA00080FB06EB031569D0039B1878B35C58454B
:106EB00008BF4FF0000B042BEAD16978029801EB70
:106EC000410300EB03144FEA03196078A37898425A
:106ED00020D04FF00003B354AB6A4FF00102012001
:106EE000AA700BB1E96A9847039B9978D0E79C4454
:106EF0004FEA0C1C009BC8F8081088F8002006F820
:106F00000C30AAE707EB47073F01009AF2559EE7CE
:106F1000014693E7019AAB8A009151694FF6FE72E0
:106F2000934207D04FF6FF729B1AB3FA83F35B09C3
:106F300084F82C306B6AA362EB6863602B69236270
:106F400000226262AB8A4FF6FD70834288BF13460F
:106F5000A383AB69A361EB69E3602B6A2361AB6830
:106F6000A36062616A682046FFF7AAFE4FF0000343
:106F7000E383E37843F00103E3703AE7039A517047
:106F800005999142A2F1080307D003931DE706F883
:106F90000930DDE9003213765FE707B0BDE8F08F16
:106FA0002DE9F04F447E01238FB08376002C40F012
:106FB000BA80037EFF2B814600F0B4800BF096FB75
:106FC000D9F81420D9F81C3099F81880D9F8006045
:106FD000801A20F07F4B5B4594BF00230123B8F15A
:106FE000FF0F0393A2467CD0049408EB480806EBFD
:106FF00008144FEA0818A3685B4571D8A27816F800
:107000000880ABEB030B9A4463789B1ADDB2012D29
:1070100063D1A06AA3690293002800F01981016876
:10702000002900F08380002B00F02A81039B002BB5
:1070300000F04A81037A5A0700F03B81037A23F07B
:1070400007030372E78BE27822F001027B1CE270F7
:1070500094F82C209BB2E383002A00F0E080A28BFE
:107060009A4280F0DC80A06A002800F06581037AF3
:1070700003F00703012B00F0D2800027416847602E
:10708000A36A1A7A67F302021A72A278E768013AD1
:10709000A27017B36369D9F8142094F803C0AAEB5F
:1070A0000303134423F07F40626A23690CF0010C50
:1070B000002D40F0DF80B4F81EE0CDE900C3734638
:1070C000B847DDE90223002A18BF43F00103039308
:1070D000E378E58365F30003E370B8F1FF0F84D133
:1070E000049C99F80B3099F80A209A4208D1013291
:1070F000D2B2022A1ABF14462346002389F80B4055
:1071000009EB83030022C3F80CA0D9F8244089F8C6
:107110001A204B46012204210320A4460FB0BDE8EB
:10712000F04F604784760FB0BDE8F08F029B002BD4
:1071300000F08C80039B002B80D1D9F81C309A453D
:10714000FFF47CAFB8F1FF0F7DD0029BE78B099372
:107150009C46A38B6168CDF818B0BB429ABFFB1A5E
:107160009BB23B4603FB0113CDE907A805934FF003
:10717000000E43460B92DDF824800C95CDF824C018
:10718000A3468A4684460D97CDF8289003EB430327
:1071900006EB03121B0191688E44F04548D3906AB8
:1071A000946900283FD0006800283CD0D58B978B8D
:1071B0005068AF4240F29380002840F09780BCF1C5
:1071C000000F32D08146DCF8000028B1029919B9CD
:1071D0007444A04280F0BD80AF4226D8D0789BF89E
:1071E000032000F0010402F00105A54205D342404E
:1071F000D1071AD4B9F1000F17D060465C46DDF80C
:1072000020800C9DDDF824C00D9FDDF82890DDE97D
:1072100006BA002840F09680CDF808C013E7A3789E
:10722000013BA37059E7002CC0D1F35CFF2BADD11B
:107230006046DDE9088C5C46DDE906BA0B9ADDF8AC
:107240002890CDF808C0002800F09080002514E7B1
:10725000029B5BB3039B002B7FF4F4AED9F81C3088
:107260009A45FFF4EFAEB8F1FF0F7FF46EAF0399CC
:107270000D460BE7CDE900C34FF6FF73B8472CE787
:10728000039B63B9D9F81C309A4508D3B8F1FF0FB6
:1072900054D04FF0040CE78BCDF824C059E70423F9
:1072A0000293037A5A077FF4C9AE02E0029D0021DF
:1072B000ECE6A18BE28B91423FF6C0AE012262F375
:1072C00002030372E78BBEE6D9F81C309A45FFF43F
:1072D000B1AEB8F1FF0F7FF438AF039DCDE668B9CA
:1072E000BCF1000F7FF46EAFE14677E7BAF1000F13
:1072F00020D1BCF1000F98D0D14664E7BAF1000F5D
:1073000012D0A5EB07091FFA89F9411A00FB0911F0
:10731000059888422CBF4FF000094FF00109BCF1DD
:10732000000F7FF450AF57E7D146BCF1000F7FF458
:107330004AAF51E7A946E8E7A278B8E70423039DDE
:1073400002939AE60168CDF808C000293FF476AEB2
:1073500070E65C460146DDE906BA6046DDF820804D
:107360000C9DDDF82890DDF824C0ECE705460146C9
:107370008CE600BF837E002B40F034832DE9F04F74
:10738000477E8DB08346002F76D1837AC27A012161
:1073900041769A424169079100F025830133DBB2BF
:1073A000022B12BF1A463A463B4600EB820283721A
:1073B000D268079B0592134423F07F434361012564
:1073C0009BF8183008930BF091F99BF80920DBF833
:1073D00000300193531EDBF804600490DBB2002AF6
:1073E00000F01F84CDE90A7506EBC30AFF2303935F
:1073F0000696D946DAF804704FF0000B9AF803109D
:107400009AF8025005EB45046B1CA9424FEA041898
:10741000DBB207EB041460D09AF800209A4208BF50
:1074200000238AF8023017F80820042A3AD9082ADB
:107430002CD86178019801EB410300EB03161B0186
:10744000B078029373781B1A13F0FF032CD1062A2D
:107450001CD199F81B308B4250D007F808B0A36AB2
:1074600084F802B0002BC9D0E16A002098479AF84E
:1074700003109AF80250C5E7446A0421034601222A
:107480000420A4460DB0BDE8F04F604707F808B0EF
:107490004FF00103A370A36A002BAFD0E16A012073
:1074A0009847ABE71D46ADE7052A1ED162684AB989
:1074B000A2683AB9E2682AB922691AB9626932F057
:1074C0007F42E3D0012B29D00421D9F824404B4638
:1074D00001220846A0478AF80250069A5245AAF1AE
:1074E000080300F0E0809A4684E7012B00F0A480B6
:1074F000062AE9D199F81B308B42AED16168D9F8E0
:1075000014208B1A1D0240F1BD80059B521A22F0F7
:107510007F4293428CBF9B1A0023B7E04846FFF797
:107520009DFBB060D9F814E0049B059AA3EB0E0311
:1075300023F07F431344984240F2AF80C01A73682F
:10754000002B46D0A38A002B43D0013B9AB2A282E3
:107550007568F38BA84218D81BE0726ADFF8A4C2E2
:107560008BB2A94951186145A0EB050006D902F17B
:10757000E87202F5D43202F5A5720138316AF3835C
:10758000521A72628542A28A03D2934203F1FF31FA
:10759000E3D89A421CD9316A099706E07262013336
:1075A0009BB2F383A28A9A4211D9726ADFF858C259
:1075B000944F0A449444BC452844EFD8A2F1E872A1
:1075C000A2F5D432A2F5A57272620130E7E7099FF5
:1075D000B2836368B16A0344B360A26873691344F9
:1075E000736129B10B681BB1D4E901329B1A4B605E
:1075F000049A71463046FFF763FBE268B3691344AF
:10760000B361226993428CBF9B1A0023B361A37DAF
:107610001BB1F27863F30002F270E37D13B1013B1A
:1076200086F82C30DDE90121039B5354737862788E
:1076300003920133737010E7062A3FF40AAF4846FD
:10764000FFF70CFBB378B060737099F81B20637878
:107650009A427FF402AF17F80830062B3FF44EAF82
:10766000FF2389F81B3017F80830062B3FF446AF8C
:10767000082B3FF443AF0499D9F814208B1A1D024C
:107680003FF543AF059A23F07F431344D9F81C20FC
:107690009A4288BFC9F81C30DFE6726913441B1A8E
:1076A000736100204BE7DDE90A75CB469BF8186053
:1076B000002D00F01781049B079ADBF800809B1ACD
:1076C00023F07F4A089BF51A18BF0125FF2E08BF3B
:1076D0002C465FD04FF00009CDF804900497DDF8F8
:1076E0001490059506EB460508EB05142D01A268DC
:1076F0004A4500F26882019BA178E08B1344019314
:1077000063785B1ADBF81C108A4234BF891A0021A7
:10771000A9EB0209AAEB020A24BF4FF0FF328BF853
:107720001B20CBF81C10A16AA769DBB2002900F06E
:10773000CC800A68002A00F0B480002F40F0B480AA
:10774000022B00F03B820022A26018F805208BF883
:1077500018206168A26A002974D122B1127A02F05D
:107760000702012A52D03BB1012B00D020B1236A7D
:1077700013B1616A01209847A37863709BF8186081
:10778000FF2EAFD1DDE90475089BFF2B0CBF2C4603
:1077900045F0010403995846FFF704FBCDE9024781
:1077A000DBF800A0CDF804B04FF0000C019B187E70
:1077B000FF2800F0398204464FF0FF0800E01C4625
:1077C00004EB44030AEB03151B01A96A8E4629B199
:1077D0000A7A02F00702012A00F00B811AF803303E
:1077E000FF2BA046EBD1DDE90247DDF804B0BCF188
:1077F000000F40F09280089B834240F08E80002C66
:107800007BD08EE0592B177F5A2B17FFA378C4F833
:1078100008906370079B019ADBF814109A1822F005
:107820007F422046FFF74CFA039B08F80530637847
:1078300003960133DBB263709BF81860FF2E7FF470
:1078400051AF9FE722B1137A03F00703012BDDD07C
:10785000B4F81EE0BEF1000F40D1B4F81CE0704651
:10786000D4E908C300220294BC4FBD4C6344DF1925
:10787000A74200F1FF300A4406D8A3F1E873A3F54C
:10788000D433A3F5A5730132441CEDD1029C94F8C6
:107890002C706362002F00F08480A260A4F81EE0C8
:1078A000B8E7002F3FF44FAF022B7FF44CAF002816
:1078B0007FF449AF0A7A02F00702012A3FF443AF8E
:1078C000CBF81C708BF81B603DE7002F3FF43BAFFB
:1078D000022B7FF438AF0028F2D034E7A37863702E
:1078E0000020BDE758460399FFF75CFA9BF81800A3
:1078F000089B83420ED19E420CD100238BF8193095
:107900009BF81A30002B49D0DBF824405B4601225B
:107910000321B5E5FF2800F09281089BFF2B00F0C2
:107920006B81DBF8003000EB400003EB0013D3F871
:107930000880B8F1000F59D00AF0D8FE0A26044694
:10794000DBF81430E21A22F07F42904506F1FF3650
:1079500002F103011AD941452CBF5B18434423F0BF
:107960007F452846DBF8283098470AF0BFFE031B06
:107970002D1B23F07F43023325F07F45AB4206D910
:107980000EB10446DCE700DE0446D9E701270023F8
:107990008BF819309BF81A303B43B5D10DB0BDE8D8
:1079A000F08F92457FF679AF6C48CDF80880069449
:1079B0006B4C634403EB00080137A0450A44BFB297
:1079C00006D8A3F1E873A3F5D4330132A3F5A57368
:1079D0009245EDD8069CDDF80880636277441FFA73
:1079E00087FE5AE770473D460597E9E48BF8198012
:1079F0008AE7AA68002A40F03A81D5F818B0BBF1AE
:107A0000000F06D10A68002A00F03D818E464FF033
:107A1000040BDEE90029914580F0E380A2EB090C1C
:107A20001AF80320FF2A00F0DC800199CDF81C80B1
:107A3000C969ACEB0B000E1D0021CDE90594049043
:107A400099460F460846344613460BEB0708C445D3
:107A50003FD303EB43030AEB03121B019668304448
:107A600004287FD9061F3E44664528BF66460BEBB7
:107A700004018C450ED3B0450CD8A969002900F04B
:107A80008C809EF80810090700F18780B6EB0B0187
:107A900040F0BD80916A21B1097A01F00701012906
:107AA00071D0916900296ED05268002A6BD0AA6902
:107AB00007440431CC19002A63D09EF8082012072D
:107AC000ACEB0B0100F1AA801AF803300020FF2B69
:107AD000BBD14B46DDE90648DDF814908944CEF869
:107AE00004901AF803B0BBF1FF0F5A4618BF4FF0CD
:107AF000FF0C01D1CDE0024602EB42000AEB001779
:107B00004FEA4209BE688E424FEA001080F0C380FF
:107B10001AF80000FF289446A1EB0601EBD1A960FA
:107B2000B8F1FF0F00F09F8008EB480109010AF847
:107B300001B04A4412011AF802100AF803100AF8B8
:107B40000240EB8B013BEB839EF80830022262F38C
:107B500002038EF808304FF0010C27E65A2B17FF6E
:107B6000592B177FAE6996B19EF8086016F008068B
:107B70003FF47DAF9469049A074404343C44A24224
:107B8000A2D32146A0E71AF8033000219FE79169AC
:107B90000744043139440C4696E7002C3FF47AAF91
:107BA000A6EB0B06A642FFF475AF4B46DDF814902A
:107BB00022469144DDE90648114690E700287FF40B
:107BC000C2AD042776E64B46D21AA260059D9BF80B
:107BD0001830089A049F93420CBF2C4645F00104CC
:107BE000D8E5CEF804901AF80330FF2B08BF002127
:107BF0004FD00023AB60A4E70AF078FD04460AF0FA
:107C000051FD40B99BF81800CBF8144089E6A14219
:107C1000FFF440AF5DE79BF8180082E60A460021BA
:107C2000ADE7FF23039341E5029C9B46BCF1000FA7
:107C300005D1089BFF2B02D1002C3FF45EAE0AF069
:107C400041FD044600287FF458AECBF81C000AF032
:107C50004DFD8BF81940CBF814009BF81A30002B1F
:107C60003FF49CAE50E6019981F818B061E700DE60
:107C7000A96AD5F818B08E46BBF1000F7FF4C9AEE3
:107C800000297FF4BFAE00DE4FF0040BD5F828E0EA
:107C9000BFE6A96055E7761ABCF1FF0FBE60A96088
:107CA0003FF44FAF1AF803B062464FEA4C0937E78A
:107CB000F8B5069E9DF81C50089CB8B9144F3A6060
:107CC0005A1E39727B727E60D2B273B106EBC20269
:107CD0005460114612F808398E4203EB4300A5EBBD
:107CE000030304EB0014DDB2F2D10DB10120F8BDA5
:107CF000099B3B620A9B7B62FF240B9BBB623C7629
:107D00000AF0F4FC7D817861FC76FD612846F8BDBF
:107D10007423002040B9064B1A7EFF2A01D1187245
:107D200070476FF00F0070476FF01500704700BF8D
:107D300074230020044B2C2202FB0033187A0038F5
:107D400018BF0120704700BF7423002010B4074BF8
:107D50002C2202FB00335C6A2CB1A446012210BC29
:107D600003210220604710BC704700BF742300202D
:107D700010B58AB00C9C00940D9C01940E9C02944A
:107D8000BDF83C400394109C0494119C0594129CF3
:107D90000694139C0794149C089400240994FEF7FD
:107DA000B3FF0AB010BD00BF10B4BDF8104004947A
:107DB00010BCFEF7A9BF00BF2DE9F047244DBDF868
:107DC0002C809DF830709DF83CE02C2404FB00557D
:107DD0006C6804EBC10014F83190C478467804F163
:107DE000010C5FFA8CFCE14598BF4FF0000C664532
:107DF0002AD0466804EB44044FEA041906EB041445
:107E00004FF0050A06F809A06360089BA360099B70
:107E1000E3600A9B23610D9BA3620E9BE362022336
:107E20006270A4F81480A77584F817E0A37080F836
:107E300003C02B6A6E6A084698472B46002204212D
:107E4000B047A078BDE8F0870120BDE8F08700BF0B
:107E50007423002010B588B00A9C00940B9C0194F8
:107E60000C9C0294BDF8344003949DF8384004946F
:107E70000F9C0594109C069400240794FFF79CFF28
:107E800008B010BDF8B5194E2C2404FB00667468C8
:107E900004EBC10014F831E0C478457804F1010C1A
:107EA0005FFA8CFCE64598BF4FF0000C65451BD08F
:107EB000456804EB44044FEA041E05EB041407274D
:107EC00005F80E70A362069BE36202236270A37042
:107ED00080F803C0336A756A084698473346002223
:107EE0000421A847A078F8BD0120F8BD7423002024
:107EF000F8B51A4E2C2404FB0066746804EBC1002C
:107F000014F831E0C478457804F1010C5FFA8CFC78
:107F1000E64598BF4FF0000C65451DD0456804EB61
:107F200044044FEA041E05EB0414082705F80E70FC
:107F30006360069BA362079BE36202236270A370E7
:107F400080F803C0336A756A0846984733460022B2
:107F50000421A847A078F8BD0120F8BD74230020B3
:107F60000AF0C4BB401A20F07F407047014800214E
:107F7000704700BF7F410100022801D001207047F7
:107F800038B5044608461D4603F09EF810B100209F
:107F9000287038BD204638BD002303700B70704731
:107FA00038B5054600200C4602F030FE70B93DB9E8
:107FB000074B44B120681860A2889A80002038BD21
:107FC000044B002CF6D11C609C80F7E70C2038BDD8
:107FD000A8230020A0230020012804D808B90348C2
:107FE0007047034870470020704700BFA823002057
:107FF000A0230020012809D830B9064B1868086072
:108000009A888A8018467047034BF7E70023184682
:10801000704700BFA8230020A023002010B504460D
:1080200009F04CF850B909F097FB60B909F00EFF60
:1080300070B92046BDE810400FF05EBD00DE09F0CB
:108040008BFB0028F2D000DE09F000FF0028F0D002
:1080500000DE2046BDE810400FF04EBD086001482C
:108060000FF04ABD002A00200FF046BD2DE9F84F61
:108070000B78072B84BF2C4B93F840309A428946EB
:10808000834692464DD0284D5C1CE4B235F833202F
:108090000280082C08BF0024002605EBC30301273B
:1080A0004FF0120819E0012838D0C3F80480072CDB
:1080B00089F8004088BF95F84040A24523D023B2FC
:1080C000013435F83310BBF80020E4B2082C08BFA7
:1080D0000024914205EBC30315D15868B0B1FF28C5
:1080E000E1D9027902F00302013A012A12D91222DF
:1080F0005A6003F001F8072C89F8004088BF95F812
:108100004040A245DBD13046BDE8F88F01365F60C4
:10811000F6B2CCE70136F6B20122E9E70136F6B253
:10812000C5E70026EFE700BFDC2300202DE9F04182
:10813000324F3B88984253D913F0FF0524D0DFF823
:10814000C08098F8154098F814302E480134E4B2F5
:10815000052C08BF0024A34218D0FEF77BFB06467F
:1081600029488EB1FEF776FB00283BD0066098F8D0
:10817000153048F823003B8888F81540013D013B45
:1081800015F0FF053B80DED1BDE8F0813B88002B78
:10819000FAD0DFF8788098F80D4000260134E4B278
:1081A000032C98F80C30174808BF0024A342EBD0EA
:1081B000FEF750FB05461448002DE5D0FEF74AFBBC
:1081C000B0B16E60056098F80D3048F823003B8828
:1081D00088F80D40013B9BB23B80002BDED1D3E7FA
:1081E0000546ACE730460749BDE8F041FEF748BB1D
:1081F00028460449BDE8F041FEF742BB4424002074
:10820000C0270020482400209C2400202424002093
:108210002DE9F8432F4B304F181D052224214FF034
:108220000008A7F81880FEF7F1FA2C4B0522082168
:10823000181DFEF7EBFA97F818907C7E052601349E
:10824000E4B2062C08BF0024A145244813D0FEF751
:1082500001FB05461F4875B1FEF7FCFA002834D033
:10826000C5F8048005607B7E47F82300013E16F0C8
:10827000FF067C76E3D11A4B0822181D6421FEF715
:10828000C5FA184B0A22181D0821FEF7BFFA154837
:10829000FEF7E0FAA8B1144A111FFEF729FB1148B6
:1082A000FEF7D8FA78B1114A111FFEF721FB104BE7
:1082B0000622FF201A80FFF739FFBDE8F84307F0D8
:1082C000A7BB00DEE7E700DEEDE704492846FEF73E
:1082D000D7FAD0E704280020BC280020D8270020A7
:1082E0009C24002048240020402400203824002022
:1082F000442400202DE9F0417B4D7C4E86B004AA39
:1083000002A90DF1070003F00BFB0446D5E90001BB
:1083100003AAFEF705FB074650B3039B002B6AD068
:10832000187804AA02A903F013FB039B0446002853
:1083300040D0049ABDF808101F78ADF80A100592D5
:1083400003F018FB2146059ABDF80A0003F046FB2E
:10835000204603F0D9FA05AA0DF10A01384603F0C8
:10836000F7FA04460028EBD130680FF0C5FBC6E7EA
:10837000002C3DD0049B05939DF80770BDF8083094
:10838000ADF80A3003F0F6FA2146059ABDF80A0066
:1083900003F024FB204603F0B7FA05AA0DF10A0109
:1083A000384603F0D5FA04460028EBD130680FF0C8
:1083B000A3FBA4E705931B79013B2C2B1ED8DFE818
:1083C00003F01F32741D1D1D1D1D1D1D1D1D1D1DB6
:1083D0001D1D1D1D1D1D1D1D6A1F1D1D1D1D1D1D7E
:1083E0001D1D1D1D1D1D1D1D1D1D1D1D1D1D1F00D8
:1083F00006B0BDE8F08100DE039B91E700DE7EE77A
:10840000394968680022FEF793FA394B059993F8C9
:10841000413038460B70374AFEF778FA334B18680C
:108420000FF06AFB6BE7304968680022FEF780FABC
:10843000DDF81480D8F8084034B12378002B50D0F0
:108440002378013BDBB2237098F80C3013B1012B79
:1084500041D000DE284A002388F80C30537E117E7C
:108460000133DBB2062B08BF0023994237D0C8F88E
:108470000070517E42F821805376002C3FF43FAFCC
:108480002378002B7FF43BAFA368002B3FF437AF7A
:10849000E068984733E7144968680022FEF748FA15
:1084A0000599384603F0C4F829E705A9384603F0D2
:1084B000DBF80D4968680022FEF73AFA05990029B1
:1084C0003FF41DAF0B792E2B3FF419AF084B384604
:1084D00093F841309EE74046EFF746FDBAE700DEED
:1084E000CBE700DEACE700BF3C240020FC290020E5
:1084F000DC23002038240020BC28002030B5284B85
:10850000284C87B018600AF0BFF82378002B40D0C1
:108510002549264A264D05954FF0050C81F808C0DF
:10852000244C0492244A0220CDE9022404230D2481
:10853000CDE90014214A087408760B70002006214A
:10854000FFF7B6FB50BB012200211D4818F0AAFF1F
:1085500008F040FD044610B1204607B030BDFFF7DB
:1085600057FE09F0E1F804460028F5D102F00CFBB3
:1085700004460028F0D109F05DFC04460028EBD148
:1085800002F0FEFF04460028E6D1012007F0C4FEF9
:10859000E2E7FEF7DDF901232370B9E700DED2E759
:1085A000FC290020A1440020802C002091310400EF
:1085B0003132040071310400102A0020A02C002068
:1085C000002A002030B585B002F0E4FA98BB02F032
:1085D000DDFF002834D100241C4B2046A3F8404086
:1085E00007F09AFE1A491B4A1B4BA1F820419482BE
:1085F0009C8101222146684618F054FF174B224601
:10860000214603206D46C3F808D0FEF7F9F9C8B932
:108610004FF0FF324FF0FF3328460FF0A1FA02F07F
:10862000BFFA88B9FFF7F4FD0021012005B0BDE8CD
:108630003040FFF7B5BC00DE02F0A8FF0028CAD02A
:1086400000DEC8E700DEE3E700DEEBE7DC23002026
:10865000D8280020C0270020242400208C060020D9
:1086600008B5FFF7AFFF08F0EBFC00B108BDBDE8AF
:108670000840FFF74FBB00BF2DE9F0432A4D2B4FB9
:1086800083B0804689460023C8F8003095F8414001
:10869000D7E9000101AAFEF743F9064690B3019B12
:1086A00023491A784846FFF7E1FC80BB95F8403033
:1086B0008DF8013095F8412004460DF101010DF1CE
:1086C0000200FFF7D3FC44EA000212F0FF02F1D1EE
:1086D000019B1979012920D139467868FEF728F9DC
:1086E00014493046FEF7CCF8134A1388052B11D8ED
:1086F0000198124901331380FEF7C2F80120FFF7F9
:1087000015FDC0E70A4922464846FFF7AFFC03B013
:10871000BDE8F08300DE1388EAE71046C8F80030B1
:1087200003B0BDE8F08300BFDC2300203424002028
:108730001C24002048240020442400209C240020E5
:1087400030B5354983B000234868019301AAFEF78C
:10875000EFF8002858D03149FEF792F8019A1379C2
:108760002D2B19D8DFE803F0171818171818181848
:108770001818181818181818181818181818181B76
:10878000171717171717181818181818181818186F
:1087900018181818181703B900DE03B030BD137F7E
:1087A0003C2B1CD0537FC3B193681C68A06D20B1D3
:1087B00000231B49A365FEF763F894F85E3023F0AD
:1087C000010384F85E30002002F020FA10F0FF0070
:1087D000E3D107F021FE03B030BD00DEF3E793687C
:1087E000D3E9004595B100225A60AB6F93B905F10A
:1087F0006C0105F16800FEF77FF8034640B1286878
:10880000AB6702F047FCD8E700DEA4E700DEEAE74A
:1088100000DEF4E700DEEAE73424002048240020EC
:108820009C240020F8B5046806460CB3324D20465F
:10883000246803792D2B18D8DFE803F027171727B2
:1088400017171717171717171717171717171717B8
:108850001717172133272727272717171717171732
:108860001717171717171717172700DE002CDED159
:1088700000233360BDE8F840FF20FFF757BC037FBB
:108880003C2B27D013B100DE037963B32B88052B73
:1088900026D8013319492B80FDF7F2FF002CC6D1F1
:1088A000E6E7C0880028E1D102F002FC0746E0B10B
:1088B000D7F88830DBB907F17C0107F17800FEF7C3
:1088C0001BF8B0B1C7F88800384602F0E3FB002C73
:1088D000ADD1CDE70949FDF7D3FF002CA7D1C7E7FC
:1088E00000DE2B88D5E700DED0E700DEE0E700DE23
:1088F000E1E700DEE6E700BF442400209C240020DE
:108900000148FDF7A7BF00BF482400200149FDF73B
:10891000B7BF00BF482400200148FDF79BBF00BF40
:108920009C2400200149FDF7ABBF00BF9C24002020
:10893000034B044A93F841300B70FDF7E7BF00BFCB
:10894000DC2300203824002008B5064B064A93F8A3
:1089500041300B70FDF7DAFF044B1868BDE80840A2
:108960000FF0CAB8DC23002038240020FC290020A6
:108970000B490A7B4B7B9A420AD8A3EB020C5FFAA5
:108980008CFC604509D89A4207D051F82200704704
:1089900003339B1ADBB29842F7D90020704700BF1F
:1089A00024240020074A117B537B8B4208D04B1CA8
:1089B000DBB2032B08BF002352F82100137370476A
:1089C000002070472424002000B50D4A92F841C0D1
:1089D00092F840E00CF10103DBB2082B08BF002342
:1089E0009E4509D022F83C0002EBCC0CCCF80410D8
:1089F00082F841305DF804FB00DE00231B80FFDEBF
:108A0000DC2300200022042302700B70704700BF9B
:108A1000002208B51146044B0120FDF7F1FF00B913
:108A200008BD00DE08BD00BF7C060020022810B58E
:108A30000C4602D00B68022B07D004484FF0FF32DF
:108A40004FF0FF330FF08CF8206810BD002A002093
:108A500004490A680AB11046704702460860104689
:108A6000704700BFD8230020044A136823B19842FE
:108A700006BF00211160002318467047D82300204C
:108A8000014B1868704700BFD823002004490A68CA
:108A90000AB110467047024608601046704700BF92
:108AA00020240020044A136823B1984206BF002105
:108AB000116000231846704720240020014B1868DD
:108AC000704700BF2024002070B505682B7884B063
:108AD000EBB1044601220021684618F0E3FC0D4B7F
:108AE0006E46C5E902362B788BB10B4B002211463E
:108AF00003209C60FDF784FF38B94FF40042002347
:108B000030460FF02DF804B070BD00DEF5E76FF0D1
:108B10007700F8E7698003006C060020F0B5244E6A
:108B2000336885B00C461746002B36D0994215D1D4
:108B30000223039303AB0246009303211D4B002045
:108B4000FFF7A0F9022805460CD0039B022B09D1A0
:108B500095B133680BB19C4221D014B36FF02D0056
:108B600005B0F0BD14484FF0FF324FF0FF330EF068
:108B7000F7FF039D002DECD13846FFF7A5FF3368C2
:108B80000BB19C4210D0002CE8D10028E8D010F1A5
:108B9000780F08BF002005B0F0BD3160C8E70023A2
:108BA00033606FF07700DBE735600028D8D0EEE760
:108BB000D82300205D800300002A00200B490A7D95
:108BC0004B7D9A420AD8A3EB020C5FFA8CFC6045FD
:108BD00009D89A4207D051F82200704705339B1AF2
:108BE000DBB29842F7D90020704700BFC0270020B1
:108BF000074A117D537D8B4208D04B1CDBB2052BFD
:108C000008BF002352F821001375704700207047F9
:108C1000C027002038B50C46054602F07BFE2070C8
:108C200021462846024ABDE83840FDF76FBE00BF26
:108C3000402400200122024B11460020FDF7E0BE37
:108C40005C06002070B50C46054602F063FE214626
:108C50002070064A2846FDF759FE0122BDE8704003
:108C6000034B11460020FDF7CBBE00BF402400207F
:108C70005C0600202DE9F0431A4D9DF81C8095F804
:108C800021C10CF1010E5FFA8EFEBEF1090F99466B
:108C900095F8203108BF4FF0000E73451DD01446E3
:108CA00005EB4C1CE36807460E4610685168926855
:108CB00064460FC49CF81C30CCF8186008F001081A
:108CC00023F0030343EA0803CCE904978CF81C3033
:108CD00085F821E16046BDE8F0834FF0000C604666
:108CE000BDE8F083D8280020054890F8203190F89E
:108CF00021219A4214BF00EB43100020704700BFAF
:108D0000D828002001460B480A7890F82131082A1B
:108D100084BF90F820210A70934208D0531CDBB224
:108D2000092B08BF002300EB42100B707047002096
:108D3000704700BFD82800202DE9F04F3D4E96F82F
:108D4000203196F8212187B09A4202903ED04FF010
:108D50000008CDE9048806EB43130B24CDF80C8002
:108D6000C346C2461D7FD3F80090DF68C5F34002BA
:108D700005F00105002C4DD0013CE4B24AB396F851
:108D8000211196F82031994220D00133DBB2092B12
:108D900008BF0023994286F8203117D0590106EB0D
:108DA0004313002ADED1D86805BBBAF1000F33D0D7
:108DB000BBF1000F36D01A7F9707D3D150457258B8
:108DC00034D05845CED105998A42CBD107B0BDE801
:108DD000F08F194902988B600B4611460192FDF7FE
:108DE0000FFE019A0028CAD000DEC8E7039ABAB184
:108DF000B8F1000F08BFB8461A7F9507B2D4D20762
:108E0000DCD5BBF1000FADD1039A8242DED08045A4
:108E1000A8D1DBE700DEAFE7BA46CDF81090EBE76C
:108E20000397E9E7BB46CDF81490E5E704998A4239
:108E3000C7D1CBE7D82800204C060020054B1A7E6E
:108E4000597E914204D053F8220010B10C30704783
:108E500000207047BC28002070B5134A117E537E55
:108E60008B421ED04B1CDBB252F82140062B08BFB0
:108E7000002313769CB10223002526682371256008
:108E8000A06002F047FD094A207021463046FDF7F8
:108E90003DFD0122064B11462846FDF7B1FD204657
:108EA00070BD0024FBE700BFBC2800204024002048
:108EB0005C06002010B582B00024049B93F80AC021
:108EC0002CF0020C83F80AC0CDE9004408F02AFA1D
:108ED00002B010BD10B50346007F1A6999690124DC
:108EE00082B02040CDE90004586908F01BFA08B9A7
:108EF00002B010BD7730FBD000DEF9E710B4CB68CC
:108F000004691A78042A02D0236810BC18475B78D9
:108F1000052BF9D1002010BC704700BF30B50B8A7B
:108F200083B0002B3CD0054601F10C000C4613F039
:108F300089FC0128034615D0022807D01B4A1C488B
:108F4000012113F00FF96FF0150009E001A9204687
:108F500000F030FF019911B12846FFF7CFFFC8B1EB
:108F600003B030BD002301A92046019300F092FA1E
:108F7000014678B12846FFF7C1FF0028F0D1019DD6
:108F800045B1284601F0EEFA03466B710948019994
:108F900018F06FFA2046F3F7C5F9002003B030BD92
:108FA000054A0348012113F0D4F8CCE7DC3E050064
:108FB0007C350500C42D0020C83E050010B50469AD
:108FC000FFF74EFB40B90548F2F76AFE0448F2F796
:108FD00067FE0020206010BD00DEF4E728170020A7
:108FE000B01700202DE9F041076982B006464FF026
:108FF000000836484FF0FF324FF0FF330EF04AFDC5
:109000000028F6D043790190042B30D8002B45D0AE
:10901000022B4BD04FF0FF324FF0FF330220F4F71A
:1090200065FC04460198002C4AD0214600F09AFFC6
:10903000019B01A8C3F80080FFF7F4FB204613F062
:109040007BFB05462146002013F09CFB2B8A012B5D
:1090500004462946304606D93B6898470FF0ACFADB
:10906000002CEBD1C5E72846F3F75CF9F6E7052BB2
:1090700014D14FF0FF334FF0FF320820F4F736FCE5
:1090800004462146019800F045FF019B01A8C3F862
:109090000080FFF7C7FB002CD0D1AAE700DE019BC0
:1090A00001A8C3F80080FFF7BDFBA2E70022002360
:1090B00001210020F4F732FC04460198002CB4D1C1
:1090C000046001A8FFF7AEFB93E700BFC42D0020AA
:1090D000F0B5064683B014E04FF0FF324FF0FF3397
:1090E00000211320F4F71AFCBDF8021005462246B1
:1090F00001F020FA29463046FFF700FF40BB0FF091
:109100005BFA0DF1020101A8FFF7B6FA0446002848
:10911000E2D1019BA3B1FFF713FB019F384601F099
:1091200021FA019D78716B79032B02D12B79182BD1
:1091300010D01848294618F09CF9019B002BE0D16B
:109140004FF0FF324FF0FF3313480EF009FDD8E720
:1091500000DED4E721464FF0FF324FF0FF33052009
:10916000EF88F4F7DBFB39460446024605F11C00A4
:1091700000F0A8FE384600F0C5FE3CB1214630465E
:10918000FFF7BCFE20B92046F3F7CCF8019DD0E7ED
:1091900000DEF8E7C42D0020D42D0020F0B50546F0
:1091A000076989B00E46244818F034F94FF0FF32B1
:1091B0000021224818F076F92048FFF79FF904466D
:1091C00000282FD13E6001F0E3F9002600276FF060
:1091D0000903CDE90334CDE90667CDE90144184B15
:1091E000184900954FF4E07217480EF0E9FF17494F
:1091F000154818F089FA6FF00702CDE90324CDE98C
:109200000667CDE90144124B124900954FF4607294
:1092100011480EF0D5FF11490F4818F075FA204695
:1092200009B0F0BD0E4A0F482346012112F09AFF03
:10923000204609B0F0BD00BFC42D0020D42D002071
:10924000D1900300C066002028170020103F0500C1
:10925000E58F0300C0680020B0170020203F050004
:10926000F03E05007C35050008B50FF05FF90548B4
:1092700018F0D8F8034818F0CDF8BDE808400FF012
:1092800069B900BFC42D00202DE9F0411A4C646873
:10929000A40004D51646194A1268120701D4BDE885
:1092A000F08103F10C0405460F462046022113F01D
:1092B00080FA40F63E4303800121204613F079FAFC
:1092C0000346042220461A700B2113F072FA05702F
:1092D000A0F801603DB97B68BA68C0F80720C0F803
:1092E0000330BDE8F0814FF00008C0F80380C0F8FB
:1092F0000780BDE8F08100BFA00200209802002096
:10930000F0B5013887B0144611280AD8DFE800F01C
:10931000234056090968097A99AC0909090909091C
:10932000090D6FF0150007B0F0BDCB68DA789978B9
:10933000188806F059FB554B06460121188814F091
:10934000C4FE012105460C3013F033FA0670256087
:10935000002007B0F0BD4D4B0D21188814F0B5FE6C
:109360000D2120600C3013F024FA4FF480620023AA
:109370004FF002140421A0F8052001220370C0F868
:109380000140C171037242728372C3720373DFE7DB
:109390003E4B4121188814F098FE412120600C308A
:1093A00013F007FA002104463E2200F8031B19F0CF
:1093B000D4FD40F2A733A4F80130C9E7334B0921AB
:1093C000188814F082FE092120600C3013F0F1F9A6
:1093D0000346002203F8012BC0F801205A60B7E7CA
:1093E000C9680020FEF7DCFD284B0121188814F025
:1093F0006CFE012105460C3013F0DBF900230370ED
:109400002560A5E7224E214F0FCE01AD0FC5336871
:1094100038882B70122114F058FE122120600C3075
:1094200013F0C7F90446002301AE04F8013B84465B
:109430000FCE2D78CCF801006160A260E360257446
:1094400086E7124B1821188814F03FFE182120607F
:109450000C3013F0AEF900230446012100F8023B62
:1094600009F098F8607073E7084B2121188814F010
:109470002CFE212120600C3013F09BF901460023C3
:1094800001F8113B013009F0D5F861E74C430020A9
:10949000543F05002DE9F041038A8CB00022022BD5
:1094A000079240F22581054603210C3013F0C2F9E2
:1094B0002A8A83789A42C0F025810288D54EC2F369
:1094C0008523082B32801FFA82FCC2F309040DD8D1
:1094D000D3B1013B072B17D8DFE813F0FD001600CE
:1094E000DA00C0001600160016001D003F2B0BD13D
:1094F000294607AA2046FFF703FF163018BF079D2D
:1095000040F0E580B6F800C0012160460CB0BDE82F
:10951000F04114F0ECBD621E4D2AF5D801A353F8BA
:1095200022F000BF2F9A0300AF9A0300659A030050
:10953000099503005B9A03003F9A0300299B0300EF
:109540001D9B0300119B0300079B0300099503006B
:10955000099503000995030009950300E79A0300A4
:10956000E19A0300D99A0300D19A0300CF9C03002B
:1095700009950300A59C0300979C03005D9C0300D4
:109580003D9C030009950300339C0300239C0300CA
:10959000039C030009950300099503000995030046
:1095A000E39B0300C99B03009F9B03006B9B03008D
:1095B0005F9B03000995030009950300519B03007D
:1095C000499B0300439B0300AD9903007999030075
:1095D000459903003B9903002D990300E39803008C
:1095E000CD990300AF980300639803000995030029
:1095F00009950300099503000995030009950300E7
:1096000009950300099503000995030009950300D6
:1096100009950300099503000995030009950300C6
:1096200009950300099503000995030009950300B6
:1096300009950300099503000995030009950300A6
:10964000099503000995030009950300419803005B
:109650000995030009950300259A0300621E082A54
:109660003FF652AF01A353F822F000BFA3970300C7
:1096700057970300319703000995030009950300EC
:10968000099503000995030009950300119703004C
:10969000632C00F07A8300F22B83032C00F0968079
:1096A0002D2C00F05983012C7FF42EAFEA685A4B21
:1096B000116852681960604621465A6014F005FD31
:1096C000012105460C3013F074F80023037028467E
:1096D0000CB0BDE8F081062C00F016831D2C7FF441
:1096E00013AFEB68188801F017FE014630880DE7CC
:1096F0004A4A4B48012112F02CFD002528460CB0A7
:10970000BDE8F081474A4648012112F022FDF4E706
:109710006046072114F0D9FC072105460C3013F0F0
:1097200048F80146002001F8010BFEF763FCCEE784
:109730000921604614F0C9FC092105460C3013F0DC
:1097400038F80346002203F8012B6021C0F80120FD
:109750005A604171BBE76046412114F0B6FC4121DB
:1097600005460C3013F025F8002104463F2200F88E
:10977000021B19F0F2FB04232B4AE372E37520234A
:109780002A49C4F81A20C0204FF4906263704FF445
:109790000A73A071C4F82110A4F82720A4F80F3090
:1097A00095E70921604614F090FC092105460C302C
:1097B00012F0FFFF4FF4506100231D4A01800D217C
:1097C0008370C3700171C0F8052080E7124B194AFD
:1097D0004FF0FF3041F6FF71C3E90001164B002046
:1097E0000021C2E900011F200021C3E90001FEF7AA
:1097F000E9FE3088012114F068FC012105460C3097
:1098000012F0D7FF00230D4A03701360FFF72CFD01
:109810005DE700BF4C430020A0020020683F050028
:1098200074350500803F0500F7C3F70E30F0F97F6F
:10983000F105FFFF3818002098020020E42D0020D9
:109840006046032114F041FC032105460C3012F060
:10985000B0FF0146002301F8023B0130FEF79CFBFC
:1098600035E7EA689478D1781088B2F80550137912
:10987000E70744BF41F00301D170A40740F188829B
:1098800043F00303137143EA0102032A40F08C8280
:109890004F0700F0868215F003021CBF05F1FF356B
:1098A00005F0010201F0D6FD014630882EE6EB6896
:1098B0001A78D1074ABF07205878587092074ABFD4
:1098C00007219978997001F0BBFD04460121308889
:1098D00014F0FBFB012105460C3012F06AFF047006
:1098E000F5E66046092114F0F0FB092105460C302D
:1098F00012F05FFF08AB04460DF11A0206A90DF144
:10990000160001F06DFDBDF81620A4F80120BDF889
:109910001820A4F80320BDF81A20A4F80520BDF8EB
:109920002020A4F8072000232370D0E6EB681888D5
:1099300006F0A4FC30880121C0E6EB68187806F038
:1099400089FCC2E7EB68186808909A889B798DF8C3
:10995000263060460721ADF8242014F0B6FB07211D
:1099600005460C3012F025FF08AE0446411C304677
:1099700006F03EFC2070AAE6EB68186808909A880A
:109980009B798DF8263060460721ADF8242014F02D
:109990009CFB072105460C3012F00BFF08AE044675
:1099A000411C304606F0EAFB207090E6604602213A
:1099B00014F08BFB022105460C3012F0FAFE04462F
:1099C00006F0ACFA00236070237080E6EB68604616
:1099D00005211E8814F079FB052105460C3012F094
:1099E000E8FEB7B20446021DE11C384601F008FD4E
:1099F000E37822792070002B93FAA3F3B3FA83F370
:109A000008BF4FF0FF330133E370002A92FAA2F34C
:109A1000B3FA83F308BF4FF0FF330133A4F80160BA
:109A2000237154E6E868C17906F032FC4DE7EA6834
:109A3000C64B116852681960604601213DE6EC682A
:109A4000A57BA3796279217920880295657B0195B0
:109A50000734009400F0CCFF37E7E9680120FEF7F7
:109A60009FFA32E76046092114F02FFB09210546D1
:109A70000C3012F09EFE0346002403F8014BC0F8A0
:109A800001405C600646FEF771FA234661F3070366
:109A9000C1F3072262F30F23090C61F31743090A8C
:109AA00061F31F63C6F80100C6F805300FE6042114
:109AB000604614F00AFB042105460C3012F079FED2
:109AC00000231B210322037041708370C270FEE5E6
:109AD000E86806F0B7F9F8E6E86806F0FFF8F4E69B
:109AE00006F0D6F8F1E66046022114F0EEFA022103
:109AF00005460C3012F05DFE00230370044606F0AC
:109B0000C5F86070E3E5EB681878EDF7A1FFDCE6D7
:109B1000E96811F8010B01F097F9D6E6E96811F848
:109B2000010B01F023F9D0E60221604614F0CDFAD2
:109B3000022105460C3012F03CFE002303704370F6
:109B4000C5E506F0EDF9C0E6E86806F027FABCE6E0
:109B5000E86800F11702C11D06F00AFEB5E6EB68E1
:109B60005988188801F032FCAFE66046052114F0F0
:109B7000ACFA052105460C3012F01BFE08A904467C
:109B80000DF11A0001F016FCBDF81A20A4F801200E
:109B9000BDF82020A4F803200023237097E5EB688C
:109BA0001F889A885988B8B201F0D8FB044603216F
:109BB000308814F08AFA032105460C3012F0F9FDC2
:109BC0000470A0F8017082E5EA6817889278002393
:109BD000CDE90233CDE900330221B8B201F0DCFA5D
:109BE000E4E7E96800220F884B8803920889029015
:109BF000C888019089880091B8B2022101F0CCFA9E
:109C0000D4E70921604614F060FA092105460C30BA
:109C100012F0CFFD4E494F4A0160002342600372AB
:109C200055E5EB681F8800220621B8B205F0CAFE90
:109C3000BCE7EA68002132F8027BF6E760460921BA
:109C400014F043FA092105460C3012F0B2FD00234E
:109C500000F8013B082107F003FA38E5E868002323
:109C600008AA00F1100109F035FB3088112114F029
:109C70002CFA112105460C3012F09BFD06460023FC
:109C800006F8013B08AC07460FCCC7F8010071602D
:109C9000B260F3601BE5EB68188801F01BFB01461E
:109CA000308833E4EB68604608211E8814F00DFA12
:109CB000082105460C3012F07CFDB7B20446C11CE9
:109CC000384601F0ADFAA4F801602070FFE4E968BD
:109CD00000224B88088803920C890294CC88019456
:109CE00089880091114601F057FA014630880DE449
:109CF0007B2C12D07C2C7FF407ACEB681F88598832
:109D0000B8B201F00DFC51E7EB689978188801F0C2
:109D1000ABFA01463088FFF7F9BBEB681F8808A94A
:109D2000B8B201F0CBFB05210446308814F0CDF920
:109D3000052105460C3012F03CFD0470A0F80170BE
:109D4000BDF82030A0F80330C1E400BF9802002025
:109D5000008FCC30ECC00100EB68604604211E8807
:109D600093F8028014F0B1F9042105460C3012F08A
:109D700020FDB7B20446C31C424639460220FEF716
:109D8000FBF8A4F801602070A1E4EA68084B50E6F3
:109D900041EA0302032A07D84C0702D05A077FF48E
:109DA0007AAD1221FFF7B1BB1121FFF7AEBB00BFA7
:109DB000381800202DE9F04700230B60038A032B9D
:109DC0002DD9054688460C30042112F033FD2B8A2C
:109DD0004688B0F80090B34232D31B2E2AD801F047
:109DE00085F94FEA1937BA460446002837D05FEAAA
:109DF0009A0A19D1E7B1012F16D12379667167F359
:109E000001032371E9683246E01D19F07FF821460D
:109E1000C9F30B0001F076F9C0B9BDE8F087224A1A
:109E20002248012112F095F96FF01500BDE8F08786
:109E30000227E2E71E4A1D48012112F08AF9F3E7E2
:109E40001C4A1A48012112F084F9EDE71A4A174812
:109E5000012112F07EF9204601F04EF9E4E7174A9D
:109E60001248012112F075F9154B1B689B0117D59B
:109E70004FF0FF324FF0FF330220F3F737FD02219E
:109E8000C8F800000C3012F094FC4FF48D7303807E
:109E9000D8F8000001210C3012F08BFC0123037074
:109EA0006FF06800B9E700BFA03F050074350500FA
:109EB000D43F0500B43F050004400500F03F050015
:109EC000A0020020F8B50E4B1B68DB0600D4F8BDDD
:109ED00002F10C0406460D462046022112F069FCF0
:109EE000034640F205421A802046042112F061FC2C
:109EF00000270770A0F801503278C270F8BD00BF8B
:109F0000A0020020024A1368013B1360704700BFA3
:109F1000E42D0020037F03F00303013B012B01D953
:109F200000DE704770B5044601F10C052846042197
:109F3000E68812F03EFC237F03F00303022B0CBFE4
:109F400046F4005646F480560680637F4380617F66
:109F5000284612F02EFC627F04F11F01BDE870401C
:109F600018F0D4BF2DE9F04385B090F804C0C6883E
:109F7000BCF1030F04AF04460D4600F11C080ED0DF
:109F8000ACF1170CBCF1060F00F23181DFE81CF0D8
:109F900021008100B2008A00A000DE00FC00C37F27
:109FA000033B122B00F22381DFE813F03202210180
:109FB0002101BF01D8012101E3012101210121017A
:109FC000EA012101060221012A02210121012301C6
:109FD000230118F0010F40F09A8294F81C80B8F128
:109FE000000F00F03C82AC4B5B68980056D5AB4B41
:109FF0001B6803F4007913F0010340F0598159EA1A
:10A0000003034BD0B8F1000F40F06682A44A1368F6
:10A0100001330C3502211360284612F0CAFB41F6C9
:10A020003E7303800121284612F0C3FB0A2303700C
:10A030001E21284612F0BDFB00230370A0F801602A
:10A04000637FC370A37F0371D4F81F30C0F805305D
:10A05000B4F82330A0F80930D4F82B30C0F80B3016
:10A06000B4F82F30A0F80F30D4F82530C0F81130F4
:10A07000B4F82930A0F81530638EA0F81730A38EFD
:10A08000A0F81930E38EA0F81B3094F838304377ED
:10A0900004E00A4640463146FFF714FF0437BD4648
:10A0A000BDE8F0837C4B5B681B044FF00004F5D5E2
:10A0B0000C350221284612F07CFB4FF44C730380D0
:10A0C0000321284612F075FB0470A0F80160E5E753
:10A0D000744B1B681C02E1D50C350221284612F096
:10A0E00068FB40F2572303800221284612F061FBEF
:10A0F0000680D3E7684B5B689900CFD5674B1B6838
:10A100005A07CBD50C350221284612F052FB40F6F7
:10A110003E2303800121284612F04BFB03230370EA
:10A120000921284612F045FB18F0010F40F0F1819B
:10A13000237F0370A0F80160E38BA0F80330238C29
:10A14000A0F80530638CA0F80730A7E7524B5B6896
:10A150009800A3D5514B1B6819039FD50C350221DC
:10A16000284612F026FB40F23E4303800121284698
:10A1700012F01FFB142303700321284612F019FB71
:10A180000680237F837089E7434B5B689A0003D581
:10A19000424B1B681B0552D4627FA37F94F81CC0FE
:10A1A000002A92FAA2F2B2FA82F208BF4FF0FF320E
:10A1B000002B93FAA3F3B3FA83F36D4608BF4FF075
:10A1C000FF338AB0511C013304A8024643620624BF
:10A1D000354B8661C0E907C1436142F8104F3348EF
:10A1E00000234FF44251F0F7FBFBAD4656E700DE8B
:10A1F00054E7294B5B689A007FF550AF274B1B68EB
:10A200005B067FF54BAF0C350221284612F0D1FAE0
:10A2100040F63E3303800121284612F0CAFA072394
:10A2200003700A21284612F0C4FA0680A38C4380EA
:10A23000E38C8380238CC380638C03812EE70C35F1
:10A240000221284612F0B5FA40F23E630380012154
:10A25000284612F0AEFA0C2303700521284612F0AE
:10A26000A8FA237F0370A0F80160627F002A92FAA7
:10A27000A2F3B3FA83F308BF4FF0FF330133C37087
:10A28000A27F92FAA2F3002AB3FA83F308BF4FF039
:10A29000FF330133037101E7A00200209802002080
:10A2A000E42D002038180020184005007435050002
:10A2B000B8F1000F40F0E780984A1368013313604B
:10A2C000B9F1000F40F027810C350221284612F029
:10A2D00070FA41F23E3303800121284612F069FAF8
:10A2E000012303701221284612F063FA80F80080DF
:10A2F000A0F80160637FC370A37F03F001030371C3
:10A30000D4F81F30C0F80530B4F82330A0F8093075
:10A31000638EA0F80B30A38EA0F80D30E38EA0F86A
:10A320000F3094F838304374B8E67D4B1B681A063A
:10A330004FF000047FF5B2AE0C350221284612F032
:10A3400038FA4FF4816303800421284612F031FA71
:10A3500001230470A0F80160C3709FE690F82030DC
:10A360000E2B00F0B2806F4A6F48022111F0FAFE06
:10A3700094E60B46324641460020FEF785FF8DE607
:10A38000674B1B681B067FF589AE0C3502212846FA
:10A3900094F8204012F00DFA4FF4816303800421F9
:10A3A000284612F006FA002C08BF1F240023047070
:10A3B000A0F80160C37071E6594B5B68980057D5EF
:10A3C0005A4B1B68990653D50C350221284612F0CA
:10A3D000F0F940F63E3303800121284612F0E9F9F6
:10A3E000062303700A21284612F0E3F90680238C25
:10A3F0004380638C8380A38CC380E38C03814DE610
:10A4000090F820304A4A4848022111F0ABFE45E658
:10A41000434B5B6898007FF541AE444B1B68D906FF
:10A420007FF53CAE0C350221284612F0C2F940F609
:10A430003E5303800121284612F0BBF90523037027
:10A440000C21284612F0B5F9034623F8026B216A65
:10A45000626AC0F802105A60238D43811EE6A07F15
:10A4600004F12503FF2204F11F0105F043FEBAE5C4
:10A470000023CDE90233CDE900331A220221304610
:10A4800000F08AFE0AE6B9F1000F25D10C35022151
:10A49000284612F08EF941F23E330380012128460E
:10A4A00012F087F9012303701221284612F081F976
:10A4B000C0F80190C0F80590C0F80990C0F80D9060
:10A4C00080F8119080F80080E8E50B4632460021C4
:10A4D0001A20FEF7D9FEE1E50C350221284612F0DC
:10A4E00068F941F63E7303800121284612F061F9B4
:10A4F0000A2303701E21284612F05BF904461D2230
:10A500000021601C18F029FD84F80080C6E500DEFB
:10A5100063E500DE0CE60C3502217DE5E42D00202C
:10A52000A002002044400500743505009802002078
:10A530005440050070B500F10C040E46204602217F
:10A54000154612F036F940F21353038005212046D8
:10A5500012F02FF901230370A0F80160A0F8035056
:10A5600070BD00BF0379032B09D0172B05D0183B12
:10A57000052B8CBF00200320704701207047037F0C
:10A5800003F00303032B14BF05200420704700BF12
:10A590000B4B0C4A0C4930B44FF0FF3441F6FF75B9
:10A5A000C3E9004500240025C2E900451F24002519
:10A5B000C1E90045054B00221A6030BCFEF754BECD
:10A5C000A00200203818002098020020E42D00206E
:10A5D00000B583B00D4A05990D4B8A1AA3FB0232D0
:10A5E000C2F347126AB9023200910A4BD2B201217A
:10A5F0000020FDF747FC10F0FD0F04D103B05DF81B
:10A6000004FB00DEEFE700DEF8E700BF0C2E0020C1
:10A610004FECC44EADA6030070B503685E6D0546F1
:10A62000C6B19C6D00225A65DCB1002199651723E3
:10A6300023714FF6FF73E38004F11C001E2218F013
:10A640008CFC3C232377A56021463046BDE8704052
:10A65000FEF77AB900DE9C6D5E6D00225A65002C13
:10A66000E3D100DE9C6DE0E70E4A0F4B12781A70C2
:10A6700000B9704710B54B7F01EB830382B01B6AB2
:10A6800001911C78FEF7FCF90199814201D102B0D9
:10A6900010BD14F00E0F02D14B69002BF7D000DE75
:10A6A000F5E700BFA3440020A244002000B170479A
:10A6B000064B10B502460C46022001219C60FCF7B7
:10A6C0009FF900B910BD00DE10BD00BFBC06002020
:10A6D00003788BB110B50C4B00F1100199608268C2
:10A6E0007AB90A4C084B0022C0E902411146012008
:10A6F000FCF786F918B910BD1030FFF78DBF00DEEA
:10A7000010BD00DE9968ECE7AC06002019A6030036
:10A7100038B5134C6569AB6FB3B905F16C0105F140
:10A720006800FCF7E9F80346C0B1AB67286800F0A1
:10A73000B1FC0025A06D6561FEF7F4F8606DA565BC
:10A74000FEF7E4F8656538BD00DE05F16C0105F142
:10A750006800FCF7D1F803460028E6D100DEE4E704
:10A760000C2E002030B5304C94F85E30D90785B0FF
:10A7700037D5636953B193F82C2042F0020283F875
:10A780002C20636993F82C30DA0740D42648FEF772
:10A790005FF984423ED1237EDB0703AD24D402223D
:10A7A0000321224B009500200392FDF76BFB294605
:10A7B000FEF73CF930BB1E48FEF786F960BB1A482D
:10A7C000FEF752F984422BD163690BB1FFF7A0FF6A
:10A7D00094F85E30002023F0010384F85E3005F029
:10A7E0001BFE002005B030BD022103910F4B0095E8
:10A7F000032101220020FDF745FB2946FEF716F94B
:10A800000028CCD00848FEF72FF984420AD10C204A
:10A8100005B030BD00DEBEE77830D0D000DECEE738
:10A8200000DED1E700DEF2E70C2E00205D800300A1
:10A830001C2E002000B50378497802F1FF3C10314E
:10A8400003F00F03C9001FFA8CFC062B13D8DFE8B6
:10A8500003F0042717121212040043781033DB00B0
:10A8600003F21B32881803F5B37313FB0CF318447F
:10A8700080B25DF804FB40F253204FF4F373F4E729
:10A8800041780CEB8C03C3EB0310400001F1100383
:10A89000DB0000F23B1003FB020290B25DF804FB08
:10A8A00040F2E33040F21623DFE700BF30B54FF649
:10A8B000FF718BB08B429DF838500F9C19D02178D6
:10A8C0000131C9B2217000294CD02849C1E90002E8
:10A8D0008A7A0B8165F30002254B8A7204F110001D
:10A8E0000022C860996001201146FCF789F8002811
:10A8F0003AD1207E10F0010505D11E4A1E4B117879
:10A900001B788B4201D00BB030BD0133042109A864
:10A91000137006F0C1FB099B184A0694A2FB0321A1
:10A92000174A0095A21A174CA4FB02425C1A01EBCD
:10A93000540140F2471C090A52090CFB1133023240
:10A94000114905910133CDE90355CDE9015528465B
:10A95000D2B201210993FDF77DFA10F0FD0FD2D09C
:10A9600000DED0E700DEB0E700DEC2E740180020DE
:10A970009C060020A3440020A244002021F1D49092
:10A980000C2E00204FECC44E69A6030010B5174CE6
:10A99000204606F0F9FE04F10C0006F0F5FE34F84E
:10A9A000043C627823F4437304EB8202204623F0D4
:10A9B000020394F8424052684FF0020C43F00E0339
:10A9C00020F8043C06216CF3420400234FF4006C91
:10A9D000A0F840C080F8424013705170437B00EBF8
:10A9E0008300042203691A70597010BD282E0020BC
:10A9F0002DE9F04F604C9846604B94F85E708446A9
:10AA00000E4693E8030083B017F001071546DDF802
:10AA100030909DF834309DF8382000908DF8041067
:10AA20007AD1218B03F0070302F003025B0021F4CB
:10AA3000437143EA022321F002010B432383637F26
:10AA4000012E04EB83036E4408BF4FF0000C3278F4
:10AA50001E6AA4F85CC096F800A002F00E032AF06B
:10AA60001F0102F00F02B3FA83F35B090A4363F399
:10AA70004512327002F00F02012A0AF00F0A43D089
:10AA800094F85E3065F3420384F85E30DAB25B0717
:10AA90000CD5134668F3C30384F85E30D9F8003050
:10AAA000C4F85F30364BB9F804209A80337803F04D
:10AAB0000F02012A05F0010B33D07278E2B1BAF12E
:10AAC000010F4AD033786BF3861323F08003337081
:10AAD00094F82930246104EB8304AD01E36A05F0A6
:10AAE00040055A7845F004051D700AB906225A70CF
:10AAF000384603B0BDE8F08F6BF3861362F3C713DB
:10AB0000337006237370E3E7BAF1010FB8D072789F
:10AB1000BAB984F83470B3E70C27384603B0BDE8FF
:10AB2000F08F32466BF3861368F3C71302F8083BC5
:10AB3000D9F80010B160B9F8041091800C2373703B
:10AB4000C6E7052A15D9063AD2B206F108010D4822
:10AB500084F8342018F0DAF992E794F8342009499F
:10AB600006F1080018F0D2F994F834300633737007
:10AB7000A8E700DE7278E6E70C2E00209437050087
:10AB80006B2E0020412E002008B5FFF7FFFE0020AD
:10AB900008BD00BF08B5FFF7E5FD002008BD00BFF8
:10ABA00008B5064806F000FE044B03F10C0006F061
:10ABB000FBFDFFF7EBFE002008BD00BF282E0020A4
:10ABC000034A044B801AA3FB0030C0F34F107047B8
:10ABD0000C2E00204FECC44E044A0068044B801A2F
:10ABE000A3FB0030C0F34F10704700BF0C2E0020B5
:10ABF0004FECC44E30B9044890F85E3013F00103B6
:10AC000000D07047002070470C2E002028B9044B5C
:10AC100093F85E0000F0010070470020704700BF0D
:10AC20000C2E002048B9064B93F85E0010F001008E
:10AC300004D0587E00F0030070470020704700BF2A
:10AC40000C2E002070B50546807E0C4605F00EFDEA
:10AC500010B3237843F04003237023780268C4F8CC
:10AC6000022003F00F038288E280012B04F1020628
:10AC700001D0304670BDA87E05F010FD0028F8D048
:10AC80002278234642F0800203F8082B0268A26073
:10AC900082889A80304670BD2078C0F38010FDF71E
:10ACA0009BF9DAE71F2956D82DE9F041437F00EBE5
:10ACB000830382B01F6A3B7803F00F03012B0E461B
:10ACC0000546904649D00DF107011C3006F0B6FD4F
:10ACD0003A78037802F00F0223F01F031343037046
:10ACE0003B780278C3F3401363F3451202703B785C
:10ACF000D2B2C3F38013394663F38612027011F89F
:10AD0000023BD2B2DB0963F3C712044600F8022B00
:10AD1000062218F009F93246414604F108000636C9
:10AD200018F0F4F8667095F85E30DB0706D49DF8ED
:10AD300007306B77002002B0BDE8F08195F829302C
:10AD400005EB83032146DA6A2846EDF735F800283B
:10AD5000EDD00C20EFE71220704780F834100A463F
:10AD60003530414618F0D2F8E4E700BF03460A4602
:10AD700001481946FFF796BF0C2E00201F295FD807
:10AD80002DE9F04190F8293000EB830382B0DE6AB0
:10AD90000F460446904600F12805002E41D0284673
:10ADA0000DF1070106F04AFD037823F03F03314619
:10ADB00043F00403037011F8022BDBB2C2F38012DC
:10ADC00003F03F0343EA82130370BB1D4370054643
:10ADD0000622023018F0A8F83A46414605F108006C
:10ADE00018F094F894F85E30DA0707D49DF807302D
:10ADF00084F82930002002B0BDE8F081627F04EBC6
:10AE000082024123116A0A7802F00F02D340DB0765
:10AE1000ECD52A462046ECF7CFFF0028E6D00C20E0
:10AE2000E9E7284606F0B0FCC0B258B994F82930DA
:10AE300004EB8303DE6A0423337006237370AEE7EA
:10AE4000122070470720D6E703460A4601481946F4
:10AE5000FFF794BF0C2E002008B5054B0022986028
:10AE600011460120FBF7CCFD00B908BD00DE08BD8E
:10AE7000CC06002083685A6892F82730DB09014627
:10AE800001D100DE70470831EDF766BB2DE9F041D6
:10AE90000768244982B005464FF4D4723846FBF760
:10AEA00007FD05F16806294606F0D2FFE86E01AA03
:10AEB0003146FBF73DFD00B31B4C4FF6FF7894F88D
:10AEC000412094F84010531CDBB2082B08BF00232C
:10AED000994223D004EBC20124F83280019A4A60DF
:10AEE00012680260019A1060E86E84F8413001AA8D
:10AEF0003146FBF71DFD0028E1D1D7F8680107F5C1
:10AF0000B47138B10023C7F86831FDF79BFE02B079
:10AF1000BDE8F08100DED7F86801F3E700DE00232A
:10AF20001B80FFDE50180020442F002010B50C4677
:10AF300030B92046FDF7B6FD844200D000DE10BDDA
:10AF400000DEF6E710B50C4630B92046FDF79EFD51
:10AF5000844200D000DE10BD00DEF6E710B50C46DE
:10AF600040B9074B0246012102209C60FBF748FDD7
:10AF700020B910BDFDF784FD8442FAD000DE10BD7B
:10AF8000EC06002000B9704700B583B00191FDF7D1
:10AF900095FD0199814202D103B05DF804FBFDF7F4
:10AFA0006FFD01998142F7D000DEF5E738B518480A
:10AFB000184B194D194C01224FF4D471FBF726FCA4
:10AFC00000224FF4D4711248FBF76EFC4FF6FF736A
:10AFD0008384134B0322181D2421FBF717FC114B0C
:10AFE0000722181D0821FBF711FC01F0C7FF0E48CE
:10AFF0000E490F4A03234FF01B0C2B70A0F800C022
:10B0000000254FF4A47025600880137038BD00BF80
:10B0100050180020942E0020A5440020AC2F0020C2
:10B02000D42E0020982E0020504300204E430020B4
:10B03000A444002010B5037883B1104B00F1100137
:10B0400099608268BAB90E4C0C4B0022C0E90241EB
:10B0500011460120FBF7D4FC58B910BD03F0FF02E4
:10B06000084B1030986011460120FBF7C9FC0028FE
:10B07000F3D000DE10BD00DE9968E4E7DC060020B6
:10B0800059AE0300CC0600200148FBF7E3BB00BF2C
:10B09000942E00200149FBF7F3BB00BF942E002043
:10B0A00002494FF4D472FBF703BC00BF50180020D4
:10B0B000024620B903484FF4D471FBF7F5BB0020DA
:10B0C000704700BF5018002060B908B502464FF421
:10B0D000D4710548FBF7E8FB10B1838C03B908BDB8
:10B0E000002008BD00207047501800200148FBF7E1
:10B0F000B1BB00BFD42E00200149FBF7C1BB00BF8C
:10B10000D42E002000283DD138B502460D461F48F8
:10B110004FF4D471FBF7C8FB0446F0B1828CE2B95E
:10B120001B4890F821C090F820100CF10103DBB20D
:10B13000042B08BF0023994221D020F83C2000EBCB
:10B14000CC0CCCF8045080F82130237843B994F922
:10B150003730002B0EDB002038BD6FF0150038BDF6
:10B160000C4B012103209C60FBF74AFC94F937301B
:10B17000002BF0DA0021204604F0FEFBEBE76FF035
:10B18000680038BD6FF01500704700BF50180020F0
:10B19000882F0020FC0600202DE9F04782B0BDF882
:10B1A0002870BDF82C80BDF8309098B90C46154633
:10B1B0004FF4D471024619481E46FBF775FB8246D0
:10B1C00040B1838C33B96CB1022C07D0012002B09E
:10B1D000BDE8F087022002B0BDE8F087ADB902F00B
:10B1E00019F90EE00D9B0193CDF8009043463A46C5
:10B1F000314602F099F80028EDD19AF93730002B4A
:10B2000007DB002002B0BDE8F087294602F012F902
:10B21000F7E70146504604F0AFFBF2E75018002074
:10B22000E8B938B502460C460E484FF4D471FBF726
:10B230003BFB054650B1838C43B902F007F838B1A7
:10B240000368236003792371002038BD022038BDD4
:10B25000D5F83230236095F836302371F4E70220B8
:10B26000704700BF5018002038B510B102242046A6
:10B2700038BD02460C4615484FF4D471FBF714FB59
:10B28000054600B3838CF3B91A2C15D8042C17D9B2
:10B290000F4BE340DB0713D52146284601F0BCFFE6
:10B2A00004460028E3D195F93730002BDFDA014658
:10B2B000284604F061FBDAE7292CEDD03B2CEBD0DB
:10B2C0001224204638BD0C24204638BD50180020DA
:10B2D0002000380438B5A0B902464FF4D4710D48A7
:10B2E000FBF7E2FA054660B1838C53B9012101F006
:10B2F00041FF044618B995F93730002B04DB20468E
:10B3000038BD0224204638BD0146284604F034FBEF
:10B31000204638BD5018002038B598B902464FF481
:10B32000D4710D48FBF7C0FA054658B1838C4BB970
:10B3300001F038FF044618B995F93730002B04DBCB
:10B34000204638BD0224204638BD0146284604F078
:10B3500013FB204638BD00BF5018002070B5D8B987
:10B360000D4616464FF4D47102461148FBF79CFA7D
:10B37000044688B1838C7BB9D0F840319B060ED54A
:10B380002946324601F074FF054618B994F9373062
:10B39000002B07DB284670BD0225284670BD1A2504
:10B3A000284670BD0146204604F0E6FAF2E700BFE9
:10B3B00050180020034A044B12881B8802800B801F
:10B3C000704700BF504300204E430020024A034B09
:10B3D0001080198000207047504300204E43002009
:10B3E0004FF01B0CA0F800C04FF0450CA2F800C0B5
:10B3F0004FF4A4704FF4267208801A80704700BF83
:10B40000C8B938B50D4614464FF4D47102460B48FE
:10B41000FBF74AFA034660B1808C50B993F8762066
:10B42000C2F302022A7093F87730C3F30203237049
:10B4300038BD022038BD0220704700BF50180020E0
:10B44000024A034B1070197000207047A544002079
:10B45000A4440020F0B583B000BB0F4616464FF45D
:10B46000D471024614481D46FBF71EFA0446A8B1E3
:10B47000838C9BB9D0F84031DB0513D52B460125D1
:10B4800000953246394601F09FFE054618B994F9F9
:10B490003730002B0ADB284603B0F0BD02252846D2
:10B4A00003B0F0BD1A25284603B0F0BD0146204682
:10B4B00004F062FAEFE700BF5018002048BB10B557
:10B4C00002460C4614484FF4D471FBF7EDF9F0B185
:10B4D000838CE3B9C28CB0F88C311049052A0BD8A3
:10B4E00002FB03334FF4FA7202FB03F3A1FB0313D5
:10B4F0005B0B2380002010BD02FB03F340F2E2420D
:10B5000002FB03F3A1FB03135B0B2380F2E7022092
:10B5100010BD0220704700BF501800205917B7D146
:10B5200050BB10B502460C4614484FF4D471FBF7DB
:10B53000BBF9F8B1838CEBB9C38C42F2107202FBF9
:10B5400004F1052B01F1FF310AD84FF4FA7203FB25
:10B5500002231944B1FBF3F1A0F88C11002010BDB7
:10B5600040F2E24202FB03F31944B1FBF3F1A0F80D
:10B570008C11F3E7022010BD022070475018002004
:10B5800008B5FFF713FD002008BD00BF38B51B4804
:10B5900000224FF4D471FBF787F9044658B304F145
:10B5A000100221460320FDF7B9FA054610B110F14B
:10B5B000780F0BD10025124A124BC4F8885015841D
:10B5C000A3F84050FFF7F2FC284638BD40F24D7317
:10B5D0000D4A0E490E480FF05EFD0E482A46002126
:10B5E0000FF059FD002383F31188BFF36F8F0323FE
:10B5F000184602DFDEE700DED1E700BF501800206A
:10B60000882F0020442F002078400500B840050016
:10B61000D0400500F0400500014B1878704700BF8E
:10B62000A5440020014B1878704700BFA4440020B7
:10B630000B46896818600A68107828B1916851B97A
:10B640000849C2E9021370474A6892F82710C909ED
:10B6500003D100DE704700DEF2E703F1080118466F
:10B66000ECF77ABF75AE03000B68DA889ABB70B549
:10B670000C4606464FF4D4711848FBF715F90546F9
:10B68000D0B1838CC3B901F011FF2268137F03F09E
:10B690000303032B08D10123137122683146284686
:10B6A000BDE8704001F016BF53B195F862319A07BA
:10B6B00005D53D2385F86431236801221A7170BDD8
:10B6C00095F862319B0703D53D2385F864312268E4
:10B6D0000123137170BD01221A71704750180020A8
:10B6E00010B5B0F824C004464FF6FF7084450CD066
:10B6F000A4F824312046C4E9471201F0CDFC94F8A7
:10B70000623113F0010002D110BD00DEF0E723F03A
:10B71000010384F862316FF08B0010BD70B51C4CD2
:10B72000064694F821201BE0FBF7BEF80346696843
:10B73000E0301BB39B8C0BBB01F080FA94F8201017
:10B7400094F821204B1C8A4206F1FF30DBB204D072
:10B75000042B08BF002384F8203010F0FF0616D019
:10B7600094F820300B4893424FF4D4710FD034F842
:10B77000332004EBC305002AD6D069680B7923F087
:10B7800003034FF6FF700B71FDF71EF9D6E770BD8E
:10B79000882F002050180020F0B5314B1A689042D5
:10B7A00008BF002283B008BF1A60828CA0F86E2107
:10B7B000182380F86C31054680F88411012101F0CE
:10B7C00075FC05F1E006284601F084FC304601F0E6
:10B7D0001DFA304601F052FA044628B3037903F00B
:10B7E0000303032B0CBF0346002303601D4805F130
:10B7F0007C07FBF72FF8A8B121463A46FBF786F8FD
:10B80000304601F03BFA044670B1037903F00303BC
:10B81000032B0CBF0346002303601248FBF71AF802
:10B820000028E9D100DEE7E7AA8C0F4B0095033230
:10B83000D2B201210020FCF725FB10F0FD0F08D14A
:10B840004FF6FF73FF20AB8403B0BDE8F040FFF775
:10B8500065BFFDF715F98542F2D000DEF0E700BFC5
:10B86000AC2F0020982E00205DAF030038B50546B0
:10B870000120FFF753FF05F1E00001F0FFF9A8B147
:10B88000037903F003030446032B0CBF2346002374
:10B8900007482360FAF7DEFF30B105F17C0221464C
:10B8A000BDE83840FBF732B800DEF6E738BD00BF30
:10B8B000982E002021B3F8B54D1EEDB200F1E0073F
:10B8C00000F17C0612E0237903F00303032B0CBF85
:10B8D000234600232360FAF7BDFF78B1013D3246CD
:10B8E0002146EDB2FBF712F8FF2D06D0384601F0E5
:10B8F000C5F904460348002CE5D1F8BD00DEEDE7AC
:10B90000704700BF982E00200149FAF7B9BF00BF69
:10B91000982E0020014B93F841007047442F0020DF
:10B9200000B50A4B93F840C093F841E0F4450BD0C2
:10B9300080F800E033F83C00088003EBCC035B6840
:10B94000136018685DF804FB0020FBE7442F00201B
:10B95000074B93F840C0844508D003EBCC0033F884
:10B960003C300B80436813601868704700207047B4
:10B97000442F0020094A92F8401092F841308B423F
:10B9800009D04B1CDBB2082B08BF002352F8310052
:10B9900082F8403070470020704700BF442F0020DD
:10B9A00000B50D4A92F841C092F840E00CF1010355
:10B9B000DBB2082B08BF00239E4509D022F83C00CB
:10B9C00002EBCC0CCCF8041082F841305DF804FB9B
:10B9D00000DE00231B80FFDE442F002070B553796A
:10B9E000144605460E46002B39D0237903F0030296
:10B9F000032A0CD04FF6FF72954204BF23F00303D5
:10BA0000237121462846BDE87040FCF7DDBF4FF6A4
:10BA1000FF739D4206D13368A3421AD0002BF0D0A9
:10BA200000DEEEE7EDB913482A464FF4D471FAF779
:10BA30003BFFE0B1214601F01BFD3368A342EDD18D
:10BA40000C4800224FF4D471FAF72EFF08B1838C12
:10BA500003B100202146BDE8704001F0E1BA00DEEC
:10BA6000C3E700DE0020214601F002FDD3E700DE3F
:10BA7000E0E700BF5018002090F86620B0F85C3076
:10BA8000C2F30212022A14BFDB089B0890F87E2042
:10BA9000B0F8580014BF0A3B0B3B9BB2D20644BF20
:10BAA000043B9BB2984228BF18467047704700BFBE
:10BAB00090F8623143F0020380F86231704700BFB2
:10BAC00090F8623123F0020380F86231704700BFC2
:10BAD000B0F86031B0F82421981880B2704700BFE8
:10BAE0000278038E12B1581E80B27047418DB0F8B3
:10BAF00024215818104480B2704700BF10B5044686
:10BB00000B68C4F8323032300B7903710521FBF732
:10BB100091F894F8373060F3050384F8373010BD9E
:10BB20004FF426704FF4A47308801380704700BF51
:10BB300000B5B0F86020B0F85A1003468A4290F879
:10BB40007700B3F85EC028BF0A4600F00700B3F8DC
:10BB500064101B2A38BF1B22042814BF4FF4A470A2
:10BB60004FF42960614528BF61468142B3F86EC039
:10BB700038BF01468C45B3F86A0044D08242A3F82E
:10BB80006E1001D0A3F86A2093F8D12042F002028F
:10BB9000012083F8D120B3F858C0B3F8622093F89D
:10BBA0007610B3F85CE0624528BF624601F00701F9
:10BBB0001B2A38BF1B220429B3F8661014BF4FF4A8
:10BBC000A47C4FF4296C714528BF71466145B3F8D8
:10BBD0006CE038BF61468E45B3F868C017D0624547
:10BBE000A3F86C1001D0A3F8682093F8D12022F0BC
:10BBF000020283F8D12093F8D1200120024383F878
:10BC0000D1205DF804FB8242BCD10020C3E762452D
:10BC1000E9D193F8D11041EA510202F0010221F07A
:10BC200003010A4383F8D1200028E4D15DF804FB26
:10BC3000B0F86020B0F85A1003468A4290F87700B6
:10BC4000B3F85EC028BF0A4600F00700B3F86410DE
:10BC50001B2A38BF1B22042814BF4FF4A4704FF4D2
:10BC60002960614528BF61468142B3F86EC038BF84
:10BC700001468C45B3F86A000DD09042A3F86E10CF
:10BC800001D0A3F86A2093F8D12042F002020120EB
:10BC900083F8D12070479042F3D10020704700BF55
:10BCA000B0F86220B0F8581003468A4290F8760047
:10BCB000B3F85CC028BF0A4600F00700B3F866106E
:10BCC0001B2A38BF1B22042814BF4FF4A4704FF462
:10BCD0002960614528BF61468142B3F86CC038BF16
:10BCE00001468C45B3F8680014D08242A3F86C106A
:10BCF00001D0A3F868204FF0010C93F8D1106046F2
:10BD0000C1F3400242EA0C0221F003010A4383F826
:10BD1000D12070478242ECD193F8D110002001F07D
:10BD2000010CEDE71B2928BF1B21B2F5A47F064BB0
:10BD3000A0F8721028BF4FF4A472A0F87020C36559
:10BD4000A0F85810704700BF48019802F8B50022CB
:10BD50008266C266A0F87420314A324D12882D885E
:10BD60001B2A28BF1B22A0F87220B5F5A47FA0F8DB
:10BD700058204FF0450201F0030328BF4FF4A4758B
:10BD8000A0F85A204FF01B120266A0F8705090F8ED
:10BD9000772003F1280703F15205C1F34001FF00AA
:10BDA000ED0002F0070290F8D130CF40CD40BEB296
:10BDB000042AADB214BF4FF4A4724FF4296243F0C9
:10BDC0000203AE4280F8D130334628BF2B4693425F
:10BDD00038BF1346A0F86E304FF4A4730446A0F8A1
:10BDE0005C301B23A0F86A30A0F85E50A0F86460B5
:10BDF000A0F86660FFF754FF94F8D130AE4243F0EC
:10BE0000010384F8D13003D0012384F87430F8BDE5
:10BE1000B7F5A47FF8D1A36DB3F11B1FF4D1F8BD22
:10BE2000504300204E43002008B50022D0E91E01F7
:10BE3000FAF776FDB0FA80F0400908BDF8B506467D
:10BE40000C4600F0F9FF054688B32F1D384602F076
:10BE5000FDFAEB7963732946304601F003F830466A
:10BE600003F000FBAB68EA68C4F84720C4F843302D
:10BE70002B69C6F8AC30A5690023A361ADB10323DB
:10BE80002F792B71B38CEB8005F11C01204602F059
:10BE9000C5FA2E2F02D00423A372F8BD28682946C4
:10BEA000FCF752FD0423A372F8BD00DEE7E700DED5
:10BEB000CBE700BF70B504460D4600F0B5FF10B9E2
:10BEC0000623AB7270BD04F18F063346002205F1E4
:10BED0003B0105F12B0007F0FDF9D4F89710C4F8E9
:10BEE000B810D4F8A810D4F88F00C4F8C910D4F84A
:10BEF000AC10D4F89B20C4F8B000C4F8CD100020DA
:10BF00000021C4E93001D4F8933094F8C810C4F883
:10BF1000BC2094F8A720C4F8B430002363F30001D8
:10BF200084F89F3084F8A03084F8A13084F8A230DF
:10BF300084F8A33084F8A43084F8A53084F8A630BF
:10BF400042F0010384F8C81084F8A730294620463F
:10BF500000F072FF0646A8B1301D02F08FFAF379A7
:10BF60006B733146204600F07DFF204603F07AFADD
:10BF70004FF4C1636B8194F88E3043F0080384F86A
:10BF80008E3070BD00DEE7E770B50C46897A82B06E
:10BF900005460D2900F22E81DFE801F05F676A9BFC
:10BFA0009F07070C1836393E5053002A00F0A7802F
:10BFB00002B070BD002AFBD12146284600F034FFB4
:10BFC000002840F0F1800723A372F1E7022AEFD1A5
:10BFD000A0690023A361002800F0298103230371D5
:10BFE000AB8CC380237A052B00F00981062B00F06F
:10BFF000038100DE2146284600F016FF002840F0AD
:10C00000AA800923A372D3E7002AD1D1F2E7002A3C
:10C01000CED10B23A372CBE7072AC9D12846012131
:10C0200000F024FF2846FFF743FD2146284600F094
:10C03000FBFE002871D10C23A372B9E7002AB7D107
:10C04000F3E7082AB4D140F20233638195F88E30C9
:10C0500023F0100385F88E30AAE7002AA8D1237AAE
:10C06000062BD6D00223A372A2E7002AFAD09FE7BC
:10C07000012A9DD111462846019300F0F7FE28467B
:10C08000FFF716FD284601F045FF019B5A689968A5
:10C09000C4F82510C4F821201A7B84F829205A7B83
:10C0A00084F82A20D3F80E20D3F81210C4F83F10D9
:10C0B000C4F83B20D3F81630C5F8A83021462846EE
:10C0C00000F0B2FE10BB204600F0F0FE0323A37286
:10C0D0006EE7002A7FF46CAFF0E7032A0CD0042A45
:10C0E0007FF466AF062140F20362072384F8201034
:10C0F000A4F84D20A3725BE70523A37258E72146FD
:10C10000284602B0BDE87040FFF7D4BE214628465D
:10C1100002B0BDE87040FFF791BE2146284600F00E
:10C120008BFE0646002800F08480301D02F0BAF92C
:10C13000F37963733146284600F094FE284603F0F5
:10C1400091F940F60D33638195F88E3023F00803A2
:10C1500085F88E302CE72146284600F06DFE064615
:10C16000002868D0301D02F093F9F37963733146EB
:10C17000284600F077FE284603F074F9284603F0BD
:10C18000C9FA0023A3720121284600F083FE284645
:10C19000FFF796FC284601F0C1FE95F88E3043F07B
:10C1A000100385F88E3003E72146284600F044FE50
:10C1B0000646002841D095F8303194F84E10301DD5
:10C1C0001BB1D5F840315B071DD402F075F9F37946
:10C1D00063733146284600F045FE284603F042F9D5
:10C1E000284603F097FA94F82030062B11D0242B20
:10C1F0003FF4DEAE00DEDBE61A230371FAE61C3004
:10C2000002F046F9F6E60A4694F84D1002F060F99D
:10C21000DDE70121A172284600F03CFE2846FFF729
:10C220004FFC284602B0BDE8704001F077BE00DE4A
:10C23000D4E600DE79E700DE94E700DEBBE700BF6E
:10C2400092F81FC0ACF1030C02F11C03BCF1080F03
:10C2500006D8DFE80CF01205050F0505050C0900EE
:10C260003D2380F8643170470822FFF78DBE072216
:10C27000FFF78ABE0222FFF787BE0122FFF784BEC6
:10C280008B7A042B06D002D9053B082B00D87047C7
:10C2900000DEFCE705238B72704700BF8B7A042B0E
:10C2A00006D002D9053B082B00D8704700DEFCE71A
:10C2B000062040F20362072381F82000A1F84D20F8
:10C2C0008B727047887AA0F10400B0FA80F04009C0
:10C2D000704700BF13460022FFF756BE70B591F8B5
:10C2E0002C30042B0C460ED991F82D20112184F806
:10C2F00028100125134313F0070312D184F82830C6
:10C300000125284670BD032B07D091F82D20042A63
:10C31000ECD8032A01D00025ECE7112384F828305B
:10C320000125668DFFF7DCFB801B0304E9D428237D
:10C33000E4E700BFF0B50E4683B00DF1060201A997
:10C34000B0F86C50B0F86E700446FFF7E9FB96F851
:10C350002D201ABB96F82C30002B5CD1B4F86C3031
:10C36000AB420ED3BDF806209A420AD3B4F86E3021
:10C37000BB4206D3BDF804209A4202D3002003B08A
:10C38000F0BD94F8D130A4F86C5043F001030120C3
:10C39000A4F86E7084F8D13003B0F0BD94F9370082
:10C3A000002802DB96F82C30EBB194F8761094F864
:10C3B000685001F003032B440D33DB00C1F340014F
:10C3C000CB409BB2BDF80650B3F5A47F38BF4FF405
:10C3D000A4739D4228BF1D4612B3002803DA96F8C5
:10C3E0002C30002BBAD094F8772094F86A10BDF85E
:10C3F000047002F003030B440D33DB00C2F3400270
:10C40000D3409BB2B3F5A47F38BF4FF4A4739F42CF
:10C4100028BF1F46A2E794F937000028C5DAE2E7F3
:10C4200096F82C30002B99D0002897DADBE700BF74
:10C4300010B50C4689690023A36131B394F821300B
:10C44000DB071DD50B792E2B1DD11D230B71838C82
:10C45000CB8094F828300B7790F87730C3F3020341
:10C460008B7790F87630C3F302034B770868FCF7BC
:10C470006BFA94F8213023F0010384F8213010BDC9
:10C4800001230B71F2E700DEDFE700DED6E700BF35
:10C4900038B591F821304D6A9B070C4603D4BDB1E5
:10C4A00001232B7108E0A5B103232B71838CEB8052
:10C4B00005F11C0102F05CF928682946FCF744FAF2
:10C4C00094F82130002223F00203626284F82130C4
:10C4D00038BD00DEE8E700BF70B50C46054600F049
:10C4E000BFFC6062C0B1637BE66966610022172B06
:10C4F000E26109D000DE2846314600F0B3FC284650
:10C50000BDE8704002F0AEBF311D284602F01AF8B7
:10C5100041F603036381EEE700DEE4E770B5CB6923
:10C520000C460646002B4CD0637B162B2ED196F979
:10C530003730002B2ADBE56965610023E36194F85D
:10C54000203096F89C21C3F3C20363F3C50286F83A
:10C550009C2194F8202096F89C3162F3020386F81F
:10C560009C3194F8203096F87620C3F3801363F35F
:10C57000C30286F87620291D204601F0BFFF022164
:10C58000304600F073FC0223A37211E000F060FC5F
:10C5900010B90723A37270BD00F062FC606290B115
:10C5A000637BE56965610022162BE261C7D000DE7E
:10C5B0003046294600F056FC3046BDE8704001F098
:10C5C000B1BC00DEB0E700DEEAE700BF38B50546E3
:10C5D0000C4601F097FC10B10123A37238BD284628
:10C5E00002F02EFF0028F7D12146284600F01CFC5F
:10C5F0000028F1D0284602F021FF0728ECD0284679
:10C60000012102F015FF28460D2102F015FF162327
:10C6100021466373284600F00FFCE061214628465E
:10C62000BDE83840FFF77ABF38B505460C4602F042
:10C6300011FF10B10223A37238BD2146284600F035
:10C64000F3FB0028F6D0284602F0F8FE0728F1D0C8
:10C650000D21284602F0F0FE172363732146284679
:10C6600000F0EAFBE06158B100F0F2FB10B90723DB
:10C67000A37238BD21462846BDE83840FFF72CBFDD
:10C6800000DEF1E770B50C46897A82B006461546A1
:10C69000092906D8DFE801F0080D454805056B8B30
:10C6A00097B800DE02B070BD002DFBD10123A3724C
:10C6B000F8E71946204601F037FF94F8202096F855
:10C6C0009C31C2F3C200C3F3C2010140C2F30200B5
:10C6D000034043EAC10322F03F02134384F82030B1
:10C6E00096F93730002B0BDB94F8203013F0380F1D
:10C6F00040F09E8094F8203023F03F0384F82030EF
:10C700000221304600F0B2FB012DCBD196F8373034
:10C71000DB09C6D02146304602B0BDE87040FFF7C5
:10C7200083BF002DBED1F5E7022DBBD190F9373084
:10C73000002B80F2C380644B96F8762093E80300C8
:10C7400094F8203002AD134305E9030003F007031A
:10C750006B4402211B78304663F30612062386F8E9
:10C760007620A37202B0BDE8704000F093BB032DA9
:10C7700098D11946204601F0FBFE21463046FFF7CE
:10C78000ADFD0546204600F091FB002D5BD094F8EE
:10C79000283096F87620282B08BF86F86431134697
:10C7A000092162F3061386F87630A1727AE7002D2C
:10C7B0007FF478AFE369002B74D000F049FBD8BB5D
:10C7C0000723A3726EE7002D7FF46CAFFFF780F9AB
:10C7D000638DC01A03043FF565AF84F8285096F9BD
:10C7E0003730002B35DB002294F8213062F3000350
:10C7F00084F8213096F876201346092162F3061357
:10C8000086F87630A1724DE7042D7FF44BAF2146B8
:10C81000FFF70EFE21463046FFF73AFE304602F0A3
:10C8200079FF0021304602F007FE0023A37239E7AA
:10C830005A077FF465AF5DE72146304602B0BDE898
:10C840007040FFF749BE304602F012FE0823A37283
:10C8500028E794F82D1096F8772094F82C3011F0F2
:10C86000030102F007051FD096F87600844661F3B5
:10C87000020C13F0030386F876C000F007001FD007
:10C8800063F30202884286F8772014D021463046AE
:10C89000FFF750FD94F8213060F34103012284F842
:10C8A0002130A1E700DE88E713F003039BD063F398
:10C8B000020286F877209D42E8D194E700DE3AE74D
:10C8C0008842E3D18FE700BF9C37050070B5D37F66
:10C8D000112B05460C4602F11C0625D0182B09D059
:10C8E000072B10D0242380F8643101F0C1FB002312
:10C8F000A37270BD8B7A062B3DD088BF073B022BFD
:10C90000F7D900DE70BD8B7A062BF6D1002102F03C
:10C910008FFDD5F840311A2223F48073C5F84031D9
:10C92000204684F828200FE08B7A062BE5D131468B
:10C93000204601F0DBFD94F84E3084F8283028467C
:10C94000002102F075FD204600F0B0FA94F8213085
:10C9500043F0010384F8213095F876201346092628
:10C9600062F3061385F87630A67228460221BDE8E8
:10C97000704000F08FBA90F93730002B3FDA022177
:10C98000284602F055FD3146204601F0F1FD2146D2
:10C990002846FFF7A3FC0646204600F087FA9EB91A
:10C9A00094F82D302BB195F8762063F3061285F8B4
:10C9B0007620284601F0C0FA0823A37228460221F7
:10C9C000BDE8704000F066BA0021284602F030FD54
:10C9D00094F828300BB185F8643194F8203094F83D
:10C9E0002120DB0963F3000284F8212095F87610FA
:10C9F0000A4661F30612092385F87620DDE700DE9A
:10CA0000BDE700BF38B58B7A0C460546092B06D822
:10CA1000DFE803F0070706050505060B0F0600DE35
:10CA200038BDBDE83840FFF7D1BDBDE83840FFF75D
:10CA300075BDFFF74DF8638DC01A0304F0D495F966
:10CA40003730002B19DB0021284602F0F1FC94F866
:10CA50002030002284F82820DB0994F8212063F399
:10CA6000000284F8212095F876201346092162F30C
:10CA7000061385F87630A17238BD94F82D1095F81C
:10CA8000772094F82C3011F0030102F0070C24D029
:10CA900095F87600864661F3020E13F0030385F8DD
:10CAA00076E000F0070022D063F30202884285F8A6
:10CAB000772019D021462846FFF73CFC94F8213016
:10CAC00060F3410384F821300021284602F0B0FCD5
:10CAD0000022012384F82820BFE713F00303B2D01B
:10CAE00063F3020285F877206345E3D1ABE7884220
:10CAF000E0D1A8E791F80AC0BCF1020F08D000D835
:10CB00007047ACF1060CBCF1030FF9D900DE704799
:10CB10000B4690F83710C9090246F7D030B51049D6
:10CB200090F8764093F820E003C983B044EA0E0EF3
:10CB300002AD05E903000EF0070EEE4461469EF8D3
:10CB4000000041F6060C60F30614104682F87640A9
:10CB5000A3F80AC003B0BDE8304000F09BB900BFA5
:10CB60009C37050038B58B7A082B04D8033B022B81
:10CB700000D800DE38BD092BFBD105460C46FFF777
:10CB800057FC21462846FFF783FC284601F070FA3F
:10CB90000021284602F050FC0023A37238BD00BFDC
:10CBA00010B592F81FE0BEF1160F02F11C0310D071
:10CBB000BEF1180F08D024230C4680F8643102F02F
:10CBC000A9FD0023A37210BDBDE810400322FFF7AA
:10CBD00059BDBDE810400122FFF754BD13460022A5
:10CBE000FFF750BD13460222FFF74CBD002304227D
:10CBF000FFF748BD0023C0E90133C0E903330370E8
:10CC0000704700BF037801330370704703785BB946
:10CC1000C3687BB102691AB1816861B10B6082603F
:10CC20000023C0E903337047013BDBB20370002BE4
:10CC3000EED0704770474360F1E700BF03783BB127
:10CC400000230C300B60436843B1196041607047AA
:10CC5000002304300B604368002BF6D1C0E90011BB
:10CC6000704700BF00230B60836813B119608160B7
:10CC70007047C0E90111704740687047034640683B
:10CC800028B1996802685A60884208BF9A60704764
:10CC90004078A0F10C00B0FA80F04009704700BF66
:10CCA0004078A0F10800B0FA80F04009704700BF5A
:10CCB0004078A0F10200B0FA80F04009704700BF50
:10CCC0004078A0F11700B0FA80F04009704700BF2B
:10CCD0004078A0F10100B0FA80F04009704700BF31
:10CCE0004078A0F10900B0FA80F04009704700BF19
:10CCF0004078A0F10600B0FA80F04009704700BF0C
:10CD00004078A0F11800B0FA80F04009704700BFE9
:10CD10004078A0F10300B0FA80F04009704700BFEE
:10CD20004078A0F10500B0FA80F04009704700BFDC
:10CD3000F8B5064608460D46F9F78CFD044680B165
:10CD40000027C0E90577456006722C22394620305D
:10CD500016F003F94FF47F43FF2262726381A381CF
:10CD6000A7732046F8BD00BF4078A0F10200B0FADA
:10CD700080F04009704700BF4078A0F10200B0FA8F
:10CD800080F04009704700BF4078A0F10200B0FA7F
:10CD900080F04009704700BF4078A0F10100B0FA70
:10CDA00080F04009704700BF4078A0F10100B0FA60
:10CDB00080F04009704700BF4078A0F10100B0FA50
:10CDC00080F04009704700BF4078A0F10900B0FA38
:10CDD00080F04009704700BF4078A0F10900B0FA28
:10CDE00080F04009704700BF4078A0F11800B0FA09
:10CDF00080F04009704700BF4078A0F10300B0FA0E
:10CE000080F04009704700BF4078A0F10300B0FAFD
:10CE100080F04009704700BF416809B1F9F730BDA3
:10CE200000DE4168F9F72CBD024B1868003818BFC6
:10CE3000012070471C07002010B50448F9F70AFDCF
:10CE400004460430FEF732FE204610BD1C070020C9
:10CE500008B50120FBF78CFD003818BF012008BD84
:10CE6000FBF7A0BDE030FFF7FDBE00BF38B590F87E
:10CE7000563105460C461BB11C4385F8564138BD5A
:10CE8000E030FFF7BFFE95F856311C4385F8564158
:10CE900038BD00BF90F8563123EA010180F85611E1
:10CEA00001B17047E030FFF7B1BE00BF836943B105
:10CEB0001A792E2A04D02E221A71836902691A6007
:10CEC000704700DE8369F3E783694BB11A792E2A34
:10CED00000D0704701221A7181690868FBF734BDE0
:10CEE00000DE8369F2E700BF8B6913B11A792E2A3D
:10CEF0000BD00B7A072B15D0CB692BB1D0F85C2166
:10CF00001A60CB69C0F85C3170471B68D0F85821B3
:10CF10005A608B6901221A718B69C0F858310B7AFB
:10CF2000072BE9D14B6A002BE6D01B68D0F85821BB
:10CF30005A604B6A01221A714B6AC0F85831DBE71C
:10CF400070B505460C48F9F785FC044688B10A4BD4
:10CF500043600026C0E9056605722C223146203068
:10CF600015F0FBFF4FF47F43FF2262726381A381C0
:10CF7000A673204670BD00BF0C07002010B50A4BF9
:10CF8000062258685021F9F741FC084B01225868E5
:10CF90005021F9F73BFC064BBDE8104058680422CD
:10CFA0002C21F9F733BC00BF140700200C07002028
:10CFB0001C07002038B50446002501F02DF8204656
:10CFC000C4E93E5584F8045102F086FBC4F82851A8
:10CFD000C4E9425584F81651A4F81451A4F8185124
:10CFE000C4F82B51A4F84851C4F83051C4F8345156
:10CFF000C4F83851C4F83C51C4F84051C4F8445105
:10D00000FAF7B4FF94F88E3084F85651C4E9500111
:10D01000C4E9565523F0180384F88E30258638BDB0
:10D0200008460149F9F72CBC1C07002010B5B0F8E0
:10D03000024182B0034624B1A1420FD2641AA0F883
:10D040000241B3F8120120B181420FD2401AA3F875
:10D05000120100231846137002B010BD019200F0B7
:10D0600003FF019A58B1037A0A2B03D022236FF0F1
:10D070007300F0E790F820306FF07300EBE700DE0C
:10D08000F1E700BF034B0B44B3FBF1F3A0F81831F9
:10D09000704700BFFF59620210B5044602F024FB3E
:10D0A0002046BDE8104000F0BFBF00BF10B50446E9
:10D0B00049B1012900D010BD02F060FB2046BDE857
:10D0C000104001F007B802F045FB2046BDE81040D3
:10D0D00000F0F2BF38B5D0F85841054634B12068A9
:10D0E00021464468FBF724FC002CF8D1D5F85C41BC
:10D0F0000023C5F8583134B1204624680449F9F7B3
:10D10000BFFB002CF8D10023C5F85C3138BD00BF4F
:10D110001C07002090F93730002B14DA70B5044654
:10D120000E46032009491546FFF702FE014640B1AD
:10D1300080F8206080F82150204600F065FE002035
:10D1400070BD0C2070BD0C20704700BF140700207C
:10D1500010B5074904460120FFF7EAFD28B1014652
:10D16000204600F051FE002010BD0C2010BD00BF75
:10D170001407002038B504460D4602200849FFF781
:10D18000D7FD58B190F8203065F30003014680F8D0
:10D190002030204600F038FE002038BD0C2038BD7D
:10D1A0001407002010B5074904460420FFF7C0FD0E
:10D1B00028B10146204600F027FE002010BD0C20BB
:10D1C00010BD00BF140700202DE9F0410546884638
:10D1D000072010499DF8186017461C46FFF7A8FD68
:10D1E000A8B1E30008F0070803F03803BF0143EAE1
:10D1F000080307F040073B4343EAC613014680F8A3
:10D200002030284600F000FE0020BDE8F0810C2010
:10D21000BDE8F0811407002038B504460D4600F043
:10D220009DFF204602F034FB07490A20FFF780FDEE
:10D2300038B1014680F82050204600F0E5FD00207E
:10D2400038BD0C2038BD00BF1407002008B590F988
:10D250003730002B08DB00F007FE20B1037A0B2BE0
:10D260000CBF2230002008BD02F0F0F8F5E700BF47
:10D27000F8B5D0F840319B0601D40020F8BD044633
:10D280000D460C2008491646FFF752FD074648B1E7
:10D29000294620463246FEF745FD3946204600F035
:10D2A000B3FDEAE70C20F8BD1407002070B5064670
:10D2B0000D4602F0CBF820B1037A053B012B044662
:10D2C00001D90C2070BD01463046FEF7FBFF002857
:10D2D000F7D029686A68AB68ED68C4F83750304603
:10D2E000C4F82B10C4F82F20C4F833302146FEF7C1
:10D2F000C7FF002070BD00BF38B5054602F0A6F894
:10D3000020B1037A053B012B044601D90C2038BD1E
:10D3100001462846FEF7D6FF0028F7D028462146CA
:10D32000FEF7BCFF002038BD2DE9F8430546D0F8D4
:10D330004001BDF820801E4683070F46914617D452
:10D3400095F93730002B1FDB2A490820FFF7F0FC46
:10D350000446002C42D0237A082B0FD0092B16D07C
:10D3600000DE2846214600F04FFD0020BDE8F8838E
:10D3700020490920FFF7DCFC0446EAE7A4F82890DE
:10D380006685A4F82C80ECE71A20BDE8F883099B99
:10D39000E784A4F828906685A4F82C8003B31B8842
:10D3A0002387099B5B886387099B9B88A387099BCD
:10D3B000DB88E387099B1B89A4F84030099B5B89C4
:10D3C000A4F8423095F93730002BCADA2846FDF729
:10D3D00067FE0146284602F0CFFAC2E70C20C5E7F7
:10D3E000054A4FF0FF33C4E90E23A4F840304FF64E
:10D3F000FF73E5E7140700200000FFFF08B502F007
:10D4000025F828B1007AA0F10C00B0FA80F04009AC
:10D4100008BD00BF10B5044602F018F810B1037A39
:10D42000092B00D010BD01462046BDE8104001F098
:10D43000D3BE00BF38B504460D4602F007F810B160
:10D44000037A092B00D038BD80F8205001462046D1
:10D45000BDE8384001F0C4BE08B501F0F7FF28B1BF
:10D46000007AA0F10900B0FA80F0400908BD00BFC1
:10D4700038B505460C4600F0F7FC10B14369A342ED
:10D480000ED0284601F0E2FF10B14369A34200D05C
:10D4900038BD224601462846BDE8384002F0F0B8C3
:10D4A00001462246284600F081FDEAE710B5044611
:10D4B00000F0DAFC18B10146204600F09BFD204642
:10D4C00001F0C4FF014620B12046BDE8104002F043
:10D4D000F1B810BD2DE9F041537F144605460E46C4
:10D4E000002B3AD0D37F1E2B24D9284600F0BCFC59
:10D4F0000746284601F0AAFF0146002F68D0FA7AB5
:10D50000E37F002843D09342C07A52D03A7B002A6E
:10D510004FD1072B65D0112B74D00D2B40F0868096
:10D520000D2802D00B7B002B3BD01F2385F86431E4
:10D53000BDE8F081474A52F8232022B104F11C00D3
:10D54000904760B1E37F022BCFD1012322463146C1
:10D550002846BDE8F04102F02DB9FF23D3772846D5
:10D5600000F082FC30B1E27FC37A9A42E0D0037BC4
:10D57000002BDDD1284601F069FF002840D0E27F72
:10D58000C37A9A42D4D0037B002BD1D1DEE79342F9
:10D5900007D03A7B2AB9072B3CD0112B3AD00D2B60
:10D5A000D3D12346324639462846BDE8F04100F043
:10D5B000C7BC8342B9D00A7B002AB6D1072B2FD033
:10D5C000112BEED14B7B94F820209A42E9D1ACE7A5
:10D5D0000028BAD0234632462846BDE8F04101F083
:10D5E000E9BF94F820307A7B9A4225D00728F1D001
:10D5F0000A7B002AEED14A7B9A42EBD0242395E79E
:10D600000346A3E794F820307A7B9A421FD0112872
:10D61000EED1DFE77A7B94F820309A4295D1C0E7CB
:10D620004A7B94F820309A42BBD17EE78342D1D026
:10D630000B7B002BCED1E1E707283FF476AF0B7BC5
:10D64000002B7FF472AF4B7B9342AAD16DE7112878
:10D65000F5D16AE710420500F8B58D6900270C4640
:10D6600006468F617DB3012703232B71B38CEB80BA
:10D67000237A042B05F11C0118D00C2B0BD0022BA4
:10D6800017D1637A072B16D0092B12D1304600F040
:10D69000FDFD2FB1F8BD304601F06AF8002FF9D139
:10D6A00028682946BDE8F840FBF74EB9637A0C2B91
:10D6B00005D000DEEDE7204600F094FDE9E73046B6
:10D6C00000F086FEE5E7FFF7CBFB05460028CBD14F
:10D6D00000DE0071FFDE00BF70B506460C46FFF7A6
:10D6E000ABFB0546002855D0237A013B291D0B2BA7
:10D6F00007D8DFE803F0151B212806060606062ECC
:10D70000063500DEEB79637329463046FFF7AAFB46
:10D71000237A0A2B2AD03046BDE8704000F002BCC4
:10D72000084600F039FD1323E372EBE7304600F0C2
:10D7300067FD0923E372E5E7204600F015FEFF23AD
:10D740006561E372DEE7084600F030FE0C23E37209
:10D75000D8E7204600F01AFEFF236561E372D1E7A7
:10D76000304600F0D5FF1523E372CBE7F38CB6F813
:10D77000921140F2E24202FB03F342F2107202FB0A
:10D78000013101393046B1FBF3F1BDE8704089B297
:10D7900000F0CEBB00DEA7E72DE9F04107460C46BE
:10D7A000164601F057FE28B10323A3720025284630
:10D7B000BDE8F08121463846FFF736FB05460028D4
:10D7C000F2D021463846FFF737FB804600283CD090
:10D7D000237A013B08F104010B2B07D8DFE803F0A3
:10D7E0001B210627060606060606062D00DE98F80B
:10D7F0000730637341463846FFF734FB384601F083
:10D8000031FE0423A372002ED1D0384601F082FFEE
:10D810000023A372CBE7084600F0C8FCFF23E372A5
:10D82000E5E7384600F010FDFF23E372DFE7084626
:10D8300000F0BCFDFF23E372D9E7384600F080FF1B
:10D84000FF23C4F81480E372D1E700DEC0E700BF15
:10D8500038B50B7A013B0C4605460B2B0CD8DFE89C
:10D8600003F006060B1B0B0B0B0B0B0D0B16BDE889
:10D8700038400122FFF790BF00DE38BD01F04AFFBB
:10D8800094F820300022A27285F8643138BDBDE8DA
:10D8900038400022FFF780BF90F8283143B90122B9
:10D8A000FFF77AFF0028E8D0012385F8283138BD3A
:10D8B00001F030FF0023A37238BD00BF38B50B7AEA
:10D8C000013B0C4605460B2B15D8DFE803F0061686
:10D8D0000E24141414141433143B4B7A072B04D065
:10D8E000132B02D0242385F86431284600F0C0FBB6
:10D8F0000023A37238BD00DE38BD4B7A072B01D060
:10D90000092BEFD194F82030DB07EED521462846CD
:10D91000FFF7A2FEE9E74B7A0C2BE3D18B6993B3B7
:10D9200021462846FFF798FE284600F0A1FB002379
:10D93000A37238BD00F09CFB00221623A27285F86A
:10D94000643138BD4B7A152B16D0072BCAD1D0F8CD
:10D95000403123F02003C0F8403100F089FB002360
:10D96000A3722846FFF74AFD0028C3D128460421A8
:10D97000BDE83840FFF78EBAFEF7DAF868B92846F6
:10D9800000F076FBEBE7FFF763FA0028C8D12846E2
:10D9900000F0C8FA0423A37238BD21462846FFF7D9
:10D9A0005BFEECE770B50E7A731E0C4605460B2B3A
:10D9B00007D8DFE803F0080F2337060606060653EC
:10D9C000066100DE70BD00F09DFA00287FD00123C3
:10D9D000A37270BD00F096FA0028F8D121462846BF
:10D9E000FFF722FA0028F2D021462846FFF774FEFE
:10D9F0006369002B08BF0326A67270BD00F082FA8F
:10DA00000028E4D121462846FFF70EFA0028DED090
:10DA100021462846FFF760FE6369002B18BF0226E7
:10DA2000A67270BD90F828319BBB00F06BFA0028FD
:10DA3000CDD121462846FFF7F7F90028C7D0214667
:10DA40002846FFF749FE6269002A4FF001030CBF28
:10DA500003220222A27285F8283170BDFFF7E4F993
:10DA60000028B4D021462846FFF736FE16220223AE
:10DA700084F82020A37270BDD0F840319B0602D5F7
:10DA8000FFF7BCFC68B1284600F0F2FA0023A3724D
:10DA900070BD0C2200234A728B61BDE87040FFF715
:10DAA0000DBF284600F02EFA002890D121462846C6
:10DAB000FFF7BAF900288AD004212846FFF7D6F9E3
:10DAC00021462846FFF708FE0323A37270BD2146B6
:10DAD0002846FFF7A9F900283FF479AF21462846E8
:10DAE000FFF7FAFD6369002B0CBF03230223A37227
:10DAF00070BD00BF8B7A022B06D002D9033B012BED
:10DB000000D8704700DE70470B7A032B01D00A2B38
:10DB1000F7D1FFF7D3BE00BF38B58B7A032B05D002
:10DB200001D9042B00D138BD00DE38BD0546D07FB9
:10DB30000C46831E02F11C016072172B0DD8DFE822
:10DB400003F00C0C0C0C0C1F0C1B0C0C170D0C0C0C
:10DB50000C130C0D0C230C0C0C0D00DE214628467A
:10DB6000BDE83840FFF7AABE204600F0BFFCF5E74D
:10DB7000284600F043FCF1E7284600F0CFFBEDE734
:10DB8000204600F02BFBE9E7284600F031FEE5E7F0
:10DB900038B58B7A032B05D8012B0AD8BDE838405D
:10DBA000FFF700BF042B03D10B7A042B0C4601D0E6
:10DBB00000DE38BD0546FFF74BF90028F9D02146B5
:10DBC0002846FFF749FD284600F052FA0023A372C9
:10DBD00038BD00BF38B58B7A012B06D002D9023B85
:10DBE000022B00D838BD00DE38BD0546D07F0C467C
:10DBF000831E02F11C016072122B20D8DFE803F0B3
:10DC0000291F1F1F1F1F251F1F1F211F1F1F1F1F12
:10DC1000191F0A00284600F0C3FD04212846FFF71B
:10DC200025F92846FEF704F884F820002046FFF77F
:10DC30003DF921462846BDE83840FFF709BE00DE21
:10DC4000F7E7284600F0DAFBF3E7284600F03CFB54
:10DC5000EFE7204600F0A6FB08212846FFF706F96B
:10DC6000E7E700BFF8B58D7A032D00D8F8BD042D85
:10DC700023D10B7A0C2B0C46F8D10646FEF710F890
:10DC800094F82030294640EA03073046FFF702F9AE
:10DC9000A5690023FFB2A36105B32B792E2B0ED10A
:10DCA0007FB901232B7128682946FAF74DFE3046CB
:10DCB00001F030FD0023A372F8BD00DEF8BD00DEE8
:10DCC000EEE703232B71B38CEB80237A0C2B05F149
:10DCD0001C0105D1304600F04BFDE4E700DEDCE737
:10DCE00000DEF7E710B58B7A82B00C46042B1ED805
:10DCF000DFE803F01710031210000B7A0A2B14D17F
:10DD0000019001F007FD019894F820300022A272E2
:10DD100080F8643102B010BD02B0BDE81040FFF7DA
:10DD200097BD01238B7202B010BD00DEE8E700DE74
:10DD3000F0E700BF70B5044605F016FA58B1D4F804
:10DD4000F85035B1D4F8FC202B68C4F8F830AA425A
:10DD500021D0284670BD05460121032005F0CAF9EF
:10DD60002A46064601210320F8F716FED4F8F8509B
:10DD700045B1D4F8FC202B68C4F8F830954208BFB0
:10DD8000C4F8FC30002EE4D0012211460320F8F73D
:10DD900003FE284670BDC4F8FC30284670BD00BFA5
:10DDA000F8B506460C4605F0DFF968B1D6F8F8502C
:10DDB000AC421FD1A3690BBB3046FFF7BBFF204627
:10DDC000BDE8F840FFF728B805460121032005F01B
:10DDD00091F92A46012107460320F8F7DDFDD6F820
:10DDE000F850002FE4D0012211460320F8F7D4FDAB
:10DDF000AC42DFD000DEA369002BDDD01B792E2BD7
:10DE0000DAD100DED8E700BFF8B505460C4605F0CC
:10DE1000ABF940B100232360D5F8FC30F3B11C60AE
:10DE2000C5F8FC40F8BD06460121032005F062F963
:10DE30003246074601210320F8F7AEFD2660D5F8EB
:10DE4000FC3073B11C60C5F8FC40002FEAD0012201
:10DE5000BDE8F84011460320F8F79EBDC5E93E44F1
:10DE6000F8BDC5E93E44F0E770B5054605F07CF91C
:10DE700018B1D5F8F840204670BD044601210320B2
:10DE800005F038F92246064601210320F8F784FD03
:10DE9000D5F8F840002EEED0012211460320F8F705
:10DEA0007BFD204670BD00BF38B50546FFF7DCFF9F
:10DEB000037A013B04460B2B1BD8DFE803F0060670
:10DEC00006061A1A1C1414061A06014600222846D1
:10DED000FFF75EFEA37B03B938BD21462846BDE8A7
:10DEE0003840FFF75DBF01460022284601F046F9A1
:10DEF000F0E700DEEEE7014600222846FEF782FD4D
:10DF0000E8E700BF90F80401A0F10100B0FA80F04A
:10DF100040097047012380F804317047002380F8DE
:10DF200004317047B0F81831A0F80231704700BFD3
:10DF3000A0F80211704700BF0023A0F8023170471B
:10DF400038B50C468969054610461A46F9B1217A5A
:10DF500001390B2923D8DFE801F006060606222244
:10DF6000241D1D06220621462846FFF7D5FDA3697C
:10DF700023B11B792E2B1CBF0023A361A37B03B904
:10DF800038BD21462846BDE83840FFF709BFA361E8
:10DF90002061DCE72146284601F09AF8E7E700DE39
:10DFA000E5E721462846FEF791FCE0E738B50B7A15
:10DFB000033B0C460546092B09D8DFE803F00508AA
:10DFC00008080D08080508052146FFF793FDA37B07
:10DFD0000022626143B938BD2146FEF78BFDA37B69
:10DFE00000226261002BF6D021462846BDE8384069
:10DFF000FFF7D6BE38B50B7A072B0C46054608D07E
:10E00000A37B03B938BD21462846BDE83840FFF759
:10E01000C7BEFEF7A7FDF3E70222002380F8002128
:10E02000A0F80231704700BF38B590F800310446BF
:10E03000032B1BD8DFE803F002111011FFF714FFC8
:10E04000034648B11D7A2046FFF72EFF0A2D14BF64
:10E050000123032384F8003138BDFFF705FF0028B2
:10E06000FAD02046BDE83840FFF71EBF00DE38BDBD
:10E0700010B590F800310446032B1BD8DFE803F0FD
:10E080000D020C02FFF7F0FE90B100230122A4F86C
:10E090000231827384F8003110BDFFF7E5FE28B12C
:10E0A00000220123A4F80221837310BD00DEF7E7EC
:10E0B00000DEEAE700DE10BD90F80031022B05D04B
:10E0C00000D87047032BFCD000DE7047002380F897
:10E0D0000031704738B590F800310446032B3AD828
:10E0E000DFE803F00926121320462946FEF7FCFE5E
:10E0F0002846FEF791FE2046FFF71CFE0546002845
:10E10000F2D1022384F8003138BDFFF713FE054633
:10E110000028F6D029462046FEF7E6FE2846FEF700
:10E120007BFE2046FFF706FE05460028F2D1E8E711
:10E13000FFF700FE05460028E3D029462046FEF7FB
:10E14000D3FE2846FEF768FE2046FFF7F3FD05469E
:10E150000028F2D1D5E700DE38BD00BF38B505464E
:10E16000FFF7E8FD68B1044621462846FEF7BCFEED
:10E170002046FEF751FE2846FFF7DCFD0446002846
:10E18000F2D10024A5F802412146284601F050F9B9
:10E1900085F8004138BD00BF03780121122243F009
:10E1A000030303704170C270704700BF0378012100
:10E1B000132243F0030303704170C270704700BF25
:10E1C0000B784FF0020C43F0030307220B7081F829
:10E1D00001C0CA7090F84C300B7170470B7980F811
:10E1E0004C3070470B784FF0020C43F003030722CA
:10E1F0000B7081F801C0CA7090F84C300B717047F9
:10E2000010B50B780C460922082143F00303E17096
:10E210006270237090F93730002BACBF0B460E2391
:10E22000E370F9F7A3FE002261F30702C1F3072CA4
:10E230000B0C6CF30F2263F317421B0A63F31F628C
:10E240006060A26010BD00BF38B50C460546F9F706
:10E250008DFE237843F00303237009236370E3707A
:10E26000D5F84031217263F0FF031840020C0B0C0B
:10E27000C0F307252071C1F30721100AA2711A0A01
:10E28000E07165716172A372E27238BD0B78092288
:10E2900043F003030B704A70CA70D0E94E23100C90
:10E2A000C2F3072C0A711A0C81F805C088714FEA75
:10E2B000102C0B72C3F30720130A81F807C04872B1
:10E2C0008A72CB72704700BF2DE9F0414A68124E46
:10E2D0008968530F83EA1273164003F001034FF06D
:10E2E0004052A3FB0232054601F0EF0786EA030421
:10E2F000F9F73CFE04EA0003C5F8403163F0FF0380
:10E30000B8463340C5E94E380F400122C5F8447184
:10E3100085F83021BDE8F0812FCF87F72DE9F04156
:10E320004C68104F8A68630F83EA147303F001038B
:10E330004FF04051A3FB01312740054687EA030413
:10E3400002F0EF08F9F712FEC5E94E78044008EA3A
:10E3500001010123C5F84041C5F8441185F8303169
:10E36000BDE8F0812FCF87F70B784FF0030C43F017
:10E37000030319220B7081F801C0CA7090F8203095
:10E380000B7190F821304B71704700BF0B7802225F
:10E3900043F003030B704A70CA7090F820300B7181
:10E3A000704700BF0B7980F8203070470378074A28
:10E3B000C0F805204FF0060C43F0030340F60C5163
:10E3C000037080F801C0A0F803107047F105FFFF4B
:10E3D0000B784FF0060C43F003030C220B7081F80E
:10E3E00001C0CA7090F82A310B71B0F82B31A1F836
:10E3F0000530B0F82D31A1F807307047012380F8BF
:10E4000029310B7980F82A31B1F80530A0F82B3189
:10E41000B1F80730A0F82D31704700BF0B78032208
:10E4200043F003034FF0170C0B7081F801C0CA7062
:10E43000D0F82130D0F825208A604B6090F8293040
:10E440000B7390F82A304B73704700BF10B50378F8
:10E450000D21042243F0030341700370C27084183D
:10E4600004F082FE0C2120B12046BDE8104002F0ED
:10E4700001BE2046BDE8104002F0F2BD0378012144
:10E48000052243F0030303704170C270704700BF60
:10E4900003780121062243F0030303704170C27028
:10E4A000704700BF037801210B2243F00303037080
:10E4B0004170C270704700BF037801714FF0020CC9
:10E4C00043F003030D22037080F801C0C27070474F
:10E4D0000378017143F003034FF0030C0370112321
:10E4E00080F801C0C3704271704700BF0B7980F89B
:10E4F0004D304B7980F84E30704700BF0B784FF0AD
:10E50000030C43F0030316220B7081F801C0CA709C
:10E5100090F82030C3F3C2034B7190F82030C3F35E
:10E5200002030B71704700BF0A7990F8203062F344
:10E53000C50380F820304A7962F3020380F8203066
:10E54000704700BF0B784FF0030C43F00303172212
:10E550000B7081F801C0CA7090F89C31C3F3C203FC
:10E560004B7190F89C31C3F302030B71704700BFED
:10E57000CB8843850B7980F82C304B7980F82D308F
:10E58000704700BF0B784FF0180C43F003030F22C5
:10E590000B7081F801C0CA70C38C8B80038DCB8057
:10E5A000438D0B81838D4B8190F834300B73C38E78
:10E5B000A1F80D30038FA1F80F30438FA1F811306F
:10E5C000838FA1F81330C38FA1F81530B0F8403015
:10E5D000A1F81730B0F84230A1F81930704700BFE9
:10E5E0000B784FF0180C43F0030310220B7081F8E6
:10E5F00001C0CA70C38C8B80038DCB80438D0B818F
:10E60000838D4B8190F834300B73C38EA1F80D309D
:10E61000038FA1F80F30438FA1F81130838FA1F839
:10E620001330C38FA1F81530B0F84030A1F817307F
:10E63000B0F84230A1F81930704700BF8B88C3840E
:10E64000CB8803850B8943854B8983850B7B80F8B9
:10E650003430B1F80D30C386B1F80F300387B1F80C
:10E6600011304387B1F813308387B1F81530C38771
:10E67000B1F81730A0F84030B1F81930A0F84230A6
:10E68000704700BF0B78002243F003034FF00C0CDF
:10E69000CA700B7081F801C090F823300B71036BC6
:10E6A000094AA2FB03239B0AA1F80530438DA1F878
:10E6B0000930038DA1F80730838DA1F80B30838CCE
:10E6C000A1F80D30704700BF5917B7D10B7980F80A
:10E6D0002330B1F8053040F2E24202FB03F303635A
:10E6E000B1F809304385B1F807300385B1F80B3034
:10E6F0008385B1F80D308384704700BFB1F80930CD
:10E7000003844B68C0F822300B7A80F826307047BB
:10E710000B784FF0090C43F0030314220B7081F8BF
:10E7200001C0CA70B0F85A308B80B0F858300B81F5
:10E73000B0F85E30CB80B0F85C304B81704700BFE2
:10E740000B784FF0090C43F0030315220B7081F88E
:10E7500001C0CA70B0F85A308B80B0F858300B81C5
:10E76000B0F85E30CB80B0F85C304B81704700BFB2
:10E770000B784FF0090C43F0030315220B7081F85E
:10E7800001C0CA70B0F86A308B80B0F868300B8175
:10E79000B0F86E30CB80B0F86C304B81704700BF62
:10E7A0008B88A3F11B02E02A21D8B1F808C0ACF194
:10E7B0001B02E02A1BD830B5CD88A5F5A47244F21F
:10E7C000481E92B2724511D84A8900210C4662F364
:10E7D0000F04A2F5A4726CF30F0192B263F31F4110
:10E7E00065F31F44724598BFC0E9181430BD7047E7
:10E7F0008B88A3F11B02E02A21D8B1F808C0ACF144
:10E800001B02E02A1BD830B5CD88A5F5A47244F2CE
:10E81000481E92B2724511D84A8900210C4662F313
:10E820000F04A2F5A4726CF30F0192B263F31F41BF
:10E8300065F31F44724598BFC0E9181430BD704796
:10E840008B6900228A610BB3192293F804C01A71F4
:10E85000828CDA8091F820201A774AB90A8DDA83FF
:10E860004A8D1A848A8D5A84BCF12E0F0AD07047C3
:10E87000C28CDA83028D1A84B0F892215A84BCF1DA
:10E880002E0FF4D118681946FAF75EB800DEDBE700
:10E8900030B5C38C0A8D4C8D8D8D934285B002D1DD
:10E8A000038DA34214D0012381F8223002950B6B13
:10E8B000CDE900240C7A91F82320898C0391A4F1EE
:10E8C0000801B1FA81F14909E9F712FD05B030BD3F
:10E8D000B0F892315B1B18BF0123E5E7F8B5CD69AD
:10E8E00000230C4607461646CB618DB3291D112E19
:10E8F0000AD8DFE806F0200909090909091C0909F5
:10E90000090909090909241400DEEB796373294612
:10E910003846FEF7A7FA237A092B14D0F8BD08462B
:10E9200094F8202094F82110FFF7D2FDEDE720465F
:10E93000FFF746FCE9E72046FFF7A4FEE5E720469F
:10E94000FFF74EFEE1E73846BDE8F84000F08ABD2B
:10E95000FEF772FA05460028C8D100DEC6E700BF00
:10E9600038B58B690C46054683BBFEF779FA2E2332
:10E97000A061037194F834200121002384F823104E
:10E980002363218D4AB1B1FBF2F313FB02F3E28C56
:10E990009BB29A429CBF23851946238F994204D388
:10E9A00040F2E24202FB03F323632846FDF798F8A6
:10E9B000298D034606310B44A384002228462146B4
:10E9C000FFF78CFF4FF60B73638138BD00DECCE799
:10E9D00038B504460D4600F03DFD20B929462046D5
:10E9E000FEF722FA30B910212046FEF73FFA09233C
:10E9F000AB7238BD04F1E000FEF73EF90028F2D119
:10EA00002046FDF711FA0028EDD029462046FEF7F2
:10EA100013FAE861FEF71CFA10B90C23AB7238BD8B
:10EA200029462046FFF79CFF20461021BDE83840CC
:10EA3000FEF730BA70B50C460646FFF729FF237A79
:10EA4000092B1DD094F82250ADB1002384F820305A
:10EA500021463046FFF7F4FE304600F05BFE237A95
:10EA6000092B05D10C4B1A68964204BF00221A608C
:10EA70000023A37270BD2046FEF726FAA561EBE7DE
:10EA8000304600F0F5FC237A092BDBD194F82030D6
:10EA9000002BDAD1D6E700BFAC2F002070B50646B8
:10EAA0000C4600F0D7FC10B10623A37270BD0546DA
:10EAB00021463046FEF7B8F90028F5D0112221464C
:10EAC0003046FFF70BFF304600F024FE237A092B77
:10EAD00004D1044B1A68964208BF1D600023A3723C
:10EAE00070BD00BFAC2F0020F8B5294A1368064658
:10EAF0000C468BB183420FD002238B7200F0AAFC2C
:10EB0000054620B921463046FEF78EF968BB2046FF
:10EB1000BDE8F840FEF7CAB9218DF38C1660994222
:10EB200012D0A5690023A36185B303232F792B712C
:10EB3000B38CEB8005F11C012046FFF723FD2E2F3F
:10EB40001FD00423A372F8BD628D338D9A42E8D1A1
:10EB5000A28DB6F892319A42E3D12046FEF7B4F97D
:10EB600000220523A261A372F8BD4FF472632384CF
:10EB700021463046FFF792FF2046FEF7A5F9A56132
:10EB8000F8BD28682946F9F7DFFEDAE700DECCE7B2
:10EB9000AC2F0020F0B50C46897A83B005460C29CD
:10EBA00000F2DE80DFE811F012001E004D0056007A
:10EBB00062006C007900DC007C00D2008600C0009E
:10EBC0000D00002A00F0D18003B0F0BD002AFBD177
:10EBD000237A082B00F0DB80092B40F0C180012351
:10EBE000A372F1E7012AEFD119462046FFF726FD6F
:10EBF000E38C052B1BD9228DB2F5486F17D89342B1
:10EC000015D8638DB3F5FA7F11D2A08DA0F10A015A
:10EC100040F6764689B2B14209D8013313FB02F3BC
:10EC2000B3EB800F03D294F8343093420BD940F603
:10EC30001E7323842146284603B0BDE8F040FFF749
:10EC40002DBF012AC0D82146284603B0BDE8F040B8
:10EC5000FFF74ABF002AB7D10192FEF7F9F8019AEF
:10EC6000002840F0AF800323A372ADE7032A79D0D8
:10EC7000042AA9D10F22062384F82120A372A3E736
:10EC8000002AA1D195F93730002B7EDA94F8203094
:10EC900043B10F2384F82130CCE7002A94D1C9E78F
:10ECA000002A91D1284600F0D5FB002872D0082315
:10ECB000A37289E7022A87D195F83720C2F3C011E1
:10ECC000D20975D019462046FFF700FD228D931F0B
:10ECD00040F67A419BB28B4200F28780638DB3F598
:10ECE000FA7F80F08280A08DA0F10A0140F676467E
:10ECF00089B2B14279D803FB0222B2EB800F74D201
:10ED00002846FCF7EDFEA38C1B1A47F6FE729BB259
:10ED1000934240F28880282385F86431284600F029
:10ED2000F9FC0023A3724FE7002A7FF44DAF284679
:10ED3000FCF7CEFEA38CC01A03043FF545AF214675
:10ED4000284603B0BDE8F040FFF774BE002A7FF408
:10ED50003BAF2146284603B0BDE8F040FFF738BE80
:10ED600000DE31E70523A3722EE7FEF771F80028D5
:10ED70003FF42AAF21462846FFF7F2FD102128462E
:10ED800003B0BDE8F040FEF785B8A261E1E70A23D1
:10ED9000A37219E721462846FEF746F8002886D0D8
:10EDA000102221462846FFF799FD0A2363810BE7CD
:10EDB00084F84C10284600F04DFB0646B8B10D23F0
:10EDC000A37201E7A669A261002E3AD00323377926
:10EDD0003371AB8CF38006F11C012046FFF7D2FBA8
:10EDE0002E2F1BD00423A372EEE61E2394E72146A8
:10EDF0002846FEF719F80028E1D0072221462846C8
:10EE0000FFF76CFD284600F085FC237A092B88D19A
:10EE10000D4B1A68954284D11E6082E730683146F6
:10EE2000F9F792FDDEE72046FEF740F80B23A372C8
:10EE30002846FCF755FEA38CC31A1A043FF5C4AE4E
:10EE40007DE700DEC2E700BFAC2F00202DE9F041D6
:10EE50002C4E336804460D462BB1834203D0012368
:10EE6000AB72BDE8F0812046FFF74CF80028F6D1E0
:10EE7000204600F0E5FA07460028F0D12946204652
:10EE8000FDF7D2FF0028EAD02046FCF729FE012139
:10EE90008046204600F0CCFAA5F83680D5F81C80D4
:10EEA00085F834703460EF61B8F1000F1BD008F1C1
:10EEB00004012846FFF766FB98F807306B7341465C
:10EEC0002046FDF7CFFF2B7A092B08D094F8373076
:10EED000DB0901D100DEC4E704236B81C1E72046D2
:10EEE000FFF720F8F2E729462046FDF7A5FF804608
:10EEF0000028DCD100DE04212846FFF743FB98F808
:10EF00000730FFDEAC2F0020F8B50C46897A0646A4
:10EF10001546062909D8DFE801F0043008083864EE
:10EF20000A001DB9237A092B29D000DEF8BD002D77
:10EF3000FCD1FCF7CDFDA38CC01A0304F6D42946FE
:10EF4000304600F075FA21463046FFF7A1FC237ADF
:10EF5000092B00F0968094F82250002D40F09D80FF
:10EF60002046FDF7B1FFA5613046FFF781F8237A0F
:10EF7000092B60D00023A372F8BD002DD6D1214605
:10EF80003046BDE8F840FFF761BF032D6CD0042D7B
:10EF90005CD0022DCAD119462046FFF797FB228D7F
:10EFA000931F9BB240F67A418B4262D8638DB3F5D2
:10EFB000FA7F5ED2A08DA0F10A0140F6764789B2B1
:10EFC000B94256D803FB0222B2EB800F51D2294638
:10EFD000304600F02DFA2046FDF768FF0623A372A5
:10EFE000F8BD002DA2D1FEF78DFF10B10523A3724D
:10EFF000F8BD21463046FDF717FF0028F6D0294618
:10F00000304600F015FAE769E561002F4DD094F81D
:10F01000202094F82110381DFFF75AFAFB7963730A
:10F0200039463046FDF71EFF237A092B9CD1304626
:10F03000FEF778FF98E796F93730002B2FDB234B4C
:10F040001A68964296D100221A6093E7D0F84031B0
:10F050001A2223F00203C0F84031214684F8202010
:10F060003046FFF7EDFB7FE75B7984F820302146DF
:10F07000F6E70021304600F0DBF91E2386F8643104
:10F0800072E73046FEF758FF237A092B7FF463AF0F
:10F0900094F82030002B3FF45EAF0023E5E73046C4
:10F0A000FEF7DAF90028CAD064E721463046FDF7BA
:10F0B000C3FE07460028AAD100DE042094F82020D1
:10F0C00094F82110FFF704FAEB79FFDEAC2F002053
:10F0D00020B592F81FC082B0054602F11C03BCF1B6
:10F0E000110F0AD8DFE80CF02D09090909090926D2
:10F0F00009090909090909091E17242380F864313F
:10F100000191FEF7B5FF01990B7A092B20D000235E
:10F110008B7202B020BD0322284602B0BDE8204019
:10F12000FFF7F2BE8B7A012BF3D9043B022BF0D907
:10F1300000DEEEE70422284602B0BDE82040FFF7DB
:10F14000E3BE0222284602B0BDE82040FFF7DCBE45
:10F1500095F93730002B06DB074B1A689542D6D15C
:10F1600000221A60D3E728460191FEF775F901994C
:10F170000028F1D0CBE700BFAC2F002013460022BF
:10F18000FFF7C2BE70B5D57F02F11C03CDB10F2DC4
:10F1900012D024230E4680F86431044600F0BAFAF7
:10F1A000337A092B05D1094B1A68944204BF002217
:10F1B0001A600023B37270BDBDE870400122FFF7F2
:10F1C000E9BCBDE870400222FFF7E4BCAC2F002090
:10F1D00013460022FFF7DEBC00230322FFF7DABC50
:10F1E00000230422FFF7D6BCD37F012B70B5054660
:10F1F0000C4607D0242380F8643100F08BFA0023FA
:10F20000A37270BD8B7A012B04D013F0FD0FF8D0E0
:10F2100000DE70BD02F11C012046FFF76FFA2846A0
:10F22000268CFCF75DFC361A47F6FE73B6B29E429A
:10F2300002D80223A37270BD282385F864312846C2
:10F2400000F068FA0023A37270BD00BF38B58B7A56
:10F25000012B05D0022B0C4603D0A3B901238B72DE
:10F2600038BD0546FCF734FC238CC01A0304F7D4E0
:10F2700004F122012846FCF741FC284600F04AFA36
:10F280000023A37238BD00DE38BD00BFD0F80821CE
:10F290008A42034608460DD18A69A2B90A46D3F8C4
:10F2A0000CC11168C3F80811624508BFC3F80C11FE
:10F2B000FDF7B2BD00DE8A692AB9D3F80821002A19
:10F2C000EDD1FDF7A9BD12792E2AF6D100DEF4E7C3
:10F2D00038B5D0F808512B7A013B04460B2B28D8BF
:10F2E000DFE803F00606060618181D1313062206AB
:10F2F00000222946FEF7F6FCAB7B2BB129462046BF
:10F30000BDE83840FFF7C2BF38BD00222946FFF7ED
:10F310005FFFF1E700222946FCF7DCFFECE7002263
:10F320002946FDF75BFCE7E700222946FFF78EFF41
:10F33000E2E700DEE0E700BF70B5D0F80851044610
:10F340001DB394F81431012B03D1022384F810313A
:10F3500070BD29462046FDF767FD0028F5D02946F7
:10F360002046FDF769FD064688B1311D2846FEF7A7
:10F3700027FFF3796B7331462046FDF773FD0122B9
:10F380000023AA7384F8103170BD00DED9E700DED7
:10F39000EBE700BFF8B5D0F808510446ADB394F8D8
:10F3A0001431012B03D1012384F81031F8BD294613
:10F3B0002046FDF739FD0028F5D029462046FDF707
:10F3C0003BFD064688B32046FEF74EFD2A7A037AB7
:10F3D000934206F104071AD0082B1AD02A2194F878
:10F3E00030311BB1D4F840315B0717D43846FFF7F2
:10F3F00063F8F3796B7331462046FDF733FD012244
:10F400000023AA7384F81031F8BD00DEC7E723217A
:10F41000E5E7092A0CBF23212A21E0E70A463846FE
:10F4200094F81711FFF754F8E3E700DECBE700BFCD
:10F4300080F81611704700BF704700BF002070476A
:10F4400090F81501003818BF01207047D0F8080166
:10F45000704700BF90F81401A0F10100B0FA80F0ED
:10F4600040097047B0F81831A0F81231704700BF5A
:10F470000023A0F81231704738B5D0F80841F4B134
:10F48000D0F80C212368C0F808319442054608BF23
:10F49000C0F80C319CB121462846FDF725FD2046D9
:10F4A000FDF7BAFCD5F808414CB1D5F80C2123681A
:10F4B000C5F808319442EED1C5F80C31EBE738BD00
:10F4C00070B505460C4639B1042900D070BDFFF770
:10F4D000D3FF85F8104170BDD0F80861002EF5D03B
:10F4E000337A112B11D832494FF0010C0CFA03F08A
:10F4F000014061B910F4386F07D00A2B13D0CBB19B
:10F5000095F81631F3B9644604E000DE337A0A2B2D
:10F5100009D07BB185F815412846FFF7D9FE0323B2
:10F5200085F8103170BD2846FFF7D2FE052385F817
:10F53000103170BDD37F86F84C302846BDE870404E
:10F54000FFF7FABE95F93710002910DB012B20D008
:10F55000022BBBD12846FEF787FC327A037A93420E
:10F5600021D0082B1DD02A2385F8643170BD012BD2
:10F57000EED12846FEF778FC08B1FF23C3720123C1
:10F5800085F815312846FFF7A3FE032385F81031CF
:10F5900070BDD37F85F817312846BDE87040FFF76E
:10F5A000F9BE092ADFD1232385F8643170BD00BF7D
:10F5B0007FF4030038B50C468969054610461A46A3
:10F5C000237AF1B10C2B57D8DFE803F00D070707BA
:10F5D000073C3C484242074E070021462846FEF7BA
:10F5E000F9FAA16921B10B792E2B1CBF0023A3616D
:10F5F000A37B2BB121462846BDE83840FFF746BE25
:10F6000038BDA26120610C2B36D801A151F823F03E
:10F6100075F60300DBF50300DBF50300DBF5030003
:10F62000DBF5030045F6030045F603005DF6030035
:10F6300051F6030051F60300DBF5030069F6030001
:10F64000DBF5030021462846FCF7FAFDA169C9E76E
:10F6500021462846FFF796FDA169C3E721462846C3
:10F66000FDF79EFAA169BDE721462846FFF7BCFDDC
:10F67000A169B7E71146B5E700DEA169B2E700BFAF
:10F6800038B50B7A072B0C4605460FD00C2B0AD049
:10F69000A37B002262612BB121462846BDE8384099
:10F6A000FFF7F4BD38BDFEF7DDFAF1E7FDF79AFA92
:10F6B000EEE700BF38B50B7A072B0C46054608D09D
:10F6C000A37B2BB121462846BDE83840FFF7DEBDBD
:10F6D00038BDFDF78BFAF3E70422002380F81021F0
:10F6E000A0F81231704700BF90F81031052B0ED8EA
:10F6F000DFE803F0060907030603D0F8083123B951
:10F700007047FFF719BEFFF745BEFFF7E1BD00DE0A
:10F71000F6E700BF90F81031052B04D8DFE803F0BE
:10F7200004151305040500DE7047D0F808210023F6
:10F7300080F815315AB100230121A0F812319173DC
:10F7400080F810317047FFF7F7BDFFF723BE00DEEA
:10F75000F1E700BF90F81031052B04D8DFE803F083
:10F7600004090B04050400DE7047002380F8103103
:10F770007047FFF70FBEFFF7DFBD00BF90F81031F5
:10F7800010B50446052B12D8DFE803F0030D09037A
:10F790000803FFF771FE042384F8103110BDBDE8A3
:10F7A0001040FFF7C9BDBDE81040FFF7F3BD00DE14
:10F7B00010BD00BFF0B5044683B00E46154673B1C8
:10F7C000D27F1B2A37D8DFF8C4C090F837100CEB73
:10F7D0004203C9095F7801238B403B4040D1184662
:10F7E000FDF7AEFB074620B300230360D4F80C31CD
:10F7F0001BB31860C4F80C0194F81031052B42D8E3
:10F80000DFE803F01E27030606062046FFF794FDF7
:10F81000BB7B1BB139462046FFF738FDD4F80811F1
:10F8200039B12B463246204603B0BDE8F040FFF721
:10F83000C1BE03B0F0BD0023D1E7C4E94200DBE75D
:10F840002A4600212046FFF73BFEBB7B002BE5D07C
:10F85000E0E72046FFF79EFDBB7B002BDED0D9E71B
:10F860001CF812300A2BBAD10193FFF705FE0022D3
:10F87000A4F8122184F8152184F810212046FEF7FF
:10F880006DFC019BABE700DEC2E700BF8C420500C8
:10F8900010B50446FFF7F0FD0023A4F8123184F8F8
:10F8A000153184F8103110BD00B9704700DE704783
:10F8B00030B991F8D43023F0010381F8D430704787
:10F8C00000DE91F8D43023F0010381F8D430704782
:10F8D0002DE9F041079D9DF818700646A88C4FF65B
:10F8E000FF7188422ED03146284690461C46FBF7D1
:10F8F000F7FE38BB2B780133DBB22B7033B3144BDC
:10F90000B5F860019A7A1C8167F300029A72114A75
:10F91000013405F11001936004440022D960C3E969
:10F92000006811460B4BA5F860410120F7F768F815
:10F9300050B9FF20FBF7F2FE2846FF21BDE8F04159
:10F94000FBF7B8BFBDE8F08100DEF2E700DED6E7E6
:10F95000F819002024070020012800D0704700B5C6
:10F9600083B00191F9F78CF80199814202D103B07B
:10F970005DF804FB00DEFAE7C38D23B190F8D420D4
:10F9800012F0010300D0704710B542F0010288B0B8
:10F990000B4C80F8D42003310122CDE902320690CD
:10F9A000CAB2CDE90434CDE9003303211846F8F793
:10F9B00051FA10F0FD0F01D108B010BD00DEFBE7D9
:10F9C000B1F8030038B50C461546FBF77DFB48B18E
:10F9D0001CB1BDE83840FDF78FBC2946BDE8384072
:10F9E000FDF764BC022038BD38B50C461546FBF760
:10F9F0006BFB58B190F93730002B05DA2A462146C7
:10FA0000BDE83840FDF786BB0C2038BD022038BD6C
:10FA1000054B064A10B41F204FF0FF3425211C600F
:10FA20001871117010BC704798320020A644002055
:10FA300010B5044600789DF808C002FB01111A4A6F
:10FA4000014482FB01020A44521102EBC20002EBA4
:10FA500080028A1AD0B2C1082070595C02F00702F5
:10FA600041FA02F212F001021DD1B0FBFCF10CFBD5
:10FA700011015C1EC9B20433104600F1080E14F8DF
:10FA8000012F5FFA8EFE12F0010F00F1010C4FEA18
:10FA9000520202D039B10139C9B25FFA8CF0864501
:10FAA000F1D19C42E9D110BDA7C867DD428800882A
:10FAB00050407047F0B5304D304C48404FF0030C8B
:10FAC000060A5FFA80FE0EEB8E2E06EB862004EA15
:10FAD000401705EA400605EA4E0004EA4E1E3E4382
:10FAE00040EA0E0000EB002706EB062E06EB0E2682
:10FAF00000EB0720C6F30746C0F3074040EA0620A4
:10FB000000EB00100CF1FF3C08441CF0FF0C80B22D
:10FB1000D6D141401A48A0FB01400C1A00EB54001A
:10FB2000400900EBC00400EB8400081AC0F3C404D1
:10FB300000F00705145D2C41E407C0B21AD401FBA4
:10FB400003F3561EC3F307430432604600F1080571
:10FB500016F8011FEDB211F0010F00F101044FEA98
:10FB6000510102D033B1013BDBB2E0B2A842F2D185
:10FB70009642EBD1F0BD00BF102102004084080086
:10FB80004D91CFBA1A491B482DE9F0410023451E7B
:10FB9000A1F1020C012606E00133082B01F1060158
:10FBA00000F1280022D003EB830215F83220D4079D
:10FBB000F2D59CF800409CF801E0D0F80080C2F338
:10FBC000801206FA03F79A4001333C434EEA0202E0
:10FBD00087888F80082B8CF800408CF8012001F179
:10FBE000060141F8068C00F12800DCD1BDE8F08167
:10FBF000A6320020411A00202048214A2DE9F04772
:10FC0000204FDFF884800023951EA0F1020C01260E
:10FC100015F83310C90706FA03F926D5397859B112
:10FC200012F8011C072901EB810405D818F83410DB
:10FC30004C0701D5C90618D515F833109CF801E01A
:10FC40009CF80040D2F800A0C1F3400199404EEA70
:10FC5000010144EA0904B2F804E08CF800408CF891
:10FC60000110A0F804E0C0F800A00133082B00F157
:10FC7000060002F10802CBD1BDE8F087D2330020A4
:10FC800092330020A8440020401A0020082070472A
:10FC900038B50020FAF7C6FFC8B90E4C0E4D621EEB
:10FCA00014F83030072B03EB830105D815F83130F9
:10FCB00023F0200305F8313012F8303023F001032F
:10FCC00002F8303001300828EAD1002038BD0C207D
:10FCD00038BD00BF91330020401A00202DE9F04FBD
:10FCE000804683B00020FAF79DFF002840F09880FE
:10FCF00098F80030FF2B054626D0504E08F1010B36
:10FD00004FF0FF090446B71E03F0010A09E0B9F1FC
:10FD1000FF0F04F101021BD00134082C06F1080684
:10FD200038D017F83420D207F1D517F83420C2F3B1
:10FD300040025245F0D1062259463046019313F055
:10FD400014F9019B0028E7D1002003B0BDE8F08F33
:10FD5000072C5FFA84F904F102046BD017F8321013
:10FD6000C8070ED4082C06F1100613D017F834205B
:10FD7000D107D1D517F83420C2F340025245CBD178
:10FD8000D9E71446083617F83420C2F3400252452A
:10FD9000C2D1D0E7B9F1070F48D817F83920284C5D
:10FDA00063F3410207F839204FEAC90A0AF1020356
:10FDB000D8F80120FA503B44BBF804209A8098F808
:10FDC0000030661E03F0010304E00135082D04F144
:10FDD000280429D005EB85024FEAC20816F8322024
:10FDE000C2F38011D207F0D59942EED106225946CE
:10FDF0002046019313F0B9F8019B0028E5D116F8CD
:10FE0000083043F0200306F80830EDB217F8393017
:10FE1000BA4443F0010307F839308AF8015093E7F8
:10FE20000C2003B0BDE8F08FFF25EFE7072003B0FB
:10FE3000BDE8F08F4FF00709AFE700BF9233002015
:10FE4000411A00202DE9F04106460020FAF7EAFEAB
:10FE5000C8BB96F80080B8F1FF0F04462ED01B4DAA
:10FE60000136AF1E08F0010804E00134082C05F14A
:10FE7000080525D017F83430C3F34002DB07F4D56A
:10FE80004245F2D106223146284613F06EF800288A
:10FE9000EBD107EBC4035B78072B08D80C4A03EBC4
:10FEA000830312F8331060F3451102F8331017F88A
:10FEB000343023F0010307F834300020BDE8F0812E
:10FEC0000220BDE8F0810C20BDE8F08192330020D3
:10FED000401A0020072800B51AD80F4B00EB800EFF
:10FEE0004FEA800C13F83EE01EF0010F12D084445C
:10FEF0004FEACC0013F83CC00130CCF3801C81F8F1
:10FF000000C01958116003449B8893805DF804FB7E
:10FF100000DEE2E700DEEAE7401A00200820704732
:10FF200010B50020FAF772FE88BB1A4B1A4C1978EC
:10FF300093F82820207060F3000160F3000219702C
:10FF400083F8282093F8501093F8782060F300018C
:10FF500060F3000283F8501083F8782093F8A01023
:10FF600093F8C82060F3000160F3000283F8A0104A
:10FF700083F8C82093F8F01093F8182160F300017B
:10FF800060F3000283F8F01083F8182110BD0C20F4
:10FF900010BD00BF401A0020A74400202DE9F04FFB
:10FFA00083B083460020CDF800B0FAF72FFE00287A
:10FFB00056D11BF8012BDFF82481019202F00103D6
:10FFC000044608F1FF391E4604E00134082C08F10C
:10FFD000280841D004EB840209EBC20519F83270FD
:10FFE000F8074FEA840AC7F38012EED5B242ECD18B
:10FFF00006225946404612F0B8FF0028E5D13E4699
:020000024000BC
:100000007307019A07462FD4354D02F00108AE1E42
:1000100004E00137082F05F1080512D016F8373033
:10002000D907C3F34002F4D54245F2D1062259461E
:10003000284612F09AFF0028EBD106EBC706FF23F3
:1000400073705444002019F8343023F0010309F888
:10005000343003B0BDE8F08F022003B0BDE8F08F6C
:100060000C2003B0BDE8F08FDFF878C09CF80030BA
:100070005E1E023B062BF6B203D895F81780B045FA
:1000800002D18CF80060BFE7174A02EB061302EBBF
:10009000081296460FCB8EE80F00DFF850E03D4681
:1000A00005EB850309EBC30219F83330D90705D5F1
:1000B000580703D59EF81730B34207D00135082DF5
:1000C0000EF1280EECD1009B1A78DAE7009B82F83B
:1000D00017801A78064B03F80850D2E7411A00201F
:1000E00092330020A744002010330020401A002043
:1000F000083300202DE9F8431D465B7903F0C00367
:10010000402B01D0BDE8F8830F46F9B1DFF86480D9
:10011000002400F0010608F1FF3904E00134082C46
:1001200008F12808EED004EB840319F83330D9071E
:10013000C3F38012F2D5B242F0D1062239464046CE
:1001400012F013FF0028E9D1E2B203E0072AD9D860
:10015000DFF8249002EB8202D30019F83220D20794
:10016000D0D51833286849F803004B44AA889A80F0
:10017000C8E700BF411A0020401A00202DE9F84FBF
:1001800082461A4D1AF8018B8946002408F00108AE
:100190006E1E04E00134082C05F1280519D004EB8B
:1001A0008403DF0016F83330C3F38012DB07F1D588
:1001B0004245EFD106225146284612F0D6FE83462C
:1001C0000028E7D11837F41906212046F6F784FBFA
:1001D00010B90220BDE8F88FF059C9F80000A388D3
:1001E000A9F804305846BDE8F88F00BF411A002036
:1001F0002DE9F0478246164D1AF8018B89460024F6
:1002000008F001086E1E04E00134082C05F12805F1
:100210001BD004EB840306EBC30716F83330C3F39B
:100220008012DB07F0D54245EED106225146284622
:1002300012F09BFE0028E7D17B6A1A68C9F80020FB
:100240009B88A9F80430BDE8F0870220BDE8F0875C
:10025000411A002010B504460020FAF7D7FC40B937
:100260001CB1012C01D0122010BD034B1C700020CA
:1002700010BD0C2010BD00BFA8440020034B4FF45C
:100280007A7202FB00F01860704700BFA0320020B5
:100290002DE9F047824600208846FAF7B7FC70BB8C
:1002A0001C4D1AF8019B044609F001096E1E04E07A
:1002B0000134082C05F128051ED004EB8403DF006F
:1002C00016F83330C3F38012DB07F1D54A45EFD17E
:1002D00006225146284612F048FE0028E8D1B8F11F
:1002E000000F12D0B8F1010F0CD1F35D43F01003F1
:1002F000F3550020BDE8F0870220BDE8F0870C2010
:10030000BDE8F0871220BDE8F087F35D68F30413C1
:10031000F355EEE7411A0020D0B5314C31490023A6
:1003200004F1FF3C14F83320072A02EB820E05D8B3
:1003300011F83E2022F0200201F83E201CF8332064
:1003400022F001020CF833200133082BEAD1264AAF
:10035000264C002313700A7863F300020A7091F8A8
:10036000282063F3000281F8282091F8502063F3DD
:10037000000281F8502091F8782063F3000281F8A0
:10038000782091F8A02063F3000281F8A02091F872
:10039000C82063F3000281F8C82091F8F02063F3CD
:1003A000000281F8F02091F8182163F3000281F82F
:1003B00018210F4A13700F4B4FF0FF364FF0FF37E5
:1003C000C3E900670C4B236028B1BDE8D0400B495E
:1003D0000B4811F03CB9BDE8D040094811F043B9D1
:1003E00091330020401A0020A8440020A0320020B1
:1003F000A7440020381A0020A0BB0D0031060400DD
:10040000081A002008B9024870470248704700BF28
:10041000A4320020D0330020A8B110B50B4B1B68CC
:100420004FF4004240F2E7300021E3FB02014FF4B9
:100430007A720023E6F764FEBDE8104002460B46E0
:10044000034807F0CDBD024811F00DB9A0320020DD
:10045000081A002008B5094B00221A8030B9084B51
:10046000084A1B78002111801BB908BDFFF7C4FBA7
:10047000F5E7BDE80840FFF785BB00BFD03300209B
:10048000A8440020A43200202DE9F04F824687B016
:1004900011F0DBFA4B014FEA401BBBEB000B43EAC8
:1004A000D06363EB01039B0043EA9B734FEA8B0B22
:1004B0001BEB000B41EB03094FEAC90949EA5B79E1
:1004C0004FEAD931CBF3103B4BEA494B0191BAF1DA
:1004D000000F17D1514BD3E90023B3F1FF3F08BF01
:1004E000B2F1FF3F0ED0BBEB020261EB03034C49BC
:1004F00009688A4273F10003ACBF4FF001094FF065
:10050000000901E04FF00109464EDFF81C8100248C
:10051000F71F04EB8403A50017F83330DA0715D56D
:10052000B9F1000F01D1980710D42B1917F8333007
:10053000590759D42B1917F833301A0745D42544D5
:1005400017F8353043F0020307F835300134082C32
:1005500008F1060806F12806DBD1B9F1000F04D036
:100560002E4B019AC3F800B05A60BAF1000F08D0C0
:100570000020FAF73FFB044618B194F85E305B07A1
:1005800002D407B0BDE8F08FA37E072BF9D8FF2374
:100590008DF80830637F04EB830302A91E6A04F11F
:1005A0001C0001F04BF9727805463146023212F018
:1005B000ADFC29462046FAF745FB9DF80830FF2B95
:1005C000DFD0637707B0BDE8F08F02A930460DF0A9
:1005D0003AFB02A9F8B98B880298A8F80430C6F84B
:1005E0001D80C8F80000AAE7337C10490DF1170CF4
:1005F00001EB03110DF1070311F8010903F8010FD5
:100600006345F9D106F1170102A80DF01CFB002883
:1006100090D000DE8EE700DEDDE700BF381A002054
:10062000A0320020471A0020D83200201F330020BB
:1006300010B50120FFF728FF0A4B1B684FF400425A
:1006400040F2E7300021E3FB02014FF47A7200230D
:10065000E6F756FDBDE8104002460B46024807F09B
:10066000BFBC00BFA0320020081A002007280FD806
:1006700000EB8003084A12F833100B074FEA800C96
:1006800006D58B0706D5844402EBCC02506A70472E
:100690000020704700DEF6E7401A002007280CD83B
:1006A00000EB8000064911F83030C200C3F380002F
:1006B0005B0703D51E32501870470020704700BFFB
:1006C000401A00202DE9F047894617460AB1FF235A
:1006D0001370264D002400F0010A6E1E04EB840303
:1006E0005FFA84F816F83320D2074FEA840313D454
:1006F000CFB13A78FF2A04F1010426D0082C04EB8C
:10070000840105F128055FFA84F84FEA84030FD0CD
:1007100016F83110C907EDD5234416F83330C3F36A
:100720008013534509D00134082C05F12805D5D193
:100730004FF0FF084046BDE8F087062249462846AC
:1007400012F013FC0028EED1F4E7082C87F80080A3
:1007500005F128055FFA84F8EAD004EB840316F863
:100760003320D0074FEA8403D6D4C2E7411A0020D1
:100770002DE9F04F074685B000200E469046FAF767
:1007800045FA002875D1B946044619F8010B0DF158
:100790000F024946FFF796FF072840F2B9809DF8FF
:1007A0000FA0BAF1070F7CD80AEB8A024FEAC20BFE
:1007B000594DD7F801000BF101014FEA8A03685047
:1007C0002944B9F804008880387815F80B10009394
:1007D00060F3861105EB0B0305F80B103046102172
:1007E0000193F6F779F815F80BC0102160F3820C2D
:1007F000404605F80BC0F6F76FF815F80B1000F03F
:10080000010060F3C3014B0705F80B104DD400281D
:1008100064D10BF118020021A950009B3F4E2A44DD
:10082000918003EB0A0215F8321021F0120105F84D
:10083000321097F80080B71E08F0010804E0013478
:10084000082C06F1080618D017F8342012F0010B16
:10085000C2F34001F3D04145F1D10622494630466A
:1008600012F083FB0028EAD107EBC40787F801A048
:1008700005E00C2005B0BDE8F08F4FF0000B009BA9
:1008800053449A4615F833304FEA4B1223F02103B4
:1008900042F001021A43002005F83A2005B0BDE8F5
:1008A000F08F072005B0BDE8F08F1D4B1D4A197869
:1008B00005EB0B0C02F801A01B4A8CF8171002EB99
:1008C000011C0131197006F10F01013E11F801E917
:1008D0000CF801EFB142F9D100289AD0009BD8F86A
:1008E00004E0D8F808C00BF10706A81903EB0A01C9
:1008F00005EBC101D8F80030D8F80C80AB51C0F836
:1009000004E0C0F808C0C0F80C800020486280E70E
:10091000122005B0BDE8F08F401A0020923300206D
:10092000A7440020083300200F330020072807D8F1
:10093000044B00EB800013F83000C0F3C000704798
:1009400000207047401A0020024B1B7803700248B9
:10095000704700BFA7440020103300200C4B1B78C9
:1009600083420BD90B4B185C07280CD80A4B00EBC1
:10097000800213F83230DB0707D5704700DE054BE5
:10098000185C0728F2D900DEF0E700DE704700BFF0
:10099000A744002008330020401A002007280DD863
:1009A000084900EB8002830011F83220D20707D5F6
:1009B000034411F83300C0F3401070470020704723
:1009C00000DEF5E7401A00201378FF2B19D12DE93E
:1009D000F047194D0446AE46002303EB830C9E00FE
:1009E00015F83CC01CF0010003D0CCF3801CA445DA
:1009F00009D00133082B0EF1280EEED10120BDE8FD
:100A0000F0870120704701F1FF3877464FF0000C66
:100A100017F801AF18F8019FCA450CF1010CE8D195
:100A2000BCF1060FF4D11E44137015F836305A0786
:100A3000E5D5C3F30010E2E7401A0020024B187816
:100A4000003818BF01207047A844002000F008BB00
:100A500008B5002302F03EFC002008BD10B584B0AC
:100A6000079BD3E900209047012812D004460DF1DE
:100A70000F010DF10E00F7F7C5FF0021064B0091A5
:100A80009DF80F209DF80E000121F7F7FBF9034BAD
:100A90001C6104B010BD00BFA10A0400801B00202F
:100AA00000B585B00DF10F010DF10E00F7F7AAFFAB
:100AB0009DF80F20064B9DF80E0000210132009199
:100AC000D2B20221F7F7DEF905B05DF804FB00BFF2
:100AD000610B0400F0B58DB00E4605460DF12F01F7
:100AE0000DF12E001C461746F7F78CFF9DF82FC01E
:100AF00006940CF1010C0024CDE90744CDE9034430
:100B0000CDE901449DF82E00059700962B465FFA2B
:100B10008CF20121F7F72CF910F0FD0F0AD00648EE
:100B20000094064B04619DF82F209DF82E000121B2
:100B3000F7F7A8F90DB0F0BD801B0020A10A040052
:100B400070B5059D0446F7F763FF2B462046034A20
:100B5000BDE870400621FFF7BDBF00BF5D0A04007D
:100B6000014806F0C9BF00BF0434002070B5044638
:100B7000059DF7F7F5F92146F7F7F4F9062800D9AE
:100B800070BD2B462046034ABDE870403121FFF777
:100B9000A1BF00BF410B040008B50122002102489B
:100BA00010F080FC002008BD04340020024BA0F2AD
:100BB000A462C3E900207047801B00200020F7F7E3
:100BC000B9B800BF08B5F7F7CBF9014B986008BD7D
:100BD000801B0020684620F007018D4601B501F01A
:100BE00093FDEBF74DF8BDE801408546704700BF27
:100BF00008B50A4BD3F840213AB90120F5F762FF56
:100C0000BDE808400220F5F75DBF0020C3F84001B1
:100C1000D3F84031F7F79AF8EFE700BF00B0004093
:100C20000020F5F74FBF00BF90B90E4B0E4A197860
:100C300010788842CBB20DD10C480D4990F800C015
:100C4000013313700B78634507D003780B7070473E
:100C500000DEEAE700DE1378EEE700DE03780B70D3
:100C6000704700BFA9440020AA440020AE440020E1
:100C7000AD4400200B4A0C4B117893F800C08C4512
:100C80000DD012781A70094A094B18B911781878E2
:100C9000884202D012781A70704700DEFAE700DE50
:100CA000EFE700BFAC440020AB440020A944002083
:100CB000AA44002001F052BE08B50B480B4B027845
:100CC00019788A420CD00A4B017000220398986070
:100CD00011460120F5F794FE00B908BD00DE08BDFD
:100CE00000DE1978EFE700BFA9440020AA440020E5
:100CF000340700202DE9F041304A314E1278337824
:100D00009A428AB00C4605D12E4B2F4A1B78127896
:100D10009A4247D02768DFF8B48007F12D0525F007
:100D20007F45D8F800102846F7F71CF910F40000AA
:100D300002D10AB0BDE8F081254A264B11781A7815
:100D4000914213D11F4A20491278097891420DD05F
:100D50001A780132D2B21A7000221F4B009211464B
:100D60001046F7F78FF810F0FD0F24D11B4BE16808
:100D7000C8F800500022CDE90732194BCDE9032213
:100D8000CDE90531CDE901222D23009334780134DA
:100D9000E4B23B46114610463470F6F7E9FF0AB05C
:100DA000BDE8F0810768DFF8248007F12D050446CF
:100DB00025F07F45DAE700DE00DED7E7AD4400200E
:100DC000AE440020A9440020AA4400201C34002086
:100DD000AB440020AC440020750C0400290C040036
:100DE000B90C04007A4A9368002B00F096802DE934
:100DF000F04F136889B08146002B46D04FF0FF3387
:100E00008DF80A300DF10A00F7F77CFF0446002840
:100E10003BD0037F9907F5D1857A15F00205F1D112
:100E2000C3684B4555D00668A8462F460DF10A0009
:100E3000F7F768FF8346F0B1027F9207F6D1827A16
:100E40009307F3D4C268B8F1000F21D04A4558D0B7
:100E5000DBF800A031465046F7F784F800F40000B4
:100E600000280DF10A001CBF5F465646F7F74AFFFF
:100E700083460028E0D1002F08BF27463946384670
:100E8000FFF738FF30F0020339D109B0BDE8F08F29
:100E900091458046DCD1237FE16843F0020323774C
:100EA0002046A3699847FF238DF80A300DF10A0008
:100EB000F7F728FF04460028E7D0037F9F07F5D106
:100EC000837A9E07F2D4C3684B4502D000DED0F887
:100ED0000C903F4A4846D2E9001303AA98470646B9
:100EE000002843D010F1100F59D0394A00209368E0
:100EF0001168984716F10B0F10D08C36C5D000DE64
:100F0000C3E7227FE16842F0020222772046A2690D
:100F10009047D8457FF472AFC5E770472C4A00234D
:100F2000D2F80890D2E9004802261360FF278DF816
:100F30000B700DF10B00F7F7E5FE90B1037F9A07F8
:100F4000F7D40DB9DB07F4D4C368A342F1D1037F12
:100F5000826943F002030377214690478DF80B70B6
:100F6000E7E70125AE420AD02E46E0E7237FA269DB
:100F7000E16843F0020323772046904785E700228B
:100F8000CDE904220692039B00964946404604AAF6
:100F90000794F7F76FFE00287FF477AFAFE7A37AE7
:100FA00043F00203A3720DF10A00F7F7ABFE01460E
:100FB00000283FF46AAF037F9D07F4D1837A9C0732
:100FC000F1D4FFF797FE30F002033FF45EAF96E7EF
:100FD000981B002010B5174810F09AF830B3164B44
:100FE00000249C6000F07EFA00281EDB2246214689
:100FF0000120EAF7ADFD224601210B20EAF7A8FD0A
:10100000214622461820EAF7A3FD0C4B1022C3F814
:1010100004230120EAF76CFD0B20EAF769FD182094
:10102000EAF766FD01F08AFB204610BD6FF0120062
:1010300010BD00BF98310500981B00200010004033
:1010400008B500F061FA002809DB0120EAF75EFD2F
:101050000B20EAF75BFD1820EAF758FD002008BDD9
:10106000034603488AB2194683681B68184700BFC5
:101070009831050030B4074DAB685C6834B18AB272
:10108000A44601460023284630BC60476FF0570055
:1010900030BC70479831050030B4074DAB685C68D0
:1010A00034B18AB2A44601460023284630BC6047CA
:1010B0006FF0570030BC7047983105000020704732
:1010C00070B5044682B0002833D0204B1A688242A3
:1010D00029D0FF250DF107008DF80750F7F712FE14
:1010E000034640B91DE0A1420CD00DF10700F7F70F
:1010F00009FE0346A8B11A7F9207F6D4D9681846AC
:10110000002CF0D11A7F9E6942F002021A77B04794
:101110000DF107008DF80750F7F7F4FD034600289E
:10112000E9D102B070BD9B686BB1014600209847C1
:10113000CFE7064A9368002BCBD011680029C8D0AE
:1011400000209847C5E700DEC3E700BF981B0020DA
:101150000020704710B50446F7F7C6FD8CB90D4B5B
:101160009A68AAB11C6800229A601A6004B12468C7
:101170000020F7F7E1FD2046F7F76EFE28B10020CA
:1011800010BD0028F3D100DEF1E700DE002010BD25
:1011900000DEE7E7981B00202D20704710B51446AD
:1011A000F6F7DEFE2146F6F7DDFE030204D4023038
:1011B000092898BF002010BD002010BD262810B5BA
:1011C000044613D0272809D0252817D1022001F082
:1011D0002BFB2046BDE8104001F02CBB502001F055
:1011E00023FB2046BDE8104001F024BB1A2001F08B
:1011F0001BFB2046BDE8104001F01CBB0A2807D9A4
:1012000027280AD900DE2046BDE8104001F012BBB5
:101210000230400001F008FBDBE70330400001F042
:1012200003FBD6E701F064BB01F06ABB08B501F02F
:1012300095FBBDE8084001F0F3BC00BF08B501F024
:101240008DFB01F0EDFCBDE8084001F091BC00BF52
:1012500008B501F083FB01F0E3FC01F0C7FC01F0ED
:10126000EBFEBDE8084001F083BC00BF08B50146B5
:10127000114801F059FA01F09DFB60B101F068FDE1
:1012800001F092FA00F082F900280EDBBDE8084078
:101290000020FFF75FBF01F041FB01F059FD01F0B5
:1012A00083FA00F073F90028F0DA00DE0020BDE8D0
:1012B0000840FFF74FBF00BFB50C040010B504464F
:1012C00001F04CFB01F0ACFC01F090FC01F0B4FE2D
:1012D00001F04EFC2046BDE81040FFF7C7BF00BF3D
:1012E00010B5044601F03AFB0D48214601F01CFA06
:1012F00001F060FB40B100F049F900280ADBBDE8CD
:1013000010400020FFF726BF01F008FB00F03EF977
:101310000028F4DA00DE0020BDE81040FFF71ABF15
:10132000B50C04002DE9F04F89B01F469DF848B078
:10133000FF238046894692468DF81F300DF11F002D
:10134000F7F7E0FC002846D0037F9D07F6D1837AAB
:101350009C07F3D405683E689DF81F30059304464A
:1013600029463046F6F7FEFDBBF1000F53D0BC42D4
:1013700008BF002426460DF11F00F7F7C3FCD0B1CB
:10138000027F9107F7D1827A9207F4D40268049021
:10139000294610460392F6F7E5FD039A049B00F4F4
:1013A000000000280DF11F001CBF15461E46F7F770
:1013B000A9FC0028E4D1059B8DF81F30314B9A68B9
:1013C000002A30D17EBB54B1BBF1000F48D1BC42E2
:1013D00005D000DE03E02B4B9A68044612BBFA6886
:1013E0001A60C3E901893846D04704460DF11F0051
:1013F000F7F788FC014650B1037F9A07F6D1837A4C
:101400009B07F3D4FFF776FC30F0020333D120467C
:1014100009B0BDE8F08F0002A9D5FF23354605933A
:101420005C46A7E706464946CDF800B0534640461D
:101430003A46F7F71FFC014680B1BBF1000F0AD115
:10144000BB7A980707D4C6B13046FFF753FC30F09B
:10145000020300D000DE6FF07604D8E700DEECE790
:10146000CDF800B053463A4649464046F7F702FCED
:101470000028F0D1EEE700DEC9E7002C14BF2646B5
:101480000E46E1E7981B002001F1100006F034BB86
:1014900070B5054688B00C460122002104A810F062
:1014A00001F80F4B01930026032369462846039653
:1014B00002930AF056F9002810DB31464FF400433E
:1014C00040F2E730E4FB03014FF47A720023E5F7C2
:1014D00017FE02460B4604A806F042FB08B070BD9A
:1014E0008914040010B50120064C03F0D1FA002342
:1014F0000121A1606360E3602146BDE810400AF06D
:1015000030B900BF2434002010B5012003F0C0FA28
:10151000044904460AF094F92046BDE810400AF058
:101520006BB900BF243400200C4B1A780AB100209C
:10153000704710B50120187003F0AAFA4FF47A71C1
:101540000446FFF7A5FF38B920460AF055F90228EE
:101550000CBF00206FF0040010BD00BFAF4400209E
:1015600008B5094BBFF35B8F53E8002F511C43E8CC
:1015700000100028F8D1BFF35B8F002A01DC03F0D4
:101580008FFA002008BD00BF2034002008B50E4BA4
:10159000BFF35B8F1A68BFF35B8F002A10DDBFF3C8
:1015A0005B8F53E8002F511E43E800100028F8D14C
:1015B000BFF35B8F012A01DC03F088FA002008BD2D
:1015C0006FF0770008BD00BF203400203220704744
:1015D000014B33F810007047C442050010B50446B3
:1015E000FFF736FE01F0F8FA2046BDE81040FFF79D
:1015F0003DBE00BF30B583B0044601F0D9F9FFF716
:1016000015FE962001F01CFB002318461A461946C9
:1016100001F040FA0120F7F7D1FA78B31C3001F05D
:101620005BF901F0B1F938BB1548214601F07CF8AF
:10163000FFF704FAA8B901F0DFFB002104460846D1
:1016400001F060F900210546084601F057F92C44E5
:10165000CB34201A01F088FB03B0BDE8304001F024
:10166000BDBB0DF10700FFF76FF9002201469DF8A1
:10167000070001F09FFCDEE700DED5E700DECDE7E6
:10168000C51B040010B50446FFF7E2FD01F0A4FA03
:101690002046FFF7EBFD054B0021012208469C6028
:1016A000F5F7AEF900B910BD00DE10BD440700200B
:1016B000814208B50ED00B7ADB0702D46FF08B00A5
:1016C00008BD0C4B1360FFF74BFF00280FDB6FF0DA
:1016D0000A0008BD0B7B01EB83010B691B7803F04B
:1016E0000F03012B0CBF00206FF08B0008BD00DE44
:1016F000EDE700BF151A040010B548B10C46FFF71E
:1017000045FF00280BDB2046BDE81040FFF722BD57
:10171000044801F009F8BDE8104001F0FFB800DE10
:10172000F1E700BFDD150400084B042210B598183E
:101730002821F5F76BF8064B00249C8102222146F4
:1017400004480FF0AFFE204610BD00BF5C340020FF
:101750004C3400203C340020084B042210B598186B
:101760002821F5F753F8064B00249C8102222146DC
:1017700004480FF097FE204610BD00BF5C340020E7
:101780004C3400203C34002010B504460548F5F7E1
:1017900061F820B1034600205870636010BD6FF0FF
:1017A0000B0010BD5C3400200346002018705870F8
:1017B0009860704738B51E4D2B7B6A7B9A4202D0E9
:1017C00055F8234034B91B48F5F744F8044680B176
:1017D000204638BD184806F0E9F92B7B6A7B9A420F
:1017E000F6D00133DBB2032B08BF00232B73204656
:1017F00038BD11484FF42032002306F0B1F9A0B9EA
:101800000D4806F0D3F92A7B6B7B93420BD0531C17
:10181000DBB255F82220032B08BF00232B7312B133
:101820001446204638BD00DED2E700DEE8E700BF00
:101830004C3400205C3400203C34002010B5027889
:1018400043789A4214D0D4B244700278944204D0BF
:101850005A1C4370D3B2022B0ED01A4600EB8204FE
:101860000B70606800B110BDFFF7A4FF606010BD91
:101870000133DBB2022BF0D100221346EEE700BFAA
:10188000F8B5027843789342044625D0D5B2154A7C
:10189000507B92F80CC0431CDBB2032B04EB850792
:1018A00008BF00239C450E46796806D042F82010F8
:1018B00053730D4806F020F900216B1CDBB2022B9C
:1018C0000ABF00221A46134679602370012104EBF7
:1018D000820431706068F8BD1A4604EB82046068C7
:1018E000F8BD00BF4C3400203C34002030B5037AF2
:1018F000C3F302130446002B93FAA3F0B0FA80F06E
:1019000008BF4FF0FF3083B000F1010044D0217ACE
:101910005A1E134063F3061121722430FFF74EFC68
:1019200000230DF1070104F10C008DF80730FFF7DB
:10193000A7FF054670B3284600F0D4FF2B7803F0CC
:101940000F03022B1DD00DF1070104F11800FFF762
:1019500097FF30B39DF8073063B92146124800F075
:10196000E3FE962001F06CF9002003B0BDE83040A2
:1019700001F048B8D5F80230C0F80230EB88C380D7
:10198000EBE70A48214600F0CFFE03B0BDE8304047
:1019900001F0E0B800DECEE700DE237AC3F30213E5
:1019A000B5E700DED6E700BFF5150400011A040014
:1019B00010B50446FFF74CFC237A03F07102012AAC
:1019C00005D1C3F3420262F306132372DBB213F0B4
:1019D000700F05D0636853B193F82C309B0706D580
:1019E00001F0FAF82046BDE81040FFF73FBC204662
:1019F000FFF77CFF00F08CFFBDE8104001F0EEB96E
:101A000010B5044600F0D4FF2046BDE81040FFF7B3
:101A1000CFBF00BF70B5C36804461E68F6F7A0FAD2
:101A200005463046FFF7B8FB00232D1AC4E90053E2
:101A300023812046BDE87040E7F76AB810B582B050
:101A40000446FFF78DFD002809DB084A08490948CC
:101A500000940023F7F72EFA18B902B010BD00DE8B
:101A6000F3E77730F9D000DEF7E700BF118B020013
:101A7000F9160400B11604002DE9F0410D46417A33
:101A80009DF818801746CA071E4609D5B8F1000F01
:101A900017D02B78B7EBD31F1AD00020BDE8F08108
:101AA0002946044611F8020B079AC0F38010FEF78E
:101AB0008BFF0028EDD1637ADB07EED5B8F1000F7C
:101AC000E7D1079B1878FEF769FF0028E1D1E4E72A
:101AD000062205F10801304611F047FAB0FA80F00D
:101AE0004009BDE8F08100BF2DE9F84F1F460B9B70
:101AF0009DF828909DF8305006460C4692466BB9EA
:101B0000437A03F00303012B2CD9002D3AD023781C
:101B1000BAEBD31F4AD00020BDE8F88F88460D9A53
:101B200018F8020BC0F380104146FEF74DFF002865
:101B3000F2D094F800B0BAEBDB1FECD104F108014D
:101B40003846062211F011FA0028E4D10D9B1B78CB
:101B5000FF2B1ED0B27AFF2A1BD0981AB0FA80F061
:101B60004009D9E711F8020B0D9AC0F38010FEF777
:101B70002BFF0028CBD1737A03F00303012BCAD9C2
:101B8000002DC4D10D9B1878FEF708FF0028BED1A8
:101B9000C1E7CBF3801BCB45BDD10B980622414654
:101BA00011F0E3F9B0FA80F04009B5E7062204F13C
:101BB0000801384611F0D9F9B0FA80F04009BDE8C3
:101BC000F88F00BF2DE9F0438BB0044600F0E6FE2D
:101BD000C0B2002800F0988000F002FF054601F036
:101BE0000FF8814601F016F801F03EFA064601F0C2
:101BF0001DFAEDB2804600F0C5FFFFF729FB45B99D
:101C00005F48214600F090FD0BB0BDE8F04300F0C6
:101C100085BE16F0FF067AD1FF2301208DF827300C
:101C2000F6F7CCFF0546002800F09480237B04EBF8
:101C3000830305F11C011F693B465FFA89F913F81C
:101C4000020B00F00F0CBCF1010F08BF07F10808F0
:101C5000C0F380124FEAD017287F00F00F0018BFA2
:101C60004FF0000803285AD00528C9D1687F2228E0
:101C7000C6D160680028C3D090F82C008007BFD47C
:101C80000DF127000390CDE9018900972046FFF769
:101C90002BFF0028B4D00420F6F790FF0028AFD027
:101CA0003848214600F040FD00F038FE00F06CFEA0
:101CB000002851D1626892F82C3043F0010382F879
:101CC0002C30F6F795FF17224FF6FF730271C38091
:101CD0008460054601F036F8286101F087F800219C
:101CE0000446084600F00EFE241A6C61AEB19DF861
:101CF00027306B76F6F77CFF2946E8602868F6F710
:101D0000A1FF0BB0BDE8F083FFF7A2FA78E75FFA16
:101D100088F0FEF723FE03467FE7FF23E9E7687FAD
:101D20000C287FF46DAFB8F1000F7FF469AF0DF1AF
:101D300027000190CDF800902046CDE906230591BB
:101D4000FFF79AFE50B9287F079BDDE9051200F0E6
:101D50000F0089E700DE69E700DEABE70A482146AD
:101D600000F0E2FC00F0F6FE237E04EB8303D8696A
:101D700000F0B8FD00F008FE0028C2D000DEC0E789
:101D8000B119040085160400011A0400F8B50546CF
:101D9000FFF75EFAF7F752F8044600283FD0214BD0
:101DA000214A1B781178A27920485B0001F00101DB
:101DB00003F002030B4322F0030213431C4A018881
:101DC0001278A18001202070A371227219B195F9B7
:101DD0002730002B04DB2846BDE8F840FFF746BA61
:101DE00095F82C30C3F30213022B16D0042B0CBF32
:101DF0004FF4BC77282700F0E5FF064600F0E8FF27
:101E0000361AE660EA6BC4E904270023EB636B64CF
:101E10002846BDE8F840FFF729BA1827EBE700DEAF
:101E2000BDE700BFB2440020B3440020524300206D
:101E3000B044002008B500F0DDFD02780346012122
:101E400061F301021A70002008BD00BF0020704736
:101E5000704700BF30B40849084A094D094C0A4888
:101E600000230B8013700949094A2B8023700370EB
:101E70000B70137030BC704752430020B4440020F4
:101E800054430020B3440020B2440020B144002059
:101E9000B0440020814207D091F82C305B070BD56D
:101EA0000B4B188840B97047094A0A4B12881978B9
:101EB0001AB941B100DE03E0064B1B78002BF9D1C3
:101EC0006FF08B00704701221A706FF00F0070479F
:101ED00054430020B144002038B50D4678B3044681
:101EE000FFF754FB002847DBE2682389518B93837B
:101EF00001330B4492F927105383002913DBF6F7C3
:101F00009DFF002836D0837923F00303002243F09D
:101F10000203012101708280837102722846BDE8AC
:101F20003840FFF717B92089136B916B00FB03331F
:101F30000B44516B8B4228BF0B469363DFE791F94B
:101F40002730002B0ADB0D48294600F0EDFB00F09E
:101F5000E5FC95F87E301B0708D438BD084B1B887C
:101F6000002BF0D1074B01221A70ECE7BDE8384096
:101F700001F016B800DEC6E700DEB5E78D1D0400EF
:101F800054430020B2440020F8B505460120F6F77E
:101F900015FE024658B30021517795F86760B5F8F1
:101FA0005A7006F00706304602F11C0400F0FEFBF2
:101FB00095F87E30B2001B07F9B242F001020ED54F
:101FC0000431C9B2082000F05DFC2246314605F11B
:101FD0007F0000F017FFBDE8F84000F07DBC08204E
:101FE00000F050FC2046BDE8F84000F075BC00DE73
:101FF000D1E700BF38B50446FFF718F9244AA08995
:1020000013880133138000F01BFE94F8662094F8C7
:102010006700C2F3C00300F0070002F007020021CE
:1020200000F038FD2046FFF7AFFF00F0ADFC60BBCD
:1020300000F0E2FE258A034694F8670001210D3581
:1020400000F007001D4400F05DFC94F8673003F0D9
:102050000703022B054416D0042B0CBF4FF4BC73AE
:10206000282394F86600C0F3C00100F007001D4467
:1020700000F044FC281A00F077FE21460548BDE830
:10208000384000F051BB1823EBE700DED0E700BF7B
:1020900054430020AD210400F8B50F4690F86610B7
:1020A000B0F8586001F007040546C1F3C0012046AE
:1020B00000F07CFB95F87E30A200DB0642F00102C6
:1020C000F1B20DD50431C9B2082000F0DBFB39466E
:1020D00005F1A00000F0EEFEBDE8F84000F002BC03
:1020E000082000F0CFFB3846BDE8F84000F0FABB0E
:1020F000F0B5054683B001AA806E0F46E96EF4F78D
:102100000FFC95F87E305A07064638D448B3019C38
:1021100095F87D3095F87C2004341C4412B962781F
:1021200085F87C2033B12378012262F30103237008
:1021300095F87D3095F87C20D31A63702846F9F71E
:102140009BFC637883422AD960700122237803F0D4
:102150000F03002143EA02132370A1703C6003B017
:10216000F0BD43F0040385F87E3000F043FC0446E4
:10217000237823F0100323703C6003B0F0BD43F0DC
:10218000040385F87E3000F035FC0446002EEFD0C5
:10219000037843F0100303703C6003B0F0BD326875
:1021A000EB6ED21A18BF0122D0E700BF2DE9F04331
:1021B00083B0044600F0F2FBC0B2002879D000F0F2
:1021C0000FFC5FFA80F800F0DDFCFFF737F8A84A53
:1021D0001388012003441380F6F7F0FC054600281D
:1021E00000F0EB80B8F1000F18D1A24B1F78002F40
:1021F0006AD1012201A920461A70FFF779FF94F9EC
:102200002730002B80F2F980676CB946002F00F070
:10221000CF804FF00009019E474660E094F87E3081
:102220002A7F03F00101C2F38000884200F0A280FF
:1022300094F9272081F0010161F30003002A84F85A
:102240007E3005DA94F82C3043F0080384F82C3003
:1022500094F87E305E0700F1C780D4E91A0101AA24
:10226000F4F75EFB0646F0B194F87D20019B134421
:10227000597971B194F87E30D8060AD5D4F8B030C7
:102280000133C4F8B030D4F8B43043F10003C4F8DB
:10229000B43094F87C300A44D2B29A42C0F0B5808F
:1022A00000F0D28000DE94F87E302A7F4FF00009E3
:1022B00062E0FEF7C3FF7048214600F035FA03B034
:1022C000BDE8F04300F02ABB013FFFB201A9204660
:1022D0001F70FFF70DFF002F91D1019EC146664888
:1022E000214600F021FA00F035FC94F87E20337886
:1022F00062F3C303337094F87E303278C3F3400343
:1023000063F38202327031462046FFF7C5FE00F0CB
:102310003BFB00286FD100F055FD88B1B9F1000FEB
:1023200015D0A08A4FF6FF73984200F08580494689
:10233000F9F736FB7FB903B0BDE8F043F6F77ABC96
:1023400000F034FD00F038FDB9F1000FE9D117B904
:1023500003B0BDE8F083F6F74BFC03232B71A38A8F
:102360002868EB802946F6F755FC03B0BDE8F0433A
:10237000F6F760BC4FF00009C2F3C002C3F340039C
:102380009A4245D000273B4A3C4B00211170204621
:10239000012201A91A70FFF7ABFE94F92730002B38
:1023A0004DDB2B7FDA0603D4019E3378DB0627D57D
:1023B000334B1B783BB1019E91E700DEB8F1000F73
:1023C0003FF413AF2AE7E08900F03AFC94F8670085
:1023D00000F0070000F016FB2A48214600F0A4F99F
:1023E00000F0FCFC019E80E723F0040384F87E30BB
:1023F00000F000FB57E700DE8DE70027B946D7E77E
:102400007378002B3FF46BAFD2E784F87D204AE766
:102410000320F6F7D3FB0028B4D094F87E3083F085
:10242000020384F87E306B7F002BABD094F87E30B3
:10243000190729D40127A6E700DEA08A77E7636C95
:10244000002BAED0B846E6E60022A4F87C20E06E71
:1024500004F16801F4F76CFA019B1B683360019B7F
:102460001E60DDF8049094F87E302A7F84E700BF78
:1024700052430020B44400208D1D0400B3440020CA
:10248000B1440020F51F040000F058FD00285DD085
:1024900000F07CFD002849D1D4F88F30D4F8932087
:1024A000134304D12B7F03F00303032B28D0284BC5
:1024B0002848022221461A7000F036F900F02EFA60
:1024C00000F062FAB8B900F07DFC60B1B9F1000F1C
:1024D0003FF43EAFA08A4FF6FF7398420DD04946B5
:1024E000F9F75EFA27E700F061FC00F065FCB9F14E
:1024F000000FEFD12CE700DEE5E700DEA08AEEE773
:1025000000F07CFA4278272A0146D0D8033205F140
:102510001C0010F0FBFCD4F88F30D4F89320013B62
:10252000C4F88F3042F1FF33C4F89330D4F88F30C1
:10253000074A0133C4F88F30D4F8933004F18F0187
:1025400043F100034B600123137073E700DE9FE744
:10255000B04400208D1D040010B582B00446FEF783
:10256000FFFF002809DB084A0849094800940023B6
:10257000F6F7A0FC18B902B010BD00DEF3E7773023
:10258000F9D000DEF7E700BF698C0200D91E040015
:10259000951E04004FF080530246D3F8A410013179
:1025A00007D04FF08051D1F8A00010F0010009D100
:1025B0007047D3F8A8304FF6FF719BB28B42F0D131
:1025C00000207047D1F8A4301360D1F8A8301371FF
:1025D000C3F3072363F03F035371D1F89030013305
:1025E0001CD0D1F89430013318D0D1F89830013391
:1025F00014D0D1F89C30013310D0D1F89030C2F80B
:102600000630D1F89430C2F80A30D1F89830C2F8C8
:102610000E30D1F89C30C2F8123008E00023C2F826
:102620000630C2F80A30C2F80E30C2F8123001206B
:10263000704700BF00234FF0805203604360836007
:10264000C360D2F88030013318D0D2F8843001331F
:1026500014D0D2F88830013310D0D2F88C30013346
:102660000CD0D2F880300B60D2F884304B60D2F8B6
:1026700088308B60D2F88C30CB60704700230B60C1
:102680004B608B60CB607047054B4FF4803200216C
:10269000C3F80815C3F84423C3F80423704700BFE8
:1026A00000B00040054B1878421C1A7018B9044B52
:1026B00001221A6070470120704700BFB544002016
:1026C00000B00040074B187848B10138C0B218700C
:1026D00018B9054B01225A6070470120704700DE8F
:1026E0001878F2E7B544002000B00040014BD3F861
:1026F0000405704700B00040024B00F5A87043F895
:102700002010704700B00040044BD3F8103123B1C3
:10271000034A044B10681B681847704700100040BC
:10272000183800201C380020024A034B1160186042
:10273000704700BF183800201C3800204FF080433D
:102740004FF0FF320021C3F8002EC3F8042EC3F867
:10275000081EC3F80C2EC3F8101EC3F8142EC3F8BD
:10276000182EC3F81C2EC3F8202EC3F8242EC3F84D
:10277000282EC3F82C2EC3F8302EC3F8342E704701
:10278000074B084810B44FF4905100244FF41052F6
:10279000C0F81845C3F80018C3F8042810BC7047E7
:1027A00000F0014000100040704700BF054B0228B8
:1027B0000CBF0421032140F20122C3F81015C3F815
:1027C0005026704700100040072819DC831EDBB23A
:1027D000052B11D9002818DA031D1BDA10F1080F98
:1027E0001ADA10F10C0F19DA10F1100F18DA10F1D3
:1027F000150FCCBFEC20D8200A4BC3F80C0570474E
:10280000084B0820C3F80C057047064B0020C3F89E
:102810000C057047FC20EFE7F820EDE7F420EBE72C
:10282000F020E9E700100040014BC3F808057047AD
:1028300000100040084B00F07F00C3F85405D3F8A7
:10284000182522F00072C3F81825D3F8182542F095
:102850000072C3F81825704700100040084A002194
:102860000123C2F82C15C2F83035C378C2F82435DC
:102870008178038843EA01431B02C2F81C35704784
:102880000010004002F01C03A3F1080302F0030251
:10289000B3FA83F3013A5B091B06022A98BF43F49B
:1028A000801300F00F000A4A184340F48070C2F809
:1028B0001405D2F81805074B0340C2F81835D2F8B2
:1028C0001835194341F44031C2F81815704700BF5C
:1028D000001000400000F8FE014BC3F804057047EB
:1028E00000100040014BC3F8040570470010004081
:1028F00002280CBF28202920704700BF0120704704
:102900002920704702280CBF05200A20704700BF0D
:10291000014B01221A607047001000400B4B0C481D
:102920000C4910B44FF41064C3F8084501224FF469
:1029300080245A60DA60C0F84843074CC3F8084561
:102940000020C1F800020A6110BC704700F001408D
:1029500000B0004000100040C001700E094B002282
:10296000C3F80021D3F80011C3F80421D3F80411EF
:10297000C3F80C21D3F80C11C3F81021D3F810318F
:10298000704700BF00100040034BD3F8000100382F
:1029900018BF0120704700BF00100040034BD3F860
:1029A0000C01003818BF0120704700BF0010004024
:1029B00001207047034BD3F85005B0FA80F040096E
:1029C000704700BF00100040044B40F20312C3F8F0
:1029D0003425C3F83805C3F83C1570470010004093
:1029E000034BD3F80004003818BF0120704700BF24
:1029F000001000400048704718370020004870471A
:102A000014360020F0B41D4B1D4D1E4E1E4C1F4FA2
:102A10000322C3F800222A78C6F8687502F10C0375
:102A2000DBB2D000DB00910003F1804300F1804075
:102A300003F5F83300F5F83001F18041C6F86C0574
:102A400001F5104104EB82041148C3F81045C3F8A6
:102A50001405D1F840352D2B8ABFD1F8403501231C
:102A60002D3BC1F840350132064B4FF4106102F0A6
:102A70000102C3F804152A70F0BC70470010004032
:102A8000B644002000F00140409100400C1100408D
:102A9000041000402DE9F041284E294C294FDFF861
:102AA000A8E0DFF8A8800323C6F800322178CEF82A
:102AB000688501F10C03DBB2DB00CD0003F180433C
:102AC00003F5F83305F1804507EB810705F5F83587
:102AD000CEF86C554FEA810CC3F8107549F6346591
:102AE000C3F814654AF2B813022A18BF1D460CF148
:102AF000804C42F2B84241F28833022818BF134694
:102B00000CF5104C124A2B44A2FB0323DCF84025A1
:102B1000B2EB931F85BF9809DCF8403501231B1ADF
:102B2000CCF840350131084B4FF4106201F001013F
:102B3000C3F804252170BDE8F08100BF00100040FB
:102B4000B64400204091004000F001400C110040CC
:102B5000D34D62100449054B03204FF41062C1F8B5
:102B60000002C3F8082570470010004000F0014043
:102B7000034B0022C3F81C21D3F81C31704700BF5F
:102B800000100040034BD3F81C01003818BF01208F
:102B9000704700BF0010004010B44FF0000C4FEA27
:102BA0008C0303F1804303F580531468C3F8004697
:102BB0000CF1010C9488C3F82046BCF1080F02F117
:102BC0000602ECD1034B40EA0120C3F8400610BCDA
:102BD000704700BF00100040034AD2F8403623F08F
:102BE000FF03C2F84036704700100040034B00223C
:102BF000C3F81421D3F81431704700BF001000400F
:102C0000034BD3F81401003818BF0120704700BFF0
:102C100000100040014BD3F8100470470010004032
:102C20000449054B054A4FF48020C1F84803C3F816
:102C30000825704700B0004000F00140C001700E50
:102C4000034B044A1B7803F5A87342F8230070472E
:102C5000B644002000900040F0B4A2F574232F4D3C
:102C6000A3F51073AB42044606D902F1E87202F5EF
:102C7000D432013902F5A572294B2A482A4D2B4E30
:102C80000127DF600027C3F80475A0FB02020427B8
:102C9000C3F81075900C0227C3F80875244AC3F8CE
:102CA0004005C5F848154FF48021C5F8441340216C
:102CB000C2F84065C2F84435C2F8041544B34FF475
:102CC0008013C2F804351B4A194B1B4D0124D460F4
:102CD00000210424C2F80415C2F81045C2F80815F2
:102CE000C3F828290C32C3F85055C3F8542502F50F
:102CF000AF32124CC3F8584502F5FC72C3F85C259C
:102D00000F49C3F860150832C3F86425F0BC70475A
:102D10004FF40013C2F80435D5E700BFBFBDF07F04
:102D20000080004083DE1B4300B0004048B10040FB
:102D300000F00140009000400C1100404091004024
:102D400044910040014BD3F84805704700B0004063
:102D50000349044A01234B600B61536013617047C0
:102D600000800040009000400449054BC1F8440534
:102D70004FF08862C3F80425704700BF0080004010
:102D800000F00140054B06480649074AC3F84805CC
:102D9000C3F84C15C3F80425704700BF00F001408C
:102DA000001100404080004080000004014BD3F837
:102DB0004405704700800040014B1860704700BF19
:102DC00010360020014B1868704700BF10360020F5
:102DD000014BD3F84005704700800040024B4FF094
:102DE0000062C3F80425704700F00140014BD3F89E
:102DF0004805704700800040014BD3F848057047F4
:102E000000800040244B30B40024C3F80045022465
:102E1000A142C3F80045054634D003F580334FF096
:102E200000711E4CC3F804151B491D4BC1F8044525
:102E3000D3F81835DBB21F2B03D9FF2B29D0191F6C
:102E400000E01B21144B1748C3F81815002416493D
:102E5000C3F80855C3F80C05C3F81025C3F81415BA
:102E6000C3F80042C3F80041D3F80021C3F804417D
:102E7000D3F80421C3F808410122D3F808111A60DD
:102E800030BC7047094B0A4C4FF00071C3F8041571
:102E9000CAE7FB21D6E700BF00F0004001000001B7
:102EA00000100040143600200435002000F00140DE
:102EB0000100010130B41C4B1C4C1D4A0025C3F815
:102EC000005505460220C3F80005C3F80445D2F8B2
:102ED0001835DBB21F2B03D9FF2B22D01A1F00E0BD
:102EE0001B22114B1348C3F818250024C3F80855BA
:102EF0000122114DC3F80C15C3F81005C3F8145581
:102F0000C3F80022C3F80041D3F80011C3F804410C
:102F1000D3F80411C3F80841D3F808111A6030BC83
:102F20007047FB22DDE700BF00F000400000010118
:102F300000100040143600200435002038B5114C34
:102F40000223C4F80433D4F8043163B92025EFF325
:102F5000118085F31288BFF36F8F09F08EFBD4F8D0
:102F60000431002BF3D0074B074A02204FF40041F5
:102F7000C3F80803C2F88011D3F80801B0FA80F052
:102F8000400938BD00F0004000E100E0034BD3F8F9
:102F90000004003818BF0120704700BF00F0004057
:102FA000034B012100229960C3F80025704700BF40
:102FB00000F00040F0B4194A194BD2F80455194EEC
:102FC0000024013D0327C3F80075C3F80405C3F8C6
:102FD0000815C3F81055C3F81465C3F80041D3F8B9
:102FE0000011C3F80441D3F80411C3F8084140218B
:102FF000D3F80831C2F86015D2F800320A4943F01C
:103000004003C2F80032C2F828414FF40003D2F85E
:103010002821C1F80435F0BC704700BF0010004003
:1030200000F000400035002000F00140014BD3F8D3
:103030000004704700F0004010B4084A084C0949E9
:103040000023C2F828314FF40000D2F82821C4F838
:103050000035C1F8080510BC704700BF00100040E3
:1030600000F0004000F00140194BD3F828310BB9B3
:103070000020704770B5174D0123C5F80433D5F80B
:10308000003183B9C824202601E0013C0BD0EFF3C6
:10309000118086F31288BFF36F8F09F0EEFAD5F82E
:1030A0000031002BF1D00B4B0B4A01204FF40041B3
:1030B000C3F80803C2F88011D3F804212AB1D3F869
:1030C0000801B0FA80F0400970BD002070BD00BF5B
:1030D0000010004000F0004000E100E0013901294B
:1030E00005D80B200AB1E8F703BDE8F70FBD00DEF5
:1030F000704700BF29B10139012905D80B20E8F735
:1031000019BD1820E8F716BD00DE0020704700BF8B
:1031100088420BD0012803D0022809D00020704734
:10312000A1F10200B0FA80F0400970470120704719
:10313000A1F10100B0FA80F040097047012908D0E0
:10314000022906D059B9074B4FF08072C3F800210D
:103150007047044B4FF40062C3F80021704700DE53
:10316000704700BF00E100E008B50EF0C7FA08BDE7
:10317000032803D8054B185C28B1704700DE034BC9
:10318000185C0028F9D100DE704700BFEC42050052
:10319000013810B41C46042806D8DFE800F00811F6
:1031A0001A23030004292FD000DE10BC7047042925
:1031B000FAD1194B9C6010BC02210020F3F720BC0F
:1031C0000329F1D1154B01219C6010BC0846F3F78F
:1031D00017BC0429E8D1124B9C6010BC02210120CD
:1031E000F3F70EBC032908D00429DDD10D4B0221D1
:1031F0009C6010BC0846F3F703BC0B4B9C6010BCF2
:1032000001210220F3F7FCBB084B9C6010BC02219B
:103210000320F3F7F5BB00BFA407002094070020AC
:103220008407002064070020740700205407002052
:1032300001460020FFF760BA124B30B4012104466A
:1032400000205960C3F80445C3F80001C3F8040125
:10325000196005E0D3F8042132B9D3F804251AB176
:10326000D3F80021002AF5D05960D3F80421002AB0
:10327000E7D1D3F80455002DE3D0C3F8042530BCC2
:10328000704700BF00E0004070B5114C0126D4F833
:10329000045566600E20E8F739FCD4F8040140B10B
:1032A0000021C4F80411D5E90E323046BDE8704063
:1032B0001847D4F8003143B1C4F80001D5E90E3203
:1032C00005F12001BDE87040184700DE70BD00BF69
:1032D00000E0004070B58CB00E4615460146102245
:1032E00068461C46F3F7EAFA10220DEB020031465D
:1032F000F3F7E4FA6846FFF79FFF25B1102208A90B
:103300002846F3F7DBFA2CB108AD0FCD20606160E1
:10331000A260E3600CB070BD10B5094C0A44914244
:1033200000D110BD11F8013B584003090001E35CD6
:10333000C0B2434018091B01205CDBB25840EEE7E5
:1033400056860500F8B5036900AF0C4603F1A005E9
:10335000BFF35B8FD3F8A030BFF35B8FC3F3800361
:10336000994218D1184A194B6E4688B0002918BFE7
:1033700013466A461649CDE905134FF40073ADF8BC
:103380001C30144B42F8103F134800234FF4E45113
:10339000E7F726FBB546BFF35B8F5CB155E8003F0E
:1033A00043F0040345E80032002AF7D1BFF35B8FF6
:1033B000BD46F8BD55E8003F23F0040345E8003260
:1033C000002AF3D0F6E700BFF17D0500B47C0500CC
:1033D000BB7C050003000001843605002DE9F047A1
:1033E0000546D0F808A0894690461F460CF000FC20
:1033F0000446C0B1067DF30709D5037E1648174A77
:10340000012108F0AFFE6FF07700BDE8F0873B4682
:10341000424649460CF0A6FB40B9237E104A0E48AE
:10342000012108F09FFE6FF01200EEE79DF82030BA
:1034300084F8198026F00606678323772675DAF864
:103440001830214628469847227DB0FA80F35B0960
:1034500063F300022275D8E784360500CD7C0500B1
:10346000E77C050070B5054686680CF0C1FB044694
:10347000D0B1037DDB0708D4037E0D480D4A01213E
:1034800008F070FE6FF0770070BD0146F3692846C2
:10349000984738B1237D03F00103227D63F30002D6
:1034A0002275F1E70346F8E76FF01200ECE700BF82
:1034B00084360500097D0500F8B587680546FB6B75
:1034C0000C46984728690CF081FBD0B1214628466C
:1034D0000CF08EFB0646B8B1037D9B0705D0037E3A
:1034E0000B4A0C48032108F03DFE346824B1BB6848
:1034F000314628469847044628463B6C9847204664
:10350000F8BD4FF0FF34F7E76FF01204F4E700BFA7
:10351000247D0500843605002DE9F341D0F80880AC
:103520001746D8F83C3005460E4698470C4800220E
:1035300000233946E8F778FE044670B9094A0A487C
:1035400000963B46012108F017FE2846D8F8403087
:103550009847204602B0BDE8F0810676F5E700BF47
:10356000B00B0020457D05008436050010F0080FE3
:103570000B4B42B20CD100F00F00002A4FF01402A6
:1035800002FB0033B4BFD3F80806D3F8080770472E
:10359000002AB4BFD3F8A806D3F8A807704700BF25
:1035A00000700240F8B50246EFF31181202383F347
:1035B0001288BFF36F8F00F008050CF035FE012470
:1035C000844057066FEA04061BD0D5B9174F3B68F5
:1035D00023FA00F0C00714D533403B6053B2DB43FD
:1035E00022F08000DB0F00F2DA301B0103EB400316
:1035F0000F48C0F80038D0F8043843F00203C0F890
:1036000004380C4803683340036035B90A4803683E
:10361000120654BF334023430360054BC3F86C4488
:1036200081F31188BFF36F8FF8BD00BFA838002069
:1036300000700240AC380020B0380020EFF3118059
:10364000202383F31288BFF36F8F0A4BD3F8001C3B
:10365000032261B949F27531C3F8001CC3F8142D77
:10366000C3F8001C80F31188BFF36F8F7047C3F855
:10367000142DF7E700E00640EFF31180202383F3D9
:103680001288BFF36F8F0A4BD3F8001C61B949F25F
:103690007532C3F8002CC3F8141DC3F8002C80F356
:1036A0001188BFF36F8F70470022C3F8142DF6E71F
:1036B00000E0064070B502460CF0B6FDEFF3118550
:1036C000202383F31288BFF36F8F531E0124062B30
:1036D00004FA00F40FD80E4E0E4B31681B680B43F2
:1036E000C34013F0010306D10B4802F59472214345
:1036F00040F822303160094A136823431360084BB5
:103700008022C3F8042185F31188BFF36F8F70BD49
:10371000A8380020B038002000700240AC380020EB
:1037200000E100E0F8B50306044623D410F00807D2
:1037300020D100F00F02920002F1804202F51C320B
:10374000D2F84434B3B1EFF31186202383F3128807
:10375000BFF36F8F0CF068FD084DC2F8A074012311
:1037600003FA00F12B6823EA01032B6086F311882A
:10377000BFF36F8F024BC3F81845F8BDB038002077
:103780000070024010B591F91800154B0A7E002810
:10379000B4BFD3F81045D3F8144502F00F0201234B
:1037A000934023420DD10E4A0028B5BFD2F8100530
:1037B000D2F8140503430343B4BFC2F81035C2F86E
:1037C00014350B7E1A0709D4054AC2F80C3543F4A8
:1037D0008073C2F80C35087EFFF7A4FF002010BDEF
:1037E000007002400B7E064A13F07F0F0BBF0123CF
:1037F00043F480735365C2F818350020704700BF4A
:103800000070024070B506460D460CF0F1F9044612
:103810000CF0F7F928BB20460CF016FA08B3802DFF
:1038200016D1437E9A0744BF0E4A15705B070FD529
:103830000D4B1B7813B90D4B01221A6520460CF075
:10384000FFF9002201463046BDE870400CF015BA81
:103850002846FFF72FFF20460121BDE870400CF0FD
:10386000D4B970BDB9440020BE44002000700240AD
:1038700070B506460C460CF0BBF905460CF0C1F9D4
:1038800020BB28460CF0E0F90146F8B1ACB9437E04
:10389000D8071BD49A0704D50D4B1C700D4B012281
:1038A000DA644B7E5B0708D50B4B1B7873B130464F
:1038B0000022BDE870400CF0E0B92046FFF7FAFEA8
:1038C00028460121BDE870400CF09FB970BD00BFD3
:1038D000B944002000700240BF44002008B5054AEA
:1038E000054803210CF0A8FC0DF0D6FB03F070F99D
:1038F000002008BD737D05008C36050010B54468B6
:10390000206801F0C5F8104B1860104B1B782BB1E4
:103910000F4B0022186811460CF0A3F90022012178
:103920002720E8F715F9201D03F020F904F108001D
:1039300003F05AF90DF0A9FB064A074803210CF0E1
:103940007BFC002010BD00BF60380020BB4400207D
:10395000B43800207C7D05008C360500012810B5A8
:1039600003461AD002280AD000BB144B0246014677
:1039700018680CF076F9124B01221A700CE0114B0A
:10398000114C00221A70114BC4F800332720E8F7BD
:10399000AFF80123C4F8043510BD084B00220146DE
:1039A00018680CF05EF9064B0022E6E7084A094861
:1039B000BDE81040012108F0D5BB00BFB43800209D
:1039C000BB440020BA44002000700240FDFFDF012C
:1039D000887D05008C360500014601480EF0EBB8E5
:1039E000900A002008B5054B1970054B1B7813B1E0
:1039F0000420FFF7F1FF002008BD00BFBC440020F9
:103A0000BD44002010B50469087E0D4A0CF00CFC82
:103A1000012303FA00F013680343136004F086FDEA
:103A20004020FFF7D9FF4FF0FF324FF0FF3304F192
:103A30008401044804F048FB04F08CFD002010BD14
:103A4000A4380020AC0A00202DE9F043064689B0D6
:103A500007694D4A4D4803210CF0EEFB4C4B1E60AC
:103A600007F184000DF04EFC00220023CDE906236F
:103A700000246FF00703CDE90334CDE90144454B41
:103A8000454900964FF40072444804F099FBDFF872
:103A90001081444941480DF037FED8F81020424BC0
:103AA000134043F4820343F04003C8F81030C1468A
:103AB00088F81840414630460CF0ACF83B4B3C4A85
:103AC000054678B13B4A314801210CF0B5FB284648
:103AD00009B0BDE8F083016919401143016108F1A3
:103AE0002008E5E70134092C10D009EB4410082C1C
:103AF000817C41F040018174EDD1D9F810112E483C
:103B000008402E490143C9F81011E8E72C4C2D4B11
:103B10002269134043F4041343F0400323618046B9
:103B2000A14668F07F012176304621460CF072F8FC
:103B30001E4B1F4A05460028C4D108F10108B8F100
:103B4000090F17D009EB4810B8F1080F817C41F03C
:103B50002001817408D1D9F810111748084017497D
:103B60000143C9F8101103E00169194011430161D3
:103B70002034D6E797F8803023F0720343F07203C5
:103B800087F88030A3E700BF9F7D05008C360500D5
:103B9000B4380020713C0400806C0020A81B002079
:103BA000D8390020A77D05000000BEFF0000F9FF06
:103BB00040000600B07D05000000F7FFFF0108008F
:103BC000B83800200000DEFF10B50C462046114634
:103BD0000CF03CF8207E0CF027FB014603480CF06B
:103BE0002DFB0120FFF7F8FE002010BDFC3A00205D
:103BF00008B5064A0B7EC2F80C3543F48073C2F850
:103C00000C35087EFFF78EFD002008BD00700240D5
:103C100010B50C7E4FF0FF324FF0FF33114803F028
:103C20009FFF2046FFF7BEFC04F00F0201239340E4
:103C30000D4A14F0800F14BFD2F81015D2F81415E5
:103C40006FEA030315BF0B400B40C2F81035C2F8F2
:103C50001435044803F050FF044B8022C3F80421BC
:103C6000002010BD600A00200070024000E100E06A
:103C70002DE9F04FBF4D85B004464FF0FF384FF0AF
:103C8000FF390022CDE900894FF0FF31BA480DF02D
:103C900099FFB9484FF0FF310DF090FF0746380704
:103CA00033D5B64AB64803210CF0C6FAB5484246A9
:103CB0004B4603F055FFEFF31182202383F3128864
:103CC000BFF36F8FB04B1B787BB1D5F8003413F482
:103CD00000730AD10121C5F82C15D5F82C15D5F89B
:103CE0000014890548BFC5F82C3582F31188BFF34D
:103CF0006F8FA44803F000FF01212046FFF722FB4D
:103D00000022032120460BF0ACFFFE060DD59F4A92
:103D10009B4803210CF090FA00212046FFF712FB8C
:103D20000022022120460BF09CFFB8060DD5984AD0
:103D3000934803210CF080FA00212046FFF702FB94
:103D40000022022120460BF08CFFB90761D4FA074C
:103D500010D5BFF35B8F8F4B002253E8008F43E8F1
:103D600000210029F9D1BFF35B8F0126B8F1000FC4
:103D700040F0C080790734D5874B4FF0000C83F8B2
:103D800000C0D5F88004C0B28DF80800D5F88414BE
:103D9000C9B28DF80910D5F88834D5F88C2443EAD7
:103DA00002239BB2ADF80A30D5F89024D5F894647C
:103DB00042EA0622ADF80C20D5F89824D5F89C6488
:103DC00042EA062292B2754EADF80E20002840F06D
:103DD000AA80052940F0A78001213170002A00F057
:103DE000AE807B067FF549AF206984304FF0FF320B
:103DF0004FF0FF3303F08CFD694E3168002940F02D
:103E0000DD80684804F026F92069843003F0F2FD73
:103E100033E7654BBFF35B8F002253E8008F43E825
:103E200000210029F9D1BFF35B8F4FF0010AB8F1EF
:103E3000000F8CD098FAA8F3B3FA83F30F2B1E4629
:103E4000C6BFA3F11006F6B246F080060AFA03F3E5
:103E500028EA03083306314620462FD50BF0C8FE6A
:103E600083460BF0EDFE814650B9504A4448334634
:103E7000012108F077F931462046FFF7C3FCD6E769
:103E8000002158460BF0C1FE0022494620460BF0A7
:103E9000F4FE802EEFD1404B002183F800A0204695
:103EA000C5F850A00BF0A4FE0BF0CAFE0146002896
:103EB000E1D0002220460BF0E0FEDCE70BF098FE9C
:103EC00083460BF0BDFE814650B9394A2C48334633
:103ED000012108F047F931462046FFF7C9FCA6E763
:103EE000584600210BF091FE0022494620460BF077
:103EF000C4FEF0E798FAA8F3B3FA83F30F2B194640
:103F0000C6BFA3F11001C9B241F0800106FA03F364
:103F10000A0628EA0308204602D5FFF773FC25E7C6
:103F2000FFF7A6FC22E7234A86F800C0D5F87034D4
:103F300012789A420AD1204B00221A7014E003F042
:103F40007F03ADF80A30ADF80C20F4E71A4A0123DC
:103F5000137033704FF4A063ADF80830D5F87034A7
:103F6000ADF80A30CDF80CC002A920460BF0ACFE2B
:103F700037E700BF00700240900A0020CC7D0500AA
:103F80008C360500600A0020BA440020E37D05005D
:103F9000F97D0500FC3A0020BF440020BE4400200B
:103FA000A4380020AC0A0020F83A0020117E050059
:103FB0002A7E0500BC440020BD44002091FAA1F7F0
:103FC000B7FA87F70F2F3946C6BFA7F11001C9B25C
:103FD00041F0800120460BF00BFE804690F81890CF
:103FE0004FF0FF324FF0FF33134803F0B9FD48465E
:103FF000FFF7D8FA104803F07FFD104B8022C3F87A
:104000000421414620460BF050FE002140460BF0B3
:10401000FCFDBFF35B8F0123BB40094ADB4352E841
:10402000000F184042E800010029F8D1BFF35B8F70
:10403000326813403360E0E6600A002000E100E0EF
:10404000F83A00204FF08053D3F83031082B02BFEC
:10405000024B0022C3F81C2C704700BF00700240C6
:104060002DE9F04105464FF0FF324FF0FF33414854
:1040700003F076FD404B8022C3F884212720E7F728
:1040800059FDA8B13D4F3E4B3C681B686FF30F04D0
:104090001C434FF00108002C37D13A4E40F2FF1379
:1040A0003B602720C6F80445E7F730FDC6F800431B
:1040B000354A13788BB1334B0021C3F80811012125
:1040C000C3F80026C3F804165960D3F80811002974
:1040D000FBD00021C3F8081111702A4B0024C3F84B
:1040E0000045FFF7AFFF234803F006FD21462846B1
:1040F000FFF7B8F9F0B1254A254801210CF09CF8EA
:104100006FF004052846BDE8F08194FAA4F6B6FAEB
:1041100086F60F2E3346C6BFA6F11003D8B243F081
:104120008000030701D4FFF73DFA08FA06F624EAF7
:104130000604B0E728468021FFF794F905460028D9
:10414000D9D1144B14491E68304607F079FB10F1A1
:10415000780F044603D1304607F04EFB0446002C8E
:10416000D0DA0E4A0A482346012107F0FBFF254614
:10417000C8E700BF600A002000E100E0B03800207E
:10418000AC38002000700240B7440020477E050094
:104190008C36050060380020503800206A7E05000B
:1041A0002DE9F04FAD4BDFF8B8A2D3F85421AD4F55
:1041B00087B00AB30022C3F85421D3F80423910234
:1041C0001AD5D3F8C034002B14BF4FF001224FF49E
:1041D0008072A54B9B683BB99AF800000CF024F85C
:1041E0000123834022EA03023B6813439F4A3B605A
:1041F000136823F001231360984BD3F8604134B166
:104200000022C3F86021D3F86C44C3F86C44D3F89F
:1042100028214AB10022C3F82821954B18780CF0C8
:1042200003F8012383401C439AF800509AF9008058
:104230002A0700F10B81B8F1000FB4BF8D4B8E4BF4
:1042400005F00F02920013441A684AB300221A6064
:104250002846FFF78BF9894B1A7800F0010050408F
:104260001870FFF7EFFE864B28461A680BF0DCFF4C
:10427000C240D307064600F12381B8F1000F80F257
:104280000F81882D00F00C81784A01231168B3401A
:104290000B43136081238AF80030734803F02CFC31
:1042A0008CB13B68714ADFF8DC9124F001210B43AB
:1042B0003B60136823EA01031360A4B24FF00108C6
:1042C000002C40F00381654BD3F800217AB1002423
:1042D000C3F800416C4B1C706C4A6D4803210BF015
:1042E000ABFF684B2246186804210BF0BAFC5B4B0D
:1042F000D3F858212AB30022C3F85821D3F8004438
:10430000C3F80044E00505D55F4B012208201A7070
:10431000FFF762FBA10505D55B4B002210201A7048
:10432000FFF75AFB62050CD5574B1A784AB10022A9
:104330001A704A4B0122C3F8082520209A65FFF71E
:104340004BFB464BDFF838B1D3F85C31F3B1464B49
:104350009B681BB99AF800305B0617D03F4B0022D0
:10436000C3F85C21DBF80030404A23F00113CBF89E
:1043700000303B6823F4803343F001033B60136853
:10438000042023F001131360FFF726FBDBF8004045
:104390003B681C4000F03381304BD3F82C95B9F1C9
:1043A000000F40F02C8130480022002303F0D8FB9E
:1043B000002840F0248114F001230CBF94FAA4F3E8
:1043C00093FAA3F3B3FA83F30293029B9DF8084098
:1043D0000F2BC8BF103C2B4BCCBFE4B244F0800481
:1043E000186821460BF004FC03900BF02DFC63B21F
:1043F000049304F00803059363B2002B064680F291
:104400009C80039B058A5B8BD0F80C80C3F30A0366
:104410009D4240F28C801D46002608F06043B3F1B7
:10442000005F06D041461B48DFF868802A460EF040
:104430006DFD002E00F0B380029B01229A40DBF854
:10444000003023EA0203CBF80030A8E0124B134AF5
:1044500033EA280328BF1346F6E600BF0070024087
:10446000B8440020B0380020600A0020A83800209E
:10447000B94400200871024030710240B744002066
:10448000AC380020B4380020BA440020817E0500FA
:104490008C36050064380020507102402C710240B7
:1044A000634831460BF0CAFE0220FFF795FAB8F1D7
:1044B000000FFFF6E9AE013D062D7FF6E5AEE9E619
:1044C000002DF4D15B4B0122DA64E3E694FAA4F503
:1044D000B5FA85F508FA05F345F080052946D9F8BF
:1044E000000024EA03040BF083FB0BF0ADFB06464F
:1044F0002846FFF73BF8014606F10C0008F092F958
:10450000338A002B7FF4DCAE30460BF0A1FB18B1F0
:1045100030460BF0A1FBD3E628460BF085FE0146A2
:1045200043480BF08BFE0220FFF756FAC8E60BF06B
:104530008FFB80F00106F6B26FE704F008023D4BF6
:10454000002A5FD0D3F8C03413F4803F08BF9946E7
:10455000328AF368758A03EB0208AD1A72699B1AF6
:10456000ED1A4D4553D2344A344800954B4601214B
:1045700007F002FE294606F10C0008F01AF9039B29
:104580005B8BC3F30A034B457FF456AFF268716946
:10459000738A521A9B1A328A93423FF44DAF4FF0FE
:1045A00080530121D3F83031082B02BF214B8222E6
:1045B000C3F81C2C029B3A688AF8004001FA03F306
:1045C00022EA03023A6004F008021A4B0ABB049A7A
:1045D00004F00F04002A4FF0140202FB0432A9BFBA
:1045E0000A3403EB8403C2F80087C2F80457AFBF54
:1045F00043F82410C2F80086C2F80456596007B088
:10460000BDE8F08F04F5947253F82290A0E74D4670
:10461000B0E7049A002AB5BFC3F8A086C3F8A08704
:10462000C3F8A456C3F8A457B4BF59629964E6E727
:10463000F83A002000700240877E05008C360500A5
:1046400010B5EFF31184202383F31288BFF36F8F2B
:10465000164B1B7803F0FF02CBB11549D1F82C356E
:1046600013B30023C1F82C354FF08053D3F8303109
:10467000082B0CD10F4BD3F8000CC02188B949F29C
:104680007530C3F8000CC3F8141CC3F8000C84F395
:104690001188BFF36F8F002A0CBF6FF00A00002053
:1046A00010BDC3F8141CF2E71A46F0E7BA44002024
:1046B0000070024000E0064073B5002200921146EF
:1046C00040230446FEF78AFE024648B1604A61482C
:1046D00001210BF0B1FD6FF00404204602B070BD63
:1046E0000090402320468021FEF778FE04460028F3
:1046F000ECD15949594B4860C860012618688E6052
:1047000007F02FF8051E07DA554A52482B46314666
:1047100007F028FD2C46E0E7EFF31185202383F313
:104720001288BFF36F8F4F4B4FF40062C3F8002421
:104730000BF06CFD08B1FEF781FF4FF08053D3F80A
:104740003031082B18D1EFF31180202383F3128826
:10475000BFF36F8F444BD3F8001CC022002970D1E7
:1047600049F27531C3F8001CC3F8142CC3F8001CBF
:1047700080F31188BFF36F8F3A4B0122C3F80025F5
:10478000D3F800241205FBD54FF40062C3F80024CF
:104790004FF08053D3F83031082B17D1EFF311804D
:1047A000202383F31288BFF36F8F2F4BD3F8001CA5
:1047B000002949D149F27532C3F8002CC3F8141C02
:1047C000C3F8002C80F31188BFF36F8F0BF01EFD30
:1047D00030B1FEF751FF0BF019FD08B1FEF72EFFC7
:1047E0004FF08053D3F83031082B1E4B0AD140F2E2
:1047F000E372C3F800284022C3F80428BFF36F8F88
:10480000BFF34F8F8022C3F81C250122C3F8302547
:10481000164B40F2FF121A60154B00211960154B20
:104820001960154B1970FFF70DFC144B19700BF044
:10483000EDFC08B1FEF720FF85F31188BFF36F8F01
:104840004BE7C3F8142C93E70022C3F8142CB9E704
:10485000A67E05008C360500503800206038002008
:10486000C87E05000070024000E00640B03800201D
:10487000AC380020A8380020B7440020B9440020FC
:10488000084B70B5C31A0D4607499B10044659439F
:10489000064840220BF018FD2B4601462046BDE895
:1048A00070401847143B0020B76DDBB62831050077
:1048B00073B50C4C0C4A4023041B00930D460B4669
:1048C0000A49A4106143064609480BF029FD014638
:1048D00028B130462B4602B0BDE87040184702B000
:1048E00070BD00BF143B00208D030500B76DDBB623
:1048F000283105000022F8B5012105461046E7F7EA
:1049000027F9104801F04CFE0446B8B901F068FEE2
:104910002F690D49384606F011FF031E09DB0126F9
:104920003E642D69084905F11C0006F007FF031ECF
:1049300002DA1C462046F8BDEE64FBE76FF0040483
:10494000F8E700BF754A04005C4305001FB500226C
:104950000123CDE902236C46074A6B46CDE90044AA
:104960000BF00DFD28B94FF480420023684603F098
:10497000F7F804B010BD00BF9F03050010B5EFF3BA
:104980001184202383F31288BFF36F8F074A1368C3
:1049900023F00201DB07116002D401200CF061F862
:1049A00084F31188BFF36F8F10BD00BF643B0020FC
:1049B00030B4104B0C2202FB003301460020D3E937
:1049C0000E529863EFF31180202484F31288BFF312
:1049D0006F8F1C6C04F0C00444F002041C6480F36C
:1049E0001188BFF36F8F1DB12B46034830BC1847A9
:1049F00030BC7047143B00202831050010B4EFF3A1
:104A00001180202282F31288BFF36F8F17490B6841
:104A100043F0020413F001030C601AD04FF08043FE
:104A2000D3F80C14D3F80C3413F0010311D0EFF3C6
:104A3000118182F31288BFF36F8F0D4A136C03F05C
:104A4000C00343F00203136481F31188BFF36F8F37
:104A5000012380F31188BFF36F8F1BB110BC0020BE
:104A6000FFF7A6BF10BC01200BF0F3BF643B002092
:104A7000143B002010B1012804D07047034B1B6C7D
:104A80005B0701D1FFF794BF704700BF143B0020C4
:104A9000024AC3B21C2000FB03207047143B0020D5
:104AA000094BBFF35B8F53E8002F42F0010143E84D
:104AB00000100028F7D1BFF35B8F930702D40120C9
:104AC0000BF0C7BF704700BF643B002010B5EFF389
:104AD0001184202383F31288BFF36F8F074A136872
:104AE00023F001019B07116002D401200BF0B9FFF4
:104AF00084F31188BFF36F8F10BD00BF643B0020AB
:104B00002DE9F0413849BFF35B8F8046012251E81F
:104B1000003F41E800200028F9D1BFF35B8F33B993
:104B2000324933484B60CB608A6006F01AFE08F1C8
:104B3000FF33012B4BD8B8F1010F07D14FF0804361
:104B4000D3F81C3403F00303012B40D00CF0D6FD46
:104B5000054658B1EFF31186202383F31288BFF383
:104B60006F8F0125234F4FF080441EE0224B1B78AE
:104B7000002BEFD04FF080430222C3F808230646F3
:104B8000F0E735B3304607F078FDD4F8183563B94F
:104B9000D4F804214AB1C4F80431D4F80431012313
:104BA000C4F81835C7F88031A360D4F81824D4F8B5
:104BB0001834D203E5D503F00303012B02D0B8F17A
:104BC000010FDED155B186F31188BFF36F8FBDE8B9
:104BD000F081002121200CF058FED6E74FF08043F1
:104BE0000222C3F80423F2E7103B0020003B002020
:104BF000303B002000E100E0E544002008B5074814
:104C00000CF086FA38B10648E7F758FA0448E4F79A
:104C1000CFFF002008BD6FF01200FBE77C310500DC
:104C2000254C04000A2838B5074D044604D1AB686A
:104C30000D215B6828469847AB6803485B68E1B282
:104C40009847204638BD00BF7C310500EFF3118244
:104C5000202383F31288BFF36F8F0A4BD3F8001120
:104C600061B10021D3F80805C3F80011D3F8003171
:104C7000C0B282F31188BFF36F8F70476FF00A00E4
:104C8000F7E700BF00D00040F0B503468478C6784F
:104C9000EFF3118E202080F31288BFF36F8F1D7801
:104CA00093F801C0641B3440A24288BFA2B2AF187F
:104CB000374028461F708EF31188BFF36F8F8F180F
:104CC0008F4218D165450CD1EFF31181202080F37C
:104CD0001288BFF36F8F1878587081F31188BFF373
:104CE0006F8F1B79A41AA34228BF074B90B224BF31
:104CF00001221A60F0BD03EB000E01309EF805E0C2
:104D000001F801EB3040DBE700D00040DB432DE948
:104D1000F04713F001050F46144604D02448FFF76E
:104D2000B3FFBDE8F087B2B3EFF31186202383F31E
:104D30001288BFF36F8F0D20E6F7FCFE80460D2032
:104D4000E6F7E4FE86F31188BFF36F8FDFF864A007
:104D5000194ECAF80051DAF800314FF40059012316
:104D6000CAF800302546C6F88091DAF80031A3B1C0
:104D7000FFF76CFF031EA4BF05F1FF35ADB2C6F807
:104D80008091A8BF7B55002DEFD1B8F1000F02D064
:104D90000D20E6F7ADFE2046C3E7EFF31180202398
:104DA00083F31288BFF36F8F07F067FCDDE700BF66
:104DB000883B002000D0004000E100E070B50D46C7
:104DC00014460CB9204670BD4FF0FF334FF0FF3250
:104DD0000C4802F0C5FE224629460B48FFF754FF57
:104DE0000646084802F088FE3EB94FF0FF324FF009
:104DF000FF33064802F0B4FEE6E7A41BA4B2354434
:104E0000DFE700BF683B00209D3B0020783B00208F
:104E100038B50122114617480CF044FB154D01220C
:104E2000002105F110000CF03DFB40F207432B87F9
:104E30004FF070632B620C2385F8243000240E4B56
:104E400085F83540EC86D3F8042542F00102C3F81A
:104E500004250121C3F80041D3F80021C3F804134D
:104E6000224619600D20E6F773FE0D20E6F740FE9E
:104E7000204638BD683B002000D0004010B5FFF749
:104E8000E5FE002820DB174B93F8222093F8214001
:104E900093F82310141B31EA0404C0B20DD193F827
:104EA000372093F8364093F83810141B31EA040485
:104EB0000BD10D4B01225A600EE09C1801321140BB
:104EC00084F8250083F8221010BD9C18013211408F
:104ED00084F83A0083F837100448BDE8104002F027
:104EE0000BBE00BF683B002000D00040783B002094
:104EF000024B0B6001231360704700BFEC430500B9
:104F0000004870478043050030B50D4685B0A8B114
:104F10004168B9B1D1E900138468ACB1D4E9002487
:104F20009CB193B19C4209D15C1C092C03780FD928
:104F3000104A11480094022107F01EF96FF0150085
:104F400005B030BD0B46E7E7224601331C44ECE7D1
:104F50008DF8083040F20113ADF80A3002A80023A2
:104F60008DF809408DF80C308DF80D5002F0E6F800
:104F7000E6E700BF3F7F05005C3605002DE9F04FF6
:104F80008DB0436800AF5E6B07F1240581462A4669
:104F9000002130460BF080FB041EC0F298807B6A33
:104FA00032681979186800F01BFE041EC0F28F8069
:104FB000002201212920E6F7CBFDD9F804A0D9F879
:104FC00010209149504602F09BF8041E7ADB002322
:104FD0007B62C5E901338D4CAB2387F82430D4F8CC
:104FE0002415C9B27960D4F82825D2B2BA60D4F8B1
:104FF0003035DBB2FB60D4F834055FFA80FBD4F8BF
:105000003805D4F83C655FFA80F84FF0FF30C4F8FB
:105010002405C4F82805C4F83005C4F83405C4F8DC
:105020003805C4F83C05012002F0DCF87968FF2956
:1050300008BF4FF0FF31C4F82415BA68FF2A08BF33
:105040004FF0FF32C4F82825FB68FF2B08BF4FF054
:10505000FF33BBF1FF0FF6B208BF4FF0FF3BB8F1D3
:10506000FF0F08BF4FF0FF38FF2E08BF4FF0FF368D
:10507000C4F83035C4F834B5C4F83885C4F83C6594
:10508000064648BB01462846FFF73EFF041E19DBD3
:1050900008200CF021F80322C7E908269F236E6040
:1050A00007F1180B07F11C0831462846C7F81CB059
:1050B00087F82430C7F82C80FFF726FF041E4FF036
:1050C00003020CDA02F0AAF808B102F097F82046C1
:1050D0003437BD46BDE8F08F6FF00404F2E759465F
:1050E0000AF130000DF041FF18B36C468CB097F810
:1050F00018E097F819C0BD7E9AF830009AF8311080
:105100009AF832306A46DFF808810B930823CDE91C
:10511000058ECDE907C5CDE9090142F8103F3D48AC
:10512000334644F24001E5F75BFCA5466FF01204FC
:10513000C8E7D9F80420537F023B012B12D9167F10
:10514000023E022E8CBF0026012602200BF0D3F96E
:10515000041EB14608DA304A2E482346012107F0E2
:1051600001F8AFE70126F0E7E3B2C4F34004B4422C
:1051700001D10024A6E783F0020300260120BE82AD
:105180007B750BF0B8F9041E21DA244A2148234626
:10519000012106F0E7FF224A224B6D468AB0B9F1A1
:1051A000000F18BF13466A461F490794CDE905133F
:1051B0004FF40073ADF820301C4B42F8103F1548F7
:1051C00000234FF41151E5F70BFCAD467AE707F1E8
:1051D0001403FB610223C7E908360121AE602846AB
:1051E0003C7587F82410C7F82880FFF78DFE041E51
:1051F00007D101200BF07FF9041ECCDBE307F8D4C4
:10520000B7E7BFF65FAFC6E77D0405000090024038
:10521000687F05005C3605009A7F0500AA7F0500BF
:10522000AC6B0500627F0500C37F05000400000130
:105230002DE9F04F824687B00E461C46904672B16B
:105240007BB1002904DB4268D26A0B4493420CD93B
:105250003F4A404800943346012106F08DFF6FF02D
:105260001504204607B0BDE8F08F754205F0030530
:105270000BF02DF9A54228BF2546D8F1000303F015
:10528000030308F0030758BF5F427F4207F003079C
:10529000A74228BF2746631BE41B24F0030423F026
:1052A0000309A145C8BFA14603F0030BC8BFA3EB88
:1052B000040BB9F1000F17D008EB07034946721928
:1052C000184603930BF0F9FE04460146DAF8100085
:1052D0000BF0DAF8ACBBBD4206D0039B4A46194638
:1052E00008EB05000DF020FEA5B104ABC5F10407E5
:1052F0000421F21B18460BF0E0FE04460146DAF8E2
:1053000010000BF0C1F8E4B904AB2A46D9194046A5
:105310000DF0FCFDBBF1000F17D0721908214A44B3
:1053200004A80BF0CAFE04460146DAF810000BF0A0
:10533000ABF834B909EB05005A4604A940440DF016
:10534000E5FD50460BF0A9F88BE75C46F9E700BF96
:10535000D47F05005C3605002DE9F0430E4685B08C
:10536000416807461D469046A2B19BB1042B01D966
:10537000AB070FD116F003040CD1002E03DBCA6A71
:10538000AB1993420CD9334A334800953346012177
:1053900006F0F2FE6FF01505284605B0BDE8F08373
:1053A00038460BF094F820460BF0C3F800284DD196
:1053B000032D1AD80421324603A80BF07EFE0446C2
:1053C000014638690BF060F88CBB2A46414603A8B9
:1053D0000DF09CFD3246042103A80BF06BFE044641
:1053E000014638690BF050F821E008F06043B3F152
:1053F000005F02D118F0030F24D0042DA94628BF66
:105400004FF004094A46414603A80DF07FFD494686
:10541000324603A80BF04EFE0446014638690BF0F5
:1054200033F824B9B5EB0905C8444E44E5D1012051
:105430000BF07FF8054638460BF02FF8002C18BF0C
:105440002546A9E7324629464046C6E76FF00404E0
:10545000EDE700BF1D8005005C3605002DE9F74330
:105460000B46D0F804C00746C1F30B01154622B124
:10547000C2F30B0252EA010405D06FF0150528466D
:1054800003B0BDE8F0831E1E04DBDCF82C10AA1963
:105490008A4206D9374A38480095012106F06CFE49
:1054A000EBE70BF014F82046D7F804800BF041F836
:1054B00000285CD1D8F82C30AB4226D10BF000FE8E
:1054C000A9460446386921460AF0DEFF002C4AD17D
:1054D0004E44A5EB090500214FF4A4700CF0D5F95A
:1054E00001200BF008F8041E35DB14F00104F2D1A2
:1054F000002DDFD101200BF01CF8002C14BF254635
:10550000054638460AF0C9FFB9E7B5F5803F09D32B
:10551000B3B253B93146012001F08AFE4FF480390D
:105520000446CFE7B5F5805F09D3C6F30B0030B969
:10553000314601F07DFE4FF480590446C2E70F4A20
:105540000D4800953346012106F016FE4FF0000984
:105550006FF01504B6E70A4A009533460648012164
:1055600006F00AFEC6E7074A00953346F6E76FF0F5
:105570000405C6E7678005005C360500B1800500BC
:10558000CF800500EC800500024B0B600123136007
:10559000704700BFAC3B002000487047F443050053
:1055A00007B50346054A00910548012106F0E4FDD0
:1055B0006FF0150003B05DF804FB00BF1D8105000E
:1055C0000436050010B5012211460748074C0BF0C0
:1055D00069FFFBF7E1FA0BF048FD20600BF041FD9D
:1055E0006060002010BD00BFB43B0020AC3B002039
:1055F0004FF08042D2F81015D2F8103501F01E019C
:1056000023F01F030B4343F00103C2F81035024B94
:1056100000221A70704700BFC04400204FF0805332
:10562000D3F83031082B20D14FF08042D2F810153A
:10563000CB071AD5D2F8103501F01E0123F01F0355
:105640000B43C2F81035D2F808315BB1D2F81035EF
:1056500023F01F030B4343F00103C2F810356FF032
:105660008B007047024B01221A700020704700BF68
:10567000C0440020F8B504460BF0F3FC237B05463C
:105680000BB1FBF79FFA134F0026FFF7C7FFE8B9EE
:10569000606801F041FAA3685B1BA36063682B4458
:1056A00063603B780BB1FFF7A3FF237B01363BB967
:1056B000A368002BE9D1A068003818BF0120F8BD0D
:1056C0003046E3F701FA0028F2D0F4E76FF08B00E0
:1056D000F5E700BFC044002070B5037B04460BB162
:1056E000FBF770FA194E0125A368032B06D8184A58
:1056F000D2F80034DB07FBD5002070BDFFF78EFF2A
:1057000008BB23686068196801F022FA33780BB18E
:10571000FFF76EFF6368043363602368043323601C
:10572000A368043BA360237B0135002BDCD0284613
:10573000E3F7CAF90028D7D0054AD2F80034D907D0
:10574000FBD50120D9E76FF08B00D6E7C0440020DD
:1057500000E00140F0B589B00E4615460BF081FC23
:105760002946074630460AF002FF60B3B6FBF7F35E
:1057700007FB136323B9B5FBF7F407FB14545CB1C3
:105780001F4A009533461F48012106F0F5FC6FF0D3
:105790001504204609B0F0BDBD42FAD34FF0FF33E7
:1057A0004FF0FF32184802F0DBF9FBF707FA04ABC1
:1057B000014660B9102218460DF0CFFBCDE9056512
:1057C000FFF758FF16E0114A00953346DBE7102239
:1057D000214618460DF0C1FB01228DF81C200C4A11
:1057E000CDE902200B48CDE90565FBF7DFF902A8FA
:1057F000E3F7CAF80446044802F07EF9C9E700BF9F
:105800003A81050004360500B43B00201D810500E7
:1058100075560400645E010070B50D4688B01946E7
:10582000284616461C460AF0A2FE58B91D4A0094A6
:105830002B461D48012106F09FFC6FF01504204601
:1058400008B070BD45EA04039B0703D0174A0094D3
:105850002B46EEE7002CF2D04FF0FF334FF0FF3233
:10586000134802F07DF9FBF7A9F90346CDE9046579
:1058700004A806948BB101238DF81C300D4BCDE9A3
:10588000023041F64C50FBF791F902A8E3F77CF89F
:105890000446074802F030F9D1E78DF81C30FFF7D5
:1058A0001BFFF5E71D810500043605005981050041
:1058B000B43B0020D95604002DE9F043476840F27C
:1058C0000636D0063B7C87B002EA060654BFC2F318
:1058D000401C4FF0030C01F01F05B6F5837F144602
:1058E00045EA43158DF803C044D00DD8062E16D0D6
:1058F00005D8A6B1022E3FD06FF0150037E0B6F5FF
:10590000807FF9D101260AE040F20222964235D08A
:10591000B6F5407F34D0B6F5007FEDD102262203E4
:1059200030D57A6801238B40C2F80835B868A0BB2F
:1059300005F01F036D092DD0012D77D13E4A02EBF2
:105940008302C4F30043D2F8001783F00103C4F3C9
:10595000404444EA430421F4E16144EA8C0421F028
:10596000070144EA06230B43C2F80037002007B0C2
:10597000BDE8F0830726D2E70426D0E70526CEE768
:105980000326CCE7630341BF01237A688B40C2F84A
:105990000C35CBE74FF0A042D1E70DF102022946CA
:1059A0000BF0CFFA14F4403F80460CD1B86829467A
:1059B0000BF0FCFAB8F1000FD8D19DF80210B868CE
:1059C00000F0A6FFD2E74FF0000901ABCDE9019945
:1059D000CDE90439CDF80C90B86803AA29460BF03C
:1059E00085F94845C2DB14F4003314D0C4F30044F5
:1059F0009DF803308DF80E3084F001048DF80C60B2
:105A00008DF80D40B8684B4603AA29460BF021FAE1
:105A10000028CFDAAAE7CDE904330DF1030303939D
:105A2000B86803AA29460BF061F9F1E703F5E073C2
:105A300050F82330FFDE00BF00030050420970B56C
:105A4000034602D0012A17D070BD0D4E326951684D
:105A50000029F9D003F01F0301250C689D4000299F
:105A6000F2D08A682A4002D04B68304698472CB161
:105A7000236821461C46F2E7024EE7E72346F8E793
:105A8000603105004431050038B54568A86890B11B
:105A90000BF086FA014670B9A8680BF065FA044667
:105AA00058B902460649A8680BF048FA2246052173
:105AB0000620E6F74DF8002038BD6FF00400FBE744
:105AC0003D5A0400F0B545681646A8682A7C01F0E6
:105AD0001F0487B044EA4214002869D0B6F5001FBD
:105AE00004D121460BF0B5FA002052E001AA0020B3
:105AF000B6F5800F0190506037D1B3F1007F14BF2D
:105B0000052304238DF804300023CDE904230393F7
:105B1000EB6823FA01F111F001010DF103073AD10D
:105B2000B6F1A07F37D104F01F03620903F5E073DB
:105B300026D0012A3FD1214A52F82330DB072AD44C
:105B4000A8683A4621460BF0FCF916301BD00297A4
:105B5000A86803AA21460BF0C9F8002819DBA86839
:105B6000012221460BF024FABEE7B3F1C06F05D045
:105B7000B3F1007F14BF01230223C3E70323C1E76E
:105B80004FF0A042D8E7A868394600F0C7FE0028C9
:105B9000DDDA07B0F0BDA8683A4621460BF0D1F92E
:105BA0000028D5D19DF80310A86800F0B1FECFE71A
:105BB0006FF08500EDE751F82330FFDE0003005061
:105BC000036803F01F025B09026004D0012B034845
:105BD00018BF002070474FF0A040704700030050EE
:105BE0002DE9F04F00EB8109614985B015468346E8
:105BF00040F2FF1AD94503D1002005B0BDE8F08F6F
:105C0000DBF80020C2F3C72818F00808C2F3C3204D
:105C1000C2F3080440F0A680564B120E1E5C544599
:105C200008BF4FF0FF34222A00F29F80DFE802F025
:105C300012222633292F339D9D9D9D36409D9D9D8B
:105C40009D9D9D9D9D9D437E81849D9D9D878B8E69
:105C500091949700C5F80C45621C64D003A8039486
:105C6000FFF7AEFF039A012707FA02F2C0F80825F2
:105C7000384636E0C5F81445002715E0C5F8084554
:105C8000EAE7C5F808450027601C1FD14BE0C5F8BE
:105C90000C450127F8E7C5F81045EDE7C5F80845BC
:105CA000002EE9D100270626631C3CD0002018E016
:105CB000C5F80C45F4E7C5F86045BBF80220671C41
:105CC00002F001022FD0002AC8D1012703A80394B3
:105CD000FFF776FF039A8446012000FA02F2CCF81F
:105CE0000C25DBF80020019202F4004CBCF1000FFF
:105CF00008BF804603A818BF01270394FFF760FF81
:105D0000039C019A00EB8400C2F3412CD0F80047B9
:105D1000320242EA8C0242EA08020C40224342EA82
:105D20004702C0F800270BF1040B63E7C5F8644590
:105D3000C3E7C5F86845C0E7C5F86C45BDE7C5F8D9
:105D400024450127B0E7C5F8284585E7C5F8304563
:105D5000F7E7C5F83445F4E7C5F83845F1E7C5F885
:105D60003C4579E76FF0150047E76FF0850044E7A1
:105D7000F0F8FCFF668605002DE9F041044647680F
:105D80000D460BF0BBFC88B14FF02008EFF31186F5
:105D9000314688F31288BFF36F8F60680AF03CFDCC
:105DA00050BB86F31188BFF36F8FEFE71F4B1B7853
:105DB000002BE9D04FF02008642660680AF02CFD23
:105DC00070B901200AF0F4FD013EF6D10021212036
:105DD0000BF05BFDF0E786F31188BFF36F8FF5E7FB
:105DE000EFF31186314688F31288BFF36F8F606836
:105DF0000AF012FD0028EED0BB691D706368BA6915
:105E00001B680020C3F844250122C3F84825C3F8C5
:105E10002001D3F82041C3F85801D3F858019A6003
:105E200081F31188BFF36F8FBDE8F081E544002056
:105E30002DE9F0410022054601210220E5F788FE08
:105E40000220E5F755FE6C680121E0680AF038FD94
:105E50006B681A682369C2F82435617D237D0B4382
:105E6000A17D0B43C2F86C356F68D7E9004313F08E
:105E7000010318D0D5F8108004F10C0108F10C02D0
:105E800004F590700AF0D1FD061E07DA224A234875
:105E9000012106F05EF93046BDE8F08198F80C006B
:105EA00000F06AFB01230822C4F80025BA69C4F88F
:105EB000442501210022C4F84825A1606BB9D4F81B
:105EC0002031002BFBD0C4F82021D4F8203101234D
:105ED000E3604FF48073C4F80433D4F85831002BD6
:105EE000FBD00021C4F800156D682C68E8680AF042
:105EF000E7FC0823C4F800352A7A52B9EB69C4F8E4
:105F000034350123C4F83835C4F81021D4F81021F1
:105F100023600026BFE700BFB78105007C3605007F
:105F200070B5012383400F4ABFF35B8FDC4352E817
:105F3000001F01EA040542E80056002EF7D1BFF326
:105F40005B8F4FF4803282400748C0F80823BFF3CC
:105F50005F8FBFF36F8F03EA0100003818BF012085
:105F600070BD00BFE03B00200010014070B412493A
:105F7000D1E90034D01AC31844F1000422F07F465E
:105F8000C1E90034A6F50013B3F5400F09D20B4B5D
:105F90001B681A0A1B069C19094B42F10005C3E94C
:105FA0000045EFF31181202383F31288BFF36F8F35
:105FB00070BC02F073BD00BF401C0020E43B002019
:105FC000481C002011B3BFF35B8F0123104A8340AC
:105FD00052E800CF4CEA030C42E800C10029F7D197
:105FE000BFF35B8F0B4A4FF480338340C2F8043316
:105FF000094BBFF35B8F1B68BFF35B8FC340DB07AD
:1060000042BF064B4FF40032C3F80021704700BF77
:10601000E03B002000100140DC3B002000E100E0FC
:106020000D4B1868010A0006BFF35F8F0B4BD3F8C6
:106030000435181841F10001B3F5801F0AD2084B4E
:10604000D3E90023904271EB030303D210F1807077
:1060500041F10001704700BFE43B00200010014007
:10606000481C00202DE9F04F85B016461F469DF8CC
:1060700040A00446FFF754FF0190FFF7D1FFB04264
:1060800071EB07035ED23E4B301A67EB0101984279
:1060900071F1000109D36FF0150520460199FFF752
:1060A00091FF284605B0BDE8F08F364B03EB041393
:1060B000D3E902239F4208BF964254D032494FF49D
:1060C000803804F1500508FA04F8AD00C1F848839F
:1060D0002046ADB20AF04CFC26F07F4B05F180451E
:1060E00004F5A87305F58835DC464FF003090293E3
:1060F000029A2CF07F4341F82230C1F84483D1F852
:106100000435224A6FF00200C01A604420F07F403C
:10611000904228D9286868B1D1F804350393A3EBDD
:106120000B0020F07F40B0F5000F1CD920460AF08C
:106130001FFC039BBAF1000FADD109EB030C09F171
:106140000109D5E7BAF1000FA5D10123104ABFF329
:106150005B8FA34052E8000F184342E8000100297A
:10616000F8D1BFF35B8F07490E98230101EB0412AE
:10617000C8500F9B5360C2E9026700258DE700BF3E
:1061800001008000301C002000100140FDFF7F0056
:10619000DC3B00207FB51C4C1C4BC4F80833C4F812
:1061A00048331B4B00254FF0FF304FF0FF31C4F850
:1061B0000855C3E902014FF48033C4F80433154B8A
:1061C00002264FF400320121C4F804631120C3F801
:1061D00080212A46E5F7BCFC1120E5F789FC0E4A30
:1061E0000123A360236013600C4B0D4A0093CDE99B
:1061F000015500232846FFF735FF3046FEF780FCA7
:10620000284604B070BD00BF0010014003000F001D
:10621000301C002000E100E0E03B00206D5F040046
:10622000FFFF7F002DE9F7432E4CD4F80433990784
:106230000BD5D4F8043143B12B4A0023C4F8043100
:10624000D4F80431136801331360D4F80433DA034B
:1062500043D5BFF35B8F254B53E8002F22F001019C
:1062600043E800100028F7D1BFF35B8FD30702D4B7
:10627000D4F840318BB30025C4F84051D4F84031F4
:10628000FFF7CEFEEFF31182202383F31288BFF3D2
:106290006F8F174BD3E90267B042B94120D34FF05B
:1062A000FF304FF0FF31C3E90201D3E900981D60D0
:1062B0004FF48033C4F84833C4F84051D4F8403127
:1062C00082F31188BFF36F8FB9F1000F05D0CDF8BD
:1062D000008032463B460020C84703B0BDE8F0834B
:1062E000A946EDE700100140E43B0020DC3B002024
:1062F000301C002030B5431C124C85B005D08442C0
:10630000A8BF0446012CB8BF0124FFF789FE0E4B3D
:106310000C4DD3E90013401AB0F5000F10D222182B
:10632000AA4228BF2A4652184FF0000007490091A0
:10633000CDE9010043F10003FFF794FE05B030BD45
:106340002A46F0E7FFFF7F00401C00206D5F04003D
:1063500008B5FFF765FE024B1B68C01A08BD00BFF9
:10636000401C002010B5084C012363601120E5F7A4
:10637000CDFB064BC4F80833C4F84833044B4FF444
:106380000032C3F8802110BD0010014003000F004F
:1063900000E100E0024AD2F80034002BFBD0704745
:1063A00000E0014010B54FF08053D3F83021082AA7
:1063B0004ED14FF080420021C2F80C11C2F81011EA
:1063C000C2F8381502F54042D3F80414C2F820157B
:1063D000D3F80814C2F82415D3F80C14C2F8281501
:1063E000D3F81014C2F82C15D3F81414C2F83015D1
:1063F000D3F81814C2F83415D3F81C14C2F8401599
:10640000D3F82014C2F84415D3F82414C2F8481560
:10641000D3F82814C2F84C15D3F82C14C2F8501530
:10642000D3F83014C2F85415D3F83414C2F86015F8
:10643000D3F83814C2F86415D3F83C14C2F86815C0
:10644000D3F84014C2F86C15D3F84434C2F8703550
:106450000AF09EFA18B1374B374AC3F88C260AF077
:1064600097FA18B1354BFB22C3F818250AF090FAB9
:1064700058B14FF080424FF08051D2F8E43ED1F84D
:10648000581261F30303C2F8E43E0AF081FA20B126
:106490002B4B4FF40072C3F840264FF08053D3F8D3
:1064A0003031082B17D14FF08043D3F80024D207A6
:1064B00044BF6FF00102C3F800244FF08053D3F8BB
:1064C0003431042B81BF4FF01023D3F808224FF052
:1064D0008043C3F858254FF01023D3F80022002A38
:1064E00003DBD3F80432002B22DA164901234FF0E4
:1064F0001020C1F804351224FFF74CFFC0F8004209
:10650000FFF748FFC0F80442FFF744FF0023C1F83B
:106510000435FFF73FFFBFF34F8F0B490B4BCA68A2
:1065200002F4E0621343CB60BFF34F8F00BFFDE77F
:1065300010BD00BF005000404881030000F0004043
:106540000090024000E0014000ED00E00400FA0588
:10655000014B1860704700BFE83B002010B5054BA9
:10656000186814460AF026FA0028A4BF20700020FC
:1065700010BD00BFE83B0020024A01238340C2F85F
:106580000435704700F00140014B00201B6818479C
:10659000EC3B0020014B1B68184700BFEC3B002080
:1065A00010B50C4C237993B9012323710A4B206059
:1065B000002818BF184600F04BF850B92368074868
:1065C000002BBDE8104008BF184600F091B86FF0EE
:1065D000770010BDEC3B0020896504009565040040
:1065E00008B5064B1B682BB10020E5F7A3FA08B9E4
:1065F000E5F77EFA024B01221A7008BDEC3B002041
:10660000E344002038B54FF080440123C4F8083338
:1066100063600023C4F80031D4F8003142F21075F1
:10662000D4F80C24D4F80C34D20307D5DB0705D5F5
:1066300001200AF0BDF9013DF2D138BD0AF020FA7F
:106640000028FAD0014B00225A71F6E7F43B0020F3
:1066500010B508490C794CB9012308600B710AF098
:106660000FFA08B9002010BD4C71FBE76FF07700FE
:10667000F9E700BFF43B00204FF080430022C3F84D
:106680000021D3F80021094901221A60096811B1DB
:10669000C3F804237047D3F80021002AFBD000225E
:1066A000C3F80021D3F80031704700BFF43B00204D
:1066B00010B54FF08043D3F80423D20715D5D3F893
:1066C000002192B10022C3F800210121D3F800215A
:1066D000C3F808130AF0D4F9044B10B15A7922B95F
:1066E0005971BDE810401B68184710BDF43B0020ED
:1066F000074A137943B90121106011714FF08042AC
:106700001846C2F8183570476FF07700704700BF21
:10671000FC3B002010B54FF080431D4CD3F81814FB
:10672000D3F8182411F4803F1AD002F00302012A92
:1067300001D092B900224FF08043C3F818250022FF
:10674000C3F80421D3F8042101229A6022688AB98F
:10675000D3F80421002AFBD014E00AF0A2F9E9E7FB
:10676000D3F81424D107E5D5D3F81C249207F4D428
:1067700022681AB10222C3F8042310BDD3F8042101
:10678000002AFBD00022C3F80421D3F80431F4E737
:10679000FC3B0020F8B54FF08043194FD3F8044379
:1067A000012504F01A04002604B9F8BDB4FA84F0F7
:1067B000C0F11F00830003F580739BB203F1804397
:1067C00005FA00F2196892B224EA02040029EBD01B
:1067D0001E601B684FF08043022AC3F808230BD1C8
:1067E000D3F81814D3F81814890705D1C3F818552D
:1067F000C3F804239D60D7E73B68C0B29847D3E74E
:10680000FC3B0020036803F01F025B09026004D018
:10681000012B034818BF002070474FF0A04070477D
:1068200000030050034A430900F01F00D35C1844E2
:10683000C0B270476E860500024611F0010030B507
:1068400015D18B07C1F3400022D51249D1F820059C
:1068500050604FF08052C1F82005D2F83021082A4C
:1068600008BFD1F82025003818BF012010E04FF0F4
:10687000A0444FF08055D4F820351360C4F820357B
:10688000D5F83051082D08BFD4F82045002BD8D0BA
:1068900030BD00BF00030050F7B504460846FFF7BF
:1068A000C1FF04EB40060D46B38ADB072AD520461C
:1068B0000AF0FAF9294620460AF066F950B1204656
:1068C0000AF078F9276807EB80000023C0F810353C
:1068D000C0F81035294620460AF095F90021B1820A
:1068E00001A80195FFF78EFF019B00EB8300074B8A
:1068F000D0F80027134043F00203C0F800370846E1
:1069000003B0F0BD6FF01500FAE700BFF0F8FCFF30
:1069100001480AF06DB800BFB808002010B504485F
:106920000C460AF047F80028A4BF2070002010BDD4
:10693000B80800202DE9F04F074689B057F8049BAE
:10694000D9F80413C9B28346082241F000414846F1
:106950000AF082F9051E2FDA0023032106A8CDE9EB
:106960000633FFF769FF634B01930DF118084FF0F1
:10697000000A019A604912F8013B0192DA0803F01B
:1069800007038A5C22FA03F3DB071CD40AF1010334
:10699000022B08F104084FF0010AEAD14FF0004140
:1069A000002248460AF058F9032106A8FFF744FFE1
:1069B0000028D8D125F000450124002D40F0848026
:1069C00009B0BDE8F08F4D4B53440293D8F80060F6
:1069D000002EDBD0029B96FAA6F61C78B6FA86F655
:1069E00046EA44142046FFF71DFF0BEB4000F20877
:1069F000818A18F802000594C1F38203039300937F
:106A000006F00706012303FA06F620EA060008F856
:106A1000020005A8FFF7F6FE059A039B02F5E07257
:106A200011F0100F50F82260C6F3014633D0009ADF
:106A3000384621460AF0C8F805A80594FFF7E2FE9B
:106A4000059B03F5E073F6B250F82330C3F301431E
:106A50009E4207D1002120460AF087F831462046A1
:106A60000AF083F805A80594FFF7CCFE059B0122E8
:106A700002FA03F3C0F820354FF08053D3F83031D9
:106A8000082B01BFD0F82035D0F82035D0F82035BC
:106A9000D0F820359AE7022E14BF022103212046A8
:106AA00003930AF062F8039B032B03D0022E07D155
:106AB000012BD7D1009A214638460AF085F8D1E754
:106AC000032ECFD1022BF4E795FAA5F3B3FA83F3A3
:106AD00004FA03F225EA020503F5A2720BEB430365
:106AE00059F82220B3F87C10C2F3014238460AF06C
:106AF0006BF862E77E860500644405007E8605002B
:106B0000044AD2F80034DB07FBD50160BFF35F8F86
:106B1000704700BF00E001404FF080531A69B0FB9E
:106B2000F2F302FB13036BB9084B0222C3F80425EE
:106B3000C3F80805D3F80024D207FBD50020C3F81A
:106B4000040570476FF00C00704700BF00E0014083
:106B500010B5054C0123C4F80435FFF7D1FF00231D
:106B6000C4F8043510BD00BF00E0014010B5174C5B
:106B700023783BBB0278C2F3400392070FD54FF056
:106B80008053D3F83021082A08D1D3F83431022BAE
:106B900002BF4FF080430122C3F8382601234FF093
:106BA0008042C2F88035037803F00103C2F87835DB
:106BB0000020E4F7BFFF08B9E4F79AFF0123237030
:106BC000002010BD6FF07700FBE700BFE444002019
:106BD0004FF080434FF46072C3F80823014B00224A
:106BE0001A607047043C002008B5FFF7F1FF036806
:106BF0000BB1014A136008BD043C002010B54FF0F2
:106C00008043D3F80443620707D54FF484700AF039
:106C100030FA10B11E4B1B689847A30608D54FF4F5
:106C20008A700AF026FA18B11A4B00201B689847A0
:106C3000600608D54FF48C700AF01BFA18B1154B9A
:106C400001201B689847210608D54FF48E700AF082
:106C500010FA18B1104B00201B689847E20508D5C0
:106C60004FF490700AF005FA18B10B4B01201B6825
:106C70009847A3050AD54FF492700AF0FAF928B1A3
:106C8000054BBDE810401B680220184710BD00BF2F
:106C90000C3C0020083C0020043C002070B5114D45
:106CA0006C6BA4B14FF47A735C430A23B4FBF3F426
:106CB0000D4ED6F800316BB995F8393053B90A202A
:106CC00009F076FE013CF4D16FF0730008E04CF25D
:106CD0005034EDE795F8393003F0FF00002BF3D185
:106CE00070BD00BF103C0020009002400A4B10B560
:106CF00000220124C3F80045C3F800211C6028B11C
:106D0000FFF7CCFF20B9054B83F83840002010BDB9
:106D10006FF07300FBE700BF00900240103C0020C2
:106D200070B500F06044B4F1005F5DD184075BD1C1
:106D3000304C94F83050012D05D09D4257D194F835
:106D40003850002D53D02C4D022B0BBFC5F8102509
:106D5000C5F80425C5F81405C5F808050CBFC5F825
:106D60001815C5F80C154FF0000684F83960266830
:106D70000CBF08250425BEB994F838306BB11E4B02
:106D800005F1804505F524350022C3F800210123D3
:106D90002B60BDE87040FFF781BF0120FFF7A6FF21
:106DA00010F1740FEBD170BDA66826B1E06061618F
:106DB000E2610020F7E7A2610F4A84F83030012336
:106DC000A0602161C2F80061C2F8043394F8382051
:106DD00002F0FF0012B9FFF789FFEAE705F18045ED
:106DE00005F524352B60E4E76FF00C00DBE76FF06E
:106DF0000F00D8E7103C002000900240084B9A6832
:106E00005A621A699A629A69DA62DA689A6032B1E9
:106E10005A691A61DA699A610022DA60704770472C
:106E2000103C002000F01F0340090FD0012810D1B2
:106E30000B4A02EB83020B4BD2F80007034043EAF4
:106E4000012343F00203C2F8003770474FF0A0421D
:106E5000EFE7002203F5E07352F82330FFDE00BFB6
:106E600000030050F0F8FCFF10B50E4B0238D3F8C9
:106E70003C26D3F83836072813D8DFE800F0110F86
:106E80000D0B0A080604100EC871100C8871100A48
:106E900048710A711A0ECA701A0C8A701A0A4A705E
:106EA0000B7010BD00900240023807281FD8DFE8A1
:106EB00000F02927251123211F04CB791B068A798D
:106EC00043EA02434A7943EA02230A7913430E4A0A
:106ED000C2F83C36CB781B068A7843EA02434A78EC
:106EE00043EA02230A781343074AC2F83836704748
:106EF0000023E4E70023E5E70023E6E70023EBE7D0
:106F00000023ECE70023EDE7009002400268154BF8
:106F1000FF2A08BF4FF0FF32C3F824254268FF2A3A
:106F200008BF4FF0FF32C3F828258268FF2A08BF48
:106F30004FF0FF32C3F83025C268FF2A08BF4FF078
:106F4000FF32C3F834250269FF2A08BF4FF0FF3231
:106F5000C3F838254269FF2A08BF4FF0FF32C3F853
:106F60003C2570470090024030B5194D0FCD8DB0D3
:106F700006AC0FC495E8030084E803001549D1F876
:106F80002435DBB20093D1F82835DBB20193D1F878
:106F90003035DBB20293D1F83435DBB20393D1F84C
:106FA0003835DBB20493D1F83C3506A8DBB2059343
:106FB000FFF7ACFF0023C1F8003101230B60D1F8CB
:106FC0000031002BFBD06846FFF7A0FF0DB030BDAD
:106FD000A43705000090024070B590F829300446AF
:106FE00013B190F82A204ABB6068FF2867D0A268D6
:106FF000FF2A64D0E268FF2A61D02269FF2A5ED0AE
:10700000B3B90321FFF70EFFA068FFF70BFFE0689D
:10701000FFF708FF2069FFF705FF6069FF2801D02F
:10702000FFF700FFA069FF2802D00321FFF7FAFE57
:1070300094F82A3013B9201DFFF768FF214E636AC8
:10704000736394F8293086F83A304FF080531E4D20
:10705000D3F83031082B04D10123C5F80833FFF7EA
:1070600083FF2368C5F84035A37F617F227F9B01A2
:1070700043EAC1031343E27F43EAC213C5F8443530
:10708000D5F8002694F8203022F07F4222F0FF024B
:10709000134394F8212043EA026394F8222043EA40
:1070A000426394F8232043EA0273C5F8003633683C
:1070B0000BB9002070BD2920E4F71AFDF9E76FF045
:1070C0001500F7E7103C0020009002400A4B002218
:1070D00083F83820094B01214FF08050C3F8081382
:1070E0001961D0F83001082808BF5965C3F8002598
:1070F000C3F80021704700BF103C00200090024000
:1071000038B50D4C94F8305095B9C4E9001240B927
:107110000020C4E90200012384F8303084F83800EC
:1071200038BDFFF759FF0028F2D06FF01500F7E7E0
:107130006FF07700F4E700BF103C00202DE9F0412C
:10714000DFF89880064698F8300001280F4614466C
:1071500040D198F8383083B3214D0123C5F8083366
:107160004FF08053D3F83031082B01D1FFF7FCFEEC
:107170001FB170783946FFF797FE002788F83970FD
:10718000C5F80071B37872781B0343EA02233278A2
:107190001343F27843EA4233327943EA8233727915
:1071A00043EAC233C5F83436FFF778FD743008D0AF
:1071B000C5F800714CB9002005E0FFF797FD743069
:1071C000CAD16FF07300BDE8F08170782146FFF7F7
:1071D0004BFEF0E76FF00F00F5E700BF103C00201A
:1071E00000900240044B93F838300BB9FFF77EBD96
:1071F0006FF07700704700BF103C002008B5064BC9
:1072000093F83030012B03D1FFF760FF002008BD59
:107210006FF00F00FBE700BF103C0020034B93F81A
:107220003000003818BF0120704700BF103C00201C
:1072300038B58B0735D11E4B1D681DB193F8302032
:10724000012A31D11B4C0022C4F81C15C4F82005BA
:1072500083F8392095B993F8383043B10023C4F846
:1072600000310123E360BDE83840FFF717BD01207E
:10727000FFF73CFD10F1740FF0D138BD042183F805
:107280003010C4F800210122C4F8042393F83830E8
:1072900003F0FF001BB9FFF729FD0020EDE7E260D6
:1072A000FBE76FF00C00E8E76FF00F00E5E700BFC9
:1072B000103C00200090024010B5224BD3F8002172
:1072C00092B1214C0022C3F8002194F8381094F8B0
:1072D000302071B90121032A84F8381005D0042A1E
:1072E00005D0022A00D1996010BD5960FCE7D96031
:1072F000FAE7032A19D0042A19D0022A04D101235B
:1073000084F82030FFF77AFDA36813B9012384F8CD
:10731000303094F8393003F0FF0013B9D4E900316C
:107320009847002384F82030DEE70223E8E70322B1
:1073300084F82020D3F81C256262D3F8203584F825
:107340002830E1E700900240103C0020F8B50F46DD
:1073500014461D46084E304609F0DAFE10B96FF0AB
:107360008300F8BDB368A2B21B683946304698471F
:107370000028F4D12C60F4E79831050010B50446DC
:10738000E3F760FA0348044A012104F0E2FE2046D4
:1073900009F0C9FE4C360500F48105002DE9F843DB
:1073A000044600AF0D46EFF31188202383F31288C3
:1073B000BFF36F8F04282A4A98BF2A4B9668117C26
:1073C00094BF53F82030284BE9468AB06A462748D4
:1073D000CDE9073140F20133ADF82430244BCDE93B
:1073E000050442F8103F234800234FF43151E3F7DE
:1073F000F7FACD4645B1EB69C3F3080323B11E4A42
:107400001C48012104F0A5FE2EB130460AF07FF998
:1074100008B1037803B91948E9468AB06A46184B9F
:107420000790CDE9053640F20133ADF82030154B19
:1074300042F8103F00230F484FF41151E3F7D0FA00
:107440002946CD462046FFF799FF88F31188BFF300
:107450006F8F3046E4F724FCBD46BDE8F88300BFDB
:107460004C3C0020684405000382050011820500A1
:10747000050000014C36050039820500D860050082
:107480005A8205000400000138B50A4B53F8204029
:10749000013053F82050A54200D838BD606830B1A3
:1074A000037EDB0701D409F01BFE0834F3E72368F1
:1074B0009847FAE77C44050070B52A4B2A4C2B4DBF
:1074C00086B0012203201A70FFF7DEFF01F09CFC5A
:1074D0000420FFF7D9FF2646AE4204F130040FD353
:1074E00001F024F8204CAC4226D301F033F8E1F748
:1074F0006FFE1F4A938923F00103938106B070BD8C
:1075000054F80C3C059354F8103C049354F8143C84
:10751000039354F8183C029354F81C3C019354F81C
:10752000203C009354E90A2354E90C0100F0FCFDCF
:1075300054F8303C5E65CEE7D4E90A23B3F1FF3F4F
:1075400008BFB2F1FF3F05D052EA0301206803D122
:107550000AF0B4F93034C6E70649183001F00EFAE3
:10756000F8E700BFE5440020C0330500C033050044
:10757000D81C0020EB17050070B5164E164D1749A4
:10758000882386B003FB006601220023CDE9042393
:107590000F22CDE902320193142303FB0055044668
:1075A0004FF4C07000FB04110D4B00954FF4A07216
:1075B000304600F0B9FD337C0A4AEE6023F0040344
:1075C00033744FF4046304FB033313442C746B6073
:1075D00006B070BD501C00204C3C002000770020FD
:1075E000B7120500C06E00207FB50020FFF74CFFEA
:1075F000294B83F30888294C636943F40073636162
:107600000025E02384F82230E57725766576A57697
:1076100084F82050636A43F4E023636284F82350C3
:10762000E4F722FAE4F726FB4FF0FF33A362E362AC
:10763000E4F756FCE4F79EFBE3F75EF81848194CB4
:1076400000F0EAFD0120FFF71FFF0220FFF71CFFFB
:1076500000F0AAFF144B15495C61154B05930123FB
:107660004FF48052CDE90353CDE90155114B0095FC
:10767000204600F059FD237C064623F004032046F3
:1076800023740AF07EF82846FFF776FF094A314650
:107690002046E4F7D1FA00BF0077002000ED00E0BB
:1076A000081E0020D81C00204C3C002080780020C0
:1076B000BC820500B974040038B5064C064DAC42D6
:1076C00001D3002038BDD4E90112204609F075FD30
:1076D0001434F4E7100A0020240A002030B585B0E5
:1076E000DDE90845034B0293CDE9004509F023FD90
:1076F00005B030BD75AE040038B5074C074DAC423F
:1077000001D3002038BD204609F07BFD08B91C34A8
:10771000F5E76FF01500F5E7A0090020100A00203A
:1077200073B50C46EFF31181202585F31288BFF362
:107730006F8FC5685DB125602B68C36083690133B5
:107740008361002081F31188BFF36F8F11E052EA4B
:10775000030603D125606FF00B00F3E7CDE90023AA
:107760000246083000F040FE18B9034B9B685B6985
:10777000236002B070BD00BF4C3C0020F7B50D4641
:1077800004469DF82010EFF31187202080F3128823
:10779000BFF36F8F266AE068864240D22668B44203
:1077A0001AD0CEB1304609F091FD06F118000AF06A
:1077B00013F954F8082F7069294600250BF0A6FB31
:1077C0003046C6F8805009F0DCFF204639460AF002
:1077D00032F8284603B0F0BDA268A9B1E069294695
:1077E0000BF094FBE369A26813446269E36193427E
:1077F00001D12369E361236A01332362002087F307
:107800001188BFF36F8FE5E7A0692369984208BF2D
:107810006069801AA06129460BF078FBEBE752EA19
:1078200003010BD00749896804F108004D61CDE9D7
:1078300000233946224600F0D7FDCBE76FF0220047
:10784000DDE700BF4C3C0020F7B504460846EFF3E7
:107850001186202181F31288BFF36F8F216A0029DE
:107860003BD0A268A1690BF051FBA369A26825680F
:1078700013446269A361934204BF2369A361236A2D
:10788000AC4203F1FF33236236D02846002D34D0BA
:1078900009F01CFD05F118000AF09EF86969A2685C
:1078A000E0690BF033FBE369A26813446269E361AA
:1078B000934204BF2369E361236A002701332362F3
:1078C0002846C5F8807009F05CFF04F108003146D5
:1078D00009F0B1FF384603B0F0BD52EA030111D000
:1078E0000A4989684861CDE900233146224604F1FE
:1078F000080000F079FDEEE7002086F31188BFF361
:107900006F8FE8E76FF02200F7E700BF4C3C0020E4
:107910002DE9F341044617461E46EFF31188202354
:1079200083F31288BFF36F8F304BC2689B6872B1CC
:107930008068984217D057EA060216D188F311885A
:10794000BFF36F8F6FF00F0002B0BDE8F08193F9C5
:107950000E1021610132C4E9023288F31188BFF3AD
:107960006F8F0020F0E72169F3E793F90E1090F98B
:107970000E30994230DA9942A8BF194609F0BAFC94
:107980000546CDE900761A482246414600F02CFD16
:107990000028E6D0EFF31186202383F31288BFF38B
:1079A0006F8FA068D0B1236821699C420AD04BB187
:1079B00093F90E309942A8BF19466FF07F039942A0
:1079C000B8BF194609F096FC40B10948314609F0A4
:1079D00032FF6FF00A00B7E70025D2E7002DF4D19F
:1079E00086F31188BFF36F8FF3E700BF4C3C002094
:1079F000E6440020F8B583680546002B40D0234AB2
:107A0000926893423FD1C368012B03D9013BC36005
:107A10000020F8BDEFF31187202383F31288BFF312
:107A20006F8F0169806809F065FC2C68A54207D159
:107A30000023C5E9023387F31188BFF36F8FE7E7AF
:107A4000002CF5D0D4E9003213605A60237C002664
:107A500023F002032374C4E90066A66004F1180051
:107A600009F0BAFFAC6094F90E302B612046C4F8DF
:107A7000806009F086FE0648394609F0DCFEC7E75B
:107A80006FF01500C5E74FF0FF30C2E74C3C002017
:107A9000E644002037B51146EFF31185202282F32A
:107AA0001288BFF36F8F04689CB12368426823F08B
:107AB00003039442036008BF43600121204609F09C
:107AC0009DFC044685F31188BFF36F8F204603B0F9
:107AD00030BD51EA0302F5D000F10802CDE90013F0
:107AE0001046294600F080FC0028EFD1014B9B682E
:107AF0005C69EBE74C3C002070B5EFF31186202366
:107B000083F31288BFF36F8F0468A0421BD0D4B1F7
:107B1000D4E9003213605A60237C002523F002036D
:107B20002374C4E90055A56004F1180009F054FF5E
:107B30002046C4F8805009F024FE31460748BDE8CD
:107B4000704009F078BED0E902329A4218BF013382
:107B5000836086F31188BFF36F8F70BDE644002009
:107B600013B5EFF31181202484F31288BFF36F8FD4
:107B7000846844B1013C846081F31188BFF36F8F46
:107B8000002002B010BD52EA030406D181F311882F
:107B9000BFF36F8F6FF00F00F3E7CDE900230246CC
:107BA000014800F021FCECE7E644002070B50546F2
:107BB000EFF31186202383F31288BFF36F8F002326
:107BC0002C68A54219D0C4B1D4E9003213605A60C0
:107BD000227C002322F00202C4E900332274A36055
:107BE00004F1180009F0F8FE6FF00A03C4F88030C1
:107BF000204609F0C6FD0123E2E70022AA6023B96E
:107C000086F31188BFF36F8F70BD31460248BDE81F
:107C1000704009F010BE00BFE644002007B5074BD6
:107C20000093074907484FF0FF334FF4805200F0AC
:107C30006DF9002003B05DF804FB00BF944405001B
:107C4000C0880020601D00202DE9FF41544E0446ED
:107C50002027EFF3118887F31288BFF36F8FD4F8D2
:107C60008C50F5B9022104F1A40009F027FC00288A
:107C700070D004F19C0500220121284609F03EFE47
:107C80000028F8D1002302934FF0FF324FF0FF336A
:107C9000CDE90023414604F19402424800F0AEFDD4
:107CA000D7E7D4F890202B68C4F88C30954208BFF1
:107CB000C4F89030D4F8A43043F00203C4F8A430E0
:107CC000EB6823F0040343F00103EB606B6888F377
:107CD0001188BFF36F8F28469847EFF3118887F319
:107CE0001288BFF36F8FEB68D80623F001023ED4F1
:107CF000EA60EB689A0717D5306823F00203EB605F
:107D000090B10368002178B1426895423DD1036883
:107D1000002934D172683360904200D1736000232F
:107D200040F8083BFFF7E8FED4F8A43023F0020344
:107D3000C4F8A430DB0530D4D4F88C30003B18BF35
:107D4000012388F31188BFF36F8F002B81D000F0DF
:107D500033FC7EE7D4F8A430D90693D5C4F8A40048
:107D600088F31188BFF36F8F04B0BDE8F08123F072
:107D70001103EB6005F11000FFF7BEFEB9E70B60E1
:107D80007368984208BF7160C9E701461BB11A6861
:107D900018461346B7E71A46FAE70023D1E700BFB3
:107DA0006C3C0020E644002070B5C368C3F3400675
:107DB0009B0705460C460DD50122002104F1080061
:107DC00009F070FB00232360054B65605A681AB9FF
:107DD000C3E90044304670BD14605C60FAE700BF40
:107DE0006C3C0020F8B5C3689A0704460E46C3F3FE
:107DF000400542D45F0742D40B680BB983680B601F
:107E0000E368D80744BFA368336037684CBF0225D6
:107E1000012557B31B4B9A68D7F888309A421ED178
:107E200009F06CFC80F00100C0B2D7F8A430D9078B
:107E3000C3F380021CD5F2B1F8B100232360D7F858
:107E4000903073B9C7E92344384609F052FBE36820
:107E500043F00403E3603368A3602846F8BD0020C4
:107E6000E3E71C60C7F89040EEE76FF0150506E009
:107E70006FF0120503E01B07DFD56FF00F0500233D
:107E80003360EAE74C3C0020F8B5C36803F0050313
:107E9000002B06460C4614BF012700271CD085681E
:107EA0000122002104F1100009F0FCFA13492046D8
:107EB00009F080FBE36843F01003E360F3685B07BD
:107EC00012D5336823606BB9D5F8903033B9C5E962
:107ED0002344284609F00DFB3846F8BD1C60C5F860
:107EE0009040F6E73460F4E7D5F88C302360D5F89D
:107EF0009030C5F88C40002BEBD1F0E7D31405008F
:107F00000146014809F072BB601D0020F0B589B040
:107F100004460020C4E923000E9D04F19400C4E946
:107F2000250004F19C00C4E9270055B328790028F6
:107F300040F2011008BF0120C4F8A40000204FF057
:107F4000FF364FF0FF37CDE90330CDE90100CDE931
:107F500006670D4B0094204600F032F955B12968B0
:107F600011B1204609F0D0FB6B791BB1A38943F016
:107F70000103A381204609F0A1FCC4F8884009B0A0
:107F8000F0BD0120D8E700BF497C040037B501905F
:107F90000846EFF31184202181F31288BFF36F8F1D
:107FA000C16811F01E0F16D153EA020508D101A9CC
:107FB000FFF718FF84F31188BFF36F8F03B030BD54
:107FC00041F00801C160019981620449103000F05C
:107FD000D5FC0120EEE70020ECE700BF67150500A7
:107FE00001460148FFF7D2BF601D0020F7B50C46DF
:107FF000019016461D46EFF31187202383F3128864
:10800000BFF36F8F084609F065FA55EA060309D1F8
:1080100001A92046FFF7E6FE87F31188BFF36F8FB3
:1080200003B0F0BDE368074943F00803E360019B38
:10803000A36232462B4604F1100000F09FFC0120A1
:10804000EAE700BF6715050001460148FFF7CEBF0C
:10805000601D00202DE9F0410546EFF31187202334
:1080600083F31288BFF36F8F0468A0421CD0DCB189
:10807000204609F036FB04F1180009F0ADFC00269B
:10808000B046C4F88080204609F07BFB2C68A542EE
:1080900006F1010610D07CB1204609F022FB04F164
:1080A000180009F099FCECE787F31188BFF36F8F94
:1080B00000263046BDE8F0810248394609F0BBFB96
:1080C000F7E700BFE64400202DE9F3411C4652EAE1
:1080D000040307460D46164608D10846FFF78AFCFA
:1080E0006FF00A04204602B0BDE8F081EFF311887A
:1080F000202383F31288BFF36F8F0846FFF77AFCC3
:10810000CDE9006407483A46414600F06DF904465F
:108110000028E7D14FF0FF324FF0FF332846FFF73A
:10812000F7FBDFE7E64400202DE9F043073285B096
:1081300022F007020E461F461099818100F1580374
:108140007F32C0E916330446002322F03F020421A7
:10815000836001743F2A0F98A073C4E90633E37368
:1081600006F14009A2F1400805D883F31188BFF356
:108170006F8F084602DFB51829462046E3F728FA34
:1081800007300E9B20F007002067C4E91A9802937D
:108190000D9B01932D1A0C9B00932A463B463146BA
:1081A0002046E3F717FD00236365044B9B6803B18A
:1081B0005B6F6367284605B0BDE8F0834C3C002048
:1081C000F0B587B000250595109D04950F9D03958A
:1081D0000E9D0295DDE912760D9D01950C9D009591
:1081E0000446FFF7A1FFB6F1FF3F08BFB7F1FF3F1D
:1081F00005D056EA070305D1204609F05FFB20466B
:1082000007B0F0BD3A46334604F11800014900F0CA
:10821000B5FBF4E7EB17050001230374838100230A
:10822000C0E91A334367014B986070474C3C00200B
:108230000A4A93686FF00A01C3F880100849D867AA
:108240004B6843F080534B60002383F31188BFF3E6
:108250006F8F9368D3F88000704700BF4C3C0020BC
:1082600000ED00E070B590F91020037C002A2FDBB0
:10827000D9062DD11A4C63F07F032246037452F8BD
:10828000183FE169934207D1C0E900210860E0612D
:108290000FE09942F8D01B68002BF5D093F90E60DF
:1082A00090F90E50AE42F4DD5968C0E90031086023
:1082B0005860A569954200D005B9E568A3681A7CA5
:1082C000D20606D1DA897F2A03D9AA690AB963617D
:1082D00070BDAB4202D0284600F0D2FA6561F7E7E4
:1082E0004C3C002038B590F91020037C002A014650
:1082F00004DA03F07F03037409F00BFA0D4D2A46EC
:10830000AB6852F8184F944200D004B9EC688B4225
:1083100007D01A7CD20604D1DA897F2A01D9A26952
:108320002AB1A34202D0204600F0AAFA23466B618C
:1083300038BD00BF4C3C0020B3F1FF3F08BFB2F195
:10834000FF3F03D00249183000F018BB704700BF50
:10835000EB170500034648B9EFF3058232B9064A28
:1083600051699268914201D0FFF762BF83F311888F
:10837000BFF36F8F704700BF4C3C002038B5184CDE
:10838000A168E0690B68814214BF1A46002249685F
:108390000B605960A368E1692AB9124AC3E9002158
:1083A0000B60E3610AE092F90E5093F90E008542EA
:1083B00012DD5168C3E900210B605360A569094BC8
:1083C0009D4200D005B9E568A3689D4202D02846C9
:1083D00000F056FA656138BD8A42DED01268DBE7EC
:1083E0004C3C0020643C0020F8B50E4B0C46114676
:1083F0000D4A98681060DDE90667EFF311822022CC
:1084000082F31288BFF36F8F9D68284609F093F9B5
:10841000284632463B46FFF78FFF2046BDE8F8402E
:10842000FFF706BF4C3C0020743C0020F8B5044622
:10843000EFF31187202383F31288BFF36F8F037C40
:1084400003F01F02002A0CBF0126002649B235D1D5
:1084500003F07F03037409F05CF9294D037C8173F9
:1084600063F07F032A46037452F8183FE869934289
:1084700007D1C4E900200460EC610DE09842F8D017
:108480001B68002BF5D093F90EC08C45F6DD5968BA
:10849000C4E900310C605C60AC69944200D004B95E
:1084A000EC68AB689C4202D0204600F0E9F96C61B0
:1084B00087F31188BFF36F8F3046F8BD9B071CD53B
:1084C000856809F026F981732B689D4209D16B6894
:1084D000C4E900531C606C60EAE76A689A42F6D00F
:1084E0001B68002BF3D093F90E208A42F5DD5A6801
:1084F000C4E9003214605C60DAE78173D8E700BF3A
:108500004C3C0020034648B9EFF3058232B9064AD5
:1085100051699268914201D0FFF78ABE83F31188B6
:10852000BFF36F8F704700BF4C3C0020EFF3118109
:10853000202383F31288BFF36F8F054B9A68D37B98
:10854000013BD37381F31188BFF36F8F704700BF76
:108550004C3C002070B5EFF31186202383F3128882
:10856000BFF36F8F0F4DAB68DA7B0132DA732A46A7
:1085700052F8184F944200D004B9EC681A7CD20625
:1085800004D1DA897F2A01D9A2692AB19C4202D09A
:10859000204600F075F923466B613046BDE8704017
:1085A000FFF7D8BE4C3C0020024B03F11802C3E990
:1085B000062270474C3C002070B5EFF31186202353
:1085C00083F31288BFF36F8F1A4CA168E0690B68C0
:1085D000814214BF1A46002249680B605960A368A3
:1085E000E1692AB9144AC3E900210B60E3610AE09A
:1085F00092F90E5093F90E00854216DD5168C3E9D9
:1086000000210B605360A5690B4B9D4200D005B95A
:10861000E568A3689D4202D0284600F031F9656103
:108620003046BDE87040FFF703BE8A42DAD01268D8
:10863000D7E700BF4C3C0020643C0020F8B550EA6E
:10864000010306460C4603D1FFF7B6FF0020F8BD34
:10865000EFF31187202383F31288BFF36F8F124D3E
:10866000124BA8681860FFF73DFEA8681049234622
:108670003246183000F082F9AA68137C43F00403F4
:10868000137404463846FFF7D3FDAB68D3E90A23D9
:10869000B3F1004F08BF002AD8D109F0D2F9201A4F
:1086A00020EAE070D3E700BF4C3C0020743C00207F
:1086B000EB170500014B9868704700BF4C3C002049
:1086C0002DE9F84304468789EFF31186202383F3CD
:1086D0001288BFF36F8F037C190705D586F31188C5
:1086E000BFF36F8FBDE8F883D90943F008026FD15B
:1086F0000274A36813B1204609F013F804F11800BE
:1087000009F06AF9A56D04F15808A84511D04FF099
:10871000000975B1284609F004F805F1180009F0C0
:108720005BF9C5F880902846FFF79CFDA56DA8452C
:10873000EFD1DFF8BC80D8F808309C4250D1EFF37D
:108740000589B9F1000918BF4FF00109D8F8185090
:10875000284A954200D00DB9D8F80C50AB4202D04F
:10876000284600F08DF82046C8F8145003F06EFF3C
:10877000B9F1000F02D02048FFF74EFDD8F80830BD
:108780009C4230D1EFF305836BBBA289D20711D590
:1087900086F31188BFF36F8F83F31188BFF36F8F58
:1087A0000423184602DFEFF31186202383F3128897
:1087B000BFF36F8F3046FFF73BFDFB0792D50023D9
:1087C00083F31188BFF36F8F0423184602DF89E714
:1087D00003F07F0343F00803037408F09AFF88E76F
:1087E0004FF00009B2E786F31188BFF36F8FE4E71B
:1087F0004C3C0020643C0020081E0020D3B5DDE97D
:108800000667089CCDE90067FFF7EEFD1CB1034B3E
:108810009B685B69236002B0D0BD00BF4C3C002068
:10882000027C12F01F02034610D10A4988420DD083
:108830000949086868B1D9897F2909D893F90E20B8
:10884000064B1B689A42B8BF002070470020704753
:1088500010467047501C0020BC080020783C0020C7
:10886000044BC01A044BC0105843044B01221A5445
:10887000704700BF901E0020ABAAAAAAE6440020C1
:1088800070B50C4B0C4D1E7CFFF7CAFF182303FB81
:1088900006550446284609F09FF8084B00229A55D1
:1088A0003CB1621E28460649BDE87040D31700F06F
:1088B00065B870BD4C3C0020901E0020E6440020AE
:1088C0006188040038B5EFF31185202383F3128803
:1088D000BFF36F8F0F4B104A9C681068A04206D1FF
:1088E000FFF7CEFF85F31188BFF36F8F38BD0021EE
:1088F0001B7C1160094AD35C002BF3D02046FFF7A4
:108900008FFF0028EED0237CDB0601D1FFF736FD78
:108910002046E5E74C3C0020743C0020E644002063
:10892000024B1868984208BF00207047C00800201A
:10893000034B1B680BB9FDF70BBD0020704700BF50
:108940007C3C002030B570B10B4B5B6898420AD07C
:10895000036843B1D3E90421D0E90445121941EB7E
:108960000501C3E90421D0E9003213605A600023F5
:10897000C0E9003330BD00BFC0080020B3F1FF3FA5
:1089800008BFB2F1FF3F2DE9F84F0446994615465E
:108990001F467AD08160EFF31188202383F3128879
:1089A000BFF36F8FB9F1000FDFF8E4A020DBFFF712
:1089B000BFFFDAE90027013549F100092D1849EB1D
:1089C000E073C4E90453AD18064643EB07074FF0C4
:1089D0000109FFF7A5FFDFF8BCE0DEF804A00346BD
:1089E000EBB9C4E900EACAF80040CEF8044028E038
:1089F000DAE900126FF001035B1A4FF0FF3161EB0F
:108A000002025B1B62EB0902012B72F10001BCBF89
:108A100001230022C0E904324FF00009D9E7D3E96D
:108A2000041CD4E904208A4270EB0C0B24DA891A66
:108A30005A686CEB0000C3E90410C4E9003214600A
:108A40005C60FFF76DFF84420ED1134B1B685BB96E
:108A5000B9F1000F02D1FFF76BFF0646304608F070
:108A6000A4FF0021FDF746FC88F31188BFF36F8F48
:108A700028463946BDE8F88F521A60EB0C00534582
:108A8000C4E90420ADD01B68AAE700252F46EFE714
:108A9000A81E0020C00800207C3C00202DE9F047E3
:108AA000DFF8A890DFF8A880C9F800000246FFF7B9
:108AB00037FF0D4600260027D8E900134FEAE27E73
:108AC00050B1D0E9044CA2427EEB0C0A1BDAA41A86
:108AD0006CEB0E06C0E9044652184FF0000443EB5D
:108AE0000E032046C8E90023C9F8004008F05DFFE6
:108AF0002146FDF7FFFB85F31188BFF36F8FBDE8BB
:108B0000F047FFF7DFBE611843EBE473C0E9046789
:108B1000C8E90013FFF716FF01224FF00043C0E938
:108B2000042385F31188BFF36F8F83689847EFF3B1
:108B30001185202383F31288BFF36F8FD9F80020AB
:108B4000121BC9F80020FFF7EBFEB5E77C3C0020C4
:108B5000A81E002010B5EFF31184202383F31288A0
:108B6000BFF36F8FFFF7E4FE054A0346D2E9000129
:108B7000181841EBE37184F31188BFF36F8F10BDB8
:108B8000A81E0020F8B50446EFF31187202383F3D5
:108B90001288BFF36F8FD0E90423B3F1004F08BFF1
:108BA000012A04D087F31188BFF36F8FF8BDD0E995
:108BB0000A566A1C46F10003022A73F1000334D3FB
:108BC000013D46F1FF36002EBCBF00252E4608F0C1
:108BD0003CFF013041F10001401946EB0101012841
:108BE00071F1000148DB08F030FF013041F1000174
:108BF0006FF00203401946EB010183426FF000431E
:108C00008B413EDB08F021FF013041F100016FF0A4
:108C10000102401946EB0103121A4FF0FF3161EBDC
:108C200003031A492046FFF7A9FE236B0133236390
:108C3000236A63B187F31188BFF36F8F204698478B
:108C4000EFF31187202383F31288BFF36F8F54F85B
:108C5000185FA542A6D0002DA4D0284608F0A0FD9C
:108C60000023C5F8803087F31188BFF36F8F284643
:108C7000BDE8F84008F085BD6FF001024FF0FF330A
:108C8000CFE700224FF00043CBE700BF858B040005
:108C90002DE9F04105461C4690461F46EFF311862C
:108CA000202383F31288BFF36F8FB4F1FF3F08BF17
:108CB000B2F1FF3F05D186F31188BFF36F8FBDE896
:108CC000F081002C09DB012A74F10003BCBF0122F2
:108CD000002412F1FF3844F1FF37284608F07CFEEB
:108CE000DDE906010023C5E90A012B6342463B4644
:108CF00028460249FFF742FEDDE700BF858B0400EE
:108D000070B50546EFF31184202686F31288BFF371
:108D10006F8F08F061FE20B184F31188BFF36F8F6D
:108D200070BD6B6A63B184F31188BFF36F8F6B6A98
:108D300028469847EFF3118486F31288BFF36F8FAC
:108D400005F1180008F061FD0028E5D008F019FDD4
:108D500021460248BDE8704008F06DBDE7440020A0
:108D600073B50446EFF31186202383F31288BFF313
:108D70006F8F8368594003EA02050A40534000930D
:108D800000226B460849019208F0DBFDDDE9003264
:108D900023EA020304F10C00A360314608F04BFD06
:108DA000284602B070BD00BF791B0500F8B5074624
:108DB0000C46164608F0A2FC08B10020F8BD0D4B89
:108DC0009B685D6F002DF8D0221DF6D2EFF3118461
:108DD000202383F31288BFF36F8F47F004012846E6
:108DE000B04784F31188BFF36F8F0028E5D040F8B7
:108DF000045BE3E74C3C00200146024A0020FFF7F9
:108E0000D5BF00BF6FAE0400014802F037B900BF04
:108E1000CD820500054B5A78022A04D11878C31F69
:108E20005842584170470020704700BF803C0020E6
:108E30000E4B0340B3F1607F06D1B1F5885F0CBFE4
:108E400000206FF086007047B3F1707F0BD101F402
:108E5000E043B3F5005F06D111F4E06F14BF0020CA
:108E60006FF0860070476FF0860070470000C07F8B
:108E70008A42F8B506460D4600F0D2806C4B22F4CB
:108E8000FF7121F00101994222F0FF070FD003F595
:108E900088539F420BD022F47F7121F00301A3F588
:108EA0007063994203D003F5A0639F4227D1604BC2
:108EB00025F4FF7121F00101994210D05D4925F0A0
:108EC000FF038B420BD025F47F7020F00300A1F547
:108ED0007061884203D001F5A0618B420FD115F07B
:108EE000FF000BD0544B40F00070984240F09A8045
:108EF00082EA0500FF288CBF00200120F8BD05F0A4
:108F0000FE43B3F1A06F11D102F0FE43B3F1A06FA5
:108F100071D182EA050333F47E136CD12C046AD537
:108F2000C5F30540C2F305429042E4E7B3F1407F48
:108F300061D102F0FE43B3F1407F5CD182EA0500CB
:108F400030F47E1457D131462846FFF771FF0028D0
:108F500068D13A4912F47C1001EA020116D0B1F14D
:108F6000607FC2F3054335D1D1B241F0007101F108
:108F70007E410339102901D8314C645C15F47C1F03
:108F80002ED19C4214BF00200120B7E7B1F1607FD1
:108F90000AD1D3B243F0007303F17E43033B102B9D
:108FA00044D82849CB5CDFE7B1F1707F16D106F4D5
:108FB000E043B3F5005F37D1C6F3022101238B40B4
:108FC00006F4E041B1F5005FD8D1C6F302260124D2
:108FD000B440D3E7B1F1707FD0D1F1E70346CDE7DC
:108FE00018B9C5F30541A1421AD0290403D5C5F328
:108FF000054098427FE725F47F03B3F1106F0AD153
:1090000002F0FE43B3F1106F0CD10F48104040F056
:109010001060A842B6E70D4B9D4203D1AF42B1E7C5
:1090200001206BE7002069E70346C9E703469BE799
:109030000002000600130006FF0000020000C07FCF
:1090400080860500808605000000FFF60001000A0A
:1090500037B505460C46FFF7DDFE78B100230193D6
:109060000A46084801AB2946FEF770F920B9019B72
:10907000A34218BF6FF0930003B030BD6FF08800BB
:10908000FAE700BF843C0020F0B50446084624F40B
:109090007F01B1F1106F87B026D145682D0A00F12C
:1090A000200121D1068806F44F45B5F5824F1BD12A
:1090B0000F4D104F254045F01065BD4214D1F6B25A
:1090C000122E11D14588B5F5807F0DD10E9D0495E6
:1090D0000D9D03950C9D0092CDE901352346426E0E
:1090E00009F05BFB07B0F0BD6FF08500FAE700BF49
:1090F0000000FFF6000002092DE9F84388461746F4
:109100001C4600F0D5F90546002844D1D8F8006087
:10911000B6F8009009F4E043B3F5804FB36808BF98
:1091200027F0010737EA03032DD1A4B3244B24F41D
:10913000FF7222F001029A4210D0224A24F0FF036B
:1091400093420BD024F47F7121F00301A2F57062E9
:10915000914203D002F5A06293421FD114F0FF03A5
:1091600004D0194A43F0007393421ED0F16822469E
:109170004846FFF77DFE074668B9316922464846F2
:10918000FFF776FED0B96FF084050023C8F80030F1
:10919000304609F0FCF92846BDE8F88304F0FE43A8
:1091A000B3F1407F04D12304E0D56FF08605ECE7EE
:1091B000B3F1A06FF7D0044B9C42D6E73D46EAE7F7
:1091C0000002000600130006FF00000238B500F0A0
:1091D000FE43B3F1407F04460D4602D06FF0860097
:1091E00038BDFFF725FE0028F8D114F47C1F18D0F5
:1091F000C4F30543032B137022D9224A2240B2F153
:10920000607F31D1E4B244F0007404F17E44033C49
:10921000102CE3D81C4A125D9342DFD8202BDFD9F3
:109220000EE0184B2340B3F1607F0FD1E3B243F05F
:10923000007303F17E43033B102B04D9002313700A
:109240006FF08500CCE71149CB5CD3E7B3F1707FB9
:10925000F4D101F4E043B3F5005FEFD1C1F3022193
:1092600001238B40DBB2C5E7B2F1707FB6D105F4C4
:10927000E042B2F5005FB1D1C5F302250122AA4058
:10928000CAE700BF0000C07F808605008086050019
:1092900007B5002300911A46024909F099F803B076
:1092A0005DF804FBA044050010B5114C2378580765
:1092B00044BF03F0FB032370990705D500F096F82F
:1092C000237823F00203237063781BB1094A00233B
:1092D00063605360002307486370082100F0F8FBC7
:1092E0002378DA0744BF23F00103237010BD00BFC9
:1092F000803C0020843C002038B5FFF78BFDD8B9B6
:10930000124C2378DA075CBF43F0010323709D07FA
:1093100007D400F063F8237843F002032370054676
:1093200088B9627832B9D90704D5094962604A60C0
:1093300002226270580702D50025284638BD43F046
:1093400004032370F8E7FFF7AFFFF6E7803C002047
:10935000843C002000F140420F2A30B50CD81E4B4F
:10936000682404FB02331A7E022A02D15A6982421F
:1093700026D06FF08B001CE0421E6FF040439A42F3
:109380000ED2154A00241346157E022D02D15569CE
:10939000854212D00134102C02F16802F4D1E8E7C2
:1093A00000F1004303F58033B3F5704FE9D36FF05C
:1093B000870030BD6FF09600FBE7682202FB0433A4
:1093C0001A7E022AF6D1DA69501CF3D00132DA6132
:1093D00000200B60EDE700BF8C3C0020024B012217
:1093E00083F88026002070478C3C00202DE9F04156
:1093F0000A4C002526464FF001080327C4F81C80BC
:1094000027762046013508F044FD102D04F168044C
:10941000F4D1002386F88036BDE8F0818C3C002032
:10942000F8B5214D95F8803606460F46002B34D00E
:1094300000242B462246197EF9B13CB9022905D1F8
:10944000D96919B91979002918BF1C460132102AA7
:1094500003F16803EFD114B96FF08C000BE0237EA9
:10946000022B04D1E3695A1C1CBF0133E36120467F
:1094700008F00FFD10B100240DE01C46237E7BB9DF
:109480000123237636B1094B651BED105D4305F1D1
:109490008045356000203C60F8BD6FF08800EAE749
:1094A0006FF09600E7E700BF8C3C0020C54EECC48F
:1094B00038B5094B00250D6093F8803643B1FFF7AE
:1094C00049FF10F18C0F02D10D606FF0870038BD9D
:1094D0006FF08800FBE700BF8C3C002010B500F067
:1094E000FE44B4F1A06F07D0B4F1806F01D0094CF5
:1094F00000E0094CA04202D06FF0850010BD0120B1
:10950000B1F5105F1070F7D10BB90020F6E7022219
:109510001A70FAE70002C003004440047FB50368F4
:1095200016460E4A23F47E1393420D4613D1694624
:10953000043009F00AFC044620B932466946284640
:1095400009F0E4FC6846102100F0C2FA204608F059
:10955000FEFB04B070BD6FF08800FAE70002C003A4
:1095600010B5036804464BB1094A23F47E139342B5
:1095700006D1043000F0D6FA00232360002010BD8D
:109580004022002109F0E9FC6FF08800F7E700BFF6
:109590000002C0032DE9F843D0F8009005460E46BE
:1095A0001746B9F1000F30D123F47E140360184B35
:1095B0009C420FD100F10408404609F0FCFA3188C2
:1095C00072884B46204609F012F8014658B96FF0F0
:1095D000850416E04022494609F0BFFC6FF085047F
:1095E0002046BDE8F883404600F0B8FA20B97288FA
:1095F0003946404609F0FEFA08F0A9FB0446002867
:10960000EED02846FFF7ACFFEAE76FF08804E7E703
:109610000002C00310B503685BB1074C23F47E134E
:10962000A34206D1043009F00BFBBDE8104008F05E
:109630008EBB6FF0880010BD0002C0030430042808
:109640009ABF034B33F910006FF08300704700BFDF
:10965000C64E0500014B09F07BB900BF4845050027
:1096600070B5144688B006460D46204621460C4A81
:1096700009F0CCF9224621466846FFF7EBFF6A461F
:1096800031463046FFF7E6FF224669466846FFF757
:10969000E1FF6A4629462846FFF7DCFF08B070BDA7
:1096A0004845050030B5044689B009F016F90C4A62
:1096B0002146684609F0A9F801210546684609F0E7
:1096C00088F86A462146684609F09FF82DB10038AF
:1096D00018BF0120404209B030BD4FF0FF30FAE71B
:1096E0000445050030B589B0044609F08EF82146DE
:1096F0000546054A684609F072F82A46694620463A
:1097000009F09AF809B030BD4845050070B5044627
:1097100090B00D461146164609F0DFF8234A21465F
:1097200008A809F072F8012803D04FF0FF3010B0FC
:1097300070BD1146204609F048F906F1200128467F
:1097400009F0CBF8194A294608A809F05EF8012863
:10975000EBD11146284609F038F92A4629466846D1
:10976000FFF778FF2246214608A8FFF773FF08A9F4
:1097700022460846FFF76EFF08A922460846FFF773
:10978000B1FF08A922460846FFF7ACFF08A9224608
:109790000846FFF7A7FF08A90846044B044A09F04A
:1097A000C2F808A9684609F058F8C0E7484505001E
:1097B000E444050070B598B004460D4608A811466B
:1097C0001646FFF747FF344B08AA2146684609F0C2
:1097D000AAF808AA214610A8FFF784FF10AA694634
:1097E00008A8FFF737FF08AA114668462A4B09F078
:1097F0009AF8294B08AA6946684609F094F82A465F
:10980000294610A8FFF726FF10AA234B1146104641
:1098100009F089F810AA214608A8FFF71BFF08AA3B
:109820001D4B1146104609F07EF810AA114610464D
:10983000FFF710FF10AA184B1146104609F073F8F5
:109840006A4669462046FFF705FF08AA21462046DA
:10985000FFF748FF08AA21462046FFF743FF32469C
:1098600029463046FFF7F6FE0B4B3246314630466E
:1098700009F059F8224608A92846FFF733FF6A463F
:1098800029462846FFF7E6FE10AA29462846FFF794
:1098900029FF18B070BD00BF484505002DE9F04F05
:1098A000A3B00C462C9E31490546924602A832468A
:1098B000994608F0AAFFD6F800B031460BF0010235
:1098C00002A80DF1480808F0B7FF0021404608F053
:1098D00080FF4A4641460AA8FFF704FF012251468D
:1098E000284608F0A9FF01224946204608F0A4FFB7
:1098F0001F4A01211AA809F07EF86FEA0B0202F054
:1099000001020AA9204608F097FFFF277B0922AA37
:1099100002EB830307F01F0253F8806CD64086EAFF
:109920000B06F24302F001024946404608F084FF6C
:1099300006F001020AA9404608F07EFF1AAA214655
:109940002846FFF737FFCDF8008053461AAA214674
:10995000284609F09DF8013FD8D11AAA2146284689
:10996000FFF77EFE23B0BDE8F08F00BF0445050081
:10997000484505002DE9F74306460D46174698462B
:109980004FF004092021304609F0E3F880B9314650
:109990002846FFF787FE044638B9084B084A009569
:1099A00041463846FFF77AFF04E0B9F10109E9D1F1
:1099B0004FF0FF34204603B0BDE8F083A444050017
:1099C000C444050030B599B00D4610AB694608AAED
:1099D000FFF7D0FF20210446684600F079F86CB903
:1099E000084A08A9284609F041F8064A10A905F1D5
:1099F000200009F03BF8204619B030BD4FF0FF348D
:109A0000F9E700BF4845050070B5AAB002AD0646AB
:109A100028461446FFF746FEC8B9224612A90AA8EE
:109A2000FFF774FE0446A8B90AAA22A91AA800954D
:109A300012ABFFF733FF094A1AA9304609F016F8AE
:109A40002846202100F044F820462AB070BD6FF06F
:109A50000204F5E76FF00104F2E700BF4845050096
:109A600070B59AB002AE05463046FFF71BFE0446BD
:109A7000C0B90E4B0E4A009612A90AA8FFF70EFFB6
:109A80002021304600F024F80A4A0AA9284608F0A6
:109A9000EDFF084A12A905F1200008F0E7FF204673
:109AA0001AB070BD6FF00204F9E700BFA4440500CE
:109AB000C444050048450500014B1B68184700BF1A
:109AC000CC080020014B1B68184700BFC8080020C5
:109AD00010B50A46044619B1024B00211B6898478D
:109AE00010BD00BF8C450500F0B50C4B0C4E044674
:109AF000586800B9F0BDC579C5F3840556F82550FE
:109B00002D78A54208D1457905F00F07B1EB871FE5
:109B100002D1B2EB151FEDD00833E9E794450500FB
:109B20009045050010B50446A8B1806B10B1242102
:109B300009F037F8606B40B12368074ADB79C3F35B
:109B4000840352F823305B69984720463C21BDE8E6
:109B50001040FFF7BDBF10BD9045050038B5054664
:109B60000C46A9B13C22002109F0F7F9E3790A4A31
:109B7000C3F3840352F823301B6913B92C6000200F
:109B800038BD984768630028F8D16FF08C00F7E77C
:109B90006FF08600F4E700BF9045050070B4DCB2BA
:109BA000012C25D804681CB3E57905F00305012DC7
:109BB00005D8657905F00F05B2EB851F18D1426015
:109BC0000372E5790C4E406BC5F38405012B56F802
:109BD000255008D0637903F0F004302C03D003F053
:109BE000E003402B02D1AB6870BC1847EB68FBE781
:109BF0006FF0860070BC704790450500F0B40468B3
:109C0000049F1CB96FF08600F0BC704700243C60D4
:109C100006683EB3347914F01F0423D0767906F039
:109C2000F006102E11D1A2421ED13A6002680F4CEC
:109C3000D279C2F3840254F8222054680A46A4461A
:109C400090F90810406BF0BC6047994208D1C36995
:109C5000002BD7D1B2FBF4F304FB1322002AD1D19D
:109C60000348D1E70348CFE70348CDE79045050017
:109C7000809FFFFF809CFFFF809DFFFF70B50C233E
:109C80000024CD5822462EBA42EA460212BAC250E9
:109C9000043B1A1DC5F3C014F3D1084B1A680B78A6
:109CA00082EAD31253085B4252421343DB17C27B52
:109CB00003F087035340C373002070BD104300209E
:109CC000C02AF0B544D0B2F5807F43D0802A40F05E
:109CD000BA800A23036003460024520943F8044F64
:109CE00001EB820251F8044B43F8044F8A42F9D148
:109CF00003680C2B30D00E2B5ED00A2B26D1534D8F
:109D0000534900F1A006426955F8044B8768C2F335
:109D100007237C40CB5C6340140E10300C5D83EA5B
:109D20000443D4B20C5D83EA0463C2F307440C5DC0
:109D300083EA042350F8044C836063400468C360E2
:109D400063405A40036142618642DCD10020F0BD8D
:109D50000C23BFE70E23BDE73C4C3D4900F1C00595
:109D6000C26954F8046B8768C2F307237E40CB5C5A
:109D70007340160E18308E5D83EA0643D6B28E5DB0
:109D800083EA0663C2F307468E5D83EA062350F832
:109D90000C6C8360734050F8086CC360734050F8DB
:109DA000046C036173400668436173405A408361E9
:109DB000C2618542D4D1C9E7244D254900F1E006AE
:109DC000446A55F8042B8768C4F307237A40CB5CB8
:109DD00087695340220E20308A5C83EA0243E2B254
:109DE0008A5C83EA0263C4F307428A5C83EA022343
:109DF00050F8142C8360534050F8102CC36053402B
:109E000050F80C2C03615340DAB243618A5C7A400B
:109E10001F0ECF5D82EA0762C3F30727C3F3074330
:109E2000CF5DCB5C82EA072282EA034350F8042C20
:109E3000836153400268C36153405C4003624462E3
:109E40008642BDD182E76FF01F0080E7E445050040
:109E5000918705002DE9F04FC9B002AD04462846B0
:109E60000E46174609F047F80023314663603A462C
:109E70002846FFF725FF0646002835D1029F039BA1
:109E80003448DFF8D4C0276004A903EB870301EB53
:109E9000830251F82330A3605368E3609368236121
:109EA000D368636104F1180E103A7B1E9846714620
:109EB0009146B8F1000F20DC002F4FEA0313C8BF12
:109EC0001C46C3F10003D8BF002302EB0300D8BF38
:109ED00000240EEB0401D3584EF8043043684B6065
:109EE00083688B60C368CB6002A84FF48C71FFF766
:109EF000EFFD304649B0BDE8F08F01F11004A9F143
:109F0000040B01945BF8044F250E1CF8055050F823
:109F100025A0E5B21CF8055050F8255085EA3A2AEC
:109F2000C4F30725C4F307441CF805501CF804408B
:109F300050F8255050F824408AEA356585EA3445C2
:109F400041F8045B019CA142DCD108F1FF38A9F182
:109F50001009AEE70C460500918705002DE9F04F8A
:109F6000012993B08C469E4600F2748343681768BB
:109F700056689568D46850F8082B4FEA6208990033
:109F800008F1FF38BCF1000F40F0BC81421850F8D6
:109F9000233087EA030A53687340029393686B4047
:109FA0000393D3686340DDE9020404931E46D34B58
:109FB0003032554652E9069BCDF814B052F810BC29
:109FC000CDF818B052F80CBCCDF81CB052E9081707
:109FD00052F808BCCDF820B0B8F1000F52F804BC1C
:109FE000CDF824B002F1200200F3CA80BCF1000FCA
:109FF00003D1DDE90204049E55465FFA85FC020E9A
:10A0000053F82CC053F8222081EA0C0181EA322156
:10A01000C6F307225FFA80FC53F8222053F82CC0C5
:10A0200081EA3261C4F3074287EA0C0753F8222021
:10A0300081EA3241220E5FFA84FC53F8222053F861
:10A040002CC00E9187EA3227C5F3072289EA0C0952
:10A0500053F8222087EA3267C6F30742C4F3072485
:10A0600053F8222053F8244087EA3247320EF6B2E2
:10A0700053F8222053F826600F9789EA3229C0F35B
:10A080000722C0F3074053F8222053F8200089EA42
:10A090003269C5F307422D0E53F8222053F825509C
:10A0A000974B89EA3248059ACDF84080724082EA9F
:10A0B000352585EA346484EA30403C0E069A1D5DFD
:10A0C0001190CCB21C5D544084EA0564C0F30725AE
:10A0D000079A5D5D84EA0524C8F307455D5D84EA5F
:10A0E00005444FEA18650A945E5DFDB25D5D55401A
:10A0F00085EA0665C1F307269E5D85EA0625C0F35D
:10A1000007469E5D85EA0645060E0B9513F806C0C8
:10A11000089ACEF800405FFA88F6C0B29E5D5640BD
:10A1200086EA0C66C7F3072C099A13F80CC086EA76
:10A130000C26C1F3074C090E13F80CC086EA0C4636
:10A1400013F801C0195C0C965140C8F30722C7F3FD
:10A1500007479A5CDB5D81EA0C6181EA022282EAB0
:10A1600003430D930AA8CEF80450CEF80860CEF849
:10A170000C302021FFF7ACFC002013B0BDE8F08FBD
:10A180004FEA106C08F1FF3853F82CB05FFA85FCE9
:10A1900053F82CC081EA0C0CC6F307218CEA3B2C47
:10A1A00053F821108CEA316CC4F3074153F82110A5
:10A1B0008CEA314C210E53F821B0C1B253F8211072
:10A1C0007940C5F3072781EA3B2153F8277081EADC
:10A1D0003761C6F3074753F8277081EA3741370ED6
:10A1E000F6B253F827B00191E7B253F8266053F85E
:10A1F0002770059989EA0707C0F3072987EA3B27F3
:10A2000053F8299087EA3969C5F307472D0EC4F33F
:10A21000072453F8255053F8244053F82770C0F30F
:10A220000740714053F8200081EA3526019986EAFB
:10A2300034665FFA8CF486EA3046080E53F82450F0
:10A24000069953F82000694081EA3025C6F30720BB
:10A2500089EA374753F82000079985EA3065C7F344
:10A26000074053F8200085EA3045380E53F8204067
:10A270009DF8040053F82000414081EA3420CCF3DB
:10A28000072453F8244080EA3460C6F3074453F8A7
:10A29000244080EA3440340EF6B253F82490FCB2E5
:10A2A000C7F3072753F82440089953F8266053F85A
:10A2B0002770614081EA39240199C1F3072909997E
:10A2C00053F8299084EA3964CCF307494FEA1C6CAF
:10A2D000714053F82CC053F8299081EA3C2601992B
:10A2E000C1F3074186EA376653F8211084EA3944FE
:10A2F00086EA31464FF0010C5CE600BF0C460500D3
:10A300009186050050F82330D44A01447B400293E3
:10A310004B68734003938B686B400493CB68DDE913
:10A3200003056340029C059330311E464FF0000C3C
:10A3300051F810BCCDF818B051F80CBCCDF81CB0D9
:10A3400051E9083751F808BCCDF820B051E906A909
:10A35000B8F1000F51F804BCCDF824B001F1200190
:10A3600000F3BA80BCF1000F03D1DDE90305059EBF
:10A37000029C5FFA84FC310E52F82CC052F8211076
:10A3800083EA0C0383EA3123C0F307215FFA80FCE0
:10A3900052F8211052F82CC083EA3163C5F307410B
:10A3A00087EA0C0752F8211083EA3143210E0E93FD
:10A3B00052F8211087EA3127C5F3072152F82110FE
:10A3C00087EA3167C6F3074152F8211087EA31471F
:10A3D000E9B22D0E52F8211052F825500F978AEA53
:10A3E000010C010EC0F3074052F8211052F8200072
:10A3F0008CEA312CC6F30721F6B252F8211052F83C
:10A4000026608CEA316CC4F30741C4F3072489EA5F
:10A41000060652F8244052F82110914A86EA352562
:10A4200085EA346484EA3040040E069E155D11907E
:10A43000DCB28CEA3141145D1091744084EA056409
:10A44000C7F30725555D84EA0524C1F30745555D2B
:10A4500084EA05481D0E079C565DCDF82880FDB2A4
:10A46000555D654085EA0665C1F30726965D85EA78
:10A470000625C0F30746965D85EA06453E0E0B9518
:10A4800012F806C0089CCEF80080CEB2090E965D88
:10A49000664086EA0C66C0F3072CC0B212F80CC006
:10A4A00086EA0C26C3F3074CC3F3072312F80CC04B
:10A4B000D35C86EA0C4612F801C0115C09980C9630
:10A4C000C7F307474140D25D81EA0C6181EA03236B
:10A4D00083EA02430D9345E64FEA166C08F1FF3814
:10A4E00052F82CB05FFA84FC52F82CC083EA0C0CB2
:10A4F000C0F307238CEA3B2C52F823308CEA336CF0
:10A50000C5F3074352F823308CEA334CC3B252F8F8
:10A5100023305F40230E52F8233087EA3327C5F3F8
:10A52000072352F8233087EA3367C6F3074352F80C
:10A53000233087EA33430193030EC0F3074052F8F8
:10A5400023B052F82000079FEBB22D0E52F82330B3
:10A5500052F825508AEA0303C6F3072AF6B252F8E6
:10A560002AA052F8266083EA3B2383EA3A6AC4F3BE
:10A570000743C4F3072489EA060652F8244052F838
:10A58000233086EA352686EA346686EA30465FFA64
:10A590008CF08AEA334352F8204006986040044623
:10A5A000300E52F8200084EA30240198C0F30720CE
:10A5B00052F8200084EA3064C3F3074052F82000C8
:10A5C00084EA30444FEA1C6052F820509DF80400A1
:10A5D00052F82000474087EA3520C3F3072552F898
:10A5E000255080EA3560C6F3074552F8255080EAC9
:10A5F0003540019D2D0E52F82590DDB21B0E52F80C
:10A600002550089F52F823306F4087EA3925C6F35A
:10A610000729F6B252F8299052F82660099F85EA78
:10A620003965CCF30749CCF3072C774087EA33260A
:10A6300052F82C3052F8299086EA3366019BC3F316
:10A64000074785EA394552F827304FF0010C86EA72
:10A6500033466DE66FF086008FE500BF0C4A0500BB
:10A66000918705000CB430B58BB004460D4620220E
:10A67000002102A808F071FC02238DF80A30002D99
:10A680000C4B0393069412DB01D06B1E1C440FAAE3
:10A690000E99079402A8019200F074F815B1069B78
:10A6A00000221A700BB0BDE8304002B070470024A1
:10A6B000EDE700BF51300500242AF0B5044601D86B
:10A6C000012A40D1E1F750FB2D4B16221A5001B15F
:10A6D0000C600020F0BD2F463D4615F8010B2028E8
:10A6E000F9D0A0F10906042E0346F4D92B282CD06A
:10A6F0002D282CD101262B78BD1C302B2DD128786C
:10A7000040F02000782824D132F0100021D16B785D
:10A710002C46102202350020392B82BF03F1FF3373
:10A7200043F02003263B303B9A421AD9A0FB020497
:10A730000CB9C01801D346F002062F462C4617F874
:10A74000013B3D46E8E70746C6E70026D3E700267B
:10A75000D3E7002A08BF0822DDE7002A08BF0A2243
:10A76000D9E701B10C60F20748BF4042B307B1D549
:10A77000E1F7FAFA024B22221A504FF0FF30A9E714
:10A780000C0000002DE9F04F8BB0436800938378F4
:10A790009C078046924640F1F98000250878002801
:10A7A00000F0F68025280AD04B1C01930135414664
:10A7B000009B98470028C0F2E3800199EEE74E78AD
:10A7C0008B1C252E0193F1D00027B9463C460A2266
:10A7D0001F2C22D8A6F12003102B20D8DFE803F08D
:10A7E000141F1F1A1F1F1F0B1F1F1F121F171F1FB2
:10A7F000090044F00104019B13F8016B0193002E42
:10A80000E6D13AE044F0020444F00404F3E744F0F3
:10A810000804F0E744F01004EDE77F2C24D8A6F1FB
:10A820003003092B08D860064EBF02FB073702FB36
:10A83000093944F02004DEE72A2E0DD161065AF8CA
:10A84000043B53D4002BA7BF44F020049946C3F126
:10A85000000944F02804CEE72E2E05D1630600F14E
:10A86000978044F04004C6E76C2E2ED028D8682E7E
:10A8700032D06A2E37D04C2E35D0002F46F0200330
:10A88000B8BF24F04004A3F16502BCBFA4B2002706
:10A89000022A01D9612B2BD10AF1070A2AF0070AF3
:10A8A0009C4E0AF1080A0727210760D506EB070B23
:10A8B00034465C455DD1AE1BA219A9EB070959E1ED
:10A8C000742E98D07A2E96D0D7E7260648BF44F447
:10A8D000007444F080048EE7E00548BF44F400743F
:10A8E00044F4807487E744F4207484E71F4682E7C9
:10A8F000A6F16302122A00F2D880DFE812F01300FA
:10A900004D00D600D600D600D6004D00D600D600A9
:10A91000D600D600D600E800D100D600D6001A0036
:10A92000D600A0005AF8043B8DF81030012704AE81
:10A93000BAE75AF8046B784B002E08BF1E4614F095
:10A94000400F14BF39464FF0FF31304608F01DFB71
:10A950000746A9E7009B41462020984700280FDBC7
:10A96000013CA742F6D34D442D1BA1469EE74C4621
:10A97000F7E714F8010B009B41469847002898DA46
:10A9800098F8023043F0040388F802304FF0FF35A6
:10A9900028460BB0BDE8F08F220630D5A3052AD596
:10A9A0000AF1070A2AF007039A4659685AF8080B71
:10A9B00024F0100B00291FFA8BFB2FDA404261EBC9
:10A9C00041014BF4806B04AC0A23224608F0E9FAFB
:10A9D0001BF0400FA0EB040200F08E802BF001046E
:10A9E0009742A4B240F38F80002E40F08E802BF06F
:10A9F0001104A4B21DE05AF8040BC117D8E7E00512
:10AA00005AF8041B01D40846F7E7A2054BBF48B229
:10AA100008B241F3C01141F3C031C9E750EA010364
:10AA2000D1D16306CFD5002FCDD124F01104A4B22B
:10AA30003A463B4640F206410C4262D124E024F003
:10AA40001004A4B20A2314F0800243D014F400715D
:10AA50001FBF0AF1070A2AF007029246516814BF85
:10AA60005AF8080B5AF8040B50EA01023ED124F0C0
:10AA7000160B62061FFA8BFB3CD5002F3AD124F04F
:10AA80001704A4B23A463B4621075AD4E10705D53C
:10AA9000994572DDA9EB03039F184B469B464AE09C
:10AAA00044F0100410237826CDE7782B04D1C6F1AA
:10AAB000780343F01003C6E7009B414625209847E2
:10AAC0000028FFF65DAF02354146304670E60823A8
:10AAD0000026B8E714F480715AF8040BC4D014F4BB
:10AAE00000711ABFC0B2114680B2BDE724F006045F
:10AAF0001FFA84FB04AC68E713465C46E10699D56F
:10AB00002EB90133C0E71346F8E73B46F6E70233B8
:10AB1000BAE700BF2083050019830500CDE90232A2
:10AB20004146009B202098470028FFF629AFDDE929
:10AB300002320BF1010BD945F0DCEB1A03EB0B05EC
:10AB40005B46E10627D5CDE902324146009B302025
:10AB500098470028FFF614AFDDE902327EB90135CF
:10AB60002F44791B8A4229DB144604AE9CBB2A443D
:10AB7000A9EB03091546914442E017468EE7CDE95B
:10AB80000232023541463046009B98470028DDE9F5
:10AB90000232E5DAF4E640F206410C42E0D014F06D
:10ABA000020F14BF2B20202014F4806FCDE9023255
:10ABB00005F10105414618BF2D20E5E7CDE9023238
:10ABC0004146009B302098470028DDE9023205F11C
:10ABD0000105C6DAD4E6013CCDE90232305D009BC6
:10ABE000414698470028DDE90232BFDAC8E6009BFB
:10ABF000414620209847002805F10105FFF6C0AE28
:10AC0000A9EB0503002BF2DCD7E500BF70471FB5A9
:10AC10000024CDE90144BDF81840009404F0A2FBE3
:10AC200004B010BD1FB504240294CC680194BDF893
:10AC30001840009404F096FB04B010BD8368DB69F3
:10AC40000BB1012218477047F0B41346DA02876847
:10AC5000066907D513F4402F1EBF43F3000202F428
:10AC600040225340346801258D4023F48012DB07D5
:10AC70004CBF2C43AC4334603B68F0BC184708B56C
:10AC800041F69A10002106F000FEBDE80840DEF70C
:10AC900027B900EBC100408840087047F8B503466B
:10ACA000FFF7F7FFB0FA80F0C0F11F0003EB800C54
:10ACB000CA00DCF81060171D0C4606328DB256B97A
:10ACC000012101FA00F0D9680143D960CCF81040A5
:10ACD000DD539D52F8BDF1000431585AD85303EBAF
:10ACE000C0009E52C5805D52F4E710B500EBC10470
:10ACF000E3888B4202F104010AD1012303FA02F234
:10AD0000C36823EA0203C360002340F8213010BD6A
:10AD1000A28840F8213000EBC20100EBC300CB80D9
:10AD20008280F4E708B50346FFF7B3FFB0FA80F27C
:10AD3000C2F11F021846BDE80840FFF7D6BF2DE953
:10AD4000F843B1FA81F3C3F11F0200EB8209064612
:10AD5000D9F810700D4687B9C3F120034FF0FF34C6
:10AD60009C40F3681C4014D094FAA4F2B2FA82F228
:10AD7000131D56F82340214608E03C464FF00308D7
:10AD800021463046FFF785FF854205D83046FFF75C
:10AD9000ACFF2046BDE8F88306EBC404B8F1010817
:10ADA000E488C9F81040D7D0BC42E9D1D4E738B51F
:10ADB0000446FFF76EFF0D46034611462046FFF797
:10ADC00068FF03449BB204EBC5055A006A80204625
:10ADD000FFF75FFF014424F8313038BD70B50446F9
:10ADE000FFF757FF0B4604EBC305511A9B1A89B2B4
:10ADF00003444E009BB204EBC2006E805D004580B0
:10AE000024F8321020461146FFF743FF014424F88E
:10AE1000313070BD70B509B9002070BD056801F012
:10AE200007030B33CC0804EBD304AB689C4228BF68
:10AE30001C4621462846FFF782FF06460028EBD035
:10AE400001462846FFF725FFA04207D932192846B8
:10AE5000FFF7C4FF11462846FFF720FF05EBC602A7
:10AE60001046538843F0010353800430D5E7114660
:10AE7000FFF7D0BF2DE9F84314464A4202EA010920
:10AE800031EA020203460BD04A46042A4F4628BF45
:10AE90000422A1EB09096CB900252846BDE8F88316
:10AEA000042904D82146BDE8F843FFF7B3BF0027C3
:10AEB0000422F0E71E68A9EB020204F0070302F087
:10AEC00007010B330B44E10801EBD20101EBD30185
:10AED000B368994228BF19463046FFF730FF8046D5
:10AEE0000028D9D03D1D05EBC00509F1FF333544DD
:10AEF0001D44B5FBF9F509FB05F5ED1B2C442B1F93
:10AF000007349B1B24F00704A41BB0EBD30F4FEABC
:10AF1000D3074FEAE40408D201463A463046FFF729
:10AF20005DFF41463046FFF7B9FE39463046FFF730
:10AF3000B0FE3844844207D230462246FFF74EFF27
:10AF400021463046FFF7AAFE06EBC706738843F09A
:10AF500001037380A1E7043A2DE9F843CC1D1144A5
:10AF600024F0070421F00706A6EB04084FEAD807EF
:10AF7000B7FA87F2C2F12405AD004FF0000907359A
:10AF8000C2F12002ED0804604946A760C4F80C90A5
:10AF9000920004F1100007F0E0FFAAB2530043F062
:10AFA000010363807B1B9BB204EBC5015800A4F82E
:10AFB0000090488024F83520A6F8029024F8083044
:10AFC00004EBC70329465A8842F001025A80204602
:10AFD000BDE8F843FFF762BE2DE9F04706460D468F
:10AFE000174698462BB398F8004093F80190DB7809
:10AFF000A40004EB430498F802301C4444444FF08E
:10B00000000ACA4509D3D8F8042008F108033946D4
:10B010003046AC46BDE8F047604714F8013B48F8BD
:10B0200023402046DCF798F8013004440AF1010A75
:10B03000E7E76FF01500BDE8F08730B50246002461
:10B04000002012F8013B43B178B18C4207D1702B3C
:10B0500004D0A3F140053A2D07D8002030BDA3F15C
:10B0600040053A2D01D80134EAE7252B08BF80F0CE
:10B070000100E6E70020704700F0E8BF0FB407B515
:10B0800004A951F8040B019100F0E0FF03B05DF852
:10B0900004EB04B070470FB407B504A951F8040BD2
:10B0A0000191FFF7E9FF03B05DF804EB04B07047CE
:10B0B00010B50369024613F0080009D11368D4687B
:10B0C0009C4297BF126AE31AD31A01200B6010BD8D
:10B0D00000231846FAE713B501A90446FFF7E8FF75
:10B0E00020B1019BE268013B13440193206A019B5C
:10B0F000C01A013802B010BD10B5044650182269BC
:10B10000236AD20702D5013B184010BD984228BFE0
:10B11000C01AFAE710B504460A46C168FFF7ECFF0B
:10B120002369E06023F00803236110BD38B50D46A4
:10B13000C2698B00016843F0020342F821300446E3
:10B1400001682A46FFF7D8FFE368616820609842EB
:10B1500002BF236943F0080323612A462046FFF714
:10B16000CBFF606038BD2DE9F74FD0F80CB0C66951
:10B17000009216F82B2002F00302022A08BF56F8AC
:10B180002B209A4606EB8B030F4601934FF00001EC
:10B19000009B0CBFC2F39D09894619600446CAF89A
:10B1A0000010B9F1000F07D04946FFF7B3FFE3687D
:10B1B000A3604FF0010804E001698A0705D44FF04D
:10B1C0000008404603B0BDE8F08F816906EB8B00B4
:10B1D000884716F82B1011F001080546EFD08B07B1
:10B1E0001DD51FB139462046FFF7A0FF61682A46EA
:10B1F0002046FFF781FFD4E902138B42606007D13C
:10B200002A462046FFF778FF4FF000080146A0606D
:10B210002369216043F00803E1602361D1E701461F
:10B220002046FFF777FFE168A1601FB12068E16960
:10B2300041F82090EA19CAF8002021682046FFF75B
:10B240005BFF2269206042F00802226116F82B2081
:10B2500022F0010206F82B20DDE900321A60A8E78F
:10B2600070B504461546FFF747FF2368834205D1B2
:10B270002369216023F00803236170BDE269AB00FC
:10B2800043F0020342F82130204661682A46FFF766
:10B2900033FF6060F1E738B503695B07044606D504
:10B2A000456AFFF718FF85422CBF6562606238BDB2
:10B2B00038B50D4604461C22002107F04EFEEB680F
:10B2C000A361AB6863612B68E3616B682362002252
:10B2D00062622A6923B1591E194208BF42F0010275
:10B2E0002261012204F128000021BDE8384006F067
:10B2F000D9B82DE9F04F9846036A87B000258B42F4
:10B3000004460E46934603950595AA4638D3EFF3B7
:10B310001189202383F31288BFF36F8F059A2AB116
:10B3200029462046FFF79CFF0023059304A92046E9
:10B33000FFF7BEFE0499B14207462AD32268E369AB
:10B3400013F8221021F0030103F8221003EB820A04
:10B35000216832462046FFF7CFFEE368206098421E
:10B3600012D0002789F31188BFF36F8F039929B199
:10B3700062690AB12046904700230393002FC6D18B
:10B38000504607B0BDE8F08F236943F008032361FE
:10B39000E7E718B12046FFF7C9FEE3E75BEA0803D9
:10B3A0001CD0019106F0AAF90199B8B9B9F1000FC2
:10B3B00014D189F31188BFF36F8F5A46434604F1C5
:10B3C0002800FCF7CDFBEFF31189202383F31288CB
:10B3D000BFF36F8FB0FA80F77F09C3E705AB03AA0D
:10B3E00020462568FFF7BFFE0746BBE770B5044659
:10B3F000836908460D4698470246EFF311862023DD
:10B4000083F31288BFF36F8F2B7843F001032B7007
:10B4100061682046FFF770FE60602046FFF73BFF43
:10B4200086F31188BFF36F8F70BD2DE9F843044692
:10B4300000272026EFF3118586F31288BFF36F8F64
:10B440002369A268190702D46368934200D2236A71
:10B450009B1A002B42D0E06910F8221011F0030370
:10B4600000EB82093AD0022B04D150F822305FEA77
:10B47000930805D1CB0720D4A36948469847804656
:10B48000A16842462046FFF737FE0127A0604146EB
:10B490002046FFF73FFE3B4685F31188BFF36F8FD1
:10B4A000002BC7D137B1B9F1000F03D104F1280047
:10B4B000FCF722FB4846BDE8F88341F0020100F8A2
:10B4C00022104846A369D4F80880984741460246AE
:10B4D0002046FFF711FE0023A060DDE79946DBE779
:10B4E000F8B50446836908460D4698470646EFF3CB
:10B4F0001187202383F31288BFF36F8F2B7823F0FB
:10B5000001032B7023699B0705D5E268E36903EB10
:10B5100082039D421AD12B7823F002032B70D4E9C9
:10B520000231994204D132462046FFF7E5FDA06082
:10B5300031462046FFF7EEFD87F31188BFF36F8F8A
:10B5400004F12800BDE8F840FCF7D6BA2B6860F398
:10B550009F032B60F0E7EFF31181202383F3128820
:10B56000BFF36F8F02698368120702D442689A4260
:10B5700000D2026AD31A81F31188BFF36F8F181EAD
:10B5800018BF01207047F0B564230446042500204D
:10B590004FF00A0C11B1013D01D12570F0BD9A4266
:10B5A000B2FBF3F7FEB202D2012B00D030B130363D
:10B5B0000139013004F8016BC9B2C0B203FB172294
:10B5C000D2B2B3FBFCF3E5E7A0F13003DBB2092B09
:10B5D00002D80B7000207047A0F16103052B02D840
:10B5E00057380870F6E7A0F14103052B01D837382A
:10B5F000F7E76FF015007047F7B5054601F0010059
:10B6000000EB51069E424FEA510703D9002630460F
:10B6100003B0F0BD58B128780DF10701FFF7D4FF52
:10B620000028F3D19DF8073002F8013B01350135C0
:10B630001744BA42EBD015F8010C0DF10701FFF7E2
:10B64000C3FF0028E2D19DF807402401E4B2147042
:10B6500015F8020BFFF7B8FF0028D7D19DF8073087
:10B660001C4402F8014BE4E7036800220BB91846BA
:10B6700070478B4210D10B6842B942680360914217
:10B6800000D1436000230B600120704713604368C2
:10B69000994208BF4260F5E71A461B68E6E7038B4C
:10B6A00013F0070306D10368002B18BF032008BF5F
:10B6B00000207047022B05D1408BB0FA80F0400982
:10B6C00080007047012B04D10368002B18BF0520B0
:10B6D000EDE70020704710B50C4600B111B96FF0CE
:10B6E000150010BD081D00F0C6F80028F9D1A368A8
:10B6F000032BF6D9F3E72DE9F0410D46074619462D
:10B70000281D90461E4600F0C7F8044638B133465F
:10B71000424629463846A446BDE8F0416047BDE8A8
:10B72000F08110B4EFF31182202484F31288BFF368
:10B730006F8F416110BC0121DEF770BA38B50C463D
:10B74000054658B151B10B6843B14B6833B11C2267
:10B75000002107F002FC2C61002038BD6FF01500BD
:10B76000FBE7F8B504460E46FFF7B5FF051E3BDBC9
:10B77000EFF31182202383F31288BFF36F8F638B63
:10B78000278B4FF6FF718B4207F007072ED0062F4D
:10B790002FD8DFE807F0182E082E180418006FF0D5
:10B7A0008505002303E0013363830225012382F32F
:10B7B0001188BFF36F8FBBB100233A463146204654
:10B7C000FFF799FF10E000233360636823B9C4E9F1
:10B7D000006627B13D46E4E71E606660F9E7022196
:10B7E0002046DEF71BFA3D462846F8BD6FF00A05F5
:10B7F000D7E76FF00405D4E710B5EFF311822023EB
:10B8000083F31288BFF36F8F048B04F00704022CBC
:10B810000AD0012C0CBF6FF004006FF0850082F39A
:10B820001188BFF36F8F08E0438B013B9BB24383CA
:10B8300023B92146DEF7F2F9204610BD2046EEE797
:10B8400038B5A8B1A1B1EFF31185202282F3128897
:10B85000BFF36F8F048BFFF707FF30B104F00700D1
:10B8600085F31188BFF36F8F38BD6FF07700F7E76E
:10B870006FF01500F8E7034658B1426802F0030282
:10B88000012A03D0032A04D1026812B10020986073
:10B8900070476FF0150070474268816002F0030244
:10B8A000032A4FF0000203460CBF006810465A609E
:10B8B000704770B50C8806468888241A3069A4B28F
:10B8C000844285B224BF641BA4B22D1BA8B2984247
:10B8D00028BF18463368234413600B8803440B8049
:10B8E00070BD70B4838985880669ED1AADB2731B8B
:10B8F000934228BF134670BC0A46011DFFF7D9BF0B
:10B9000070B40E460146C58831F80A3FEC1AA3B25E
:10B91000934228BF1346324670BCFFF7CABF10B52A
:10B920004B880C88E41AA4B294420ED31A4492B203
:10B930008B884A800A800069D21A92B2824201D270
:10B94000002010BD03448B80FAE76FF01500F8E784
:10B950002DE9F34106460F4615464FF000082A46EA
:10B9600001A93046FFF7BDFF044640B10246394603
:10B97000019807F0CBFA2D1BA0442744EFD1424693
:10B98000311D3046FFF7CBFF404602B0BDE8F081E5
:10B990002DE9F34107460E4615464FF000082A46AA
:10B9A00001A93846FFF7ACFF044648B12EB1024664
:10B9B0000199304607F0AAFA26442D1BA044EED187
:10B9C000424607F10A013846FFF7A9FF404602B098
:10B9D000BDE8F081704710B484686468A44610BC68
:10B9E000604770B4C6680468806A0D0C06FB0544A5
:10B9F00014FA81F184682468A44670BC60472DE97C
:10BA0000F0431C46C36A1D686D4289B006468846ED
:10BA1000174605F020051CB9204609B0BDE8F083A3
:10BA2000AC42A14628BFA9464B466A46414630462D
:10BA3000FFF7D7FF0028F0D16B46484502D1241A02
:10BA40008044E8E713F8012BBA4201D10130F4E752
:10BA50000120E2E70B6803F580330B60008A1A0CC3
:10BA6000B0EB134F04BFA3EB02430B60704700F031
:10BA700070BB38B5C26803680D0C090C04462D0470
:10BA8000806A02FB013100F0B6FD50B9E26AE3685A
:10BA9000527929462046FFF7B2FF002818BF6FF001
:10BAA000050038BD10B5014604460722FF20F7F710
:10BAB00033FCE07110BD2DE9F04F07465368D068A4
:10BAC00003445069C34293B003D1002013B0BDE8D2
:10BAD000F08FFC683B68D7F82CB0080C04FB0033EF
:10BAE00013FA81F592E8030004AB83E80300D2E97E
:10BAF000020106AB83E80300D2E90401DBF8008011
:10BB000008AB83E803000024C8F10003A1460193B9
:10BB100012AB03EBC90A4FEAC9015AF8346CAEB94B
:10BB200009F10109B9F1030FF2D1002CCDD00AAE11
:10BB30009BF80510A8EB0402301907F00EFAB86A5A
:10BB4000434632462946FFF746FFBFE7B4B9019B9B
:10BB5000334013D05AF8382CB86A2946CDE902236D
:10BB6000FFF739FF0028B1D1DDE902231A44F61AA4
:10BB70004AF8382C4AF8346C1D44C9E7A8EB040293
:10BB8000B24228BF3246A2B101F148030DEB030ACD
:10BB90000AAB5AF8381C1819CDE9021207F0B6F9A9
:10BBA000DDE902121144B61A4AF8381C4AF8346C1E
:10BBB00014444445ACD1B86A23460AAA2946FFF783
:10BBC0000AFF002882D125440446A1E7F8B50722E0
:10BBD0000D460646FF204C888F88F7F79DFBEB79D2
:10BBE000834205D13C44B4428CBF00200120F8BD03
:10BBF0000020FCE70368012B81BFC91801F1FF3168
:10BC00005B4219400846704738B50D460A468168C0
:10BC10000446FFF750FFEB68696819446B690246F8
:10BC20001944E06AFFF7E6FFA3680344A3601046E7
:10BC300038BD70B586B0466804460D46182200210E
:10BC4000684607F08AF902956A460825314620467B
:10BC50000395FFF730FF29460246E06AFFF7CAFF67
:10BC600063681B1A1046636006B070BD13B54FF6CB
:10BC7000FF7300220446ADF800308DF8063083686B
:10BC8000ADF804206846ADF80230FFF70BFF6946B7
:10BC90002046FFF7CEFF02B010BD70B506460C4639
:10BCA000C06A0821FFF7A6FF0546F068401B214641
:10BCB00080B2FFF78BFF80B1A08878B922884FF659
:10BCC000FF739A4209D16288F3689B1AB3FBF5F2BD
:10BCD00005FB1230B0FA80F0400970BD0020FCE78F
:10BCE000F7B504460D46C06A0821FFF783FF2968AF
:10BCF000074608232046FFF774FE0646002836D183
:10BD00002B683B442B60E26899B2D21B91422ED142
:10BD10001A0C03BF228A02F1FF3203EB0241A3F5A2
:10BD20008031296008236A462046FFF75AFEE8B9A9
:10BD3000E36A5A796B4613F8011B8A420CD1013031
:10BD40000828F8D1636805E02B68BDF802206FF37E
:10BD50000F0313442B600AE069462046FFF79DFF5E
:10BD60000028F1D129462046DEF778F8064630460D
:10BD700003B0F0BD2DE9F04F0446A1B024220D46DA
:10BD800017A8002107F0E9F8E06A0821FFF732FF61
:10BD9000636881466FF30F0306A920460693FFF7F9
:10BDA00059FE069BE66801931E44A6EB090608238C
:10BDB00009AA314620460796FFF713FE0028C0F275
:10BDC0001681E36A09AA5979002312F8010B81420E
:10BDD00040F0FC800133082BF7D1A36862684B4424
:10BDE0009A4280F0EC8001992046FFF742FEFEE087
:10BDF000BDF826306FF30F061E4407960BAA07A95D
:10BE00002046DDF81CA0FFF76BFF002840F0EF8014
:10BE10000BA91FFA8AF0FFF7D9FE48BB039B9A458E
:10BE2000ECD11022002113A807F097F81F9E12965C
:10BE300017AB119395B1D4F82C8008214046FFF739
:10BE4000D9FE2F890246F1194046FFF7D3FEA168BB
:10BE5000636802440A44934280F09280002EBCD072
:10BE600011A92046FFF7D0FE002840F0C080B4E7BB
:10BE7000666808960DAA08A92046FFF731FF00283A
:10BE800040F0B580BDF83420BDF82C309A4245D042
:10BE9000089B62689A423FD15645BFD1BDF83060D9
:10BEA000002EBBD03DB12A88BDF82C309A4202D179
:10BEB0002B89B342B2D9BDF82E801F9A4FEA1A439C
:10BEC0001B049844E36A1B68591E5B4203F020037D
:10BED0000493A368164401EA06001344009026EA7E
:10BEE0000106ADF82E3006BB009B5BB11F9A17A967
:10BEF0009B1A20460A444146FFF773FD002876D17D
:10BF0000009B1F930BA8FFF7CDFD0BA92046FFF761
:10BF100090FE002882D06AE01E46ABE70DA9B0B2C1
:10BF2000FFF754FE0028B3D0B6E7049B1F9FB3422F
:10BF300028BF3346A3EB070B17AA02933A445B468C
:10BF400041462046FFF74DFD002850D11F9B01467A
:10BF50005B44182211A8059306F0FFFF17AB13935B
:10BF600011A9059B14932046FFF74EFE00283ED1F1
:10BF70001F9B1F90FF1A029B3744FE1AD844B2E75A
:10BF800031446B68ADF83E10204611A9CDE9133756
:10BF9000FFF73AFE58BB2B88ADF83C302B89ADF843
:10BFA00040300FA8FF238DF84230FFF77BFD0FA92B
:10BFB0002046FFF73EFED0B90123AB720DE72046C5
:10BFC000FFF754FE00283FF40EAF10E0A6EB090384
:10BFD00009A920460393FFF760FE00287FF408AF0D
:10BFE00007A92046DDF73AFF00283FF407AF21B04C
:10BFF000BDE8F08F00231A46DEF70CB913B5002414
:10C000000094DEF7EBF902B010BD03785B075FBF69
:10C0100003684288C3F34A2303EB12105DBF173055
:10C0200020F007008008002070470020704704F0CF
:10C03000ABBC0346BFF35B8F53E8000F421C43E8E1
:10C0400000210029F8D1BFF35B8F70471FB5002393
:10C05000CDE90201CDE900331A4619461846DEF74C
:10C060003FFD05B05DF804FB0120DEF7EBBA0020D0
:10C0700070474368DA7143681960436801225A7156
:10C08000DEF7D2BA70B515460C4669B1D2E9013671
:10C090009B1B99420AD813680A460146981906F074
:10C0A00035FFAB682344AB60204670BD6FF01B00CA
:10C0B000FBE770B50E4615461946044618B9BDE8AB
:10C0C0007040DEF7BFBA33B1C2F34A231030120D0D
:10C0D000184406F01BFFC4E900562046BDE8704036
:10C0E000DEF75EBC2DE9F3415F1C4FEA8708064688
:10C0F00008F1170020F0070080080C461546DEF70F
:10C1000023FB0023ADF805308DF807308DF804705F
:10C1100068B10346019A43F8102FA8F104012A469A
:10C12000294452F8045B43F8045F8A42F9D1A20122
:10C1300002F4E07242EA482222F07F4222F47002C6
:10C14000002322F03F02314602B0BDE8F041FFF784
:10C15000B0BF07B50123019201AAFFF7C3FF03B0E7
:10C160005DF804FB07B5CDE9002302236A46FFF71B
:10C17000B9FF03B05DF804FB1FB5CDE90123069BB1
:10C18000039301AA0323FFF7ADFF05B05DF804FB9D
:10C19000F8B506460D4614461F4604B9F8BD2146BB
:10C1A00028463A46B047241A0544F6E710B54268D7
:10C1B00081680446D2E900230068FFF7E9FF63685D
:10C1C00000221A6010BD38B54B681A68CB689A42D5
:10C1D00005460C4602D10846FFF7E8FF6368BFF347
:10C1E0005B8F53E8002F511C43E800100028F8D162
:10C1F000BFF35B8FA3689D54002038BD0A2838B573
:10C2000004460D4602D10D20FFF7DDFF29462046EA
:10C21000FFF7D9FF002038BD2DE9F043054689B06E
:10C2200008460E8891F80090D1F808800C46174611
:10C23000DEF7A8FC011EC6F38216C9F3C2091FDB94
:10C240004846DEF7BFFB03462146608851F8102BB5
:10C250000296C2F34A22002A01EB0204C0F30B103B
:10C2600008BF00210022CDE90507CDE90314CDE97F
:10C27000002241462846DEF7B1FC09B0BDE8F08354
:10C280000023E1E743681B685B6800201961704781
:10C2900043681B681A685268536070472DE9F04183
:10C2A00043681B685A68012111751D68D5E901367C
:10C2B000D3E900482F681CB96B681C60BDE8F081A9
:10C2C000214630464246B847241A0644F3E74368FD
:10C2D0001B681868DEF7B8BD70B543681D686B68E9
:10C2E00018690C46DEF78AF9214603460F222868B2
:10C2F000BDE870401847704730B54C680368A342EA
:10C3000001D2012030BD8A682244934201D300202B
:10C31000F8E7D1E90452954203D36FF00B038B6128
:10C32000F5E7CA681B1B42F835304368086902EB21
:10C33000C00253600B6901330B61E2E737B50C466D
:10C34000C0B201A91546DEF7D9FD00280CDB019823
:10C3500050B121462A46DEF7F7FD04460198FFF763
:10C36000CAFF204603B030BD6FF01504F9E72DE990
:10C37000FF41D1F80C80054640461F460C46164644
:10C38000DAF7EAFEBDF82830009380B2CDE90180EB
:10C390003B4632462146284602F0E4FF04B0BDE8A1
:10C3A000F081F0B587B01F4604460D46164601F0F1
:10C3B00006FE022302930DF116030193BDF83030FF
:10C3C000ADF81600009332463B462946204602F05F
:10C3D000C9FF07B0F0BD2DE9FF411F460D461646C7
:10C3E0000446E2F7D3F98046DAF7B6FEBDF8283006
:10C3F000009380B2CDE901803B4632462946204673
:10C4000002F0B0FF04B0BDE8F0810020DEF752BEBC
:10C4100000221146DEF71CBE034610B508460AB1DD
:10C420000021116053B1D0B1411E11F8010F80B14C
:10C4300013F8014BA04201D13D28F6D100200EE0B7
:10C44000013313600AE03D2808D0B0FA80F04009BB
:10C4500005E018782F28F6D1002AF1D1012010BD6F
:10C4600010B509B100230B6058B103461A781C4679
:10C4700001332AB13D2A03D02F2AF7D101B10B6035
:10C48000201A10BD0830704710B5134614460A46EE
:10C4900081880068FFF7B2FDA042A8BF204610BD0A
:10C4A0002DE9F04F97B0044601929A46894600293B
:10C4B0007AD0DAB1BAFA8AF67609258F0135ADB2AB
:10C4C000A84604F1080B6F1EBFB2B7F5004F39D074
:10C4D0004A2303AA39465846FFF790FD002807DA99
:10C4E00010F1020F08BFB8463D46ECE70126E4E72D
:10C4F00000F158030DEB0300002300F84C3C03A9A6
:10C500004846DAF717FE0028EED106BBB846B8F564
:10C51000404F4CD0238F434504F1080538D308F52C
:10C520008041019A534689B22846DDF773FE002800
:10C530000ADB46B14846DAF70FFE4A460346414653
:10C5400028461EE016B3002017B0BDE8F08F39462C
:10C550005846FFF74FFD0028F6DB05F57F513F31C8
:10C5600089B25846FFF746FD0028EDDB238FBB421A
:10C57000E9D12246013B22F8383F4FF40041022323
:10C580005846DDF747FE00EAE070DDE70126BEE72A
:10C590002246022322F8388F4FF400412846DDF767
:10C5A00039FE0028BBDACFE76FF01500CCE76FF05B
:10C5B0000B00C9E773B5C36B03630446C3B100F155
:10C5C00008063046DDF77CFC054670B902230DF104
:10C5D00006024FF400413046FFF710FD0028ACBFC3
:10C5E000BDF806304FF400432387284602B070BDE3
:10C5F0006FF01205F9E72DE9F0418768FB68044602
:10C600000D4616469847BB682BB132462946204650
:10C61000BDE8F04118476FF05700BDE8F08106F023
:10C620009CBC06F073BC01460068DEF771BF08B51C
:10C63000DEF7CAFFBDE80840DFF722BB0A4601214A
:10C64000FFF787BD00210120DEF762BF6FF0850094
:10C65000704761B662B680F31188BFF36F8F704781
:10C6600072B6002383F31188BFF36F8FBFF34F8F30
:10C6700030BF62B6BFF36F8F704772B6002383F38B
:10C680001188BFF36F8FBFF34F8F20BF80F31188E6
:10C69000BFF36F8F62B67047202809D9B0F1004F01
:10C6A00008D80138B0FA80F0C0F11F004000704790
:10C6B000082070473E20704708B5D1E904319847FB
:10C6C000002008BD08B5DFF7F1FC002008BD704769
:10C6D000002303824369C3607047C1698968DFF73B
:10C6E000A3BDEFF31182202383F31288BFF36F8F72
:10C6F00000230B60436833B9C0E9001182F311884D
:10C70000BFF36F8F704719604160F7E710B50346BC
:10C71000EFF31181202282F31288BFF36F8F00683C
:10C7200028B15C6802681A60A04208BF5A6081F3B1
:10C730001188BFF36F8F10BD027A01320272704709
:10C74000034618465B68002BFBD17047426810B562
:10C750002AB10B461C465B68002BFBD1626041602E
:10C7600010BD10B5044620B90B7A01330B72084690
:10C7700010BD034618465B68002BFBD1FFF7E6FFB0
:10C780002046F5E710B508B14B6843604C680023BC
:10C7900008464B60DFF7C6FD204610BD83680B449A
:10C7A0000360704703680B6043684B6083688B606D
:10C7B00070478388026819448180D018704730B46C
:10C7C00084880568A3188380281930BC06F09EBBB6
:10C7D00010B5838802685C1C8480D154D01810BDC9
:10C7E00030B5838802689D1CD4188580D154090A0D
:10C7F000617030BD83885B1A9BB2838000681844E7
:10C800007047034600689A88401A1144186099805E
:10C8100070470268531E036083880133838002F8E7
:10C82000011C70478288521A0346828000680844BF
:10C8300018607047034600689A88521A01449A802B
:10C840001960704710B503681C780121FFF7EAFFF3
:10C85000204610BD10B503681C880221FFF7E2FFD7
:10C86000204610BD4FF0FF324FF0FF330430FBF78E
:10C870004FB8FBF7BFB890F86C00C0F34110704799
:10C88000F8B504461E460D461746FFF7EBFF94F831
:10C890006C309B0715D425B1012D10D06FF0150514
:10C8A00008E0216F0029F9D09DF818300F714E7102
:10C8B0008B710025201DFFF7DCFF2846F8BD616F56
:10C8C000F0E76FF07705F5E790F86C00C0F38000B3
:10C8D000704738B50446FBF729FE2046FFF7C2FF34
:10C8E000A06940B96FF01205201DFFF7C2FFFBF7EA
:10C8F00031FE284638BD94F86C30DB0716D404F0BE
:10C9000007FC0028EED02046E0F7AAFB05460028E9
:10C91000EAD10146242204F1280006F01EFB94F817
:10C920006C3043F0010384F86C30DDE76FF077057D
:10C93000DAE770B50446FBF7F9FD2046FFF792FFF2
:10C9400094F86C30DA0731D5C3F340019B0730D43B
:10C95000A06903F03EFB0646A06903F0A9FB05466B
:10C96000B0B9A36F4BB13146204600F08DF90546B2
:10C97000A8B1A06903F0C8FB0AE0A06903F040FB7E
:10C98000A0670028EFD1A06903F0BEFB6FF00B0594
:10C99000201DFFF76EFFFBF7DDFD284670BD94F804
:10C9A0006C3043F0020384F86C30F1E74FF0FF3550
:10C9B000EEE76FF07705EBE70246034652F8640FA7
:10C9C00090420BD100207047027A8A42FBD09A6EC7
:10C9D0008242F7D000680028F6D170470028F3D1D2
:10C9E000704738B504460D46FFF73CFF94F86C30AD
:10C9F000DB0718D42B690BB9EB68BBB1636E1BB9AD
:10CA000004F16403C4E919332B6893B9A26E04F1ED
:10CA10006401C5E900121560A5661D46201DFFF7DB
:10CA200028FF284638BD4FF0FF35F7E76FF01505B2
:10CA3000F4E76FF07705F1E710B50446034654F8C4
:10CA40004C0FA0420DD100200DE0447D8C4204D15A
:10CA5000032909D1047A944205D01C6D8442F2D096
:10CA600000680028F1D110BD0F29F5E72DE9F0414C
:10CA700005460C46061D4FF0FF324FF0FF3330469F
:10CA8000FAF746FF2F6F002F6DD095F86C30DB075B
:10CA900069D4EB6C1BB905F14C03C5E9133323686A
:10CAA000002B63D1637D0F2B09D1237A012B0CD08E
:10CAB0002B6D05F14C02C4E900231C602C65637DDD
:10CAC000032B0FD04FF0000806E0E1682846FFF77F
:10CAD00088FF80460028EBD03046FAF78BFF4046AF
:10CAE000BDE8F081EA6C05F14C0090421ED10023B4
:10CAF00029E091F815C0BCF1030F10D00133237267
:10CB00004B68C4E900131C604C60637A022B24D08C
:10CB1000032B25D0012BD5D1237ABB73D2E791F813
:10CB200008C00CF1FF3C6345E8D11268002ADED052
:10CB3000517D2B6D03290DD19A42137A02D01168D1
:10CB40000029D6D1013323722B6DC4E900031C6088
:10CB50002C65DAE79342E8D1C9E7237AFB73B1E7A2
:10CB6000237A3B74AEE74FF0FF38B5E76FF07708F4
:10CB7000B2E70346006800B1187A70478388C2881C
:10CB80008168D21A03685B1AD01A70470346C088BE
:10CB900008B11878C009704770B50C46154600F00A
:10CBA000ECFA40B1406883681B6823B12A462146ED
:10CBB000BDE87040184770BD38B5802104468069D3
:10CBC00003F041FA054650B10146204600F07BFCD7
:10CBD000044610B12846DFF7A5FB204638BD6FF0AC
:10CBE0000B04FAE738B50446806FFFF7A5FD05464C
:10CBF000FFF76EFD2046294600F065FC044610B1A3
:10CC00002846DFF78FFB204638BDF8B50446866816
:10CC100003690D461746BFF35B8FD3F8A030BFF30F
:10CC20005B8F9B070ED5B36A7BB1F36B9847B36AF2
:10CC300029463A4620469847336C05462046984791
:10CC40002846F8BD4FF0FF35FAE76FF08505F7E7A6
:10CC500070B50446866803690D46BFF35B8FD3F851
:10CC6000A030BFF35B8F9B070BD5F36B9847736ABC
:10CC7000294620469847336C054620469847284663
:10CC800070BD4FF0FF35FAE710B5044619B9002022
:10CC900084F8300010BDFFF7A5FF0028F7D0F9E7B2
:10CCA00038B590F83030022B0D4604D100F060F911
:10CCB00008B1C46804B938BD2B78032B05D0052B07
:10CCC0000ED0022B08D02468F4E7606883685B69A3
:10CCD000002BF8D09847F6E7606883689B69F7E710
:10CCE00060688368DB69F3E7012270B515460B685D
:10CCF0005BB302F07F04103423FA04F6F60710D574
:10CD0000036823FA04F6F60702D46FF0150070BD2D
:10CD100005FA04F423EA040303600B6823EA04031E
:10CD20000B60D340DE070DD5036823FA02F4E40755
:10CD3000EBD505FA02F423EA040303600B6823EA47
:10CD400004030B600132102AD1D10020DFE72DE966
:10CD5000F04F8369026F1B6993F88030C3F341136E
:10CD6000022B8FB081460ED0032B0ED0012B0CBFAF
:10CD700010230823D371D9F854800026B8F1000F8E
:10CD800005D14046AEE02023F4E74023F2E7D8F88F
:10CD90000430D8F80C4003930C9604967CB9049B9D
:10CDA000039A09339BB293701B0AD3701671D8F89B
:10CDB0000C40002C40F0B080D8F80080DDE76068BF
:10CDC00083681B6B00250D95002B00F0A38029467E
:10CDD0009847002800F09E80C4E90355A0F1040B99
:10CDE00035465BF8043F0BB11A7822B9B5427CD8BE
:10CDF0006FF0150076E05A780B2A08BF9D70DBF8BB
:10CE000000305A78042A10D1E2680D990A43E26092
:10CE1000DA78002A57D19D7023690122AA40134372
:10CE200001352361EDB200230D93DBF800707B78B0
:10CE3000052BD6D1D9F8183008936FF012004FF0B7
:10CE4000010A7A793B7943EA0223ADF82E300C9B34
:10CE5000069397F90230069A002B5FFA8AF1BBBF5E
:10CE600041F080014BB24FFA8AF30793B9BF21F02A
:10CE70008003103307935346DA40D2072AD40D9A21
:10CE8000059222FA03F3DB0724D4BB79FA780898D9
:10CE900000930DF12E03099102F070FF0999C8B9B2
:10CEA000079BB970002BBCBF21F08001103101231A
:10CEB0008B4006980599BDF82E20BA80194303438C
:10CEC000CDE90C318DE76A1E9A700DA90CA8FFF709
:10CED0000BFFA8E70AF1010ABAF1100FB1D100283F
:10CEE0003FF47FAF0FB0BDE8F08FE3680D9A1343B6
:10CEF000E360606883689B6AD3B198470028F1D1EA
:10CF00000146606800F000F9049B24680344049320
:10CF10002E4643E73546ECE7E368A36004F10C01D5
:10CF20000CA8FFF7E1FE00287FF462AF246840E719
:10CF30006FF08500D6E74FF0FF324FF0FF3304303B
:10CF4000FAF7E6BCFAF756BD21B101290DD000234E
:10CF50001B68FFDE5430006848B143685B79934238
:10CF600005D000680028F8D170475C30F3E77047BF
:10CF700010B590F83030022B044609D1FFF77BFC46
:10CF800094F8382001462046BDE81040FFF7DCBF8A
:10CF9000002010BD08B5FFF7D7FF003818BF0120EB
:10CFA00008BD2DE9F04104460E46FFF764FC94F8F5
:10CFB00038308046CBB9002E3BD032464146204621
:10CFC000FFF7C2FF0746A8B10246204600F0D1F99C
:10CFD000054688B984F83860FC6864B36068836883
:10CFE0001B6A03B198472468F7E72046FFF7C0FFA4
:10CFF000074620B96FF03C052846BDE8F0810146A0
:10D00000204600F08CF910220546002104F13A0078
:10D0100005F0A3FF002384F83830FF6817B9002D0E
:10D02000C9D0E9E7786883685B6A03B198473F68CD
:10D03000F4E784F838600025DEE7F8B504460E46CC
:10D0400057681546FFF777FF94F86C30D9074BD433
:10D05000012E4CD0FB799A0605D5A3691B6993F87C
:10D0600080309B0743D5002E41D1E36D53B9626DEB
:10D0700062B9236F6A685B7C0133DBB25371226F44
:10D0800053740EE09D4235D01B68EFE7954225D1E1
:10D090002A68EBB9A36D62659D4200D1A2650023A9
:10D0A0002B60A96841B12046FFF7E0FC064650B965
:10D0B000A868FFF75EFDB87100232B60A36D83B9EC
:10D0C000C4E915550026201DFFF73CFF3046F8BD8A
:10D0D0001A60A26D954208BFA365E0E71346126887
:10D0E000C6E71D60A565EDE76FF00F06EBE76FF093
:10D0F0008506E8E76FF01506E5E74FF0FF324FF0E1
:10D10000FF330430FAF704BC08B583681B6B0BB11E
:10D1100098470346002023B153F8042B0AB1127834
:10D1200002B908BD1044F6E710B51C46FFF70CFF26
:10D1300048B10122C06802FA04F320B10269134227
:10D1400001D10068F9E710BD10B50C46FFF710FFDC
:10D1500048B10123C06803FA04F120B10369194200
:10D1600001D10068F9E710BDD1F81A0083681B6986
:10D1700003B118476FF08500704770B501F07F0369
:10D1800011F0800F18BF103301259D4090F830300A
:10D19000022B044601D0002070BD90F83860FFF7E4
:10D1A0006AFB324601462046FFF7CEFE0028F2D049
:10D1B000C0680028EFD083681D42EDD10068F8E711
:10D1C00038B50C46FFF7D4FE80B1C06870B1436833
:10D1D000DA681AB111790023994201DC0068F5E799
:10D1E0001568ED5CA54201D00133F5E738BD2DE9A6
:10D1F000F04105461E460846002A42D1DFF748FFA7
:10D20000044600283DD02846FFF777FF95F86C309C
:10D21000DA0707D56FF00F04281DFAF7EBFB20465D
:10D22000BDE8F081676804F11408BFF35B8F6369A0
:10D23000BFF35B8FDB07EDD47B680BB1AB42E9D169
:10D24000324600212846FFF77FFEB8B10023236055
:10D25000036983B9C0E90344BFF35B8F58E8003F1B
:10D2600043F0010348E80032002AF7D1BFF35B8F97
:10D2700000247D60D0E71C600461EDE76FF03C04A2
:10D28000CAE76FF01204CAE72DE9F8434C689DF82D
:10D2900020900D46984606461746FFF7ECFAA3681D
:10D2A0001B6B01461BB96FF01500BDE8F8832046E3
:10D2B00098470028F7D0041F0C35002054F8041FAD
:10D2C00009B10B782BB9002814BF00206FF03C0087
:10D2D000EBE74B78042B0BD1F8B98B784345EDD1B4
:10D2E000CB784B45EAD10B79002BDED00120E5E766
:10D2F000052BE3D10028E1D0012F07D0022FF5D173
:10D300008978B0692A4600F0C3F803E0B0692A467C
:10D3100000F0A2F80028E9D0C7E70020C5E7F8B57B
:10D32000CC6806460CB9204622E004F10C07012522
:10D33000E268AAB165F07F03D9B203F07F0310332E
:10D34000DA40D2070ED4E368EB40DB0705D5B069BD
:10D350003A46E9B200F09CF850B90135102DE7D1FA
:10D360002468DFE7B0693A4600F092F80028EAD076
:10D37000F8BD2DE9F3475768002497F80580054666
:10D380000E46A1463B79A34203DC002002B0BDE873
:10D39000F0875FFA84FA3146534642462846FFF743
:10D3A000C3FE014650B1CDF80090534601222846F5
:10D3B000FFF76AFF0028E9D10134E3E76FF03C0092
:10D3C000E4E72DE9F74380460D461746FFF7BCFE1C
:10D3D000064628B96FF00104204603B0BDE8F0838B
:10D3E0000F2DF7D808EB0509014699F83A40009748
:10D3F0002B4600224046FFF747FF0028EAD1009461
:10D400002B46022231464046FFF73EFF04460028E5
:10D41000E2D100972B46012231464046FFF734FF08
:10D4200004460028D8D1706883685B6813B13A4617
:10D430002946984789F83A70CEE711F0800F18BF57
:10D4400021F0800102684FF0010318BF10318B40BA
:10D4500022EA03030360704737B58B7900938B880A
:10D460000C461546CA78897802F0CEFC70B994F95A
:10D470000230A1782A68002BB8BF21F080014FF05C
:10D480000103B8BF10318B4013432B6003B030BD94
:10D49000F8B506460D46174602F0DFFC044658B9BB
:10D4A00029463846FFF7C9FF29463046F6F704F803
:10D4B000044608B9FBF780F82046F8BD0A468069A3
:10D4C000802102F0ACBD2DE9F0410B7E0C465906DF
:10D4D00005462ED123B3FFF7F7F970BB2846D5F8E0
:10D4E0007080268AEF8DFFF7C6F9F8B1421E5342CD
:10D4F00053419B01228A9AB1BE42E98D324628BF30
:10D500003A4691420CD9B2FBF3F103FB11223AB92E
:10D5100094F91830002BBEBF637E43F00803637696
:10D52000A8692146BDE8F04102F00DBD98F807302A
:10D53000E0E76FF01500BDE8F0814FF0FF30FAE74B
:10D5400043689869F5F7E8BF70B591F918304668F7
:10D55000002B05460C4607DBC4F81A50B06921467B
:10D56000BDE8704002F0EFBC3046FFF7ADF900288F
:10D57000F2D04FF0FF3070BD806902F075BD38B554
:10D58000054680690C4602F084FC60B914F0800FF7
:10D5900018BF24F080046A6B4FF0010318BF1034E9
:10D5A000A34013436B6338BD70B5054680690E46D2
:10D5B00002F099FC044620B9314605F13400FFF72A
:10D5C0003CFF204670BD0B0648BF21F08001406B38
:10D5D00048BF1031C84000F00100704782B0C369F5
:10D5E0008DF8001001922BB102AB13E9060002B0D6
:10D5F000DFF7A8BD02B0704782B0C3698DF8001094
:10D6000001922BB102AB13E9060002B0DFF79ABD1D
:10D6100002B07047704703695B68D8687047436819
:10D620000361037A63B1012B0CBF0223032343750B
:10D63000437A5A1E032A05D8DFE802F005050505DE
:10D640000123F4E700230375837A062B09D0072B07
:10D6500009D0052B0CBF002303238375837EC3757C
:10D6600070470123F9E70223F7E7036993F84000C5
:10D6700030B1DA6B9388918910695B1A9BB2C01A3A
:10D680007047036993F838007047036993F84020A6
:10D6900012B993F838007047012070470369C3E955
:10D6A00007127047BFF35B8F0068BFF35B8F0841C1
:10D6B00000F00100704703691B69BFF35B8F88337B
:10D6C00053E8001F41F0020143E80012002AF7D19D
:10D6D000BFF35B8F704710B50469606BFEF758F9B4
:10D6E00010B1012384F8393010BD10B50469606BA6
:10D6F0004289C3889A4202D14FF0FF3010BD012207
:10D70000FEF746F90028F7D004F17800FAF7F8FBA5
:10D710000020F3E738B50469EFF31185202383F384
:10D720001288BFF36F8FE06BFEF712F985F3118853
:10D73000BFF36F8F10B1012384F8413038BD38B585
:10D74000034640681B695D68AC68A37A84F82230A0
:10D7500094F82D3084F82330696841B1237C33B9C3
:10D76000FFF784F918B96868FFF703FA20740020FE
:10D7700038BD01238B40DB43BFF35B8F50E8002FA4
:10D780001A4040E800210029F8D1BFF35B8F7047B1
:10D79000006902218830FFF7ECBF0069032188305F
:10D7A000FFF7E7BF08B50369186900218830FFF764
:10D7B000E0FFBDE808400121FFF7DBBF03691869FE
:10D7C00001218830FFF7D5BF2DE9F04750F8483CDC
:10D7D00000F140045B68064600212046D3F8009023
:10D7E000FFF760FF002850D001212046FFF75AFFC5
:10D7F0000746002849D1BFF35B8F54E8003F43F050
:10D80000200244E800210029F7D1BFF35B8F9B067B
:10D810003BD4D9F810305B689B68402293F83610EF
:10D820004846FFF78DFE054650B920460521FFF713
:10D83000A0FF30462122BDE8F0470023FAF7D0BB15
:10D840008246428A5AF80C1F56F80C0CFEF7A0F8D4
:10D85000804601465046FEF7ACFFB8F1000F04D0F9
:10D8600008F03F08B8FA88F77F0906F82D7C2946AA
:10D870004846FFF769FE40B12846DEF753FD2046D3
:10D880000521BDE8F047FFF774BFBDE8F087F8B5A4
:10D890000D46016947680C6949682B7E8968064610
:10D8A00091F83D102AB3994204D1042104F1880073
:10D8B000FFF75FFF33692A7E5B689B6893F8363019
:10D8C0009A4204D1052104F18800FFF752FF336921
:10D8D0002A7E5B689B6893F826309A4203D104F154
:10D8E0008C00FAF763F929463846BDE8F840FFF79F
:10D8F00043BE994214D12A8AE968606BFEF728F882
:10D9000028B1E3691BB104F12400FAF7F9FA04F134
:10D9100088000421FFF72DFF04F17800FAF7F0FAF0
:10D9200033692A7E5B689B6893F836309A4215D13A
:10D93000E3691BB104F12400FAF7E2FA052104F1CE
:10D940008800FFF716FFE36B5A89DB889A4205D0FF
:10D950000022002304F14800FAF742FB33692A7ED3
:10D960005B689B6893F826309A42BCD104F18C0026
:10D97000FAF7C2F8B7E738B550F8783C5B681D682D
:10D9800000F11003024600211846FFF78BFE002825
:10D9900036D001211846FFF785FE88BB52F8441C9B
:10D9A0008A8888890969121A92B28A1A3F2A27D965
:10D9B000BFF35B8F53E8002F42F0100143E80010E3
:10D9C0000028F7D1BFF35B8FD30619D42B695B68AE
:10D9D0009B68402293F83D102846FFF7B1FD0446AE
:10D9E00070B1438A402B28BF40234382014628461A
:10D9F000FFF7AAFD20B12046BDE83840DEF792BC13
:10DA000038BD38B550F8083C0446002B4FD050F8CC
:10DA1000243C5B6800F164051A68002383828383D9
:10DA200002212846FFF73EFEB8B154E902311069E1
:10DA30009847637D1BB104F15400FAF761FA0521A0
:10DA40002846FFF72FFE98B9637F6BB100220023B1
:10DA500004F12400FAF7C4FA0AE003212846FFF78C
:10DA600021FE0028E1D1E4E714F8093C002BEDD1B8
:10DA700002212846FFF716FE38B123695A89DB8850
:10DA80009A4202D02046FAF73BFA03212846FFF7D4
:10DA900009FE60B1A2699388918912695B1A9BB2F1
:10DAA0009A4204D02046BDE83840FAF729BA38BD7A
:10DAB00008B5036903F1880202211046FFF7F2FD61
:10DAC00028B1596B4889C988401A18BF012083F8CA
:10DAD000380003211046FFF7E5FD40B1DA6B90886E
:10DAE00091891269401A80B2801A18BF012083F808
:10DAF0004000012008BD0069BFF35B8F00F188037F
:10DB000053E8001F41F0080143E80012002AF7D152
:10DB1000BFF35B8FC26B9388918912695B1A9BB2CA
:10DB20009A4202D02430FAF7EBB9704738B504694D
:10DB3000BFF35B8F04F1880555E8003F43F0040311
:10DB400045E80032002AF7D1BFF35B8F636B5A8937
:10DB5000DB889A4203D004F12400FAF7D1F90421BA
:10DB60002846FFF79FFD28B904F17800BDE838404A
:10DB7000FAF7C6B938BD70B503691C69BFF35B8F8E
:10DB800004F1880555E8002F42F0010245E8002124
:10DB90000029F7D1BFF35B8F02212846FFF782FDF2
:10DBA00010B11846FFF7C2FFE3691BB904F1780012
:10DBB000FAF7A6F9E36B5A89DB889A420AD1032166
:10DBC0002846FFF76FFD68B104F12400BDE87040FE
:10DBD000FAF796B904F148000022BDE8704000232E
:10DBE000FAF7FEB970BD7FB514460A888B78ADF898
:10DBF000002006460D2200210DF103008DF80230B1
:10DC000005F0ABF96A4669463046F2F721FF28B9BC
:10DC1000BDF800209DF802302280A37004B070BDD2
:10DC200013B50C4601AA0331FFF7DDFF48B9032203
:10DC300001A9204605F099F9B0FA80F0400902B038
:10DC400010BD0020FBE770B5CE1C05460C463046E3
:10DC50000321F2F7FBFE60B9637903F03F0343F061
:10DC600040036371224631462846BDE87040FFF705
:10DC7000BABF70BD70B50D4600210446FEF7F0FB3B
:10DC80000D2818D1237B302B13D1002305F8063B38
:10DC900004F10C062A462046012302210234FDF736
:10DCA000ABFCB44205F1FF35F4D1002070BD012377
:10DCB000ECE7312BFBD06FF01500F7E710B50C4601
:10DCC000017822788A4288B00ED06946DFF7C0FD1D
:10DCD00004A92046DFF7BCFD10220DEB02016846C7
:10DCE00005F043F908B010BD012A06D0022A07D07A
:10DCF00072B940886388C01AF4E740686368FAE73D
:10DD00001022611C013008B0BDE8104005F02DB9AB
:10DD10006FF01500E6E7042A0AD0102A0DD0022A77
:10DD20004FF0000315D103700B884380012070472A
:10DD3000012303700B684360F8E7022300F8013BFE
:10DD400001F1100351F8042B40F8042B9942F9D14A
:10DD5000ECE718467047012310B50621044600F889
:10DD6000013BF2F773FE18B9A37903F03F03A371E7
:10DD700010BD012310B50621044600F8013BF2F75F
:10DD800065FE18B9A37963F03F03A37110BD0B685A
:10DD900003608B8883808B798371037823F002037F
:10DDA000037070470078C0F34000704738B50446F0
:10DDB000807ADEF70FFA6169054649B1637ADB07BD
:10DDC00004D4C3691B6820469B689847002363619D
:10DDD00021462846BDE8384003F056BB2DE9F04106
:10DDE0000C4601F10C08054600F10C0140461746AF
:10DDF0001E46FEF7D7FC6269E3682F829B1A13FA6E
:10DE000087F36B8201236B7239464046FEF70AFDA9
:10DE1000E3687360628A0023E36072816382346026
:10DE20002846BDE8F08138B5D1E90032DA600B68E8
:10DE30004A895A820C4605460868DEF773FA20467E
:10DE40001022002105F089F82846BDE83840FFF788
:10DE5000ADBF438A23B9C068B0FA80F0400970476B
:10DE600000207047D0F8A43083B15A7CD1070DD57B
:10DE7000D2060DD51B7C102B0CBF04230323437249
:10DE8000807A98428CBF0020012070470223F6E779
:10DE90000323F4E70F2806D80D280BD8052814BF54
:10DEA000022003207047132804D01A2814BF022030
:10DEB0000120704701207047FEF74BB910B50346AB
:10DEC000BFF35B8F53E8000F40EA010243E80024F0
:10DED000002CF7D1BFF35B8F10BDFEF743B90B46A3
:10DEE00001461878DFF744BD0023DCF779BDBFF3A6
:10DEF0005B8F50E8003F0B4040E80032002AF8D129
:10DF0000BFF35B8F704710B5E1F728FF6FF48071A6
:10DF100004461030FFF7EBFF2046BDE8104000F04C
:10DF200050BAC368DB78012B01D1FFF7ECBF704713
:10DF3000C0F307231070000E5370D0700023C1F39C
:10DF40000720090E9370137150719371D17170474E
:10DF5000C368DB78012B01D1FFF7D5BF704738B517
:10DF600004460D46DFF7F2FE5F3005D12946204614
:10DF7000BDE83840DFF720BE38BD0120704710B53E
:10DF8000028843889A4218D8052A16D9B3F5486FF3
:10DF900013D88488B4F5FA7F0FD2C188A1F10A02A0
:10DFA00092B240F67640824207D804FB0333B3EBCB
:10DFB000810F34BF0120002010BD0020FCE740F29B
:10DFC000C230704708B5E8F791F918B1408A0038B7
:10DFD00018BF012008BD70B506460D464FF0FF3052
:10DFE0004FF0FF31E0F7F6F9044668B103210C3039
:10DFF000FEF7DFFB0680857021460022BDE87040F9
:10E0000040F20640E0F720BC6FF0680070BDC368C6
:10E01000187808B1E0F7E2B81846E0F7FBBC38B56D
:10E020004FF0FF3105464FF0FF30E0F7D3F90446DB
:10E0300068B102210C30FEF7BCFB2B88038021461F
:10E040000022BDE8384042F21600E0F7FDBB6FF059
:10E05000680038BDF8B507460E464FF0FF304FF068
:10E06000FF311546E0F7B6F9044678B106210C30C9
:10E07000FEF79FFB3B880380468085802146002277
:10E08000BDE8F84042F22200E0F7DEBB6FF0680026
:10E09000F8BD70B506460D464FF0FF304FF0FF312A
:10E0A000E0F798F9044618B9BDE87040DFF77ABD8B
:10E0B00003210C30FEF77DFB06808570214642F27D
:10E0C0002100BDE87040E0F76DBB033138B5C9B23F
:10E0D00005460E20E0F7E0FF032104460C30FEF772
:10E0E00068FB01230370A0F80150204638BD70B5CD
:10E0F00005460E460F200421E0F7CEFF042104461A
:10E100000C30FEF756FB0122067042704580204617
:10E1100070BD08B5072204F028FFB0FA80F040096E
:10E1200008BDFEF716B80B6803608B8883808B7977
:10E1300083717047BFF35B8F0068BFF35B8F7047DD
:10E1400008B5FFF7F7FF084100F0010008BD00F136
:10E15000100210B510460C460821FFF7F1FF30B150
:10E160000C211046FFF7ECFF08B90123237010BD06
:10E1700008B50A4603780978994206D1082110307B
:10E18000FFF7DEFF08B10123537008BD10B400F1A2
:10E190001003BFF35B8F53E8002F22F4005143E8D4
:10E1A0000014002CF7D1BFF35B8F930403D510BC90
:10E1B000012100F004B910BC7047037A5B070246E6
:10E1C00005D501462E3211F8010BE0F7C3BF7047A9
:10E1D00038B54FF0FF3105464FF0FF30E0F7FAF861
:10E1E000044658B129460C30FEF7F2FA21460022C7
:10E1F000BDE8384042F22D00E0F726BB6FF0680022
:10E2000038BDBFF35B8F50E8003F0B4340E800325E
:10E21000002AF8D1BFF35B8F704700F1100210B5F0
:10E22000082104461046FFF78BFF50B14FF4005110
:10E230001046FFF7E6FF20460021BDE8104000F041
:10E24000BEB810BD2DE9F041D1F8048086B0044677
:10E250000D46B8F1000F1DD1037A5B071AD50E6881
:10E26000411C701CFFF755FF2E361622414607460B
:10E27000684604F072FE10226946304604F075FECE
:10E2800058B137B9102204F12E01304604F06DFE6A
:10E2900000B96C6006B0BDE8F081002FF9D1F9E754
:10E2A00000F1100208B507211046FFF749FF80B9B9
:10E2B0000C211046FFF744FF58B9BFF35B8F52E8BB
:10E2C000003F23F0200342E800310029F7D1BFF3DB
:10E2D0005B8F08BD022810B50C4606D819B1E7F7C8
:10E2E000B3FF00B1441C204610BD0024FBE718B169
:10E2F00011B10846E0F7DCBF6FF01500704737B585
:10E300000546F8B1836C1B0316D56846FFF723FD5D
:10E31000044670B90DF101012846FFF7E8FF0446F5
:10E3200038B9072105F11000FFF70AFF08B9E0F737
:10E33000F3FE204603B030BD007803B0BDE83040A6
:10E34000E1F71AB86FF01504F3E7003818BF0120A1
:10E350007047037AD90704D523F001030372E1F76C
:10E36000D1B9990704D523F002030372E1F7E4B9A8
:10E37000704770B5064686B00D464FF0FF304FF03F
:10E38000FF31E0F727F80446B0B10C3095B1012118
:10E39000FEF71EFA06F1100203A920460095082395
:10E3A000E0F706F80022214642F20A00E0F74CFAB4
:10E3B00006B070BD2946EBE76FF06800F8E7FFF79D
:10E3C000D8BF183003F04FB901F12003013813F81A
:10E3D000012D00F8012F8B42F9D1704700230B600B
:10E3E000436813B9C0E90011704719604160704774
:10E3F000D0F8B400003818BF01207047084689697A
:10E400001160C2691A60C27A0021183004F0A5BDFB
:10E41000FDF7A8BE10B50346BFF35B8F53E8000FAE
:10E4200040EA010243E80024002CF7D1BFF35B8FE0
:10E4300010BD437B072B01D1E2F726B97047243882
:10E44000E2F79CB9036800220BB9184670478B426B
:10E4500010D10B6842B942680360914200D1436019
:10E4600000230B600120704713604368994208BF86
:10E470004260F5E71A461B68E6E710B504460069F6
:10E4800018B1DDF74FFF0023236110BD10B500F177
:10E49000C802BFF35B8FD0F8C830BFF35B8F7BB18E
:10E4A000BFF35B8F591C52E8004F9C4204D142E8F5
:10E4B000001CBCF1000FF6D1BFF35B8FE7D110BD9C
:10E4C0001846FCE710B5437B023B0446062B16D8E2
:10E4D000DFE803F009041515150B0900017300218D
:10E4E0002046E2F7A5FA002010BD0088FFF773FD73
:10E4F0000028F9D1637B072BF5D10821F0E76FF0F5
:10E500007F00F1E710B50446D0F8A40028B9207ABE
:10E5100004F17001E7F7EAFE38B1E278438A2AB9DC
:10E5200003F02100003818BF012010BD03F02400C3
:10E53000F8E738B58378012B044627D1437B072BB6
:10E5400027D10B0601F07F050CD54FF400410430B4
:10E55000FFF760FFA5722046E6F7CAFE08B1637AAE
:10E56000A37238BD437AAB4216D2837AAB4213D240
:10E57000BFF35B8F031D53E8001F21F4004143E804
:10E580000012002AF7D1BFF35B8FE3E76FF01500AD
:10E59000E7E76FF07F00E4E70020E2E78378012BF4
:10E5A0000CBF407A0020704738B5037A8B4204468E
:10E5B000154615D100F170010722284604F0D5FC5C
:10E5C00080B1E378072243B904F17E01284604F0C4
:10E5D000CCFCB0FA80F0400938BD04F17701F5E7D2
:10E5E0000020F9E70120F7E78378012B0CBF70309A
:10E5F00000207047F8B507460D464FF0FF304FF04A
:10E60000FF31DFF7E7FE0646D0B10E210C30FEF7F2
:10E61000D0F80E220446002104F09FFC3B882380A2
:10E620002B8863806B88A380AB88E380EB88238191
:10E6300031460022BDE8F84042F21300E0F704B989
:10E640006FF06800F8BD704710B50446F9F76EFF2B
:10E65000234653F8402BD2F8B41061B92164D2F8A4
:10E66000B81061B9C2E92D33F9F774FF2068BDE82D
:10E670001040E2F7B9B98B42F6D00968EDE70B60BC
:10E68000C2F8B830F0E703682BB141681A6802603D
:10E690008B4208BF4260704770472DE9F843446BD6
:10E6A0002CB154F8085905B1083D00270CB9BDE854
:10E6B000F883D4E900682EB3F9F738FFD6F8B43000
:10E6C00004F14001002263B1994233D1236C4ABB6B
:10E6D000D6F8B820C6F8B430914201D1C6F8B830A7
:10E6E0002764F9F737FF04F1300900220023484678
:10E6F000F9F7D0F9064600BBD8F804300BB1204634
:10E7000098472760E3680BB120469847D8F8203037
:10E710000BB120469847DDB1AB6803B1083B2C46EE
:10E720001D46C3E71360D6F8B830994208BFC6F853
:10E73000B820D5E71A461B68C5E7B36923B1F1696C
:10E7400020686FF06D0298473046DDF7EBFDCCE7AF
:10E750002B46E4E738B5406B0D4620B150F8084928
:10E7600004B1083C00B938BD43689B680BB1294629
:10E7700098472CB1A36803B1083B20461C46F1E73B
:10E780002346FAE7F8B50F46002105461646002352
:10E790004FF480320846E2F7F5FE044620B92846D9
:10E7A000E2F7BCFE2046F8BD04210C30FEF701F86C
:10E7B000057047704680F5E7406B30B1838B8B4224
:10E7C000A0F1080001D08068F7E7704710B54AB99A
:10E7D00089B2FFF7F1FF28B143689B6913B1BDE827
:10E7E0001040184710BD38B50D460521FFF7E4FF6E
:10E7F00000231A462946E2F7DFFE044610B12846F8
:10E80000DDF790FD204638BD406B30B183898B42E7
:10E81000A0F1080001D08068F7E770477047034611
:10E82000006828B1596802681A60884208BF5A60B7
:10E8300070470346002003B970471A8A5B6810448A
:10E84000F9E710B5D4682378023113B9217001209B
:10E8500010BD8B42FBD0038A023B03820020106173
:10E86000F6E7FDF776BC2DE9F04104468868FFF72E
:10E87000E0FF638D628B934228BF134683420D46AF
:10E880001DD32165D1F8088000278F60F9F74EFE6F
:10E8900041462046E3F786F8064638B1C5F80880B9
:10E8A0002765F9F757FE3046BDE8F081618D638B2F
:10E8B000994228BF1946284600F0C6FEF1E76FF0DE
:10E8C0007906F0E773B51446014605464FF4957294
:10E8D000206800F00EFE207530B92068294600F04F
:10E8E000B6FE20B908232375002002B070BD237A3C
:10E8F000B3B1A3F11802534253419B000193638AC1
:10E900000093AE68238AE26820682946B047002851
:10E9100008DB238A98420CD1002323750120E4E709
:10E920000223EBE710F1FF0F03D34042C0B2207582
:10E93000DAE70E20FBE738B504460D46E3F732F878
:10E9400030B1294604F15400BDE8384002F091BDD1
:10E9500038BDF8B59368166805460F46144663B986
:10E96000506801210C30FDF724FFA0602B681B7854
:10E97000002B14BF022301230370A3681B78012B13
:10E9800003D0022B1FD000201CE02B681B78002B2B
:10E99000F9D1606804210C30FDF70BFFE0600780BF
:10E9A0002A68E36852885A806168728D738B088A7E
:10E9B0009A4294BFC0EB0200C0EB0300042894BF4E
:10E9C00000200120F8BD2B681B78022BDBD160688A
:10E9D00012210C30FDF7EDFEE06007802B68E26845
:10E9E000591C0232113351F8040B42F8040B9942BE
:10E9F000F9D16168728D738B088A9A4294BFC0EB1B
:10EA00000200C0EB03001228D9E770B40668F2696F
:10EA10005AB3144654F8983903B1983B0022114672
:10EA20007CB9438D408B8B4201D890421FD98242E2
:10EA300038BF02469942306838BF194670BCE5F7C6
:10EA4000CFBB844207D0658D648BA94238BF29466D
:10EA5000A24238BF224633B1D3F8985005B1983D51
:10EA60001C462B46DCE71D46FAE71146D9E770BC89
:10EA70007047D0680378043113B9017001207047E2
:10EA80008B42FBD091680B8A0020043B0B82106103
:10EA900070471FB5CDE90123002300931A46E4F720
:10EAA00053FE05B05DF804FB0368002203B970470C
:10EAB0008B420FD10B683AB942680360914200D192
:10EAC000436000230B60704713604368994208BF9E
:10EAD0004260F6E71A461B68E8E7BFF35B8F50E831
:10EAE000003F43F0080240E800210029F7D1BFF3BE
:10EAF0005B8FC3F3C00070472DE9F0410646904696
:10EB00001F460D46B9B104220121E3F71BF8044664
:10EB100018B9BDE8F041E2F7EBBF04210C30FDF776
:10EB200048FE0570A0F80180C77021463046BDE858
:10EB3000F041FFF700BFBDE8F08137B50C46054650
:10EB400001F10C00FDF786FE228A0192E268009234
:10EB50000346132212212846E3F74CF803B030BDD8
:10EB600037B50C46054601F10C00FDF773FE228A0D
:10EB70000192E26800920022034611462846E3F71C
:10EB800039F803B030BD70B504460E4600220023AC
:10EB90000846F8F77FFF054658B101462046E2F7E0
:10EBA00001FF044618B12946304602F06DFC2046AC
:10EBB00070BD6FF00104FAE707B5CA681388528880
:10EBC00000920C210D22E3F71BFA03B05DF804FB61
:10EBD00007B5CB6800221B8800920A210B22E3F7BD
:10EBE0000FFA03B05DF804FB2DE9F041CB681F88F4
:10EBF000BBB2162B05461BD90321E3F7C5F8064621
:10EC0000C0B102210C30FDF7D4FD00244FF04108C3
:10EC100080F80080447031462846FFF78CFE284675
:10EC2000A5F81A806F85FFF7F0FE2046BDE8F08159
:10EC30000420FBE70E20F9E72DE9F04F064685B0EA
:10EC4000104690469946FFF7F4FD738B728D934200
:10EC500028BF134683428B4675D973680393404699
:10EC6000FDF76EFD4FF0000A04464046FFF7E1FD58
:10EC7000E168228A658A6369778BCB1AAD1AED1A2F
:10EC8000738D9F4294BFC0EB0700C0EB0300854229
:10EC900028BF054625BB98F80A00DDF79BFA00223D
:10ECA0000023FDF71AFD044608B9574627E0014640
:10ECB0004046FDF756FD4046FFF7BBFDE168228A5E
:10ECC000658A6369778DCB1AAD1AED1A738B9F42F3
:10ECD00094BFC0EB0700C0EB0300854228BF054688
:10ECE000CDF80090DBF8047003980A44ABB25946A3
:10ECF000B847071E07DABAF1000F18BF5746384663
:10ED000005B0BDE8F08F0E9BABB9394604F10C009D
:10ED1000FDF74FFD4046FFF78CFD738D728B9342DC
:10ED200028BF1346B9448342BA441FFA89F9BCD9B3
:10ED3000AF429AD0B9E70F9A0E9B394620469847C2
:10ED40000028E2D1B1E70027D9E72DE9F3411768A0
:10ED5000D7F8048000231446137301460646952213
:10ED6000404600F0C6FB0546207330B931464046A8
:10ED700000F06BFC28B908232373002002B0BDE823
:10ED8000F081A068798D7A8B038A914294BFC3EB9E
:10ED90000103C3EB0203012BEFDD02210C30FDF771
:10EDA00008FDCDE900558046A388A2683146384663
:10EDB000FFF742FF031E06DA13F1FF0F26BF5B4287
:10EDC000DBB20E23D8E7A8F800300120D6E72DE902
:10EDD000F3411768D7F804800023144613730146E3
:10EDE00006469522404600F084FB0546207330B964
:10EDF0003146404600F029FC28B90823237300203F
:10EE000002B0BDE8F081CDE900553146A388A26883
:10EE10003846FFF711FF002807DA10F1FF0F26BF71
:10EE20004042C0B20E202073E9E70120E8E7F8B5C0
:10EE30000546071F00F1480350F8044CBFF35B8FF1
:10EE400053E8001F21F0040143E80012002AF7D123
:10EE5000BFF35B8FFCB1EB6C83B9636873B1201DAA
:10EE6000FFF7DDFC064601463846FFF7FCFC90B193
:10EE700063683360A368666003B9A66005F150015A
:10EE80003846FFF780FE30B104F10C013846BDE88A
:10EE9000F840FFF778BEF8BD2DE9F041C469074698
:10EEA00044B154F8986906B1983E0022154607F11E
:10EEB00004080CB9BDE8F081236D9BB905B98AB986
:10EEC0004046FFF7ACFC054658B101462046FFF727
:10EED000CAFC0028EED07B682B60BB687D6003B95C
:10EEE000BD60224636B1D6F8983003B1983B34461F
:10EEF0001E46DEE73346FAE738B50546BFF35B8FBB
:10EF00000B68BFF35B8FDB0716D550F8040C98B184
:10EF1000EB6C8BB90430FFF782FC044660B101460C
:10EF2000281FFFF7A0FC38B155F8043C5A6822604E
:10EF30009A685C6002B99C6038BDE4F785BB08B58F
:10EF400000230A8AC968E3F729FD002008BD70B5CF
:10EF50000D46E3F7BBFB044628B92846DDF7E2F986
:10EF60006FF07F0070BD00F10C062946304602F0BC
:10EF700080FAE469C4B154F8985905B1983D00226B
:10EF8000104607E022467DB1D5F8983003B1983B92
:10EF90002C461D46831C01D1002AF4D1314620465F
:10EFA000FFF7F1FD0028EDD10020DBE738B505467D
:10EFB0000C46F9F7BBFA2846E3F788FB20B9F9F7C6
:10EFC000C9FA6FF07F0038BD0023236083683BB926
:10EFD000C0E90144FFF760FFF9F7BCFA0020F2E74F
:10EFE0001C608460F6E70120704708B5E3F76EFB0C
:10EFF00098B1C3698BB1BFF35B8F983B03F14C02AF
:10F0000052E8000F20F0080042E800010029F7D183
:10F01000BFF35B8FD3F89830ECE708BD08B5042147
:10F02000FFF7F2FB30B1BFF35B8F806CBFF35B8FF8
:10F03000C0F3C00008BD10600020704710B5029CEE
:10F04000A36833B1B1F5807F28BF0E21CAB2214633
:10F050009847A37DE268013BDBB2A37522B11BB9DF
:10F060002046BDE81040104710BD10609180002080
:10F07000704700207047FDF775B8F0B507683D7818
:10F0800089B006461446DDB97B88B3F5245F04D009
:10F0900010D8A3F52053032B12D8ADF80A10022282
:10F0A0000DF10A012046E3F7B5FD68B16FF01503D5
:10F0B000E36406E003F55643FF339BB2042B1FD9EC
:10F0C0000125284609B0F0BD7B88ADF80A30022240
:10F0D0000DF10A012046E3F79DFD0028E6D10090DE
:10F0E00003AA776813233146B847021E01DAE264A7
:10F0F000E7E703A92046E3F78DFD0028E0D0D5E738
:10F10000ADF80A1002220DF10A012046E3F782FD54
:10F110000028CBD17B88ADF80A3002220DF10A011C
:10F12000E8E708B5072203F020FFB0FA80F04009B5
:10F1300008BD10B503789342044607D10130FFF7AC
:10F14000F0FF002814BF2046002010BD0020FCE77F
:10F1500010B50346BFF35B8F53E8000F40EA01028E
:10F1600043E80024002CF7D1BFF35B8F10BD10B52E
:10F170000346BFF35B8F53E8000F00EA010243E848
:10F180000024002CF7D1BFF35B8F10BD0B68036028
:10F190008B8883808B7983717047BFF35B8F0068A6
:10F1A000BFF35B8F7047FCF7D4BF70B50D460646C2
:10F1B00011F8010BE2F746F8044610B12C89E1F78B
:10F1C000E7FB6B89A34207D0EB686C8123B1214632
:10F1D0003046BDE87040184770BD38B5BDF81040E6
:10F1E000A24215460CD84CB16BB1A41A8C42A8BFF0
:10F1F0000C46A4B22246591903F088FE204638BDB9
:10F200006FF00604FAE76FF00D04F7E730B585B04C
:10F21000C96814461D46E3F7F5FD00B10089ADF855
:10F220000E0002230093BDF820200DF10E032946A5
:10F230002046FFF7D2FF05B030BD1FB50C4619467A
:10F24000E3681C781046BDF818203CB11024013347
:10F25000069404B0BDE81040FFF7BFBF5B88ADF86F
:10F260000E30022300930DF10E03FFF7B6FF04B03A
:10F2700010BD30B585B01D46002314468DF80C3006
:10F28000E3F7A2FD10B1037A8DF80C30012300934F
:10F29000BDF8202003AB29462046FFF79EFF05B0AE
:10F2A00030BD70B500F1700605463146007AFEF7B4
:10F2B00089FE04463146287A1CB1BDE87040E3F768
:10F2C000E3BEE3F709FD10B104604460846070BDE3
:10F2D000022A10B508D1002300F170011A46007A05
:10F2E000E3F7F8FD022010BDFFF7DBFFFAE708B5F2
:10F2F0000C3029B10121FFF72BFFC043084008BDA6
:10F300006FF00101FFF733FF00F00100F7E710B5E0
:10F310000446FFF7ECFF38B121460122BDE810405A
:10F3200011F8010BE3F782BD10BD38B50446154650
:10F33000FFF759FE48B12046E3F746FD28B1037AAE
:10F34000DB0702D50121FFF7E2FF55B9207A04F16E
:10F350007001E3F7C1FC20B18560BDE83840E3F7F8
:10F36000A1BD38BD38B5BDF81010BDF81840059DD9
:10F37000A14210460CD84CB16DB1641A9C42A8BF92
:10F380001C46A4B22246294403F0C0FD204638BDE5
:10F390006FF00604FAE76FF00D04F7E713B50446C3
:10F3A00010B9002002B010BD00238DF804300068B1
:10F3B00042F6030301A9ADF80630FEF77FFC0028F2
:10F3C000EFD1E36898880028ECD12046E4F78CF967
:10F3D000013080B2E6E770B5CC6888B008461E46BA
:10F3E000A3798DF80C301546FFF7D8FFADF80D0066
:10F3F000246823786BB96388ADF80F300523009338
:10F40000BDF8302003AB31462846FFF7E6FE08B0D2
:10F4100070BD631C0DF10F02113453F8041B42F848
:10F42000041BA342F9D11323E9E71FB5CDE901235A
:10F43000002300931A46E4F787F905B05DF804FB52
:10F44000E4F784BA38B5044659B100F1700529468D
:10F45000007AE4F749FB207A2946BDE83840E3F713
:10F460002DBE38BDF8B506460F46E3F719FC394600
:10F4700004463046FEF7A6FD68B364B304F1080500
:10F480006FF001012846FFF772FEC20703D5394627
:10F490003046E4F729FB6FF002012846FFF767FECC
:10F4A000830703D539463046E3F708FE2846FFF7C1
:10F4B00074FE80B9234603F8010BC4F80100C3F8B9
:10F4C0000300BFF35B8F55E8003F45E80002002AC8
:10F4D000F9D1BFF35B8FF8BD38B5A0F12F05441CFF
:10F4E00015F8010C29460C35FFF7BCFFA542F7D1F2
:10F4F00038BD38B54C8AD3070546C4F30E0404D58D
:10F5000014F0950F2AD04B6843B3900704D514F438
:10F51000957F25D08B681BB3144014F4DE7F0DD08B
:10F52000EB7A2BB92846FEF7EDFFD8B9052038BD98
:10F5300014F0300F04D114F4C07F07D10020F6E797
:10F540002846FFF72BF80228F5D8EFE7D5F8A430C6
:10F55000002BEBD05B7CDB06E8D5EFE70220E6E78B
:10F560000320E4E70F20E2E7F8B514460F469422A3
:10F5700061680646FFF7BDFF20BB61680122304687
:10F58000E4F71CFB08B3A2891B2102323046E3F7E3
:10F5900097F90546E0B1A1890C300231FDF709F970
:10F5A00020F8027BA289A16803F0B0FCD4E9041220
:10F5B00028460123E3F71CFB29463046BDE8F84006
:10F5C000FFF7C5BC4FF0FF30F8BD6FF01500FBE74B
:10F5D0006FF00B00F8E72DE9F04105468846E3F7A8
:10F5E000F3FB0446E0B1037ADB0719D500F10C0701
:10F5F0003846FFF7D2FD10F0010611D1B8F1000F27
:10F600000FD06FF002013846FFF7B1FD10F0020F86
:10F61000284609D0FFF7E9FC01212046FFF777FED5
:10F6200001263046BDE8F081FFF7DDFC0028F8D068
:10F630002846FFF7F3FC0028F3D06FF002013846AC
:10F64000FFF795FD2846E5E7704701207047012048
:10F65000704713B5C068144668B100238DF80430B4
:10F6600001A94FF4C053ADF80630FEF727FB10B9DF
:10F67000236801332360012002B010BD07207047CA
:10F68000FCF767BDBFF35B8F0068BFF35B8F08417A
:10F6900000F00100704738B50A46034609B9012059
:10F6A00038BD488A10F0240FF9D0197D5D7B147C99
:10F6B000A94228BF29468C4201D90020F0E78106E3
:10F6C00012D4527CD207EAD51A7A002AF5D0052145
:10F6D000181DFFF7D7FF0028E1D1187A013801285B
:10F6E00094BF00200120DBE70521181DFFF7CAFFAA
:10F6F0000028E6D1E1E701238B40DB43BFF35B8FBA
:10F7000050E8002F1A4040E800210029F8D1BFF34B
:10F710005B8F7047FCF726BD10B50621FFF774F824
:10F72000044618B9E4F768FE204610BDA0F1EC04C9
:10F73000FAE74FF47022002300F59C70F8F784BCC0
:10F74000072070470023DBF74BB901238B40BFF341
:10F750005B8F50E8002F1A4340E800210029F8D1C0
:10F76000BFF35B8F704770B5051D0E462846042118
:10F77000FFF788FF68B10022002100230846E1F767
:10F7800001FF044640B904212846FFF7DEFF20466A
:10F7900070BD4FF47022EFE701210C30FDF709F83E
:10F7A0000670F4E738B504210446FFF7DCFF054690
:10F7B000A0B110210C30FCF7FCFF04F1270304F189
:10F7C000370253F8041B40F8041B9342F9D120463A
:10F7D00000222946E4F71CFE002038BD0820FCE783
:10F7E00007207047072070470720704730B5012376
:10F7F00003FA01F1CA43BFF35B8F50E8003F03EA0D
:10F80000020440E80045002DF7D1BFF35B8F01EA09
:10F810000300003818BF012030BD38B50446031D71
:10F820000025BFF35B8F53E8002F43E80051002908
:10F83000F9D1BFF35B8F04F59C7001F014FF2572C2
:10F84000BFF35B8F54E8003F44E80052002AF9D12F
:10F85000BFF35B8F20460121BDE83840FFF775BF3D
:10F8600070B500F1700605460C460722096830465F
:10F8700003F07BFBB8B963681A682A679A88A5F811
:10F8800074209B7985F87630D5F8A4305BB1A268F6
:10F89000934208D062681168C3F801109188A3F8F8
:10F8A00005109279DA7170BD2DE9F84FDDF82C80E2
:10F8B000BDF82890044692461F46FFF72DFF0546E7
:10F8C00000285CD0061DB9F1000F27D15AEA0703C2
:10F8D00024D103213046FFF7D5FEF8B1012130468F
:10F8E000FFF7D0FED0B12C7D6B7B9C4228BF1C461D
:10F8F000224605F14701404603F008FB0F2C06D8CD
:10F90000C4F11002494608EB040003F026FB304620
:10F910000121FFF71AFF0120BDE8F88FD4F8A430C9
:10F9200083B904F1700B217A5A462020E6F768FC6F
:10F93000C4F8A40030B9217A5A460120E6F760FCE9
:10F94000C4F8A400B9F1000F0CD15AEA070709D195
:10F95000D4F8A41031B14B8A9B0603D50C7C1E3120
:10F960002246C8E70F213046FFF78CFE20B1022265
:10F9700006212046E1F704FC2846FFF74EFF002051
:10F98000CAE76FF08500704708B59AB98378012BF4
:10F9900010D10621FEF710FF10F8043C23F00203FB
:10F9A00000F8043C30F8041C21B9BDE80840EC38EC
:10F9B000E5F780BD08BD08B5072203F0D6FAB0FA16
:10F9C00080F0400908BD0121DFF74EBD70B5044647
:10F9D0000D461646E6F714FC38B931462846E6F7D8
:10F9E00039FB10B1438A1C43448270BD438A1943DA
:10F9F0004182704710B5037A5B07044601D5DFF7F3
:10FA00009BFE214611F8010BDDF7F2FE204648224D
:10FA1000BDE81040002103F0A0BA531E194402446F
:10FA200011F8013900F8013B9042F9D1704710B547
:10FA3000431E00F11002073013F8011F12F8014DA8
:10FA40001C7083421170F7D110BDF0B597B0144609
:10FA50000E462022014605A81D461C9FFFF7DDFF2C
:10FA6000202231460DA8FFF7D8FF2146102201A819
:10FA70008DF85450FFF7D1FF3B46412205A901A85C
:10FA8000E6F77CFE044610B93846FFF7D0FF204663
:10FA900017B0F0BD2DE9F04397B00446164605A80F
:10FAA00010221D46DDE91F98219FFFF7B6FF1022A7
:10FAB000314609A8FFF7B1FF102229460DA8FFF72C
:10FAC000ACFF1E99032211A8FFF7A7FF4946D9F8FA
:10FAD000010011F8013B8DF8473012908B88ADF88A
:10FAE0004C30062212A8FFF798FF4146062211F873
:10FAF000013B8DF84E30D8F80130CDF84F300DF184
:10FB00004F008B88ADF85330FFF787FF2146102256
:10FB100001A8FFF782FF3B46412205A901A8E6F7AD
:10FB20002DFE044610B93846FFF781FF204617B076
:10FB3000BDE8F08338B50446807ADCF74BFB616999
:10FB4000054649B1637ADB0704D4C3691B682046C4
:10FB50009B6898470023636121462846BDE83840EA
:10FB600001F092BC30B50906847C054614D414F02B
:10FB7000400016D0298AC3F30A00C1F30A01884263
:10FB800022D802F00300022809D003280AD0012855
:10FB900011D004F0010004E014F02000E9E7C4F300
:10FBA000800030BD14F00200FBD013F4C05F09D018
:10FBB000C4F30010F5E714F0080205D013F4C05F99
:10FBC000EFD0F5E70120ECE70020EAE7BFF35B8F19
:10FBD000D0F8A000BFF35B8F00F001007047BFF3C7
:10FBE0005B8FD0F8A000BFF35B8FC0F3400070477D
:10FBF00001F00F030906026948BF103352F82300D1
:10FC00007047007DC0F300107047037D61F304135B
:10FC10000375704708B502691046FFF7D7FF60B952
:10FC2000087E00F00F03000648BF103342F823108F
:10FC3000084601F0EFFB002008BD6FF00C00FBE769
:10FC400000220023F7F726BF01F028BC01F011BC09
:10FC5000407EC0F3C0007047437E23F00803437624
:10FC600070471FB504698DF80410CDE90220D4F85F
:10FC7000983001A9984704B010BD1FB50469034628
:10FC800006208DF804002046CDE90213FFF79EFF01
:10FC900040B1C1F81E20D4F8982001A91846904719
:10FCA00004B010BD4FF0FF30FAE738B505460C46FA
:10FCB0002046FFF7C5FF014600B938BD6FF070025E
:10FCC0002846FFF7DAFFF3E72DE9F8430669074610
:10FCD000D6F80090D6F840800D464FF0FF324FF036
:10FCE000FF3306F18400F7F713FE4046FFF7A8FF45
:10FCF000014618BB4846FFF7A3FF044620BB99F80E
:10FD0000143023F0100389F8143098F8143023F0DD
:10FD1000100388F8143024BB012286F8B020EDB11E
:10FD20002B68C6F8A8306B68C6F8AC3086F8B120EE
:10FD300038698430BDE8F843F7F75CBE6FF06702BE
:10FD40003846FFF79AFFD0E7637EDB07D7D46FF022
:10FD5000670221463846FFF790FFCBE786F8B1509F
:10FD6000E6E72DB10822294604F10C00FCF727FD37
:10FD7000002221463846FFF780FFD9E72DE9F843F6
:10FD80000546D0F80890884614461F46FFF730FF16
:10FD90000646002835D0D9F83C30284698474146D9
:10FDA0003B8822463046FFF7DDFE804690B18BB996
:10FDB0002B6993F88030DB0758BF402204F003041E
:10FDC00046BF4FF480624FF400711146022C0DD0F3
:10FDD000032C11D02846D9F840309847B8F1000FCD
:10FDE00014BF00206FF08500BDE8F883338A8B4292
:10FDF00028BF0B463B80EDE7338A934228BF13466A
:10FE0000F8E76FF01200EFE72DE9F3411F464B06CC
:10FE1000D0F8088004460D4616461BD0D8F83C3072
:10FE200098472069FFF7DBFE88B19DF820300093EA
:10FE300029463B4632462046F3F7D0FA0546D8F825
:10FE4000403020469847284602B0BDE8F0814FF088
:10FE5000FF35F4E76FF01505F5E770B54B068668DA
:10FE600004460D4612D0F36B98472069FFF7AEFEAB
:10FE700048B129462046F3F7F5FA0546336C20468B
:10FE80009847284670BD4FF0FF35F7E76FF015052E
:10FE9000F7E770B586680546F36B0C469847286906
:10FEA000FFF79DFEB0B121462846FFF7A1FE0146AF
:10FEB00098B1037DDB0710D5437E03F00303012BCC
:10FEC0000ED0F3682846984704462846336C984776
:10FED000204670BD4FF0FF34F7E76FF01204F4E7EF
:10FEE0006FF08504F1E7F8B587680646FB6B0C46B2
:10FEF00098473069FFF773FEE0B121463046FFF7BF
:10FF000077FE0546C8B1037DDB0716D5437E03F0B7
:10FF10000303012B14D001463B6930469847044641
:10FF200018B92B7D60F341032B7530463B6C984725
:10FF30002046F8BD4FF0FF34F7E76FF01204F4E706
:10FF40006FF08504F1E72DE9F04186680769F36BEE
:10FF500005460C4698472869FFF741FE98B394F888
:10FF6000188028464146FFF743FE014670B3037DE3
:10FF7000DA072BD518F07F0F20D197F8B030EBB10E
:10FF8000637EDB0717D597F8B13033B1082207F14C
:10FF9000A80104F10C00FCF712FC002287F8B02045
:10FFA00021462846FFF769FE04462846336C9847E9
:10FFB0002046BDE8F0816FF06702F1E773682246E2
:10FFC00028469847F0E74FF0FF34EEE76FF0120451
:10FFD000EBE770B5866805460C46F36B98472146FB
:10FFE0002846FFF705FE48B101F058FAB0FA80F450
:10FFF00064092846336C9847204670BD0124F8E711
:020000025000AC
:1000000008B503691B6800215A8BF3F785FA28B1FC
:10001000437E23F0070343F00103437608BD08B590
:1000200039B903691B685B8B013A1A44B2FBF3F2DE
:100030005A43F3F771FA28B1437E23F0070343F0E4
:100040000203437608BD08B561B903691B685A8B82
:10005000F3F762FA28B1437E23F0070343F0040369
:10006000437608BD0022F3E770B586680D46F36B52
:10007000044698472846DCF755F92046336C9847E4
:10008000002070BD70B586680546F36B98472869F7
:10009000FFF7A5FD044620B133683BB128469847D9
:1000A00004462846336C9847204670BD0124F8E783
:1000B000F8B587680669FB6B044698472069FFF727
:1000C00085FDD8B12069FFF78AFDD0B9FB6A2046CB
:1000D0009847054668B9BFF35B8F06F1A00353E864
:1000E000001F41F0020143E80012002AF7D1BFF3DC
:1000F0005B8F20463B6C98472846F8BD4FF0FF3594
:10010000F7E76FF07705F4E7F8B587680669FB6BEA
:10011000044698472069FFF762FDB0B13B6B20466B
:100120009847BFF35B8F054606F1A00353E8001F15
:1001300021F0020143E80012002AF7D1BFF35B8FE0
:1001400020463B6C98472846F8BD6FF07705F7E7E7
:100150002DE9F0410546D0F80880066914460F469F
:1001600031B32AB3D8F83C3098472869FFF72EFD01
:10017000D8B9C6E926742846D8F8343098470446DA
:1001800060B9BFF35B8FA03656E8003F43F0010330
:1001900046E80032002AF7D1BFF35B8FD8F8403031
:1001A000284698472046BDE8F0816FF07704F5E7D0
:1001B0006FF01504F6E7F8B587680669FB6B04462F
:1001C00098472069FFF70BFDD0B92069FFF7FEFCC7
:1001D000C8B1BB6B20469847BFF35B8F054606F15D
:1001E000A00353E8001F21F0010143E80012002A98
:1001F000F7D1BFF35B8F20463B6C98472846F8BD8C
:100200006FF00F05F7E76FF07705F4E74FF08053D5
:10021000D3F83021082A05D1D3F83401003818BFAB
:100220000120704700207047C343C3F3C01300F0A0
:100230000F0000EB03107047FBF78BBF01238B40CF
:10024000BFF35B8F50E8002F1A4340E800210029DC
:10025000F8D1BFF35B8F704700698430F7F7CABBF2
:10026000006984304FF0FF324FF0FF33F7F750BB97
:1002700010B5807A0C46DBF7ADFFC369214658689C
:10028000BDE8104000F0A1BFF7B50D46807A1746D3
:100290001E46DBF79FFF2C68C369033424F003027A
:1002A00058682A600421CDE90076F7F717FA00B9FB
:1002B000286003B0F0BD0369C9B20C2202FB013310
:1002C000186C00F00700704770B50346C9B20069AA
:1002D000EFF31186202484F31288BFF36F8F0C256F
:1002E00005FB0104246C14F0C00401D0A24211D11A
:1002F00005FB010001220264002086F31188BFF390
:100300006F8F30B95B680C2202FB01335B68984742
:10031000002070BD4FF0FF30EFE78022FFF7D4BF21
:10032000F8B5069F04690546C9B2EFF3118C202089
:1003300080F31288BFF36F8F0C2606FB0146306CEA
:1003400000F0070EBEF1010F10D1376400268CF3C8
:100350001188BFF36F8F3EB90C2041430C44C4E9B0
:100360000E236B685B5898473046F8BD00F0C0001C
:1003700087420CBF6FF077064FF0FF36E7E713B503
:1003800080240094FFF7CCFF02B010BD10B40069C8
:10039000CBB21C2404FB0300002110BC1047104604
:1003A000F7F7AABB00F096BBF6F7B4B9F7B51C4651
:1003B0001646002382682360A36053690D4601AA94
:1003C00069469847019B5A1E01921BB96FF01500B0
:1003D00003B0F0BD0098A26847682168676085B9DE
:1003E000B31AD0F800C0634528BF63461A4403FB24
:1003F00007112160A26002689A4206D80830009076
:10040000E0E76B1AB3FBF7F3EBE70020E0E71346F6
:100410000022FFF7CBBF2DE9F047836886B05B6908
:100420008846914601A902AA98470024A24625467B
:10043000029BAB4202D806B0BDE8F087019F07EBF4
:10044000C50700267B6804933A68B2420AEB0603AC
:1004500002D801359A46EBE703940593494603A871
:10046000C0470028E7D0049B01361C44ECE74FF45A
:1004700000120023C1E900230020704718B901F1E0
:100480001000F7F739BB704731B94FF0FF324FF02A
:10049000FF331030F7F764BB704710B50169BFF345
:1004A0005B8F044601F1200353E8002F013A43E833
:1004B00000200028F8D1BFF35B8F4B6A1A4301D1AB
:1004C000F6F79CFE2069BDE81040F7F715BB0369FD
:1004D000BFF35B8F203353E8001F013143E8001264
:1004E000002AF8D1BFF35B8F00694FF0FF324FF065
:1004F000FF33F7F735BB7FB5FF2202288DF80320C5
:100500000DF103020CBF35230523002101920122C6
:10051000CDE9022103A88DF80C3001AB04910593BD
:10052000F4F7F2FC0028A8BF9DF8030007B05DF8BF
:1005300004FB1FB5002188420CBF0623042301A839
:10054000CDE9011103918DF80430F4F7DDFC0028AA
:1005500018BF6FF0040005B05DF804FB10B50C4641
:1005600000F079FD0023C4E90003184610BD38B53A
:1005700005460C4600F06FFD002D07DBA84205D9AB
:10058000401B84428CBF0020012038BD0020FCE7C6
:1005900070B50D462846194616461C46FFF7E7FF7C
:1005A00030B921462846F4F7FBFF6FF0150070BD07
:1005B00024B122462946304602F0A8FC0020F6E786
:1005C00043685B68D3F810350B60002070474368C0
:1005D0005B6802EA010021EA0201C3F80805C3F8DA
:1005E0000C150020704743685B680020C3F80815AD
:1005F000704743685B680020C3F80C157047436878
:100600005B68D3F8042521EA02001140C3F808050D
:10061000C3F80C150020704730B50369586800B363
:100620000024884219D108688CB99C685860A1429E
:1006300000D19860002008602AB15A680A609A6860
:10064000596002B9996000200FE02846E9E7206070
:100650009868814208BF9C60ECE705680446002D5D
:10066000F3D1002AE9D16FF0150030BDF6F762B979
:1006700013B54FF080520829136E526E28BF08211F
:1006800012BA00921BBA0C460A466946019302F060
:100690003DFC204602B010BD30B543681360057ABA
:1006A000446804EBC504A34202D36FF0010030BDDF
:1006B0005C798C4203F10803F0D10020F7E743682E
:1006C0001B68D3F88004C3F880047047426813683D
:1006D000D3F8100150B1D269002012780A70C3F823
:1006E0001001D3F8102101221A6070474FF0FF303B
:1006F0007047002A0FDD42681368D3F8100158B123
:100700000020C3F81001D269D3F8100112780A70E2
:100710000120186070470020704710B543681C68BE
:100720000369EFF31180202282F31288BFF36F8FE9
:100730001A68D17B39B991731B680122DA734FF4BF
:100740008003C4F8043380F31188BFF36F8F10BDAA
:1007500003691A68D17B21B1012191731B680022C2
:10076000DA737047026911680346C87B40B15B6861
:100770001B68D3F8580118B100230B6113689889DE
:10078000704743681B68D3F81001003818BF012078
:10079000704743681B68D3F80423D2065CBF10225D
:1007A000C3F80423704743681B68D3F80423D206B8
:1007B00044BF1022C3F80823704743681B684FF4F6
:1007C0000072C3F80423704743681B684FF400723B
:1007D000C3F80823704738B543681D68D5F804335B
:1007E0005B02044605D4D5F8040310F0100006D1CE
:1007F00038BDFFF7B7FF0028F5D00120F8E7204605
:10080000BDE83840FFF7BDBF012070470369186895
:1008100001601B685A60704702680346D2F85801AD
:1008200040B95B68DB0706D4D2F82001003818BF56
:10083000012070470120704710B4436802691B68AB
:10084000D3F80413C90517D5D3F82011A1B1EFF3DC
:100850001181202484F31288BFF36F8FD3F82041D5
:1008600034B10024C3F82041D3F820410124DC60D6
:1008700081F31188BFF36F8F1168D3F8584171B1BC
:100880007CB100240C611168C97B19B94FF4800157
:10089000C3F8081311688C7B1CB100238B7310BC48
:1008A0007047D3F8241121B10021C3F82411D3F8E3
:1008B000243112681368002BF1D0516810BC18471E
:1008C00013B501AA0446FFF7E7FE002805DB019BEC
:1008D000226819791868F5F783F902B010BD2DE97F
:1008E000F041066933689C89BFF35B8F94420546EB
:1008F000A8BF14461033012753E8002F002A03D164
:1009000043E800700028F7D1BFF35B8F0CBF3B4674
:1009100000232BD133682246986802F0F7FAEFF3F0
:100920001188202383F31288BFF36F8F696808460C
:10093000FFF772FF326840B91061044688F31188EE
:10094000BFF36F8F2046BDE8F0810B689268C3F853
:1009500044250022C3F84845C3F82021D3F82011CC
:10096000C3F85821D3F858219F60E7E71C46E9E710
:1009700000F150039B009BB203F1804303F58833E1
:1009800000221A601B68704708B5F5F749FB08BDDF
:100990004FF08053D3F83021082A03BFD3F8340135
:1009A000B0FA80F040090020704703460020184745
:1009B00000F092BB10B502461168B1B1BFF35B8F76
:1009C000B1FA81F3C3F11F000123834021EA03033D
:1009D00052E8004F8C4204D142E8003CBCF1000FC9
:1009E000F6D1BFF35B8FE7D110BD6FF00B00FBE7D3
:1009F00010B50368CB40DB0714D401238B40026899
:100A0000BFF35B8F43EA020150E8004F944204D1E8
:100A100040E8001CBCF1000FF6D1BFF35B8FEED1B4
:100A2000002010BD6FF01500FBE770B50C460021EB
:100A3000054608461646F5F791FD48B93378DB00C0
:100A400003F1804303F5F833C3F81055C3F8144598
:100A500070BD10B1012802D07047F5F75BBEF5F705
:100A60000BBE18B1012803D100F019B800F032B85C
:100A7000704708B5F5F71CFEBDE80840F5F78ABEDB
:100A80004FF08053D3F83021082A06D1D3F834012F
:100A900002288CBF00200120704700207047F5F726
:100AA000B1BD38B54FF080440223C4F808330123A8
:100AB000E3600023C4F80431D4F8043142F2107525
:100AC000D4F81834DB0304D50120FFF771FF013D92
:100AD000F6D138BDFFF7E5BFF7B5019001A8DDE914
:100AE000084716461D46F5F78DFE019BB6F1000C32
:100AF00018BF4FF0010C00EB83000B1E18BF012341
:100B0000002D43EA4C030CBF4FF0000C4FF00C0CCF
:100B1000002C43EA0C030CBF4FF0000C4FF4E06CC8
:100B2000002F43EA0C03D0F800270CBF4FF0000C55
:100B30004FF4403C43EA0C0322EA030301B1097875
:100B40000EB13678760019430DB12D78AD003143E2
:100B50000CB12478240229430FB13F783F040C43A1
:100B60003C43C0F8004703B0F0BD1FB50DF10F03C3
:100B7000019300238DF80F1000931A461946FFF7D2
:100B8000ABFF05B05DF804FB10B504460846F5F769
:100B900049FE04EB4004207DC0F3401010BD10B5A9
:100BA00004460846F5F73EFE04EB4004207DC0F302
:100BB000400010BD10B504460846F5F733FE04EBBF
:100BC0004004A08A400B10BD70B504460846164686
:100BD000F5F728FE08300D4634F81030DA0509D54F
:100BE000C3F3432304EBC302314654F83330526855
:100BF00028469847A3682BB1E26831462846BDE8ED
:100C00007040184770BD10B504460846F5F70AFE57
:100C100004EB4000838ADA051DD5C3F3432123F496
:100C2000F853838204F1120204F1720032F8023F99
:100C300013F4807F03D0C3F3432399420BD0824245
:100C4000F4D104EBC10300225A6004F17800BDE83E
:100C50001040FFF7CDBE10BDF0B5034600F580741F
:100C6000002005460127844695420AD1D3F87C210D
:100C700032B10022C3F87C21D3F87C3140F000402F
:100C8000F0BD25F0404607FA06F6314209D0D4F807
:100C900000E0BEF1000F04D0C4F800C0D4F800E0BA
:100CA000304301350434DFE738B504460D46FFF71D
:100CB0006BFFA8B12046FFF772FF88B92046FFF707
:100CC00079FF226801238340C2F80833236803EBCD
:100CD0008000D0F8103523F00303C0F8103538BD7C
:100CE00028460021BDE83840FFF73FBF2DE9F0431B
:100CF000174685B004460846F5F794FDD7F80080FE
:100D00000E460546B8F1000F1ED02046FFF747FFFC
:100D100018B12046FFF738FF20BB0023CDE9003390
:100D20008DF80E308DF80F300DF10F0243460DF1A6
:100D30000E013046FFF7D0FE04EB4502938A23F004
:100D4000020343F0010393827B689BB33146204644
:100D500093F80080D3F80490FFF721FF28B1B9F190
:100D6000000F1FD06FF0150027E004EB4500838AC9
:100D700023F4604323F020038382B9F1000F11D0E4
:100D8000B8F1030FEED87B6821685B6893F800C068
:100D90004FEA8C031944B8F1000F11D1C1F8108546
:100DA000C1F8108504EB4502938A23F01C0343EA43
:100DB00088039382BB6843BB002005B0BDE8F08385
:100DC000D1F8102522F00302C1F81025226813443F
:100DD000D3F8102522F44F3222F44072C3F81025C4
:100DE0003202D3F8101502F47C5242EA08420A4358
:100DF000C3F8102504EB4C03A3F87C60838A43EA14
:100E00004C3343F020038382CCE7D3E900783146AA
:100E10002046FFF7F8FE002FCED063689F4206D031
:100E200004F17800FFF7C6FD002804DAC5E7A368DF
:100E30009845F5D1002004EBC003C3E9017804EB29
:100E40004505C0B2AB8A43EA402343F48073AB82CA
:100E5000B2E72DE9F043054685B0084616461F4621
:100E6000F5F7E0FC0C46804626B32846FFF797FED0
:100E700018B92846FFF788FE18BB05EB4809B9F8F2
:100E8000143003F01C0313B17378012B19D0012324
:100E90008DF80F300023CDE90063721CB31C0DF1F7
:100EA0000F012046FFF718FEB9F8143043F0030392
:100EB000A9F81430002F3FD021462846FFF76FFED7
:100EC00020B96FF0150005B0BDE8F0833E782B68BF
:100ED00003EB86030022C3F81025C3F8102505EBA9
:100EE00048024FEA860C938A23F4604323F02003E0
:100EF0009382787800B32968BF7861440004D1F800
:100F0000103523F4991323F4F853C1F81035230254
:100F100000F4403003F47C5303433805D1F81055F6
:100F200000F4801003432B43C1F81035938A43EA41
:100F3000463343F0200393820020C4E7C0E9031244
:100F4000704770B504461546FFF71EFE48B10846C7
:100F5000F5F768FC04EB40040020A38A5B0B2B70C0
:100F600070BD6FF01500FBE738B590F88C40054672
:100F70009CB960222146143001F0EFFF2868C0F8C8
:100F80007C41D0F87C3140F30730DAF7B1FD012322
:100F900085F88C30AB67204638BD6FF07700FBE7F3
:100FA00090F88C00003818BF01207047F5F774BC2A
:100FB0002DE9F34104461746FFF7E6FD0D46266886
:100FC000F0B12046FFF7EBFD8046C8B92046FFF799
:100FD000F1FD820002F5807346F80380F358236820
:100FE0001344D3F8102542F00102C3F8102527B1AD
:100FF000226801238340C2F8043302B0BDE8F081C7
:10100000D6F80433002BA4BF4FF00043C6F80433D6
:101010002846F5F707FC04EB4004A38AC3F38203D8
:10102000042B12D0052B12D001A80195F5F7EAFB8D
:10103000019BD0F81015D94001F00101023128467A
:1010400002B0BDE8F041FFF790BD0321F7E70221B0
:10105000F5E7FFF729BE4FF080531A6958695043EE
:1010600070474FF08053186970474FF080535869AC
:10107000704700F180431A68002A1FBF00221A60DF
:101080001B68012008BF002070474FF080434FF4D9
:101090006072C3F8042370474FF080434FF46072CE
:1010A000C3F80823704708B5F5F7A8FDBDE8084068
:1010B000FFF7DFBC0223F5F733BE0323F5F730BE9D
:1010C00000210220F6F7B4B808B5F8F715F90028A2
:1010D00018BF6FF0040008BD08B1DBF75DB97047B9
:1010E00010B5436904463BB90020E268537843F0E9
:1010F00001035370404210BD98470028F4D00028E7
:10110000B8BF4042E368FF28A8BFFF201870ECE793
:1011100040B1C368587810F001001EBF1878B0FACB
:1011200080F040097047EFF31183202383F3128886
:10113000BFF36F8FFEE72DE9F04F89B0DDE912684C
:10114000059243460546324606A80F4600F07FFC4E
:10115000DDE90634CDE90234EFF311844FF02009C4
:1011600089F31288BFF36F8F05F10C0A05F1140B98
:10117000059A149B39462846984730B184F3118864
:10118000BFF36F8F09B0BDE8F08F56EA0806F5D0BF
:10119000DDE9022306A800F07FFCDDE9066852467F
:1011A000CDE9006821465846F7F71EF9EFF31184A0
:1011B00089F31288BFF36F8FDAE710B400F10C04E3
:1011C000C0E9034410BCF9F7C6BE38B50446EFF3D6
:1011D0001185202383F31288BFF36F8FD8F7CCF8E3
:1011E00004F10C0000F042FB30B1294604F1140078
:1011F000BDE8384000F01FBB85F31188BFF36F8F47
:1012000038BD10B542696AB1836842EA03018907B3
:1012100008D10169A2FB011424B95B182CBF01217C
:10122000002102D36FF0150005E0C1609B1A02692E
:101230008A4201D8002010BDC2681A604269C360AA
:1012400001319B1AF3E72DE9F04105460F46EFF314
:101250001188202383F31288BFF36F8FC668FEB90D
:101260000468A0421CD0DCB1D4E9003213605A609B
:10127000237CA66023F002032374C4E9006604F112
:10128000180000F0A9FB2046C4F88060676100F0F8
:1012900078FA414605F10800BDE8F04100F0CBBA0C
:1012A0003E60AB69EF60013BAB6188F31188BFF32F
:1012B0006F8FBDE8F08108B52024EFF3118384F32C
:1012C0001288BFF36F8FFBF7CBF9F6E7D0E9003256
:1012D00013605A60027C002322F00202C0E900334E
:1012E00002748360704713B501240094F6F746FA40
:1012F00002B010BD90F90E308B4201D0F7F796B8CE
:101300000020704703460020C3E90200C3E9003310
:101310007047D0E9003213605A60027C002322F04B
:101320000202C0E900330274836070472DE9F8437C
:10133000904604469DF820200D46EFF311872021AA
:1013400081F31288BFF36F8F02B14568A66804F17C
:101350000809B14516D0AEB13046FFF7DAFF0024D8
:1013600006F1180000F038FB3046C6F88040C6F899
:10137000148000F006FA4846394600F05CFA204630
:10138000BDE8F883A3B10820F7F736FD002832D076
:101390000122C0F804800260016801F003015DB918
:1013A00022680A430260626820606AB960600BE0EC
:1013B000C8F800304046EFE72A68032A10D80160D9
:1013C000616839B9C4E90000002087F31188BFF3D0
:1013D0006F8FD5E70A6802F0030202430A60E5E76F
:1013E00022F003020A4302602A6802F0030240EA84
:1013F00002032B60E8E76FF00B00E6E710B5044648
:1014000030B10268930703D0446809B100F0DDFBF6
:10141000204610BD0023C0E9003300F10803C0E9F5
:101420000233704770B5EFF31185202383F31288E0
:10143000BFF36F8F846800F10806A64214D09CB1F8
:101440002046FFF766FF04F1180000F0C5FA0023FC
:101450002046C4F88030636100F093F92946304695
:10146000BDE8704000F0E7B985F31188BFF36F8FD6
:1014700070BD07B50123009300230A461946FFF704
:1014800055FF03B05DF804FB07B500230A4600933F
:101490001946FFF74BFF03B05DF804FB006800211D
:1014A000FFF7ACBF3AB18A4205D3C0E90212C0E9E6
:1014B0000000002070476FF015007047026801239C
:1014C0008B4022EA0303036022FA01F000F00100DE
:1014D0007047704710B5032104460C30FFF7EEFF4C
:1014E00030B104F1100000F077FAB0FA80F0400952
:1014F00010BD20B100221146943000F0FFB97047B2
:1015000070B5C368C3F340069B07044616D48568CC
:1015100002210C30FFF7D2FF80B1D5F88C206AB1E0
:1015200094421DD122689EB9D5F89030C5F88C2020
:101530009C4201D1C5F8902000232360E36813F09A
:101540001F001EBF43F00203E36040F0020070BDC5
:101550003260D5F89020944208BFC5F89060EBE760
:1015600016461268DBE773B50446EFF311852023B6
:1015700083F31288BFF36F8F00230193D0E9042314
:10158000B3F1004F08BF012A05D085F31188BFF3DE
:101590006F8F02B070BDA0F1100603210438FFF771
:1015A0008DFF0028F1D0A369019301A93046F6F719
:1015B00019FCEAE738B504460D461022002101F077
:1015C000CCFC656038BD13B501900846EFF311847B
:1015D000202383F31288BFF36F8F01A9F6F702FC73
:1015E00084F31188BFF36F8F02B010BD10B5FFF701
:1015F000EAFF041E08DDEFF31180202383F3128835
:10160000BFF36F8FF6F77EFF204610BD70B50D4615
:10161000EFF31186202383F31288BFF36F8FF6F761
:1016200033FC044686F31188BFF36F8F38B14FF057
:10163000FF324FF0FF3305F11000F6F791FA204624
:1016400070BD08B5A822002101F087FC08BD38B59F
:10165000302204460D46002101F07FFC4FF48073D8
:101660006560E36038BD38B50446EFF3118520238B
:1016700083F31288BFF36F8FFFF72CFF2046FFF72D
:101680003FFF85F31188BFF36F8F38BDF8B504466F
:101690000D46EFF31187202383F31288BFF36F8F7A
:1016A000C36803F01F03002B14BF0126002609D0D6
:1016B000FFF710FF2046FFF723FF29462046F6F7E5
:1016C00073FB034687F31188BFF36F8F3BB14FF075
:1016D000FF324FF0FF3305F10800F6F741FA3046CC
:1016E000F8BDD0E9003213605A60027C002322F07A
:1016F0000202C0E90033027483607047EFF3058093
:10170000003818BF012070476FF057007047002065
:101710007047D0E9003213605A600023C0E90033FB
:10172000704708B5FFF7F5FF037C23F0020303744D
:101730000023836008BD38B504460D46F6F7D2FD98
:10174000237C43F002032374D5B1A5602B689D422E
:1017500009D16B68C4E900531C606C6010E06A68D2
:101760009A42F6D01B68002BF3D093F90E1094F92F
:101770000E209142F3DD5A68C4E9003214605C60C7
:1017800038BD10B5EFF31184202383F31288BFF323
:101790006F8FF6F767FD84F31188BFF36F8F10BD6D
:1017A00008B5EFF31181202282F31288BFF36F8F07
:1017B00083680BB1FFF7B5FF81F31188BFF36F8F1B
:1017C00008BD08B5037C13F0280F01460CD18368CF
:1017D0000BB1FFF7A6FF0B7C23F004030B74084644
:1017E000BDE80840F6F73EBD08BD10B5EFF3118423
:1017F000202383F31288BFF36F8F1838FFF7E1FFC0
:1018000084F31188BFF36F8F10BD08B50346EFF363
:101810001181202282F31288BFF36F8F0068834208
:1018200007D008B1FFF77DFF81F31188BFF36F8FF9
:1018300008BD0020F8E70846F6F78CBD38B5046807
:101840000546AC424FF0000000D138BD002CFCD062
:101850002046FFF766FF04F1180000F0BDF82046AF
:10186000F6F700FD2C680120A542EDE710B5EFF377
:101870001184202383F31288BFF36F8FFFF7DEFFFD
:1018800084F31188BFF36F8F10BD38B50C46054641
:10189000F6F7D4FEB4F1FF3F08BFB5F1FF3F1FBF1D
:1018A00047F6FF7300224FF47A71E0FB01321ABF52
:1018B000D80B40EA42404FF0FF3038BD38B50446FF
:1018C000EFF31185202383F31288BFF36F8F037C1E
:1018D0005B070ED5183000F07FF8237C23F004035B
:1018E00020462374F6F7BEFC2846BDE83840F6F7DC
:1018F00031BD85F31188BFF36F8F38BD38B5EFF375
:101900001185202383F31288BFF36F8F0468A042F0
:1019100013D0A4B1C4F8801062612046FFF701FF24
:1019200004F1180000F058F82046F6F79BFC01205F
:1019300085F31188BFF36F8F38BD0020F8E720468C
:10194000F6E72DE9F04706460F4691469A46EFF333
:101950001188202383F31288BFF36F8F00688642BB
:1019600006D028B17368984214BF0568002568B98D
:101970000024B9F1000F02D051462046C84788F331
:101980001188BFF36F8F2046BDE8F0875146B847F6
:1019900004460028EDD135B17368AB4200D02C6805
:1019A00028462546E3E72C46FAE708B50246F6F74F
:1019B000B7FF70B1D0E904319B1A61EBE272B3F169
:1019C000004F72F1000104DA002AACBF1846002073
:1019D00008BD6FF00040FBE738B50246EFF3118514
:1019E000202383F31288BFF36F8F0368D3B1F6F718
:1019F00097FF04461046F6F7A5FF00224FF000437C
:101A00008442C0E9042305D0002085F31188BFF388
:101A10006F8F38BDF6F78CFFFFF7C7FF0021F4F793
:101A200069FCF1E7D0E90413B3F1004F08BF0129C5
:101A300004D100204FF00041C2E904016FF015000D
:101A4000E3E708B5F7F786F808BDF7F783B8B3F111
:101A5000FF3F08BFB2F1FF3F70B506461D46144672
:101A600014D01A4316D0002B08DBF7F773F80419CB
:101A700041EB0501C6E90041304670BD6FF001033E
:101A80001C1B4FF0FF3363EB0501F3E74FF0FF340E
:101A90002146EFE70024FBE7B3F1FF3F08BFB2F1B7
:101AA000FF3FF8B5074616461C4610D054EA02031D
:101AB00011D0F7F74FF8B0420A46A14103460AD2C7
:101AC000F31A64EB0204C7E900343846F8BD4FF05E
:101AD000FF331C46F7E70023FBE70023C0E90812A9
:101AE00000F11802C0E90622C0E900330363436332
:101AF00070472DE9F3470446DDE90A9815460E467E
:101B000059B302F0010AF6F7D5FD0746EFF311814C
:101B1000202383F31288BFF36F8FA80744BF0023ED
:101B2000A360A36803EA0600BAF1000F0CD0864256
:101B30000CD16A0744BF8343A36081F31188BFF3CC
:101B40006F8F02B0BDE8F0870028F2D159EA080390
:101B500005D181F31188BFF36F8F0020F1E7C7E94A
:101B600018652246CDE9009804F10C00F6F73CFC1C
:101B70000028F2D1386EE4E710B50446D0E9180227
:101B80000B6812F0010F03EA000301D0984210D154
:101B90007BB12366520742BF4A681A434A6004F188
:101BA0001800FFF719FF0023C4F880302046FFF724
:101BB00008FE002010BD0A46F7F7D2B80A460021F9
:101BC000F7F7CEB85200FFF794BF20B1011F50F8CD
:101BD000040CFFF7FABA704700F4E040B0F5805FFC
:101BE00004D0A0F500535842584170470120704777
:101BF0003AB1002918BF0023D21A2121184401F05C
:101C0000ACB9704738B513464FF480420D46F7F72C
:101C100073FA044640B9286843681B0A04D000F0F0
:101C2000B6FC2C606FF08504204638BD2DE9F04FDE
:101C300089B09B4600238DF81B30159BDDF8508042
:101C4000002B91460B460E460CBF4FF400624FF43A
:101C5000806207A9DDE912A7F7F74EFA0446F0B94A
:101C6000079D0DF11B0229883046F7F7AFFA0446AD
:101C7000A8B99DF81B30BB4223D868686A6E000A79
:101C800005F1200120D1CDE90338CDE901BACDF825
:101C900000903346284600F0D9FC044608B1C8F845
:101CA0000070D8F800303A4621465046FFF7A0FFB2
:101CB000079800F06CFC002C18BF204609B0BDE866
:101CC000F08F6FF08904EAE76FF08604E7E72DE90B
:101CD000F341D0F804804769044640460E4600F0C0
:101CE00058FC054660BB5FFA88F31BB93FB16FF043
:101CF000860525E0013F6FF040439F42F7D2A06880
:101D000020F47F4020F003000028F0D162884FF6D5
:101D1000F8739A4218D8277907B901A83146F7F71E
:101D20007FFB054660B90FCCD6F800C066460FC6EB
:101D300094E8030086E8030017B9019BCCF814303F
:101D4000284602B0BDE8F0816FF08505F8E700F69F
:101D5000FF7240F67E739A4243D9434213F07F03E9
:101D600006D0202BC3F1000015D16FF0850070471D
:101D700010F1920F0FDA10F5994F2AD02CDC10F5E4
:101D8000C54F26D010F5C14FEFD010F5C74F23D166
:101D90006FF09600704710F11F0F15DA10F13D0F2C
:101DA0001DD010F13C0F07DA10F1400F14BF6FF097
:101DB00083006FF09300704710F1220F14BF6FF093
:101DC00083006FF085007047002818BF6FF0830014
:101DD00070476FF0860070476FF0830070476FF0B8
:101DE0009300704741F2052398421AD8B0F5905FEE
:101DF00009D241F2010398420CD0B0F5885F09D0B6
:101E00006FF085007047A0F5905080B22923C34041
:101E1000DB07F5D511F0070F14BF6FF08600002027
:101E20007047B0F5105FEBD121F04003802B06D056
:101E3000B1F5807F14BF6FF086000020704700204E
:101E40007047F8B504460F4600881E46154692B105
:101E5000FFF7C2FE78B1089BD10019602088FFF718
:101E6000C1FF044628B93946304601F04FF8079BB8
:101E70001D602046F8BD6FF08504FAE710B5436E8B
:101E800004461BB141212030F7F722FE0020606696
:101E900010BD38B50446FFF7F1FF237E012B0FD0AC
:101EA000023B012B0FD8E369012B14BF6FF096059D
:101EB000002568220021204601F04FF8284638BD51
:101EC000E369002BF1E76FF09605F2E708B1FFF741
:101ED000E0BF704713B5A0B101A9F7F7E9FA80B9DF
:101EE0000198037E022B0ED1032303760379FF2B87
:101EF0000CBF6FF08404002400F034FB002808BFFE
:101F0000204602B010BD6FF09604F5E770B5144698
:101F10000288049E10461D46FFF75EFE68B922F453
:101F2000405044F20103984207D002F44F42B2F508
:101F3000824F02D0B2F5844F0ED1B4420FD8224660
:101F4000284600F0E3FF321B0021281901F005F8B4
:101F5000059B00201C6070BD6FF08500FBE76FF0F3
:101F60008900F8E72DE9FF4188461F46164612B35F
:101F700000233B60012203A9F7F7BEF8044698B995
:101F8000039D6B686A6E1B0A05F1200110D1CDE933
:101F9000006743462846FFF7B9FF0446284600F08D
:101FA000F6FA002C08BF0446204604B0BDE8F081D4
:101FB0006FF08604F2E76FF08904F5E770B5144618
:101FC0000288049D02F4E040B0F5804F1CD122F459
:101FD000405644F20100864207D002F44F42B2F567
:101FE000824F02D0B2F5844F0ED1AC420FD81846C2
:101FF000224600F08BFF2A1B0021204400F0ADFF99
:10200000059B00201C6070BD6FF08500FBE76FF042
:102010008900F8E7F0B50F4685B01E46154602B3B5
:10202000002333601A4603A9F7F766F8044690B90F
:10203000039803885B0411D5CDE900563B46426EF8
:1020400000F1200100F0B1FA0446039800F09FFA75
:10205000002C08BF0446204605B0F0BD6FF0860492
:10206000F3E76FF08904F6E72DE9F04F984689B061
:102070000023064689460693C8F800301546002A14
:102080006DD0B2F1005F6DD206A9FFF720FE0446C5
:1020900050B9069FD7F864A0BAF1000F0FD173684A
:1020A0001B0A05D06FF086040698FFF70FFF52E079
:1020B000412D02D96FF08504F6E77D66AA46726865
:1020C0007B880793120A07F1200307F16407E9D11F
:1020D0000DF11C0BCDE9017BCDF800A02A46494645
:1020E0003046059300F0E5FA10F1860F059B044693
:1020F00009D1CDE9017BCDF800A02A4649463046FA
:10210000FFF79FFE0446002CCED10699079B4A8814
:10211000E2B94B80079A4FF6F8739A42CAD83388CF
:10212000069A13B111889942BCD1738813B15188B2
:102130009942B7D15369C8F80030137E012B08D0FB
:102140000023C8F800306FF09604ADE79A42A9D199
:10215000E0E702231376204609B0BDE8F08F6FF068
:102160008604F8E76FF08504F5E710B504460068CB
:1021700058B101280AD104F10800F7F7F1F900235A
:102180002360A3886FF30803A38010BD6FF086005F
:10219000F5E72DE9F0430C4685B001689846002329
:1021A000054617460393002941D100F10809402252
:1021B000484600F0D2FEB8F1000F20463B460CBF67
:1021C0004FF400624FF4806203A9F6F795FF0446CE
:1021D00078BB039C2A1D21883846F6F7F7FF064690
:1021E00060BB6B7968F300036B716168636E090A09
:1021F00004F12002B8F1000F12D009BB009721466C
:10220000484600F010FA044698B901232B60039861
:1022100000F0BDF9002E18BF304605B0BDE8F083D0
:1022200071B900972146484600F000FAEBE76FF0DD
:1022300088042846FFF799FF2646E8E70446F8E7B2
:102240006FF08604F5E70123FFF7A3BF38B5054615
:10225000006898B112B90024204638BD01280AD17F
:1022600005F10800F7F7D6F904460028F3D0284610
:10227000FFF77BFFF0E76FF08604F8E76FF0880464
:10228000EAE72DE9F041054600680F4616469846F4
:1022900010B36A79D2071FD52A79EAB1B2421ED8A3
:1022A00001281FD105F1080000F0C3F9044618B158
:1022B0000023C8F800602B7137B1D8F800303246DF
:1022C00021463846FFF794FC2846FFF74EFF002CC6
:1022D00018BF2046BDE8F0816FF08804E8E76FF092
:1022E0008904E5E76FF08604E2E71FB50124039453
:1022F000089C0294079C0194069C0094FFF796FCAE
:1023000004B010BD03681943B1FA81F04009704769
:102310002DE9F04786B005469A460023059305F05F
:10232000FE43B3F1106FDDE90E67DDF8408008462B
:10233000914634D12A4605A9FFF764FC044680BBC8
:102340000599088820F0FF00B0F5E24F02D0B0F503
:10235000E44F04D14B880733B7EBD30F24D3CDE937
:102360000178009653464A462846F6F78DFE044605
:1023700066B90023C8F80030059800F008F9002C71
:1023800008BF0446204606B0BDE8F0870028F3D019
:1023900039463046F6F75CFEC8F80070ECE76FF09F
:1023A0008604002EE5D0F3E76FF08904F9E7F6F72D
:1023B0004FBE08B50088DDE90221FFF70DFC20B112
:1023C000BDE808401046F6F743BE6FF0850008BD33
:1023D0002DE9F04F89B01F46DDF848900023C9F879
:1023E00000300693438805460E469046002B00F0C9
:1023F000B280038803F4E043B3F5804F00F0AB8074
:1024000039463046FFF77EFF002800F0A48006A979
:102410002846FFF75CFC0446002851D1069BD3F800
:1024200064A0BAF1000F21D16B681B0A66D12A881B
:1024300069881046FFF7D0FB00283AD01046FFF716
:10244000D1FC044600283BD147F201039A424ED109
:102450004C080134E40804EBC4043B340794DDE980
:10246000063ABAF1410F29D8C3F864A06A68120A83
:1024700003F1200B03F1640367D12A88510445D48A
:10248000CDE901A3CDF800B03B464246314628468F
:10249000FFF78FFF0446002C59D1069B5A69C9F8F3
:1024A00000201A7E012A4AD0C9F800406FF0960435
:1024B00006E002F44F43B3F5824F05D06FF0850478
:1024C0000698FFF703FD3CE002F4E043B3F5E04F6C
:1024D000F4D147F201039A42BAD0CC1D22F0FF0298
:1024E000E408B2F5824F04BF64000134B6E744F259
:1024F00001039A42F1D1CC081034AFE707A928466E
:1025000000F04EF804460028A9D0D9E702F44F4164
:10251000B1F5824FB4D147F212118A42B0D16A8824
:10252000B2F5807FACD1524659462846059300F05B
:102530001FF910F1860F059B0446ACD1A0E70222DB
:102540001A76204609B0BDE8F08F6FF08604069831
:10255000FFF794FCB4E76FF08604F2E7182200213D
:1025600000F0FBBC034668B1017E8A1E012A0BD82D
:102570000329C26903D1012A01D1FFF78ABC1AB12C
:10258000013ADA61002070476FF096007047FFF75C
:10259000E9BFC0B2002814BF6FF08500002070476B
:1025A00000230B606FF0860070472DE9F347476802
:1025B0003F0ADDE90A9A04460D461646984611D1AF
:1025C000CDE9009A00F0ADF810F1860F0CD143462A
:1025D000324629462046CDE90A9A02B0BDE8F047C6
:1025E000FFF7ECBC6FF0860002B0BDE8F08773B572
:1025F00015461C4600260DF107030DF106028DF865
:102600000760F6F76BFF58B99DF8070004B120701A
:102610009DF80620294602B0BDE87040F7F764BA7D
:10262000304602B070BD009BF6F7B4BF009BF6F7D2
:10263000B1BF38B51C460368154623B1F6F76EFFE7
:1026400000B9256038BD6FF08800FBE72DE9F04147
:1026500090B004460D461E46402200216846DDF833
:102660005C80199F00F079FC214633462A46684673
:10267000F6F790FF044648B9B8F1000F0DD118994C
:102680003A466846F6F74AFF044678B16846F6F7D8
:1026900067FF204610B0BDE8F081169942466846B3
:1026A000F6F7B8FF04460028E9D0EFE71A9B1F6051
:1026B000ECE7F8B5089F1E463B68144633F4807279
:1026C0000D462BD1028844F212118A4213D1412CBB
:1026D00003D01BB36FF08600F8BD681C00F041FA10
:1026E0000028F7D14FF480733B60069B9C420CD9C5
:1026F0006FF08900F0E747F212118A420ED1202CC8
:10270000E7D1284600F03BFAEAE722462946304660
:1027100000F0FCFB079B00201C60DDE76FF08500EC
:10272000DAE770B50446184626886488B4F5807FD9
:10273000DDE9043513D147F21214A6420FD1202A45
:1027400010D1402B11D9042300F8013BF7F788F989
:1027500008B941232B60BDE87040F6F76FBF6FF0FA
:10276000850070BD6FF08600FBE76FF08900F8E729
:1027700030B5202A91B0084614461D4609D1694655
:10278000F7F720F900B92C6011B0BDE83040F6F73A
:1027900055BF6FF0890011B030BD70B51446202CC4
:1027A000DDE90426DDE90603089D0CD1412E0AD19E
:1027B0001F2B0BD90132F7F727F900B92C60BDE8C0
:1027C0007040F6F73BBF6FF0860070BD6FF0890078
:1027D000FBE740F8041B1C22002100F0BEBBF0B553
:1027E000002405462646204652F8247051F824302D
:1027F000DB1946EB06071B1845F8243004F10104E9
:1028000047F10000082CEFD1F0BD002370B506465B
:10281000184652F8235051F82340641B65EB050518
:10282000241A46F8234003F1010365F10005082B43
:10283000C5F10000EDD170BD70B504395642041FDA
:10284000013A1C3054F8043F51F8045F13403540FE
:102850002B4384422360F5D170BD002330B504467C
:10286000184654F8232051F8235001336A40082BAE
:1028700040EA0200F5D130BD70B50446056816681F
:1028800000200346E1FB6653256056686568E1FB5E
:10289000665365609668A568E1FB6653A560D668D7
:1028A000E568E1FB6653E56016692569E1FB66535F
:1028B000256156696569E1FB665365619669A5699D
:1028C000E1FB6653A561D569E269E1FB6523E2613D
:1028D000226A9B182362404170BD10B50438A1F1F3
:1028E00020024B7F0C7F1B0443EA0463CC7F23430D
:1028F0008C7F043943EA04238A4240F8043FF0D134
:1029000010BD0B1F1C3153F8042F120E02775A888A
:1029100042771A68120A82771A68C2778B42A0F14E
:102920000400F0D1704770B588B01E460446FFF72A
:1029300056FF3246054621466846FFF766FFC0F15E
:1029400001022A4369462046FFF776FF08B070BDB2
:102950002DE9F04F8BB00D4606469146002124220A
:1029600001A8D3F840A01F4600F0F7FAA5F1040B28
:102970001C355BF8041FD9F80020019B01A802FB5D
:1029800001334A460AFB03F8FFF776FF3A4604464E
:10299000414601A8FFF770FF2022044402A901A8C4
:1029A00000F0C2FA5D450994E3D13A4601A93046E8
:1029B000FFF72BFFC0F101022243C2F101023046B2
:1029C000FFF73AFF0BB0BDE8F08F0B4601F1200294
:1029D0000146FFF7BDBF30B589B004460D466846D5
:1029E0000121FFF7F6FE2B466A4621462046FFF7F7
:1029F000AFFF09B030BD38B504461546FFF7E9FE14
:102A000029462046BDE83840FFF7DFBF2DE9F043F7
:102A100089B01446064601226846FFF70DFF22469C
:102A200001213046FFF7E7FF25682746023D04F104
:102A30001C094FF02008EB0705D523466A463146AE
:102A40003046FFF785FF23466A4669466846FFF72A
:102A50007FFFB8F101084FEA5505ECD14F4502D090
:102A600057F8045FE5E709B0BDE8F08330B589B0F9
:102A70000446154668460122FFF7DEFE29466846F1
:102A8000FFF7A9FF69462046FFF73BFF09B030BDBD
:102A9000F0B599B004460D461646114668461F46E5
:102AA000F6F7D8FD3246694608A8F6F7D3FD3A4650
:102AB00069466846F6F7CEFD08A91E9A0846F6F75D
:102AC000C9FD224669466846F6F70CFE08A92A4663
:102AD0000846F6F707FE6A4631463046F6F7BAFD75
:102AE0006A46694610A8F6F7B5FD6A4610A9684619
:102AF000F6F7B0FD10A922460846F6F7ABFD08AA86
:102B000011462046F6F7A6FD10AA21462046F6F704
:102B1000E9FD10AA21462046F6F7E4FD6A46214663
:102B20002046F6F7DFFD10A922460846F6F7DAFD43
:102B300010A908AA0846F6F78DFD2A466946684698
:102B4000F6F788FD6A4610A92846F6F7CBFD19B0BE
:102B5000F0BD08B5FFF72BFC003818BF012040423C
:102B600008BD00B591B0024608A96846F6F7CEFD4B
:102B7000002818BF6FF0010011B05DF804FB10B51C
:102B800088B001466846F6F78DFD20210446684668
:102B9000F6F79EFF002C0CBF20466FF0020008B035
:102BA00010BD10B5044608B1F6F792FF2046BDE807
:102BB0001040F6F787BF3C22002100F0CEB910B5D7
:102BC000044600F09DF92046BDE81040F6F77ABFB4
:102BD00010B54FF48C710120F6F76EFF044608B172
:102BE00000F089F9204610BDF7F734B9F7F768B857
:102BF000F7F7B4B938B5054618B96FF08604204622
:102C000038BD0468002CF8D00029F6D00123F6F76F
:102C1000C5FF04460028F2D12B68002BEDD09B792C
:102C2000023B022BE9D824210120F6F745FF20B111
:102C3000A8631021F6F74CFFE1E76FF08C04DEE7A4
:102C40002DE9F04F0F4685B016468046002879D012
:102C50000368002B76D0002974D0846B002C71D0CF
:102C60001D79206A05F01F05F8B12A1AB2421CD25C
:102C70001030204400F04AF904F110020023191D1D
:102C8000A9422CD923441A1B954231D803AB009397
:102C90002A46234621464046F6F7B0FFE0B9236AAC
:102CA0002062EA1A334417445E1B05F1FF394FF0E6
:102CB000010A0DF10C0BB144B9FBF5F9CA4538D343
:102CC0004EB1206A103032463946204400F01EF9D9
:102CD000236A33442362002005B0BDE8F08F52F828
:102CE000100C1368434042F8103C04320B46C6E710
:102CF0001A7C19784A4003F8012BC4E7FA58E058C7
:102D00004240E2500B46191D8D4204EB0302F5D2FE
:102D1000AB4210D3CDF800B023462A4621464046A8
:102D2000F6F76CFF0028D7D1761B2F440AF1010A71
:102D3000C4E70023E7E7F85C1178414002F8011B83
:102D40000133E5E76FF08600C6E72DE9F04F93B059
:102D500006460391002800F0CB800368002B00F0AA
:102D6000C780856B002D00F0C380002900F0C08073
:102D700006AF102138460DF128081C790DF13809ED
:102D8000F6F7A6FE10214046F6F7A2FE10214846AF
:102D9000F6F79EFE326804F01F0492B392F804A086
:102DA0000AF01F0A0DF1140BCDF800B04B46524645
:102DB00049463046F6F722FF50B9BAF1100F07D155
:102DC00049463846F6F75AFF39464046F6F756FF69
:102DD00010214846F6F77CFE2B6AA34205F1100A43
:102DE00011D33846CC460022111DA14265D9A2421A
:102DF0001ED21AF80210B85C414009F802100132E4
:102E0000F5E79246CEE74846CC46002293423ED9AB
:102E10001AF802100CF8011B01329442F6D8C4468D
:102E20000022111DA14237D909EB0201A2423BD376
:102E300048460022A5F1040C111DA14246D9A9184B
:102E4000A2424CD33046CDF800B02B46224629464C
:102E5000F6F7D4FE064620B903982246294600F02C
:102E600055F810213846F6F733FE10214046F6F7A4
:102E70002FFE0023102150462B62F6F729FE102169
:102E80002846F6F725FE304613B0BDE8F08F0CBF9C
:102E900001210021C901BDE702685CF8043B5A40EA
:102EA00040F8042B0A46BCE7087818F802C080EA0C
:102EB0000C0001F8010B0132B8E76A1850F8043B26
:102EC000D2685A404CF8042B0A468DE75CF8012082
:102ED00050F8043B5A404CF801200A46ACE719F878
:102EE00002C0087880EA0C0001F8010B0132A7E764
:102EF0006FF08606C7E74FF48C72002100F02DB802
:102F000018B14FF48C71F6F7E3BD70470A44914253
:102F100000F1FF3300D1704710B511F8014B03F8F1
:102F2000014F9142F9D110BD884210B501EB020466
:102F300002D98442234607D8431EA14207D011F884
:102F4000012B03F8012FF8E70244824200D110BDA3
:102F500013F8011D02F8011DF7E7024403469342EE
:102F600000D1704703F8011BF9E710B5013902449D
:102F7000904201D1002005E0037811F8014FA342EF
:102F800001D0181B10BD0130F2E710B50246014414
:102F90008A42134603D01C780132002CF8D1181A4B
:102FA00010BDF0B5C3F137070446FFB203F01F03AD
:102FB0001046082BE6B233D0102B3ED06508A4088B
:102FC00044EA817445EAC1752D194FEA910242EB3A
:102FD0005102290941EA02716D1842EB1212290AC5
:102FE00041EA02616D1842EB1222290C41EA0241CA
:102FF0006D1842EB1242AD1842F10002EC0844EAAF
:103000004274D10804EB8402A6EB4205EDB2092D0F
:103010000CD90134A5F10A0541F10001EDB212E02D
:10302000E40844EA417406F00705C908303554EA5B
:10303000010200F8015BBCD1F0BD240944EA01742F
:1030400006F00F050909092D84BFED19EDB2EDE772
:10305000D1E9043293421EBF5A1C0A6118707047AE
:083060000841FD7F01000000A2
:10306800E1C302000000000061C30200000000008C
:103078000000000028310500B976040000000000B7
:10308800F97604000000000000000000603105002F
:1030980000000000443105000000000098310500E0
:1030A80000000000B4310500000000007C3105007C
:1030B800FD4B0400000000009561040000000000C2
:1030C800FDA4020000000000D5C0020000000000BE
:1030D800C9100500000000001D7C0400000000006D
:1030E80000000000D0310500000000002432050077
:1030F80000000000EC310500000000000832050067
:1031080001D8020000000000BDCF0200000000004E
:1031180049DB0200000000007DAF02000000000053
:10312800067F05006843050028340500560900207D
:10313800143B0020F5480400000000009B810500B6
:10314800FC430500F83305005E090020C43B00205D
:10315800895A040000000000A981050010440500F8
:10316800F833050060090020D03B0020895A04008C
:1031780000000000925A0500503B05004434050049
:103188005009002030000020C9D2020000000000D1
:103198002F7F050000000000C033050058090020FB
:1031A800683B0020114E040000000000D681050095
:1031B8002444050088340500620900209008002096
:1031C800315E0400000000000A8105008843050004
:1031D800E03305005A090020680800207D4F0400EC
:1031E800000000002C3F0500000000001C34050012
:1031F80052090020C02D002000000000000000003F
:10320800E07E050044430500004305005409002002
:10321800B4070020493A0400000000007781050047
:1032280000000000C83305005C0900200000000011
:08323800C55504000000000070
:10324000A7100500AB0905000000000045C60400FA
:10325000B4310500390805000000000045C604002F
:103260000000000045C604000000000045C6040040
:10327000040400206D0605000000000045C604009F
:103280000000000045C604000000000045C6040020
:103290000000000045C6040000000000F10B04001F
:1032A0000000000045C60400683B00207D4E04007D
:1032B00000000000893204000000000045C6040040
:1032C0000000000045C60400000000002562040064
:1032D0000000000045C604000000000045C60400D0
:1032E0000000000045C604000000000045C60400C0
:1032F0000000000045C604000000000045C60400B0
:1033000000000000210C04000000000045C604007D
:103310000000000045C604000000000045C604008F
:103320000000000045C604000000000045C604007F
:103330000000000045C604000000000045C604006F
:103340000000000045C604000000000045C604005F
:103350000000000045C604000000000045C604004F
:103360000000000045C604000000000045C604003F
:103370000000000045C60400A1410400AB0905009F
:103380000000000045C60400B9720400AB09050046
:103390000000000045C604000000000045C604000F
:1033A0000000000045C604000000000045C60400FF
:1033B0000000000045C604000000000045C60400EF
:0833C000BD4D04000D4D040099
:1033C8009105050019580400555704009955040043
:1033D8005D05050089550400315204005953040065
:1033E8005D540400014F04006F040500F14E040011
:1033F800B9580400C1050500CF050500E70505001B
:10340800F3050500FF050500C55A04001906050067
:0434180000000000B0
:0C341C009D910300BD8F03001D8F030075
:103428004D4904001B0305007F0305000000000050
:0C343800B70205000000000000000000CA
:10344400EBD6040055D202000000000015D704009A
:10345400D7D60400F7DA04009BD704006BD6040027
:103464002DDB040091D704000000000083D6040083
:1034740000000000000000008BD60400B1DA040054
:103484009DD60400CD060500795D0400BF06050045
:10349400DF080500F30605001B07050051070500BA
:1034A4006507050093070500A707050065070500E4
:1034B40083070500BB070500C9070500D7070500FA
:0834C400090805000D080500D0
:1034CC000500000061150300060000004D440300D8
:0834DC0004000000A525030017
:1034E400B59002006D900200000000000000000092
:1034F40000000000000000000000000000000000C8
:1035040000000000000000000000000000000000B7
:10351400000000003D3B030000000000000000002C
:10352400883D050008000000703A0500070000000F
:10353400E439050007000000803805000800000099
:10354400FD680500030000005E7105000300000033
:10355400605C0500030000001C6D05000300000012
:10356400757C0500030000003041050003000000E5
:103574006C40050003000000403F0500030000000C
:1035840008410500030000001C4105000300000081
:10359400675C050003000000FB5505000300000004
:1035A400436A0500030000004F7505000300000096
:1035B400EE65050003000000A46805000300000098
:1035C4006D7C050003000000A66E050003000000EA
:1035D400EA5A0500030000004B5C050003000000EC
:1035E400FB7A0500040000003253050003000000CC
:1035F400217F050003000000305B0500030000008C
:103604009181050003000000B85405000300000088
:10361400C754050003000000CB540500030000005C
:10362400CB55050003000000135A050003000000F9
:10363400725A0500030000007A5A050003000000D6
:10364400F67E050003000000C182050003000000AF
:1036540087520500030000001481050003000000E8
:103664004E5C050003000000895A050003000000B9
:103674006C53050003000000E48105000300000012
:103684006F7D050003000000EE7E050003000000CE
:103694008439050018030020BA5505000100000014
:1036A400115205000000000000000000858F020098
:1036B4000000000000000000485C0500000000005D
:1036C40000000000D5D3020049D70200000000002A
:1036D40066740500010000000000000073F004009F
:1036E4000000000000000000437505000100000018
:1036F400000000000135030000000000000000008D
:103704003B7505000100000000000000392C030097
:10371400C539030000000000657C050001000000BD
:103724000000000059630300ED6103000000000085
:103734004975050001000000000000000D31030080
:08374400313003000000000019
:10375000D9640500DE640500E2640500E664050046
:10376000EA640500EE640500F2640500F6640500F5
:10377000FA640500FE6405000265050006650500A3
:103780000A6505000E650500126505001665050051
:103790001A65050000010602010000000001020197
:1037A00004040404FF000000FF000000FF0000000C
:1037B000FF000000FF000000FF00000001030062A6
:1037C000746C6500000000000000000000000000B4
:1037D00000000000000000000000000000000000E9
:1037E00000000000000000000000000000000000D9
:1037F00000010000000000000000000000000000C8
:103800000338FDD8704700000400000004000000E9
:10381000040000006038050040380500203805002D
:1038200001010000D408002003020000D20800209B
:1038300019020000D008002009090000F35105001A
:1038400001010000D908002003020000D708002071
:1038500019020000D508002009090000FD510500EB
:1038600001010000DE08002003020000DC08002047
:1038700019020000DA0800200909000007520500BB
:10388000384E05003BF2040000000000344E0500F5
:1038900000000100304E0500D7F3040000000000D6
:1038A000C802002000000100284E050025AC0400DD
:1038B00000000000DF08002000000100244E050089
:1038C000D7F3040000000000C00200200000010047
:1038D0001C4E0500C98F020000000000000000001F
:1038E00000000100184E0500D7F30400000000009E
:1038F000B802002000000100104E05000FAC0400CB
:103900000000000000000000000004000C4E050054
:103910000DF20400BD320300B01E002000000C00B8
:10392000000D00200001000069C004000BC004006D
:103930000200000019C204000000000000000000A6
:1039400000000000000000009A550500A255050087
:10395000000000000000000000000000AA55050063
:10396000AE550500B2550500B65505007439050081
:10397000001F0020CDAE0200181F00205A43002077
:1039800001000000D9C20400CFC204009DC204009F
:1039900091C204000000000085C204000000000085
:1039A00004000000000000000000000000700200A1
:1039B00024320500010000000070020000500C00DD
:1039C000243205000200000000C00E00008000004C
:1039D000243205000300000000400F0000C000007A
:1039E00024320500664E05003BF204000000000092
:1039F000624E0500000001005E4E0500D7F3040092
:103A000000000000C003002000000100564E050029
:103A10006FC3040000000000ED5505000000010028
:103A2000524E0500D7F3040000000000B803002048
:103A3000000001004A4E05006FC3040000000000B2
:103A4000F655050000000100464E0500D7F30400BE
:103A500000000000B0030020000001003E4E050001
:103A600009B0020000000000010900200000010070
:103A7000924E05003BF20400000000008E4E05004F
:103A8000000001008A4E0500D7F30400000000008A
:103A9000D803002000000100824E0500D7C30400B7
:103AA0000000000000000000000001007E4E050044
:103AB000D7F3040000000000D00300200000010044
:103AC000764E0500A3C304000000000000000000C3
:103AD00000000100724E0500D7F304000000000052
:103AE000C8030020000001006A4E050025B0020056
:103AF00000000000000000000000010085B302008B
:103B0000000000000000000000000000A1C404004C
:103B10000000000085C40400000000200000000038
:103B200000000B06020000002C3B05000000000016
:103B3000635A050026000202000000206B5A0500AF
:103B400022000B1105C2020000000000CFC60400D5
:103B5000BC0400200000000008090020D004002060
:103B600000000000443B0500743B05004A000000D3
:103B700000000000989A0020443B0500883B0500A7
:103B80002E00000000000000609F0020443B050064
:103B90009C3B0500020100000000000034A0002052
:103BA0001E6505003C650500576505006765050055
:103BB000746505007D650500846505008B6505005D
:103BC000926505009A65050074650500A26505000B
:103BD000B4650500C9650500DC6505000E0300003D
:103BE00035EF02000F04000001EF02001A0100008F
:103BF00059D9020005040000F5D9020013010000A4
:103C000055DC02003E010000CDDE02000112000082
:103C100023DF04000A1E000051DF0400FF01000042
:103C200041E002003E01000021E002000504000026
:103C300041DA02000804000009E502003003000038
:103C40007DE4020010010000E9DA02000112000028
:103C5000FDEB02000A1E00000FE004000309000053
:103C60005DE20200040B000001DC0200060A000015
:103C70003DEE0200070A0000B9DA02000C05000060
:103C800085DA0200050C000079ED0200443B0500D6
:103C90009C3C0500470000000000000050A10020EF
:103CA0009B6C0500A86C0500C86C0500BC6C050089
:103CB000D36C0500EA6C0500FA6C05006370050022
:103CC0000E6D0500443B0500D43C050000000000DB
:103CD0000000000070A20020443B0500E83C050005
:103CE0004A0000000000000098A2002047E60400FF
:103CF00099E6040000000000000000000000000041
:103D00005D1803000000000000000000000000003B
:103D10000000000002020100E9EB040004040100BD
:103D20006522030006060100A52103000804010026
:103D3000912003000A020100D1EB04000C040100F1
:103D4000B9EB04000E0401006D1F03002004010004
:103D5000D91E030010040100E91D03001202010036
:103D60003BEB04001E0004003FEF04005202000081
:103D700061EB0400443B0500843D05004C0000005D
:103D800000000000F0A30020C24E05003BF204003A
:103D900000000000BE4E050000000100BA4E050004
:103DA000D7F3040000000000080600200000010016
:103DB000B24E0500000000000000000000000000FE
:103DC00000000000AE4E05000DF20400BD320300FD
:103DD0001006002000000300AA4E0500D7F30400DF
:103DE000000000000006002000000100A24E0500B7
:103DF00073F2040019340300000000000000030007
:103E00009E4E0500D7F3040000000000F8050020D6
:103E100000000100964E0500D938030000000000A4
:103E20000000000000000100614E0300BD5D0300C2
:103E3000A55B030000000000000000001158030013
:103E40000000000000000000000000000000000072
:103E50000000000000000000554F030006000000B5
:103E6000E5F70400060000006D4B030010000000A1
:103E70007D46030010000000455B030001000000C8
:103E80007DF6040010000000E1F704000A000000C5
:103E9000C94503001000000031590300070000006D
:103EA000E9F704001000000041F7040001000000E1
:103EB0006D4D030040000000514A03001000000057
:103EC000CD44030001000000456D70747920484323
:103ED00049207061636B657400000000556E6B6E65
:103EE0006F776E20484349207479706520257500EE
:103EF0004C4C20696E697469616C697A6174696F90
:103F00006E206661696C65643A20256400000000DB
:103F100042542043544C5220525820707269000081
:103F200042542043544C52205258000062745F683F
:103F300063695F636F6E74726F6C6C657200000012
:103F400062745F63746C725F6863695F64726976E0
:103F5000657200005A6570687972204F532076347C
:103F60002E342E31000000004E6F2048434920437C
:103F70006F6D6D616E64206865616465720000003C
:103F8000496E76616C69642048434920434D442062
:103F90007061636B6574206C656E67746800000007
:103FA0004E6F204843492041434C20686561646559
:103FB00072000000496E76616C69642048434920B4
:103FC00041434C207061636B6574206C656E67744F
:103FD00068000000496E76616C696420484349209E
:103FE00041434C2044617461206C656E67746800C5
:103FF000547820427566666572204F766572666CED
:104000006F770000496E76616C69642054782045B2
:104010006E7175657565000068616E646C653A2047
:104020003078253034782C207374617475733A209D
:1040300025782C2074783A2025782C2072783A2024
:1040400025782E00747970653A20307825303278E2
:104050000000000072656A656374206F70636F64AE
:10406000653A2030782530327800000062745F6352
:10407000746C725F68636900574553545F544F50C6
:104080004449522F7A65706879722F73756273791B
:10409000732F626C7565746F6F74682F636F6E74C5
:1040A000726F6C6C65722F6C6C5F73772F756C6CB4
:1040B0005F636F6E6E2E6300657272203D3D20302F
:1040C000207C7C20657272203D3D202D31323000F5
:1040D000415353455254494F4E204641494C205B71
:1040E00025735D20402025733A25640A00000000F6
:1040F00009706172616D313A2025752070617261BD
:104100006D323A2025750A0062745F63746C725FC9
:10411000756C6C5F636F6E6E0000000062745F63AD
:10412000746C725F756C6C5F66696C7465720000AC
:1041300062745F63746C725F63727970746F000095
:10414000574553545F544F504449522F7A65706815
:1041500079722F7375627379732F626C7565746FE2
:104160006F74682F636F6E74726F6C6C65722F6CF6
:104170006C5F73772F6E6F726469632F6C6C6C2F3A
:104180006C6C6C5F6164762E630000003000000090
:104190000925733A2041637475616C204556454E7C
:1041A000545F4F564552484541445F535441525421
:1041B0005F5553203D2025750A0000005745535494
:1041C0005F544F504449522F7A65706879722F734B
:1041D00075627379732F626C7565746F6F74682F75
:1041E000636F6E74726F6C6C65722F6C6C5F73773B
:1041F0002F6E6F726469632F6C6C6C2F6C6C6C5FCC
:104200007065726970686572616C2E6300000000F1
:1042100091CC0300A1CC0300B1CC0300C1CC0300BE
:104220000000000000000000D1CC030069CD0300B5
:10423000E1CC03000000000099CD03000000000065
:10424000F1CC030079CD03000000000001CD030094
:10425000E9CD030011CD0300A9CD0300B9CD0300C2
:10426000C9CD0300D9CD0300F9CD030009CE030069
:1042700021CD03000000000000000000000000004D
:10428000000000000000000089CD030008020B02BE
:104290000A03050200000000000000000202000006
:1042A00006020000040300000000090300000000F3
:1042B000010300000C0300000703000000000000E1
:1042C00000000000F401FA00960064004B00320088
:1042D0001E001400707265706172655F6362000099
:1042E000707265706172655F6362000001030405AE
:1042F00050430500100A00200000000000000000EC
:1043000000000000C93B0400053A0400E537040042
:10431000F13B04000000000085370400113C04005C
:1043200041460400E539040000000000B9460400DD
:1043300061400400FD380400DD380400610205001E
:104340005902050000000000030000005D39040070
:10435000890205000000000071020500B148040058
:104360008148040000000000FD4904007D4904006C
:10437000157F0500A9030500A50305001B7F0500A7
:104380000400000000FF000000000000000000002A
:10439000000000000000000000000000000000001D
:1043A000000000000000000000000000F401000018
:1043B000000101000000200085601500C0430500D9
:1043C00000900240CC43050001000000D4430500EA
:1043D000060000001500001D1400001F180000203A
:1043E00016000021170000221900001E2000000006
:1043F000000001000400000000FF0000FFFF0000BB
:104400000003005004040020000000000100000030
:10441000FFFFFFFF00000050040400200000000028
:10442000000000000020004001000000000000002B
:10443000444405000000D60100000000C2440020F2
:10444000C14400200020004050440500010000004D
:1044500058440500020000002B0000002C0600015B
:104460000800000003000000728205008082050041
:1044700094820500A3820500AF8205006830050024
:1044800070300500C0300500C8300500203105003F
:1044900028310500C4820500000100000000000072
:1044A000000000000A5695CE5753F2DD5CE419BABD
:1044B000E4B84A8B25F321DD8886E8D2855D88251E
:1044C00018FF71853C14A918D430E77901B6ED5F67
:1044D000FC95BA75102562772B73FB79C65537A505
:1044E000765F9018DFBDC42962DF9CD89030847855
:1044F000CD05F0ACD62E21F7AB20A2E534488704D9
:104500001D0630DC512563FCC2CAB9F3849E17A78F
:10451000ADFAE6BCFFFFFFFFFFFFFFFF000000005A
:10452000FFFFFFFFA2EE79BE954C2483A66FBD4925
:104530009C79994659EC6B2B39B245282056D9F312
:10454000942DE1664FBC00EEFFFFFFFFFFFFFFFF72
:10455000FFFFFFFF0000000000000000000000005F
:1045600001000000FFFFFFFF03000000000000004B
:10457000FFFFFFFFFBFFFFFFFEFFFFFFFFFFFFFF50
:10458000FDFFFFFF04000000010000005B2F05009D
:10459000CC45050002000000C445050003000000F2
:1045A000BC45050004000000B44505000000000003
:1045B00000000000F58205001014040001830500CE
:1045C000101303000D83050010120200020000000A
:1045D000F12B0500ED2B0500E92B0500D12B050083
:1045E000BF2B0500010000000200000004000000D5
:1045F0000800000010000000200000004000000043
:10460000800000001B0000003600000051F4A7509D
:104610007E4165531A17A4C33A275E963BAB6BCB1A
:104620001F9D45F1ACFA58AB4BE303932030FA558C
:10463000AD766DF688CC7691F5024C254FE5D7FC2A
:10464000C52ACBD726354480B562A38FDEB15A493F
:1046500025BA1B6745EA0E985DFEC0E1C32F7502BF
:10466000814CF0128D4697A36BD3F9C6038F5FE799
:1046700015929C95BF6D7AEB955259DAD4BE832D75
:10468000587421D349E069298EC9C84475C2896A22
:10469000F48E797899583E6B27B971DDBEE14FB63B
:1046A000F088AD17C920AC667DCE3AB463DF4A18F6
:1046B000E51A31829751336062537F45B16477E0E8
:1046C000BB6BAE84FE81A01CF9082B94704868581F
:1046D0008F45FD1994DE6C87527BF8B7AB73D323FB
:1046E000724B02E2E31F8F576655AB2AB2EB2807E5
:1046F0002FB5C20386C57B9AD33708A5302887F229
:1047000023BFA5B202036ABAED16825C8ACF1C2BC6
:10471000A779B492F307F2F04E69E2A165DAF4CD1D
:104720000605BED5D134621FC4A6FE8A342E539D21
:10473000A2F355A0058AE132A4F6EB750B83EC39A0
:104740004060EFAA5E719F06BD6E10513E218AF94E
:1047500096DD063DDD3E05AE4DE6BD4691548DB578
:1047600071C45D050406D46F605015FF1998FB24D1
:10477000D6BDE997894043CC67D99E77B0E842BD62
:1047800007898B88E7195B3879C8EEDBA17C0A477B
:104790007C420FE9F8841EC900000000098086836E
:1047A000322BED481E1170AC6C5A724EFD0EFFFBA1
:1047B0000F8538563DAED51E362D39270A0FD964E0
:1047C000685CA6219B5B54D124362E3A0C0A67B153
:1047D0009357E70FB4EE96D21B9B919E80C0C54FB6
:1047E00061DC20A25A774B691C121A16E293BA0AAE
:1047F000C0A02AE53C22E043121B171D0E090D0B39
:10480000F28BC7AD2DB6A8B9141EA9C857F11985EA
:10481000AF75074CEE99DDBBA37F60FDF701269FC6
:104820005C72F5BC44663BC55BFB7E348B432976EA
:10483000CB23C6DCB6EDFC68B8E4F163D731DCCA43
:10484000426385101397224084C61120854A247D37
:10485000D2BB3DF8AEF93211C729A16D1D9E2F4B79
:10486000DCB230F30D8652EC77C1E3D02BB3166C7B
:10487000A970B999119448FA47E96422A8FC8CC43C
:10488000A0F03F1A567D2CD8223390EF87494EC7AF
:10489000D938D1C18CCAA2FE98D40B36A6F581CFE7
:1048A000A57ADE28DAB78E263FADBFA42C3A9DE468
:1048B0005078920D6A5FCC9B547E4662F68D13C28F
:1048C00090D8B8E82E39F75E82C3AFF59F5D80BE01
:1048D00069D0937C6FD52DA9CF2512B3C8AC993B75
:1048E00010187DA7E89C636EDB3BBB7BCD26780967
:1048F0006E5918F4EC9AB701834F9AA8E6956E6545
:10490000AAFFE67E21BCCF08EF15E8E6BAE79BD9FF
:104910004A6F36CEEA9F09D429B07CD631A4B2AF13
:104920002A3F2331C6A5943035A266C0744EBC37E9
:10493000FC82CAA6E090D0B033A7D815F104984AFB
:1049400041ECDAF77FCD500E1791F62F764DD68DCC
:1049500043EFB04DCCAA4D54E49604DF9ED1B5E3AD
:104960004C6A881BC12C1FB84665517F9D5EEA04C6
:10497000018C355DFA877473FB0B412EB3671D5AAA
:1049800092DBD252E91056336DD647139AD7618C19
:1049900037A10C7A59F8148EEB133C89CEA927EE77
:1049A000B761C935E11CE5ED7A47B13C9CD2DF59CE
:1049B00055F2733F1814CE7973C737BF53F7CDEA5A
:1049C0005FFDAA5BDF3D6F147844DB86CAAFF381DD
:1049D000B968C43E3824342CC2A3405F161DC3728C
:1049E000BCE2250C283C498BFF0D954139A801718B
:1049F000080CB3DED8B4E49C6456C1907BCB8461D0
:104A0000D532B670486C5C74D0B85742C66363A5A3
:104A1000F87C7C84EE777799F67B7B8DFFF2F20D44
:104A2000D66B6BBDDE6F6FB191C5C5546030305031
:104A300002010103CE6767A9562B2B7DE7FEFE1905
:104A4000B5D7D7624DABABE6EC76769A8FCACA453E
:104A50001F82829D89C9C940FA7D7D87EFFAFA15C8
:104A6000B25959EB8E4747C9FBF0F00B41ADADECA5
:104A7000B3D4D4675FA2A2FD45AFAFEA239C9CBF2D
:104A800053A4A4F7E47272969BC0C05B75B7B7C21B
:104A9000E1FDFD1C3D9393AE4C26266A6C36365ADA
:104AA0007E3F3F41F5F7F70283CCCC4F6834345C4E
:104AB00051A5A5F4D1E5E534F9F1F108E27171935E
:104AC000ABD8D873623131532A15153F0804040C52
:104AD00095C7C752462323659DC3C35E3018182867
:104AE000379696A10A05050F2F9A9AB50E07070962
:104AF000241212361B80809BDFE2E23DCDEBEB26D9
:104B00004E2727697FB2B2CDEA75759F1209091B3E
:104B10001D83839E582C2C74341A1A2E361B1B2D81
:104B2000DC6E6EB2B45A5AEE5BA0A0FBA45252F6F1
:104B3000763B3B4DB7D6D6617DB3B3CE5229297BA8
:104B4000DDE3E33E5E2F2F7113848497A65353F564
:104B5000B9D1D16800000000C1EDED2C40202060EB
:104B6000E3FCFC1F79B1B1C8B65B5BEDD46A6ABEE9
:104B70008DCBCB4667BEBED97239394B944A4ADEDB
:104B8000984C4CD4B05858E885CFCF4ABBD0D06BA6
:104B9000C5EFEF2A4FAAAAE5EDFBFB16864343C5F6
:104BA0009A4D4DD766333355118585948A4545CF47
:104BB000E9F9F91004020206FE7F7F81A05050F04F
:104BC000783C3C44259F9FBA4BA8A8E3A25151F3DF
:104BD0005DA3A3FE804040C0058F8F8A3F9292ADB7
:104BE000219D9DBC70383848F1F5F50463BCBCDFED
:104BF00077B6B6C1AFDADA754221216320101030E2
:104C0000E5FFFF1AFDF3F30EBFD2D26D81CDCD4C7F
:104C1000180C0C1426131335C3ECEC2FBE5F5FE1A8
:104C2000359797A2884444CC2E17173993C4C4579C
:104C300055A7A7F2FC7E7E827A3D3D47C86464ACEE
:104C4000BA5D5DE73219192BE6737395C06060A0F9
:104C5000198181989E4F4FD1A3DCDC7F44222266CC
:104C6000542A2A7E3B9090AB0B8888838C4646CA98
:104C7000C7EEEE296BB8B8D32814143CA7DEDE7952
:104C8000BC5E5EE2160B0B1DADDBDB76DBE0E03BD2
:104C900064323256743A3A4E140A0A1E924949DB7B
:104CA0000C06060A4824246CB85C5CE49FC2C25D12
:104CB000BDD3D36E43ACACEFC46262A6399191A868
:104CC000319595A4D3E4E437F279798BD5E7E732CF
:104CD0008BC8C8436E373759DA6D6DB7018D8D8C2F
:104CE000B1D5D5649C4E4ED249A9A9E0D86C6CB41C
:104CF000AC5656FAF3F4F407CFEAEA25CA6565AF75
:104D0000F47A7A8E47AEAEE9100808186FBABAD5B1
:104D1000F07878884A25256F5C2E2E72381C1C246A
:104D200057A6A6F173B4B4C797C6C651CBE8E8231B
:104D3000A1DDDD7CE874749C3E1F1F21964B4BDD8A
:104D400061BDBDDC0D8B8B860F8A8A85E07070900B
:104D50007C3E3E4271B5B5C4CC6666AA904848D840
:104D600006030305F7F6F6011C0E0E12C26161A3DD
:104D70006A35355FAE5757F969B9B9D0178686914C
:104D800099C1C1583A1D1D27279E9EB9D9E1E13826
:104D9000EBF8F8132B9898B322111133D26969BB41
:104DA000A9D9D970078E8E89339494A72D9B9BB671
:104DB0003C1E1E2215878792C9E9E92087CECE497D
:104DC000AA5555FF50282878A5DFDF7A038C8C8FF1
:104DD00059A1A1F8098989801A0D0D1765BFBFDA9D
:104DE000D7E6E631844242C6D06868B8824141C302
:104DF000299999B05A2D2D771E0F0F117BB0B0CB8A
:104E0000A85454FC6DBBBBD62C16163A00000229E0
:104E100000004D2A00004D2A0000032800004B2A04
:104E200000004B2A0000032800004A2A00004A2AFA
:104E300000000328000012180000002809040000E8
:104E4000502A0000502A000003280000292A0000F0
:104E5000292A000003280000242A0000242A000038
:104E6000032800000A18000000280000042A00009F
:104E7000042A000003280000012A0000012A000083
:104E800003280000002A0000002A00000328000078
:104E900000180000002800002A2B00002A2B000028
:104EA00003280000292B0000292B00000328000004
:104EB00002290000052A0000052A0000032800003E
:104EC0000118000000286BFF79FF79FF7CFF0000CC
:104ED0003E3E3E20E9A0BBE9819320256420E98580
:104EE0008DE5B08DE5A4B1E695972028E58E9FE588
:104EF0009BA03A202564290A003E3E3E20E9A0BB43
:104F0000E9819320256420E9858DE5B08DE68890C0
:104F1000E58A9FE4B8A6E7B681E5AE9AEFBC810AC0
:104F2000000A5B20E9A0BBE98193202564205D2075
:104F3000E6ADA3E59CA8E5BBA3E692ADE6BB91E98F
:104F4000BCA0E8A88AE8999F2E2E2E2028E5BA95C5
:104F5000E5B1A449443A202564290A000A5B20E906
:104F60008CAFE8AAA4205D20E5BBA3E692ADE5A442
:104F7000B1E695972028657272202564290A0061A0
:104F800070702F6368000A3D3D3D3D3D3D3D3D3D18
:104F90003D3D3D3D3D3D3D20E58887E68F9BE9A0B9
:104FA000BBE98193203D3D3D3D3D3D3D3D3D3D3D8A
:104FB0003D3D3D3D3D0A003E3E3E20E5B7B2E69612
:104FC000B7E7B79A2028E58E9FE59BA03A20307876
:104FD00025303278290A003E3E3E20E5B7B2E9800E
:104FE000A3E7B79AE887B3E9A0BBE98193202564DA
:104FF0000A000A3D3D3D3D3D3D3D3D3D3D3D3D3D84
:105000003D3D3D20E59FB7E8A18CE789A9E7908663
:10501000E5B1A4E6A0B8E5BD88E68AB9E999A4207F
:105020003D3D3D3D3D3D3D3D3D3D3D3D3D3D3D3DB0
:105030000A003E3E3E20E6ADA3E59CA8E5959FE52F
:105040008B95E789A9E7908620466C61736820E616
:105050008AB9E999A42028E7B99EE9818EE6AA9445
:10506000E6A188E7B3BBE7B5B1292E2E2E0A003E94
:105070003E3E205BE68890E58A9F5D20E5AFA6E98D
:10508000AB94E7A381E58D80E5B7B2E585A8E98318
:10509000A8E5A1ABE585A52030784646EFBC810A9E
:1050A000003E3E3E20E7B3BBE7B5B1E5B087E696EC
:1050B000BC203120E7A792E5BE8CE9878DE696B04B
:1050C000E5959FE58B952E2E2E0A000A3D3D3D3D30
:1050D0003D3D3D3D3D3D3D3D3D3D3D3D3D3D3D3D00
:1050E0003D3D3D3D3D3D3D3D3D3D3D3D3D3D3D3DF0
:1050F0003D3D3D3D0A005849414F206E52463532F4
:1051000038343020506C7573202D20E5AE8CE7BE0E
:105110008EE9A1AFE5BDA2E59586E794A8E7898869
:105120000A000A3E3E3E205BE7B3BBE7B5B1E88725
:10513000AAE799925D20E581B5E6B8ACE588B02094
:105140004E565320E8BAABE58886E795B0E5B8B887
:105150002028E79BAEE5898D20256420E5808B29FA
:10516000E380820A006170702F696473002D3E2015
:10517000E8BAABE58886E9878DE5BBBAE5AE8CE693
:105180008890EFBC814348312049443A2025642C63
:10519000204348322049443A2025642C2043483398
:1051A0002049443A2025640A002D3E20E5BE9E2079
:1051B0004E565320E68890E58A9FE8BC89E585A590
:1051C000E697A2E69C89E8BAABE58886EFBC814306
:1051D00048312049443A2025642C20434832204954
:1051E000443A2025642C204348332049443A202562
:1051F000640A005849414F5F43485F3300584941B2
:105200004F5F43485F32005849414F5F43485F3129
:1052100000617070006865617020636F72727570F4
:1052200074696F6E20286E6F7420696E20757365C7
:105230003F29206174202570006865617020636FCC
:105240007272757074696F6E202862756666657219
:10525000206F766572666C6F773F29206174202518
:1052600070006865617020636F7272757074696F29
:105270006E2028646F75626C6520667265653F29D3
:10528000206174202570006F735F6865617000286D
:10529000756E7369676E6564292063686172202A80
:1052A000207573656420666F7220252570206172F9
:1052B00067756D656E742E2049742773207265635F
:1052C0006F6D6D656E64656420746F2063617374C7
:1052D00020697420746F20766F6964202A206265CB
:1052E0006361757365206974206D617920636175F0
:1052F0007365206D69736265686176696F72206994
:105300006E206365727461696E20636F6E66696793
:1053100075726174696F6E732E20537472696E6753
:105320003A2225732220617267756D656E743A2585
:10533000640063627072696E74665F7061636B6152
:105340006765004661696C656420746F20726562F0
:105350006F6F743A207370696E6E696E6720656E48
:10536000646C6573736C792E2E2E0A007379735FEB
:105370006765746F7074004E5653206E6F742069A9
:105380006E697469616C697A656400436F756C64F9
:10539000206E6F74206F627461696E20666C617339
:1053A0006820706172616D657465727300556E730B
:1053B0007570706F727465642077726974652062AD
:1053C0006C6F636B2073697A6500536563746F72E9
:1053D0002073697A6520257520746F6F206C617267
:1053E00067652C206D6178696D756D206973202566
:1053F0007A7500556E61626C6520746F2067657404
:10540000207061676520696E666F00496E76616C19
:10541000696420736563746F722073697A650043F1
:105420006F6E66696775726174696F6E20657272FE
:105430006F72202D20736563746F7220636F756EB9
:105440007400256420536563746F7273206F662047
:10545000256420627974657300616C6C6F632077DA
:1054600072613A2025642C202578006461746120E3
:105470007772613A2025642C202578004743204428
:105480006F6E65206D61726B657220666F756E64FC
:10549000004E6F20474320446F6E65206D61726B34
:1054A000657220666F756E643A20726573746172FE
:1054B00074696E672067630066735F6E7673006C55
:1054C0006F6767696E67006C6F67006C6F675F6D11
:1054D000676D74004D6573736167652028222573BD
:1054E00022292064726F7070656420626563617543
:1054F00073652069742065786365656473207369DA
:105500007A65206C696D69746174696F6E202825F5
:105510007529004D6573736167652064726F7070E3
:1055200065642062656361757365206974206578C0
:1055300063656564732073697A65206C696D69744D
:105540006174696F6E2028257529000D0A001B5BA8
:10555000306D00257320005B2530386C755D2000B0
:105560005B253032753A253032753A253032752E4A
:10557000253033752C253033755D20003C25733E76
:10558000200025732F0025733A2000253032782023
:1055900000202020007C002563001B5B313B333161
:1055A0006D001B5B313B33336D00657272007772A7
:1055B0006E00696E6600646267006C6F675F6261AF
:1055C000636B656E645F75617274006C6F675F75A5
:1055D000617274006364635F61636D5F3000636474
:1055E000635F61636D5F73657269616C006E7266A3
:1055F0003532383430005849414F0062745F646975
:1056000073007365742D76616C7565206661696CD5
:105610007572652E206B65793A202573206572724C
:105620006F72282564290072302F61313A202030B2
:105630007825303878202072312F61323A2020309E
:105640007825303878202072322F61333A2020308C
:1056500078253038780072332F61343A2020307842
:1056600025303878207231322F69703A2020307816
:1056700025303878207231342F6C723A20203078FF
:10568000253038780020787073723A2020307825E1
:10569000303878004661756C74696E6720696E7386
:1056A0007472756374696F6E20616464726573737C
:1056B00020287231352F7063293A20307825303810
:1056C0007800556E68616E646C6564204952516E55
:1056D0003A202564002A2A2A2A2A20555341474580
:1056E000204641554C54202A2A2A2A2A00202044A8
:1056F00069766973696F6E206279207A65726F00CE
:105700002020556E616C69676E6564206D656D6FF4
:105710007279206163636573730020204E6F20638C
:105720006F70726F636573736F7220696E737472DA
:10573000756374696F6E73002020496C6C656761D6
:105740006C206C6F6164206F66204558435F524542
:105750005455524E20696E746F20504300202049EA
:105760006C6C6567616C20757365206F662074686A
:10577000652045505352002020417474656D70744B
:1057800020746F206578656375746520756E646537
:1057900066696E656420696E737472756374696F8F
:1057A0006E002A2A2A2A2A20425553204641554C67
:1057B00054202A2A2A2A2A002020537461636B6904
:1057C0006E67206572726F72002020556E7374616F
:1057D000636B696E67206572726F72002020507271
:1057E0006563697365206461746120627573206507
:1057F00072726F72002020424641522041646472EE
:105800006573733A2030782578002020496D7072D6
:1058100065636973652064617461206275732065D6
:1058200072726F72002020496E73747275637469AE
:105830006F6E20627573206572726F720020204651
:105840006C6F6174696E672D706F696E74206C6126
:105850007A792073746174652070726573657276ED
:105860006174696F6E206572726F72002A2A2A2A2B
:105870002A204D5055204641554C54202A2A2A2A88
:105880002A002020537461636B696E672065727211
:105890006F722028636F6E74657874206172656121
:1058A000206D69676874206265206E6F7420766170
:1058B0006C69642900202044617461204163636540
:1058C00073732056696F6C6174696F6E0020204D90
:1058D0004D46415220416464726573733A203078BA
:1058E0002578002020496E737472756374696F6E39
:1058F000204163636573732056696F6C6174696FCF
:105900006E005265736572766564204578636570D4
:1059100074696F6E20280053707572696F757320FB
:10592000696E746572727570742028495251200036
:10593000535053454C20696E207468726561642031
:105940006D6F646520646F6573206E6F7420696E7F
:1059500064696361746520505350002A2A2A2A2AF8
:105960002048415244204641554C54202A2A2A2A94
:105970002A002020427573206661756C74206F6E5A
:1059800020766563746F72207461626C6520726545
:1059900061640020204465627567206576656E74D9
:1059A0000020204661756C7420657363616C6174BE
:1059B000696F6E20287365652062656C6F772900BA
:1059C000415243485F4558434550542077697468B5
:1059D00020726561736F6E2025780A002A2A2A2AB0
:1059E0002A204465627567206D6F6E69746F72203E
:1059F000657863657074696F6E202A2A2A2A2A00E6
:105A00002A2A2A2A2A20257320256429202A2A2A9C
:105A10002A2A006D7075004661696C656420746F98
:105A200020616C6C6F63617465206E6577204D50EA
:105A30005520726567696F6E2025750A0050617286
:105A4000746974696F6E2025753A20636F6865729A
:105A5000656E636520636865636B206661696C656C
:105A6000642E00464C4153485F30005352414D5F15
:105A700030006E65745F627566006E65745F627596
:105A8000665F73696D706C6500736F630075736238
:105A90006400626F6172645F6364635F61636D5F22
:105AA00075617274007075626C69630072616E6416
:105AB0006F6D007075626C69632D69640072616E50
:105AC000646F6D2D696400253032583A25303258A4
:105AD0003A253032583A253032583A253032583A41
:105AE0002530325820282573290062745F72706156
:105AF00000496E73756666696369656E74206E75BC
:105B00006D626572206F6620617267756D656E7477
:105B1000730049676E6F72696E67206964656E74A1
:105B200069746965732073746F72656420696E208F
:105B3000666C61736800496E76616C6964206C659F
:105B40006E677468204944206164647265737320D1
:105B5000696E2073746F726167650069726B0049CA
:105B60006E76616C6964206C656E6774682049525A
:105B70004B20696E2073746F726167650062742FC9
:105B800025732F253032782530327825303278252C
:105B9000303278253032782530327825752F2573CC
:105BA0000062742F25732F25303278253032782506
:105BB00030327825303278253032782530327825E9
:105BC000750073657474696E67735F73756273795A
:105BD000735F696E6974206661696C65642028650D
:105BE0007272202564290062742F25730046616952
:105BF0006C656420746F20736176652049442028A9
:105C000065727220256429004661696C65642074A0
:105C10006F20736176652049524B2028657272208F
:105C200025642900556E61626C6520746F20736570
:105C300074757020616E206964656E746974792072
:105C4000616464726573730062740062745F73658B
:105C50007474696E6773004254204C57205751008A
:105C600062745F6275660062745F646174610044AF
:105C700061746120627566666572206F7665726612
:105C80006C6F7720286C696E6B207479706520309A
:105C900078253032782900556E61626C6520746F0A
:105CA000206C6F6F6B20757020636F6E6E2077694C
:105CB00074682068616E646C6520257500556E619E
:105CC000626C6520746F206C6F6F6B757020636FF2
:105CD0006E6E20666F722068616E646C652025753B
:105CE000004861726477617265206572726F722C10
:105CF00020686172647761726520636F64653A2021
:105D0000256400436F756C64206E6F742073756238
:105D10006D69742072785F776F726B3A202564002A
:105D2000556E61626C6520746F20616C6C6F63618D
:105D300074652062756666657200556E68616E6492
:105D40006C6564206576656E742030782530327815
:105D5000206C656E2025753A2025730065767420C9
:105D60006E756D5F68616E646C657320283D257586
:105D70002920746F6F206C617267652028257A7501
:105D8000203E20257529004E6F20636F6E6E65637F
:105D900074696F6E20666F722068616E646C652036
:105DA0002575007061636B65747320636F756E7425
:105DB000206D69736D6174636800546F6F20736D3B
:105DC000616C6C20282575206279746573292065C3
:105DD00076656E742030782530327800496E7661B1
:105DE0006C696420484349206576656E7420736948
:105DF0007A65202825752900496E76616C696420D2
:105E00004C45206D657461206576656E74207369FC
:105E10007A65202825752900574553545F544F5003
:105E20004449522F7A65706879722F73756273795D
:105E3000732F626C7565746F6F74682F686F7374FD
:105E40002F6863695F636F72652E63006576745FA8
:105E5000666C6167732026202831554C203C3C201D
:105E60002830292900415353455254494F4E20466A
:105E700041494C205B25735D20402025733A256401
:105E80000A00496E76616C696420627566207479D7
:105E9000706520257500496E76616C696420484301
:105EA000492041434C207061636B65742073697AAB
:105EB0006520282575290041434C206461746120C8
:105EC0006C656E677468206D69736D6174636820BA
:105ED00028257520213D2025752900556E61626CAD
:105EE0006520746F2066696E6420636F6E6E206635
:105EF0006F722068616E646C652025750062745F46
:105F00006863695F6576745F6765745F666C616717
:105F100073286864722D3E65767429202620283106
:105F2000554C203C3C202831292900556E6B6E6F62
:105F3000776E20627566207479706520257500552E
:105F40006E68616E646C65642076656E646F722D38
:105F50007370656369666963206576656E74203069
:105F60007825303278206C656E2025753A202573AF
:105F7000004E6F20636F6D6D616E642073656E748B
:105F800020666F7220636D6420636F6D706C657442
:105F90006520307825303478004F70436F64652079
:105FA00030782530347820636F6D706C657465646B
:105FB00020696E7374656164206F66206578706512
:105FC0006374656420307825303478004E6F20701B
:105FD000656E64696E67207065726970686572616C
:105FE0006C20636F6E6E656374696F6E00556E65CD
:105FF00078706563746564207374617475732030A0
:10600000782530327820257300696E746572766168
:106010006C206578636565647320746865207661BB
:106020006C69642072616E67652025752075730048
:106030006C6174656E63792065786365656473204F
:106040007468652076616C69642072616E67652092
:1060500030782530347800737570765F74696D65BB
:106060006F75742065786365656473207468652056
:1060700076616C69642072616E67652030782530C6
:106080003478004661696C656420746F20736574B0
:1060900020726571756972656420736563757269D4
:1060A0007479206C6576656C004E6F206368616E54
:1060B000676520746F20656E6372797074696F6EA6
:1060C0002073746174652028656E63727970742022
:1060D0003078253032782900756E6B6E6F776E00E0
:1060E0005B305D00484349207472616E73706F725B
:1060F000743A20257300436F6E74726F6C6C657216
:10610000004964656E7469747925733A20257300BB
:106110004964656E746974795B25645D3A20257302
:10612000004843493A2076657273696F6E20257383
:106130002028307825303278292072657669736995
:106140006F6E203078253034782C206D616E756646
:106150006163747572657220307825303478004C34
:106160004D503A2076657273696F6E202573202832
:106170003078253032782920737562766572203048
:106180007825303478004E6F204944206164647271
:106190006573732E20417070206D75737420636178
:1061A0006C6C2073657474696E67735F6C6F616487
:1061B0002829005849414F5F4D6F75736500556E32
:1061C00061626C6520746F2073656E6420746F204B
:1061D00064726976657220286572722025642900D0
:1061E000657272203D3D20300009436F6E74726FFE
:1061F0006C6C657220756E726573706F6E73697604
:10620000652C20636F6D6D616E64206F70636F64C9
:1062100065203078253034782074696D656F757429
:106220002077697468206572722025640A006F7097
:10623000636F64652030782530347820737461741E
:1062400075732030782530327820257300466169D7
:106250006C656420746F207265616420444C452035
:106260006D61782064617461206C656E0074785F84
:106270006F637465747320657863656564732074F7
:1062800068652076616C69642072616E676520259F
:10629000750074785F74696D652065786365656401
:1062A00073207468652076616C69642072616E6722
:1062B00065202575004E6F2070656E64696E6720DD
:1062C000636F6E6E20666F72207065657220257335
:1062D000004E6F6E2D4C452063617061626C6520CD
:1062E000636F6E74726F6C6C657220646574656345
:1062F00074656421004E756D206F6620436F6E7467
:10630000726F6C6C657227732041434C207061631F
:106310006B65747320213D2041434C2062745F63A0
:106320006F6E6E5F747820636F6E7465787473201F
:1063300028257520213D202575290041434C204208
:10634000522F4544522062756666657273206E6FE7
:106350007420696E697469616C697A656400566558
:106360006E646F722048434920657874656E736966
:106370006F6E73206E6F7420617661696C61626C00
:106380006500485720506C6174666F726D3A202525
:1063900073202830782530347829004857205661FA
:1063A0007269616E743A2025732028307825303464
:1063B0007829004669726D776172653A20257320ED
:1063C00028307825303278292056657273696F6ECF
:1063D0002025752E2575204275696C642025750071
:1063E0004661696C656420746F2072656164207316
:1063F0007570706F727465642076656E646F72205C
:10640000636F6D6D616E6473004661696C656420D5
:10641000746F207265616420737570706F7274653B
:10642000642076656E646F7220666561747572654E
:10643000730048434920647269766572206973204D
:106440006E6F742072656164790042542052582046
:1064500057510048434920647269766572206F7015
:10646000656E206661696C65642028256429004F8B
:106470007574206F6620636F6D6D616E6420627548
:10648000666665727300556E6578706563746564E1
:1064900020484F53545F4E554D5F434F4D504C4530
:1064A0005445445F5041434B4554532C2073746111
:1064B0007475732030782530327820257300556E3E
:1064C000636C65617265642070656E64696E6720D7
:1064D00073656E745F636D6400312E306200312E1F
:1064E0003100312E3200322E3000322E3100332E68
:1064F0003000342E3000342E3100342E3200352E50
:106500003000352E3100352E3200352E3300352E39
:106510003400362E3000362E3100362E32005374C1
:10652000616E6461726420426C7565746F6F74682B
:1065300020636F6E74726F6C6C65720056656E646A
:106540006F7220737065636966696320636F6E7430
:10655000726F6C6C6572004669726D77617265204E
:106560006C6F616465720052657363756520696D57
:10657000616765007265736572766564006E524688
:10658000353178006E5246353278006E52463533DA
:1065900078006E524635344878006E524635344C99
:1065A0007800496E74656C20436F72706F7261740D
:1065B000696F6E004E6F726469632053656D696325
:1065C0006F6E647563746F72004E58502053656D22
:1065D00069636F6E647563746F7273004573707274
:1065E00065737369662053797374656D73006274A3
:1065F0005F6863695F636F726500574553545F540A
:106600004F504449522F7A65706879722F737562C2
:106610007379732F626C7565746F6F74682F686F10
:1066200073742F6863695F636F6D6D6F6E2E6300A7
:10663000636D6420646973616C6C6F776564004698
:1066400061696C656420746F207570646174652085
:106650005250412061646472657373202825642957
:10666000004661696C656420746F206469736162BF
:106670006C652061646472657373207265736F6CFE
:106680007574696F6E005265736F6C76696E672002
:106690006C6973742073697A6520657863656564D5
:1066A00065642E20537769746368696E6720746F20
:1066B00020686F73742E004661696C656420746F86
:1066C00020636C656172207265736F6C7574696F9D
:1066D0006E206C697374004661696C656420746F28
:1066E000206164642049524B20746F20636F6E7484
:1066F000726F6C6C6572005365742070726976619C
:106700006379206D6F646520636F6D6D616E6420C9
:106710006973206E6F7420737570706F7274656426
:10672000004661696C656420746F20736574207025
:10673000726976616379206D6F6465004469736185
:10674000626C696E67206164647265737320726540
:10675000736F6C7574696F6E206661696C65642017
:106760002865727220256429004661696C65642081
:10677000746F2072656D6F76652049524B2066728A
:106780006F6D20636F6E74726F6C6C6572004F6E0C
:106790006C792072616E646F6D20737461746963CB
:1067A000206964656E7469747920616464726573CC
:1067B0007320737570706F7274656400496E7661D2
:1067C0006C696420696E70757420706172616D65AA
:1067D00074657273004661696C656420746F207221
:1067E000656164207075626C6963206164647265C0
:1067F0007373004661696C656420746F2072656113
:1068000064206964656E7469747920726F6F7400B6
:1068100052656164205374617469632041646472D9
:10682000657373657320636F6D6D616E64206E6F49
:106830007420617661696C61626C65004661696CA7
:10684000656420746F20726561642073746174697B
:106850006320616464726573736573004E6F2073A7
:106860007461746963206164647265737365732015
:1068700073746F72656420696E20636F6E74726FDB
:106880006C6C65720043616E2774207365742062BE
:106890006F7468204944454E544954592026204E6F
:1068A0005250410062745F696400546F6F206269E6
:1068B00067206164766572746973696E67206461CC
:1068C0007461004661696C656420746F2073746143
:1068D00072742061647665727469736572004661D2
:1068E000696C656420746F2073746F7020616476C6
:1068F0006572746973696E673A2025640062745F1B
:10690000616476004661696C656420746F20676518
:106910006E657261746520454343206B657920255F
:1069200064004661696C656420746F206578706FDF
:10693000727420454343207075626C6963206B65F7
:1069400079202564004661696C656420746F206558
:1069500078706F7274204543432070726976617459
:1069600065206B6579202564004661696C6564204B
:10697000746F2064657374726F7920454343206B94
:106980006579204944202564004661696C6564206E
:10699000746F20696D706F727420746865207072F6
:1069A0006976617465206B657920666F72206B650E
:1069B000792061677265656D656E7420256400528B
:1069C0006177206B65792061677265656D656E74AE
:1069D000206661696C6564202564004661696C65A8
:1069E0006420746F2064657374726F7920746865B5
:1069F000206B6579202564007073615F696D706F2D
:106A000072745F6B657928292072657475726E6582
:106A10006420737461747573202564004275737902
:106A200020706572666F726D696E6720616E6F743B
:106A30006865722045434448206F706572617469CF
:106A40006F6E0062745F656363004661696C6564C4
:106A500020726561642072656D6F74652066656182
:106A600074757265732028256429005048592030B8
:106A70007825303278206E6F7420737570706F7265
:106A8000746564004661696C656420746F20736589
:106A9000742064617461206C656E2028256429006F
:106AA000556E657870656374656420666972737489
:106AB000204C32434150206672616D6500556E6511
:106AC00078706563746564204C3243415020636F75
:106AD0006E74696E756174696F6E004E6F742065B7
:106AE0006E6F756768206275666665722073706187
:106AF000636520666F72204C32434150206461749C
:106B00006100556E65787065637465642041434C1F
:106B100020666C6167732028307825303278290030
:106B200041434C206C656E206D69736D61746368C0
:106B300020282575203E202575290028756E6B6E4E
:106B40006F776E29006E6F207472616E736974695D
:106B50006F6E20257300496E76616C69642028256C
:106B60007529206F6C6420737461746500636F6EA7
:106B70006E202570206661696C656420746F2065E5
:106B8000737461626C6973682E205246206E6F695F
:106B900073653F006E6F2076616C696420282575EF
:106BA00029207374617465207761732073657400A4
:106BB000696E636F6D70617469626C652068616E87
:106BC000646C652025750054696D656F757420646B
:106BD00069736361726465642E204E6F20626C6F0E
:106BE000636B696E6720696E2073797377712E000D
:106BF000466174616C206572726F72202825642969
:106C00002E20446973636F6E6E656374696E6720CE
:106C1000257000466F756E642076616C6964206330
:106C20006F6E6E656374696F6E20282570292077FA
:106C300069746820616464726573732025732069C8
:106C40006E202573207374617465200053656E6433
:106C5000204C4520706172616D20757064617465AF
:106C6000206661696C65642028657272202564293C
:106C70000053656E64206175746F204C452070610F
:106C800072616D20757064617465206661696C6500
:106C90006420286572722025642900646973636F1B
:106CA0006E6E656374656400646973636F6E6E65B0
:106CB00063742D636F6D706C657465007363616ED2
:106CC0002D6265666F72652D696E6974696174699C
:106CD0006E6700696E6974696174696E672D6669B3
:106CE0006C7465722D6C697374006164762D636FCA
:106CF0006E6E65637461626C65006164762D6469B3
:106D0000722D636F6E6E65637461626C6500646999
:106D100073636F6E6E656374696E670062745F6340
:106D20006F6E6E00556E61626C6520746F20616CD1
:106D30006C6F636174652062756666657220666F4C
:106D400072206F7020307825303278004E6F2061CD
:106D50007661696C61626C65204C324341502063FE
:106D60006F6E7465787420666F7220636F6E6E202C
:106D7000257000457870656374696E6720312072F4
:106D800065662C20676F7420256400616C726561F4
:106D9000647920686176652076696577206F6E205A
:106DA0002570004C32434150206C656E677468203A
:106DB0006D69736D617463682028257520213D20FD
:106DC00025752900496E76616C6964206964656E79
:106DD000742076616C756520696E204C3243415099
:106DE0002050445500496E76616C6964204C452002
:106DF000636F6E6E20706172616D207273702073AC
:106E0000697A652028257520213D20257A7529007D
:106E100052656A656374696E6720756E6B6E6F7715
:106E20006E204C324341502050445520636F6465BE
:106E30002030782530327800546F6F20736D616C8C
:106E40006C204C32434150207369676E616C696EEF
:106E5000672050445500546F6F20736D616C6C2037
:106E60004C32434150205044552072656365697629
:106E700065640049676E6F72696E67206461746152
:106E800020666F7220756E6B6E6F776E206368611F
:106E90006E6E656C2049442030782530347800636C
:106EA0006F6E6669670062745F6C32636170004187
:106EB0005454206368616E6E656C206E6F7420633D
:106EC0006F6E6E6563746564004572726F722073D5
:106ED00069676E696E6720646174610052616E203B
:106EE0006F7574206F6620545820627566666572EF
:106EF00073206F7220636F6E74657874732E004612
:106F000061696C656420746F207375626D697420AB
:106F10006174745F74785F64657374726F795F779E
:106F20006F726B3A20256400556E61626C65207447
:106F30006F20637265617465206572722072737070
:106F40002050445500415454204D545520657863D9
:106F500065656465642C206D61782025752C20772B
:106F6000616E74656420257A7500556E61626C658A
:106F700020746F2063726561746520727370205095
:106F8000445500546F6F20736D616C6C20415454F4
:106F90002050445520726563656976656400556EBE
:106FA00068616E646C65642041545420636F64654D
:106FB0002030782530327800496E76616C69642023
:106FC0006C656E20257520666F7220636F64652086
:106FD00030782530327800556E61626C6520746FB0
:106FE0002063726561746520555549443A20736980
:106FF0007A6520257500556E61626C6520746F207E
:1070000063726561746520555549443A2073697A05
:1070100065202564004E6F20617661696C61626C49
:10702000652041545420636F6E7465787420666FD8
:107030007220636F6E6E202570004E6F2061766146
:10704000696C61626C6520415454206368616E6EA6
:10705000656C20666F7220636F6E6E202570004E27
:107060006F7420636F6E6E656374656400556E6146
:10707000626C6520746F2066696E642041545420F0
:107080006368616E6E656C00476F74206572722074
:1070900025642C206E6F742063616C6C696E6720B0
:1070A000415454206362004661696C656420746FCA
:1070B0002072652D7375626D69742025733A2025E1
:1070C00064004E6F20415454206368616E6E656C9D
:1070D00020666F72204D545520257A75004E6F2022
:1070E00070656E64696E67204154542072657175D5
:1070F00065737400446973636F6E6E656374696E63
:1071000067206661696C6564202865727220256459
:1071100029004154542054696D656F757420666F61
:1071200072206465766963652025732E2044697337
:10713000636F6E6E656374696E672E2E2E00556EDA
:1071400061626C6520746F20637265617465207282
:107150006574727920504455202825752900627481
:107160005F61747400434D414320757064617465C0
:10717000206661696C6564202564004661696C6500
:107180006420746F206465636F64652076616C753C
:1071900065202865727220257A6429004661696C31
:1071A000656420746F207361766520446174616248
:1071B00061736520486173682028657272202564B8
:1071C00029006661696C656420746F2073746F7246
:1071D0006520534320286572722025642900756E4E
:1071E00061626C6520746F20736176652053433A49
:1071F000206E6F20636667206C65667400546F6F45
:10720000206D616E7920436C69656E7420436861FE
:10721000726163746572697374696320436F6E662B
:10722000696775726174696F6E2E205365652043BE
:107230004F4E4649475F42545F53455454494E4769
:10724000535F4343435F53544F52455F4D41580A88
:1072500000496E76616C6964206B657900666169CE
:107260006C656420746F2064656C6574652053439D
:10727000202865727220256429004661696C656466
:1072800020746F2073746F726520436C69656E742F
:1072900020466561747572657320286572722025B9
:1072A000642900556E61626C6520746F20646563AB
:1072B0006F6465206164647265737320257300498F
:1072C0006E76616C6964206C6F63616C20696465C3
:1072D0006E7469747920256C7500556E61626C65F9
:1072E00020746F20726573746F72652053433A2067
:1072F0006E6F20636667206C656674004E6F207346
:107300007061636520746F2073746F7265204343EE
:107310004320636667004E6F20737061636520745D
:107320006F2073746F726520436C69656E742053AF
:107330007570706F727465642046656174757265EE
:107340007300556E61626C6520746F207265737492
:107350006F72652043463A206E6F20636667206C2B
:10736000656674004368616E67652D61776172655B
:1073700020737461747573206E6F7420666F756E00
:107380006420696E2073657474696E67732C206461
:10739000656661756C74696E6720706565722073CF
:1073A000746174757320746F206368616E67652DF6
:1073B000756E617761726500526561642062616318
:1073C0006B20626164206368616E67652D6177611F
:1073D00072652076616C75653A20307825782C20AE
:1073E00064656661756C74696E672070656572208E
:1073F00073746174757320746F206368616E676560
:107400002D756E617761726500556E61626C6520E5
:10741000746F20696D706F727420746865206B657D
:107420007920666F722041455320434D414320250A
:107430006400434D4143206F7065726174696F6EE3
:1074400020696E6974206661696C6564202564003A
:10745000434D41432066696E697368206661696CBB
:1074600065642025640062742F636363004661696C
:107470006C656420746F2073746F7265204343439E
:10748000732028657272202564290052656164208A
:107490006D6574686F64206E6F7420736574004648
:1074A00061696C656420746F207265616420617429
:1074B0007472696275746520257020286572722067
:1074C000257A642900496E76616C69642072656171
:1074D00064206C656E6774683A20257A64004343C3
:1074E00043202570206E6F74207772697461626C1E
:1074F0006500534320726573746F726520696E6412
:1075000069636174696F6E206661696C65640046C9
:1075100061696C656420746F2073657420736563A2
:10752000757269747920666F7220626F6E6465642B
:10753000207065657220282564290062742F6861B7
:1075400073680062742F63660062742F7363006255
:10755000745F6761747400556E61626C6520746F4E
:107560002066696E6420534D50206368616E6E65BD
:107570006C0025733A20636F6E6E20257020686161
:107580006E646C65202575004E6F20617661696CB4
:1075900061626C6520534D5020636F6E7465787422
:1075A00020666F7220636F6E6E20257000466169E1
:1075B0006C656420746F2067656E65726174652008
:1075C00044484B65790025733A2070726E6420251B
:1075D000730043616C63756C61746520636F6E66E4
:1075E00069726D206661696C65640025733A20706C
:1075F000636E662025730025733A2063666D20252F
:107600007300556E6B6E6F776E2070616972696E74
:1076100067206D6574686F642028257529004361B3
:107620006C63756C617465204C544B206661696CA9
:1076300065640043616C63756C617465206C6F6395
:10764000616C2044484B657920636865636B2066F4
:1076500061696C65640043616C63756C617465207D
:1076600072656D6F74652044484B65792063686569
:10767000636B206661696C65640052656D6F74654B
:10768000207075626C6963206B65792072656A652C
:10769000637465640052656D6F746520697320754D
:1076A00073696E67204465627567205075626C6906
:1076B00063206B657900526563656976656420694E
:1076C0006E76616C6964207075626C6963206B65AD
:1076D000790025733A206368616E20257020636904
:1076E00064203078253034780025733A2072657133
:1076F0003A20696F5F6361706162696C69747920B7
:107700003078253032582C206F6F625F666C61676D
:10771000203078253032582C20617574685F72658E
:1077200071203078253032582C206D61785F6B6580
:10773000795F73697A65203078253032582C20695A
:107740006E69745F6B65795F646973742030782546
:107750003032582C20726573705F6B65795F646995
:107760007374203078253032580025733A20556ED6
:1077700061626C6520746F20676574206B65797336
:1077800020666F722025730025733A207273703A59
:1077900020696F5F6361706162696C697479203020
:1077A00078253032582C206F6F625F666C616720DD
:1077B0003078253032582C20617574685F7265719D
:1077C000203078253032582C206D61785F6B6579D8
:1077D0005F73697A65203078253032582C20696EC5
:1077E00069745F6B65795F646973742030782530E4
:1077F00032582C20726573705F6B65795F646973B2
:1078000074203078253032580025733A206B657922
:10781000202573206420257520722025750025738E
:107820003A207265732025730025733A20676F74C0
:1078300020737461747573203078257800546865FE
:1078400020696E2D70726F67726573732070616945
:1078500072696E6720686173206265656E20646579
:107860006C657465642100534D5020646F6573200E
:107870006E6F7420616C6C6F77206120706169722B
:10788000696E67206661696C757265206174207429
:1078900068697320706F696E742E204B6E6F776EFF
:1078A0002069737375652E20446973636F6E6E650E
:1078B0006374696E6720696E73746561642E00502D
:1078C00075626C6963206B6579206E6F74206176D8
:1078D00061696C61626C650025733A202570005403
:1078E0006F6F20736D616C6C20534D502050445568
:1078F0002072656365697665640025733A20526578
:1079000063656976656420534D5020636F6465201C
:10791000307825303278206C656E20257500534D07
:107920005020636F6D6D616E642028636F64652005
:107930003078253032782920726563656976656410
:107940002061667465722074696D656F757400528C
:1079500065636569766564207265736572766564D2
:1079600020534D5020636F64652030782530327885
:1079700000556E68616E646C656420534D502063E1
:107980006F64652030782530327800556E657870E8
:10799000656374656420534D5020636F64652030C7
:1079A00078253032780025733A206964656E7469F1
:1079B000747920257300496E76616C69642069646E
:1079C000656E746974792025730025733A204E65BD
:1079D0007720626F6E6420636F6E666C6963747388
:1079E0002077697468206120626F6E64206F6E205A
:1079F00069642025642E0070616972696E67206673
:107A000061696C65642028706565722072656173B8
:107A10006F6E2030782578290025733A20636861DD
:107A20006E20257020636F6E6E2025702068616E59
:107A3000646C6520257520656E63727970742030E2
:107A400078253032782068636920737461747573A7
:107A500020307825303278202573004E6F206B65FA
:107A6000797320737061636520666F7220257300DF
:107A7000556E61626C6520746F20616C6C6F636120
:107A80007465204964656E7420496E666F20627566
:107A90006666657200556E61626C6520746F206168
:107AA0006C6C6F63617465204964656E7420416419
:107AB000647220496E666F20627566666572005357
:107AC0004D502054696D656F75742028666C616730
:107AD000733A30782530387820616C6C6F77656444
:107AE0005F636D64733A30782530387829002573E8
:107AF0003A204C452053432025730062745F736D18
:107B000070004661696C656420746F207265616401
:107B10002076616C7565202865727220257A64294B
:107B200000556E61626C6520746F2066696E64201A
:107B300064656C65746564206B65797320666F722B
:107B4000202573004661696C656420746F20616C48
:107B50006C6F63617465206B65797320666F72204A
:107B60002573004B65797320666F7220257320683A
:107B7000617665206E6F206167696E6720636F753F
:107B80006E74657200496E76616C6964206B65790C
:107B9000206C656E67746820257A6420213D20255D
:107BA0007A750053746F726564206B657973206613
:107BB0006F7220257320646F206E6F74206D617466
:107BC00063682063757272656E7420636F6E666998
:107BD0006720666C616773206F72207665727369C7
:107BE0006F6E00546865206B65797320666F722034
:107BF00025732061726520646F776E6772616465BA
:107C00006420746F20756E61757468656E74696345
:107C1000617465642061732074686579206E6F20DB
:107C20006C6F6E676572206D656574206175746830
:107C3000656E7469636174696F6E207265717569D0
:107C400072656D656E7473004661696C656420745D
:107C50006F2073617665206B657973202865727279
:107C6000202564290062742F6B6579730062745F4C
:107C70006B6579730062745F63727970746F00462C
:107C800061696C656420746F20696D706F72742017
:107C9000414553206B6579202564004661696C6518
:107CA0006420746F20636F6D70757465204D41435F
:107CB00020256400726573756D6500537075726977
:107CC0006F7573202573206576656E74006570206E
:107CD00030782530327820616C7265616479206576
:107CE0006E61626C656400456E64706F696E7420CD
:107CF0003078253032782076616C69646174696F00
:107D00006E206661696C656400657020307825308E
:107D1000327820616C726561647920646973616294
:107D20006C65640065702030782530327820697386
:107D3000206E6F742068616C7465647C6469736123
:107D4000626C6564004661696C656420746F2061D3
:107D50006C6C6F63617465206E65745F627566201C
:107D6000257A642C206570203078253032780075B3
:107D700064630073687574646F776E00496E69742C
:107D800069616C697A656400556E6B6E6F776E2001
:107D9000706F776572206576656E7420256400507B
:107DA0007265696E6974007564635F6E72667800EF
:107DB0004661696C656420746F20726567697374CD
:107DC000657220656E64706F696E74005355535010
:107DD000454E4420737461746520646574656374F2
:107DE000656400524553554D494E472066726F6D8C
:107DF0002073757370656E640052656D6F746520D5
:107E000077616B65757020696E697469617465640A
:107E10000065702030782530327820717565756581
:107E200020697320656D7074790065702030782545
:107E3000303278206F6B2C20717565756520697301
:107E400020656D707479004661696C656420746F9B
:107E50002064697361626C6520636F6E74726F6C0D
:107E600020656E64706F696E74004661696C65644C
:107E700020746F2073746F70204846584F2025641B
:107E80000052657365740062756666657220746F72
:107E90006F20736D616C6C3A20723A2025752C202E
:107EA0006C3A202575004661696C656420746F200A
:107EB000656E61626C6520636F6E74726F6C2065B5
:107EC0006E64706F696E74004661696C65642074DD
:107ED0006F207374617274204846584F20256400E7
:107EE000757362644034303032373030300075643E
:107EF000635F6E7266006E72665F757362645F6365
:107F00006F6D6D6F6E00636C6F636B40343030303B
:107F100030303030006866636C6B006C66636C6B8D
:107F200000636C6F636B5F636F6E74726F6C007273
:107F3000616E646F6D4034303030643030300063D7
:107F4000696E7374722025303278207472616E739A
:107F500066657220746F6F206C6F6E673A20257AA9
:107F60007500636C656172004A454445432069644D
:107F7000205B253032782025303278202530327849
:107F80005D20657870656374205B2530327820252C
:107F900030327820253032785D00524453522066CA
:107FA00061696C65643A202564005244535220662E
:107FB0006F722057525352206661696C65643A2093
:107FC0002564005145202573206661696C65643A1B
:107FD0002025640072656164206572726F723A20B8
:107FE00061646472657373206F722073697A6520AF
:107FF000657863656564732065787065637465642E
:108000002076616C7565732E416464723A20307815
:10801000256C782073697A6520257A7500777269F6
:108020007465206572726F723A2061646472657360
:1080300073206F722073697A652065786365656463
:10804000732065787065637465642076616C75650E
:10805000732E416464723A203078256C78207369FD
:108060007A6520257A750065726173652065727284
:108070006F723A2061646472657373206F7220734B
:10808000697A6520657863656564732065787065D5
:10809000637465642076616C7565732E41646472E7
:1080A0003A203078256C782073697A6520257A75B6
:1080B00000756E737570706F7274656420617420E2
:1080C0003078256C782073697A6520257A75007779
:1080D000616974206572726F722061742030782536
:1080E0006C782073697A6520257A750065726173F2
:1080F00065206572726F72206174203078256C780B
:108100002073697A6520257A7500703235713136B1
:1081100068403000717370695F6E6F7200696E76CF
:10812000616C696420616464726573733A203078AD
:108130002530386C783A257A7500756E616C696700
:108140006E656420616464726573733A20307825CB
:1081500030386C783A257A75006E6F7420776F72BC
:10816000642D616C69676E65643A2030782530381B
:108170006C783A257A7500666C6173682D636F6E52
:1081800074726F6C6C6572403430303165303030F1
:1081900000666C6173685F6E7266006770696F403D
:1081A0003530303030333030006770696F403530F3
:1081B000303030303030004661696C656420746F57
:1081C00020616C6C6F636174652050504920436876
:1081D000616E6E656C00756172744034303030329F
:1081E00030303000756172745F6E7266785F7561F1
:1081F0007274650048616C74696E6720737973747A
:10820000656D00556E6B6E6F776E206572726F7262
:10821000003E3E3E205A4550485952204641544166
:108220004C204552524F522025643A202573206F2E
:108230006E20435055202564004661756C7420649F
:108240007572696E6720696E7465727275707420DC
:1082500068616E646C696E670A0043757272656E60
:1082600074207468726561643A2025702028257333
:10827000290043505520657863657074696F6E00FE
:10828000556E68616E646C656420696E74657272A7
:1082900075707400537461636B206F766572666CE1
:1082A0006F77004B65726E656C206F6F7073004B5B
:1082B00065726E656C2070616E6963006D61696ED8
:1082C000006F7300737973776F726B71002A2A2ABB
:1082D00020426F6F74696E67205A657068797220EA
:1082E0004F53206275696C642076342E342E312011
:1082F0002A2A2A0A004145532D3235362D4543425C
:10830000004145532D3139322D45434200414553FB
:108310002D3132382D45434200286E756C6C290092
:108320002A666C6F61742A0005010902A101C02050
:108330006D657373616765732064726F70706564D7
:10834000202D2D2D0D0A1B5B306D001B5B313B3347
:10835000316D2D2D2D2000465320436F6E666967C9
:1083600075726174696F6E004344432041434D2030
:1083700073657269616C206261636B656E64005A3B
:1083800065706879722050726F6A6563740030316D
:10839000323334353637383941424344454600009C
:1083A000FFFFFFFFFFFF00000000000000FFFFFFD6
:1083B000FFFFFF000000000000303132333435365B
:1083C00037383961626364656600000000000000B0
:1083D0001000800000805F9B34FB0104000200005D
:1083E0000002000000000000000500000000000086
:1083F0000000000000000000000500090909090153
:1084000002090909090909090909090907090909E5
:1084100009090609090909090909090909090909CF
:1084200009090905E69D350E480103CCDBFDF4ACD6
:108430001191F4EFB9A5F9E9A7832C5E2CBE97F250
:10844000D203B0208BD28915D08E1C742430ED8FCE
:10845000C24563765C15525ABF9A32636DEB2A654A
:10846000499C80DC6174745F74785F6465737472B6
:108470006F795F776F726B5F68616E646C657200B5
:108480000005061F1F2918120308020305080A0029
:108490000801030401050405090607010106060891
:1084A00062745F736D705F696E69740062745F738C
:1084B0006D705F636F6E6E65637465640062745F98
:1084C000736D705F646973636F6E6E65637465640A
:1084D0000062745F736D705F656E63727970745F54
:1084E0006368616E676500736D705F706169726962
:1084F0006E675F72657100736D705F70616972693C
:108500006E675F636F6E6669726D0073635F736D34
:10851000705F636865636B5F636F6E6669726D0041
:10852000736D705F70616972696E675F72616E64AE
:108530006F6D00736D705F6964656E745F696E6600
:108540006F00736D705F69645F6164645F72657012
:108550006C61636500736D705F6964656E745F6103
:108560006464725F696E666F00736D705F707562D0
:108570006C69635F6B657900736D705F64686B65D0
:10858000795F636865636B00736D705F6B657970AD
:10859000726573735F6E6F7469660062745F736D8A
:1085A000705F726563760062745F736D705F6163A4
:1085B0006365707400736D705F696E697400736DCC
:1085C000705F73656E645F73656375726974795FFC
:1085D0007265710062745F736D705F64686B65795A
:1085E0005F72656164790062745F736D705F706B58
:1085F00065795F72656164790073635F736D705F45
:1086000073656E645F64686B65795F636865636BEF
:1086100000736D705F70616972696E675F636F6D23
:10862000706C65746500736D705F643100000001EB
:10863000000100030100030202010002000000002B
:108640000002030100036C888391AAF5A538603706
:108650000BDB5A6083BE00070E091C1B1215383F46
:10866000363124232A2D00010203040506070020C9
:108670003030303030303030303030303030000159
:1086800010141400001C2030401C2000001C20305E
:108690004052096AD53036A538BF40A39E81F3D732
:1086A000FB7CE339829B2FFF87348E4344C4DEE991
:1086B000CB547B9432A6C2233DEE4C950B42FAC3B9
:1086C0004E082EA16628D924B2765BA2496D8BD1C3
:1086D0002572F8F66486689816D4A45CCC5D65B6FD
:1086E000926C704850FDEDB9DA5E154657A78D9D26
:1086F0008490D8AB008CBCD30AF7E45805B8B345D6
:1087000006D02C1E8FCA3F0F02C1AFBD0301138AD2
:108710006B3A9111414F67DCEA97F2CFCEF0B4E6A5
:108720007396AC7422E7AD3585E2F937E81C75DF46
:108730006E47F11A711D29C5896FB7620EAA18BE5E
:108740001BFC563E4BC6D279209ADBC0FE78CD5A30
:10875000F41FDDA8338807C731B11210592780EC08
:108760005F60517FA919B54A0D2DE57A9F93C99C89
:10877000EFA0E03B4DAE2AF5B0C8EBBB3C8353996C
:1087800061172B047EBA77D626E169146355210C54
:108790007D637C777BF26B6FC53001672BFED7ABB7
:1087A00076CA82C97DFA5947F0ADD4A2AF9CA472B3
:1087B000C0B7FD9326363FF7CC34A5E5F171D8312B
:1087C0001504C723C31896059A071280E2EB27B257
:1087D0007509832C1A1B6E5AA0523BD6B329E32F7E
:1087E0008453D100ED20FCB15B6ACBBE394A4C58B2
:1087F000CFD0EFAAFB434D338545F9027F503C9F14
:10880000A851A3408F929D38F5BCB6DA2110FFF332
:10881000D2CD0C13EC5F974417C4A77E3D645D195D
:108820007360814FDC222A908846EEB814DE5E0B1E
:10883000DBE0323A0A4906245CC2D3AC629195E48B
:1088400079E7C8376D8DD54EA96C56F4EA657AAED6
:1088500008BA78252E1CA6B4C6E8DD741F4BBD8B64
:108860008A703EB5664803F60E613557B986C11D5C
:108870009EE1F8981169D98E949B1E87E9CE552800
:10888000DF8CA1890DBFE6426841992D0FB054BB22
:0488900016000000CE
:1088940000000000BDD00200000000000001000044
:1088A40000000000000000000000000000000000C4
:1088B40000000000000000000000000000000000B4
:1088C4007C31050000C20100000008000000000027
:1088D4000000000000000000000000000000000094
:1088E4000000000000000000000000000000000084
:1088F40000000000A80400200000000094040020F0
:108904000000000000000000000000000000000063
:108914000000000000000000000000000000000053
:108924000000000000000000000000000000000043
:108934000000000000000000000000000000000033
:10894400000000000000000000000000BC00002047
:10895400BC00002000000000010000000000000036
:108964000000000000000000000000000000000003
:1089740000000000000000000000000000000000F3
:1089840000000000000000000000000000000000E3
:1089940000000000000000000000000000000000D3
:1089A40000000000000000000000000000000000C3
:1089B40000000000000000000000000000000000B3
:1089C40000000000000000000000000000000000A3
:1089D4000000000000000000000000000000000093
:1089E4000000000000000000000000000000000083
:1089F4000000000000000000000000000000000073
:108A04000000000000000000000000000000000062
:108A14000000000000000000000000000000000052
:108A24000000000000000000000000000000000042
:108A3400000000000000000085EC020000000000BF
:108A44000000000000000000000000000000000022
:108A54000000000000000000000000000000000012
:108A64000000000000000000000000000000000002
:108A740000000000000000000000000000000000F2
:108A840000000000000000000000000000000000E2
:108A940000000000000000000000000000000000D2
:108AA40000000000000000000000000000000000C2
:108AB400000000000000000000000000EC31050090
:108AC40000000000000000000000000000000000A2
:108AD4000000000000000000000000000000000092
:108AE4000000000000000000000000000000000082
:108AF4000000000000000000000000000000000072
:108B04000000000000000000000000000000000061
:108B14000000000000000000000000000000000051
:108B240084030000000000001F000000000000009B
:108B3400FFFFFFFFFF1F0000CD8E0200B58E020075
:108B44000000000000000000144E050000001200A8
:108B5400204E0500000002002C4E0500000002001B
:108B6400000000007FAC04000000000000000000D2
:108B740000000000619102000000000000000000FD
:108B840000000000558F02000000000000000000FB
:108B9400000000003190020000000000000000000E
:108BA40075B004002BC004006C39050000000000FF
:108BB400A439050000000000E60800203803002066
:108BC40000000000000000000000000000000000A1
:108BD4000004010000000000578305002203000088
:108BE400000000000000000000030300000000007B
:108BF400000000000003000000000000000000006E
:108C04000002010000000000688305002E0300003C
:108C1400000000000000000000010100000000004E
:108C24007F8305001E030000000000000000000018
:108C340000000000000000003C4E0500040300009A
:108C4400424E0500000002004E4E050000000200E6
:108C54005A4E0500000002006E4E0500000002009E
:108C64007A4E050000000200864E05000000020056
:108C740000000000C5C60400000000000000000061
:108C8400F0030020F00300200000000000000000BA
:108C94000E00000000600040000000000000000022
:108CA40000000000000000000000000000000000C0
:108CB40000000000000000000000000000000000B0
:108CC40000000000000000000000000000000000A0
:108CD4000000000000000000000000000000000090
:108CE4000000000000000000000000000000000080
:108CF4000000000000000000000000000000000070
:108D0400000000000000000000000000000000005F
:108D1400000000000000000000000000000000004F
:108D24000000000004AC002000000000000000006F
:108D3400000000000004000004B000200000000057
:108D4400000000000000000000040000D4550500ED
:108D540000000000FC040020000000007C3105003D
:108D64000809002010090020190900201E0900200C
:108D740023090020270900202C09002033090020A2
:108D84003C090020430900204A090020000000009B
:108D940015D60400B1D1020011D202008FD804000C
:108DA400B7D60400BDD704000000000077DB040040
:108DB400A5D704003FD704000000000017D6040024
:108DC40000000000F9D502000000000000000000CF
:108DD40000000000B9D502000000000000000000FF
:108DE40000000000B1EF02000000000000000000DD
:108DF40000000000EDDE02000000000000000000A2
:108E040000000000FD02030000000000000000005C
:108E140000000000BD01030000000000000000008D
:108E240000000000E50B030000000000000000004B
:108E340000000000290703000000000000000000FB
:108E4400051B0300152A0300612B0300000000002A
:108E540000000000C11C03002FEE0400F9EE040022
:108E6400E51A0300000000000000000019270300B9
:108E7400000000000000000045F4040000000000B1
:108E840000000000000000009A4E050000000200EF
:108E9400A64E050000000A00B64E050000002000A2
:108EA40000000000000000000000000000000000BE
:108EB400D1F204000000000028060020280600204B
:108EC40000000000000000000E0000003C0600202E
:108ED4003C060020B556030000000000000000001E
:108EE400B023002000000000D58E03000000000025
:108EF400B823002000000000F582030000000000F9
:108F0400C023002000000000C11004000000000085
:108F1400C823002000000000C1100400000000006D
:108F2400D0230020000000001D800300000000008A
:108F3400E82D0020000000003D1A0400000000009D
:108F4400F02D002000000000C1100400000000000B
:108F5400F82D002000000000D1A60300000000004E
:108F6400742E0020000000008DAE030000000000FD
:108F74007C2E002000000000C1100400000000004E
:108F8400842E00200000000035B003000000000023
:108F94008C2E0020000000006DB8030000000000CB
:108FA400B02F00200000000000300020000000006E
:108FB400E03100200000000090320020000000009A
:108FC40059250400000000001434002000000000B3
:108FD400E50D04000000000034340020000000000F
:108FE400C110040000000000483800200000000008
:108FF40075730300000000004038002000000000EA
:1090040075730300000000003838002000000000E1
:10901400A16F0300000000003038002000000000B1
:1090240075730300000000002838002000000000D1
:10903400A16F0300000000002038002000000000A1
:109044007573030000000000000000000000000031
:10905400000000000000000000000000000000000C
:1090640000000000000000000000000000000000FC
:1090740000000000000000000000000000000000EC
:1090840000000000000000000000000000000000DC
:1090940000000000000000000000000000000000CC
:1090A40000000000000000000000000000000000BC
:1090B40000000000000000000000000000000000AC
:1090C40000000000000000003808002038080020DC
:1090D40000000000000000000E000000000000007E
:1090E400000000000000000000000000000000007C
:1090F400000000000000000068080020680800204C
:109104000100000001000000780800207808002019
:10911400000000000100000000000000000000004A
:10912400A008002000000000000000000000000073
:109134000000000000000000C344002020000000E4
:10914400000000000090D003FF0000009002000027
:10915400C0080020C00800204DC1020069C10200FF
:10916400C203121806C203121806C203121806110B
:1091740001000200010209020000000100807D12CA
:10918400010002EF020140E32F0400040400000088
:1091940000026D0423B00001080B0002020200006B
:1091A4000904000001020200000524001001052446
:1091B40001000104240202052406000107058103BD
:1091C40010000A09040100020A00000007058202D7
:0D91D40040000007050102400000000001FE
:1091E100000000000000000000000000000000007E
:0791F1000000000000000077
:1091F8000000000000000000000000000000000067
:109208000000000000000000000000000000000056
:109218000000000000000000000000000000000046
:0892280000000000000000003E
:04923000000000003A
:10923400A0090020A00900204CA500200000000087
:10924400010000002400000000000000BC09002010
:10925400BC0900200099002000000000010000006B
:10926400A000000000000000D8090020D809002058
:1092740070A5002000000000030000001C00000096
:1092840000000000F4090020F4090020189A0020CE
:1092940000000000080000001000000000000000B2
:1092A40000000000C4A5002000040000000000002D
:0492B40000000000B6
:1092B800240A0020240A002000000000000000000A
:0492C8000E00000094
:1092CC00380A0020380A00200C0000000A000000B8
:1092DC00A0990020189A0020A0990020A0990020A5
:0892EC0000000000000000007A
:1092F400600A0020600A0020010000000100000054
:10930400700A0020700A0020000000000100000024
:10931400800A0020800A002000000000FFFFFFFFF9
:0C932400900A0020900A002000000000C9
:109330000000000000000000A40A0020A40A002091
:08934000AC0A0020AC0A002079
:109348000000000000000000BC0A0020BC0A002049
:10935800030003001000000000000000D83C0500D6
:1093680078A300200000000000000000E00A0020B0
:10937800E00A00200300030010000000811A030027
:10938800743D0500D4A40020000000000000000087
:10939800040B0020040B0020030003000000000061
:1093A80000000000783B0500EC9F00200000000052
:1093B80000000000280B0020280B002001000100FD
:1093C800100000003D060300C43C050070A2002008
:1093D80000000000000000004C0B00204C0B002097
:1093E8000300030000000000000000008C3C0500A2
:1093F80028A200200000000000000000700B0020E0
:10940800700B00200C000C0004000000B9D802000A
:10941800643B0500109E00200000000000000000D2
:10942800940B0020940B00200100010000000000B4
:10943800000000008C3B050038A10020000000005F
:1094480000000000B80B0020B80B0020100010002E
:109458000A00000035FB0400F0420500C4A9002002
:10946800DE550500000000000000000000000000BC
:1094780000000000000000000832050000000000A5
:1094880000000000000000000000000000000000D4
:1094980000000000000000000000000000000000C4
:1094A80000000000000000000000000000000000B4
:1094B80000000000000000000000000000000000A4
:1094C8000000000000000000000000000000000094
:0C94D800EF080020000000000000000071
:1094E40000000000BC040020000000000000000098
:0894F400000000000000000070
:0494FC0015E015E082
:040000032000BA958A
:00000001FF
