:020000022000DC
:1070000080870020F1BB020093BF0400DDBB0200BB
:10701000DDBB0200DDBB0200DDBB020000000000A2
:1070200000000000000000000000000029BC020079
:10703000DDBB02000000000029BE0200DDBB020033
:10704000A1BE0200ED040400A1BE0200A1BE020028
:10705000A1BE0200A1BE0200A1BE0200A1BE0200AC
:10706000A1BE0200A1BE0200A1BE0200A1BE02009C
:10707000A1BE0200A1BE0200A1BE0200A1BE02008C
:10708000A1BE0200A1BE0200A1BE0200A1BE02007C
:10709000A1BE0200A1BE0200A1BE0200A1BE02006C
:1070A000A1BE0200A1BE0200A1BE0200A1BE02005C
:1070B000A1BE0200A1BE0200A1BE0200A1BE02004C
:1070C000A1BE0200A1BE0200A1BE0200A1BE02003C
:1070D000A1BE0200A1BE0200A1BE0200A1BE02002C
:1070E000A1BE0200A1BE0200A1BE0200A1BE02001C
:1070F000A1BE0200A1BE0200A1BE0200A1BE02000C
:1071000053B94AB9002908BF00281CBF4FF0FF310E
:107110004FF0FF3000F00CB8ADF1080C6DE904CE73
:1071200000F022F8DDF804E0DDE9022304B0704746
:10713000704700BF10F8012B11F8013B012A28BF4E
:107140009A42F7D0D01A7047034611F8012B03F882
:10715000012B002AF9D17047034613F8012B002AAE
:10716000FBD1181A013870472DE9F0478C468E463E
:10717000089E154604461946002B40F0D080724503
:1071800047D9B2FA82F74FB1C7F120030EFA07FCD4
:1071900020FA03F3BD4043EA0C0CBC404FEA154E05
:1071A000A8B2BCFBFEF8230C0EFB18CC08FB00F9C0
:1071B00043EA0C43994528D9EB1808F1FF3204D271
:1071C000994502D9A8F102022B44A3EB0903A4B20A
:1071D000B3FBFEFC0EFB1C330CFB00F044EA034443
:1071E000A04214D92C190CF1FF3304D2A04202D9C9
:1071F000ACF102032C44241A43EA02401EB1FC40C5
:10720000002334607360BDE8F0874246DDE76346E3
:10721000F1E7002A79D0B2FA82F3002B3FD0194669
:10722000C1F1200302FA01F52EFA03F20EFA01FE73
:1072300020FA03F343EA0E034FEA154E00FA01F475
:10724000B2FBFEFCAFB20EFB1C201A0C0CFB07F8C5
:1072500042EA004290455AD9AA180CF1FF3004D2F4
:10726000904502D9ACF102002A44A2EB08029BB27D
:10727000B2FBFEFC0EFB1C220CFB07F743EA0243A9
:107280009F4246D9EB180CF1FF3204D29F4202D93B
:10729000ACF102022B44DB1B42EA004202E0AEEBFF
:1072A000020301224FEA154EAFB2B3FBFEFC200CE5
:1072B0000EFB1C330CFB07F840EA034398452AD920
:1072C000EB180CF1FF3004D2984502D9ACF1020062
:1072D0002B44A3EB0803A4B2B3FBFEFC0EFB1C3350
:1072E0000CFB07F744EA0344A74216D92C190CF10A
:1072F000FF3304D2A74202D9ACF102032C44E41BB1
:1073000043EA00400F46114678E71F2188E76046B0
:10731000ABE76246BFE76046DBE76346EFE77345EE
:1073200006D916B9002108466DE7C6E9000EF9E74F
:10733000B3FA83F787B9734501D3824207D8841A19
:107340006EEB030301209C461EB900215BE7384623
:10735000FAE7C6E9004CF8E7C7F1200CBB4022FA77
:107360000CF51D4320FA0CF12EFA0CF30EFA07FE71
:1073700041EA0E014FEA154900FA07F4B3FBF9F8A8
:107380001FFA85FE09FB18300B0C08FB0EFA43EAC6
:1073900000439A4502FA07F240D9EB1808F1FF3092
:1073A00004D29A4502D9A8F102002B44A3EB0A03A8
:1073B00089B2B3FBF9F809FB183308FB0EFE41EA6A
:1073C00003418E452CD9691808F1FF3304D28E454C
:1073D00002D9A8F10203294443EA0040A0FB029825
:1073E000A1EB0E014145CE46434602D306D14C45A2
:1073F00004D2B9EB020E68EB05030138002EA4D0CD
:10740000B4EB0E0261EB030101FA0CFC22FA07F364
:107410004CEA0303F940C6E9003196E74046C5E768
:107420004346D9E700000000F0B5002285B01146C0
:1074300002AF40F6034007F0F7F9044600285BD19D
:1074400006F0B4FF21463A1D41F2030007F0ECF9C3
:107450000446002850D17A68294DD168D1F801003E
:10746000D1F8051005F1900303C3104605F008F8A4
:1074700021463A1D41F2010007F0D6F904460028E2
:107480003AD17868C3685A7885F888205A88A5F870
:107490008A201A7985F88920B3F80720A5F88C206E
:1074A000B3F80530A5F88E3004F0EAFF21463A1D06
:1074B00041F2020007F0B8F90446E8B9D7F804C071
:1074C000DCF80C2005F19806531C41321868596805
:1074D000344603C4083393422646F7D1604604F08D
:1074E000CFFF95F894305A0610D4064A0648012179
:1074F00026F088F96FF0120420460C37BD46F0BD27
:10750000D0000020C05F0500483205003A1D002170
:1075100042F2030007F088F904460028ECD17A68AB
:10752000A94BD168D1F80100D1F8051003C310466A
:1075300004F0A6FF21463A1D42F2020007F074F95A
:1075400004460028D8D17E68F468B4F801309AB2B5
:1075500092B1E27882B1A5F81431E378032B06D01A
:107560000322009299489A4A022124F093FAE27881
:107570009848114629F0D3FD304604F081FF95F874
:1075800094601F2316F02006A5F8283119D14FF07A
:10759000FF304FF0FF3106F031FF0446002800F0C5
:1075A000BE8102210C3024F0B6FD01230370467029
:1075B0002146324640F66D4007F036F90446002871
:1075C0009AD195F8B4301B0712D53A1D002142F22A
:1075D0001C0007F029F9044600288DD17868C3689B
:1075E000D3F80120D3F80530C5E93E2304F048FF65
:1075F00095F8F0309E0623D5B91C384607F0BCF943
:10760000044600287FF478AF4FF0FF304FF0FF3191
:1076100006F0F4FE0646002800F0818104210C30BB
:1076200024F079FD3B8803807B88438022463146E5
:1076300042F2240007F0F8F8044600287FF45CAF1B
:1076400095F8F0305C0610D53A1D002142F22A0070
:1076500007F0EAF8044600287FF44EAF7868C36864
:107660005B7885F82A3104F00BFF4FF0FF304FF0C4
:10767000FF3106F0C3FE0646002800F050810821C5
:107680000C3024F048FD95F8F04014F0400F40F223
:107690000223024608BF0323A0074CBF43F02C037C
:1076A00043F00C03A10695F8F11048BF43F04003E6
:1076B00011F0090F18BF43F4006304F0010443EA1A
:1076C0000410002126F0D5F80022314642F20100D4
:1076D00007F0AAF8044600287FF40EAF95F894301E
:1076E000B5F8141198065CD4C9B93A1D41F20500E9
:1076F00007F09AF8044600287FF4FEAEB5F814317E
:107700007C684BB9E368B3F80120A5F814219A8886
:107710003048114629F003FD204604F0B1FE4FF039
:10772000FF304FF0FF3106F069FE0446002800F0FC
:10773000F68008210C3024F0EEFC95F8F030D907E3
:10774000024638D424484FF0005126F092F82146E2
:10775000002240F6014007F067F8044600287FF455
:10776000CBAE01463A1D4FF6014007F05DF8002808
:1077700038D01A4A1548022126F044F82B7F002BF6
:1077800040F0BD8026F074FA044600287FF4B4AEC1
:1077900009F080FC044600287FF4AEAE06F0CEFF70
:1077A000AAE60029BBD10E4A0848012126F02AF892
:1077B0006FF00404A0E602A1D1E90001C5E700BF13
:1077C0009088000200800020C0010020483205009F
:1077D000E45F0500E8010020108800024D6005000C
:1077E0002A6005007B68DC68B4F80130042B96BF82
:1077F000584A594952F823106E468AB002AA57488F
:10780000D3614FF400731384554BC2E9050142F86C
:10781000103F54484FF4135126F007F8B4F80120F4
:10782000B4F80330022AB54649D1052B47D84E4A51
:1078300052F823106E468AB002AA4C48D3614FF426
:1078400000731384464BC2E9050142F8103F4FF420
:107850001351444825F0E9FF637994F806C0D4F841
:107860000900032BB54698BF414AB4F8076094BF9E
:1078700052F8231038496C468CB002AADFF8F4E0C5
:10788000C2E9073C4FF4007393853B4BC2E905E125
:10789000C2E909604FF4735142F8103F314825F0B6
:1078A000C4FFA546786804F0EBFD3A1D00214FF6B1
:1078B000024006F0B9FF044618B1304A5AE726499B
:1078C000B8E77868C368B3F80130A5F8D93004F098
:1078D000D7FD95F8D9305A077FF550AF3A1D2146AC
:1078E0004FF6034006F0A0FF08B1254A42E778684A
:1078F000C3685B7885F8D83004F0C2FD3EE72E7887
:10790000002E7FF43FAF95F8D9309B061FD54FF07E
:10791000FF304FF0FF3106F071FD044610B96FF0F3
:107920006804E9E506210C3024F0F5FBD5F80130B8
:107930000360144B9B888380214632464FF60640F5
:1079400006F072FF044600283FF41CAFD4E56FF048
:107950008504D1E5C0380500C65D050071600500ED
:107960000400000148320500A83805008A600500BF
:1079700098380500A260050007000001CF600500EF
:10798000F8600500D10000202DE9F843D0E9073860
:10799000856903EB08042F34A5420F46164619D813
:1079A000DFF86C80A3FB080117A3D3E90023FFF7DE
:1079B000A7FB0346601BA0FB080123F07F4412A332
:1079C000D3E90023FFF79CFB20F07F403C60306050
:1079D000BDE8F883DFF838900BA3D3E90023A5FBBB
:1079E0000901FFF78DFB20F07F440A480A2106A316
:1079F000D3E90023E8FB0901FFF782FB20F07F4079
:107A00003C603060BDE8F8838D49FD1A0700000036
:107A100000CA9A3B00166BF1002800F069812DE93D
:107A2000F04FBB4C94F85E2012F001058DB040F091
:107A30004C81607EFF2300F00300A37618F096F9D6
:107A400094F85E00420700F14481627F94F8293087
:107A500004EB820204EB8303166AD3F82C8086B110
:107A6000AB48314612F0DAFC33785B0605D50621C7
:107A70000EF01AFB002800F08481A548414612F060
:107A8000CDFC337813F00E0F40F0A98063691BB171
:107A90000C200DB0BDE8F08F10F01AFB81460028D5
:107AA00000F0788110F020FB8246002800F06F8102
:107AB00012F0E2FE0546002800F07381D0F888003D
:107AC0004FF6FF73AB8405F1100B002800F06481C2
:107AD00005F17C0205F178010EF0F2FA8D4AD2F838
:107AE0000130C5F8A331C5F8A931B5F8763012F8E0
:107AF000011B23F4EF6323F0070343F48C7343F07B
:107B00000103A5F876309388A5F8A731A5F8AD3123
:107B100095F8A23101F0010161F3000361F3410323
:107B200085F8A23195F8373003F03F0363F07F0307
:107B300085F8373095F88E3023F0070385F88E30BE
:107B400095F83C3023F00F03002785F83C304FF4C4
:107B5000C023C5F88E312846C5E91277C5F888706C
:107B6000A5F88C7085F839706F85C5F82E702F6573
:107B7000A5F86071A5F89471A5F88A7114F082FED9
:107B800085F86471C5F8689113F070F995F89C3127
:107B900060F3020385F89C3113F06EF995F89C317F
:107BA00060F3C50385F89C3195F8623167F34103B2
:107BB000012185F86231284613F030FD05F1E0001F
:107BC00014F080FCC4E9159AC4F814B0C5E9027732
:107BD0002F702D6119F034F9002840F0D480237EF5
:107BE0000121C3F342030DF12B008DF82B300EF071
:107BF00009FC024600287DD04146304612F002FAC8
:107C0000454A464BB4F85C800721E0FB0231002571
:107C10001846C4E902553CA3D3E900232570FFF7B9
:107C20006FFA60600FF084FD00F10907B8F1000FF2
:107C300007D1357805F00F05A5F10105B5FA85F5F1
:107C40006D09207E636865F3000010F00105207661
:107C50006ED0334A0992002010600225314ADFF8C5
:107C6000C88004930BAE019305920321CDE9020075
:107C7000069400903B46CDF81C8008962A460B954A
:107C80000FF07AFC314610F0B9FA98BB27490591FC
:107C90004AF2D8330093CDE90300CDE90100CDF8D5
:107CA0001C80089606943B46012203210B950FF099
:107CB00047FC314610F0A2FAE0B994F85E3001209A
:107CC000034384F85E3018F033F800200DB0BDE8AF
:107CD000F08F2A4604F15F01C0F3C00018F07EF96E
:107CE000FF28A0763FF4B1AE284618F059F8ACE66C
:107CF00012F020B96369002B3FF4CAAE12F0F0F81D
:107D0000C6E600BFAFF300808D49FD1A07000000F2
:107D10006C360020BF7E050000CA9A3B8C49FD1AD4
:107D2000603600207DA003002D780300A19D030094
:107D3000214A2248049303F24713069402959121A5
:107D40001360A8FB000301FB08311D4B07931D4B7B
:107D500005934FF6FF7309924FF0020803930BAEA1
:107D600013A3D3E90023CDF82C800896FFF7C8F9B8
:107D70003B46CDE900504246284603210FF0FCFB6C
:107D800097E7122085E612F0ABF8032081E648461B
:107D900010F0A4F907207CE605F18000C5F8880002
:107DA00096E6504610F0A6F9484610F097F9F1E72C
:107DB0008D49FD1A0700000060360020002AE78484
:107DC0002D7803007DA0030070B5037E8AB0C3F355
:107DD00042030D46044601210DF1230016468DF89D
:107DE00023300EF00FFB31460246284612F00AF906
:107DF0001F4A204B0721E0FB023118461AA3D3E9A2
:107E00000023FFF77DF963689842054622D21B1ACA
:107E100000220192184A02930221184B0991A21ADA
:107E2000CA40A3FB0232D20800230A4409AE144917
:107E30000591CDE9033303210696D2B2009318468B
:107E40000FF0F0FB314610F0D9F938B96560002029
:107E50000AB070BDFBD9C21A0023DAE70C200AB0C1
:107E600070BD00BFAFF300808D49FD1A0700000010
:107E700000CA9A3B8C49FD1A6C360020F712DA4B87
:107E80002D780300000000002DE9F04F05468BB06F
:107E90008B4601200221994614461AF0B7FD0022B4
:107EA0000221824601200EF05FF92F494FF4D8726B
:107EB00028460EF0E5F8C61C2C4B0093F6B201954F
:107EC0004B463246012100200FF0FAFB10F0FD0F67
:107ED00042D1274BA4FB0348204621A3D3E900232A
:107EE0004146FFF70DF9089506956B680493214B01
:107EF00020F07F47A7FB0331E01A1F4B07934FF099
:107F000007021E4B059302FB07114FF6FE7368EB49
:107F1000010103934FF47A720023FFF7F1F8CDF8D3
:107F200000B0CDE901704B463246012100200FF030
:107F300007FB10F0FD0F0DD1BAF1000F02D10BB00D
:107F4000BDE8F08F0122022110460BB0BDE8F04FD2
:107F50000EF00AB900DEEFE700DEBAE7AFF300800B
:107F60008D49FD1A07000000E01A00202DA703002C
:107F700000CA9A3B8D49FD1A15A70300A1F1030021
:107F80002DE9F0418468A28C4FF6FF739A428CB0C1
:107F900000F08B800546204614F0F0FE2B7D012B6F
:107FA00000F0E380022B00F0838033B994F88E3028
:107FB00003F01803182B00F01C8194F86461002E64
:107FC00079D12B8AE78D94F93720CDE90A66002B09
:107FD00078D0002AC0F223810023A4F89031AB7C32
:107FE000A28D03F00303551C012BADB200F0858078
:107FF000B4F89431002B00F0C180AB4240F23A81DA
:108000005B1B9BB20022062BA4F89431E28540F260
:10801000B28094F937309342C0F2318100236FE08F
:1080200094F9372023F00103002A84F8D130C0F2FC
:10803000BF8094F87600C0F3C00100F0070018F08C
:108040007DFDB4F86E20B4F86C301344E28B03F27B
:108050003F1313441844B24AB24B0721E0FB0231EC
:108060001846ADA3D3E90023FFF74AF8616820F072
:108070007F408142DDE90AC380F0E780471A6060F3
:108080000021A28C24690694CDE903560332A64D43
:108090000291CDE900C7D2B20121002005950FF071
:1080A000C1FA10F0FD0F40F0F4800CB0BDE8F08193
:1080B0003D2684F86461314620460CB0BDE8F041AD
:1080C00012F0D0BF002AB8BF84F8D560AB7CA28D77
:1080D00003F00303551C012BADB20ED0B4F8903160
:1080E000002B85D0AB4240F2DB805B1BA4F89031C3
:1080F000B4F89431002B80D102E00023A4F894312D
:1081000094F83C2063F3820284F83C2029460DF168
:108110002702204614F0F2FB743000F0A580B4F87A
:108120008E3123B1AB4254D95B1BA4F88E31B4F825
:108130008A3123B1AB4245D95B1BA4F88A31E58D66
:108140000EB9AF423CD00135ADB294F8D13013F046
:1081500001077FF465AFDDE90AC3002B90D1BCF1C4
:10816000000F79D01F4619468BE70023A4F88E3103
:10817000A4F88A3121E701263346C1E7E38C052BB9
:108180008BBF40F2E2424FF4FA725A4303FB0222E1
:10819000B4F8923142F2107101FB0323013BB3FBAF
:1081A000F2F39BB2A4F89431002B7FF426AFA7E73B
:1081B00094F87700012100F0070018F0C1FC40E7B7
:1081C0003546C2E70023A4F88A31204614F028FC83
:1081D000B5E70FF0CFFF0146002868D00023A4F8D0
:1081E0008E31A38CC3801B23037100680FF094FFB2
:1081F0009DE7218DB4F88C218B1D9A42C4BF931F3B
:108200005B1AB4F88811CCBF9BB21346994264D074
:10821000A4F88831A4F88A31A4F88E21CDE694F828
:10822000D530002B4AD0013B84F8D53004F1E0086A
:10823000404614F089F9002863D0404614F084F9D0
:10824000002850D00023E385C6E6091A6060002BA1
:1082500041D151EA0C0228D115B9002E3FF425AFC7
:10826000002739463B460CE79DF82710204612F0C0
:10827000F9FE1AE70821204612F0F4FE15E7D7B9F7
:10828000D4F8D8305A0813F001033ED1C4F8D820EE
:10829000C4E60FF0DDFF84423FF407AF00DE04E7E1
:1082A0003E21204612F0DEFEFFE61F46E9E60123EE
:1082B000A4F88E313BE71346012621E70AAA0BA951
:1082C0002846FFF761FBDDE90A231343AED023788C
:1082D00084F8D530AAE70027D3E6B4F88E11002938
:1082E0007FF46BAE96E70246D4E91E010DF000FF65
:1082F0000028A7D194F83C301B0744BF238DE385A9
:108300006AE6FF2012F06EFE97E742F000421E463A
:10831000C4F8D8203B46F3E68D49FD1A070000005B
:1083200000CA9A3B8C49FD1A6DA7030000000000AB
:108330002DE9F04F87B0B0F86071BDF84C90009116
:10834000CDE90423B0F82431BDF840A01F44BFB2EA
:108350000446A7EB090390F87600D4F81C819EB27E
:10836000BDF844300193C0F3C001BDF84830039616
:1083700000F00700029318F0E1FBE58C052D40F2B8
:10838000A38015FB06F5ADB240F2E24BBAF1050F42
:1083900040F28E80B4F86E20B4F86C30134403F2CF
:1083A000D5130344764A77480721E3FB02014FF0D7
:1083B0009613E361962323846FA3D3E90023FEF78A
:1083C0009FFE564620F07F4040F2E2430BFB05F251
:1083D00003FB06F6531E3344B3FBF6F31FFA83FB8D
:1083E00060600BFB06F082425D4653D26449801AFE
:1083F000A0FB010160A3D3E90023FEF781FE20F07A
:108400007F408044B4F82421B4F86031A9EB070917
:108410004D44ADB213442B44A4F86031638D134432
:108420001D4494F837306585DB0955D100DE0027FF
:108430003546019B2385029BA4F8923131462046A4
:10844000A4F826A014F086FA4F4B218D3344881DE2
:10845000B3FBF6F39AB29042A4F88C2104D2C1F592
:108460007F41FA310A4492B2009BA4F8882113B1EB
:108470000023A4F8943143462A4639462046FFF7A4
:1084800003FD94F8623143F0010384F8623107B0D0
:10849000BDE8F08F121A3A48A2FB000136A3D3E9D7
:1084A0000023FEF72DFE20F07F40A8EB0008A9E78F
:1084B0004FF096130AF10106E36196232384B6B2C6
:1084C0000A204FF4FA7381E7039B013515FB03F58E
:1084D000ADB24FF4FA7B59E7216CA36C284F01FB36
:1084E0000233039A01FB1233A3640023C4F8DC3087
:1084F00018F0F8FC054694F8D400C0F3420018F0D8
:10850000F3FC054406FB05F5204B1E4805F57425D4
:1085100005F23F25A3FB0535AD0CA36C25640BFBD1
:1085200005FB72085B44963A934228BF1346C4E9A0
:108530001123049B40F2E24909FB03F30721236561
:10854000EBFB07010CA3D3E90023FEF7D9FD104B89
:10855000059AA8EB0008A3FB0230800A09FB00F093
:10856000A0FB070104A3D3E90023FEF7C9FD751B97
:1085700020F07F475DE700BF8D49FD1A070000002E
:1085800000CA9A3B8C49FD1A7FC3C90183DE1B4395
:108590005917B7D1000000002DE9F04F04460B68D1
:1085A000067F1768D3F800A0638CD0F81E0095B042
:1085B00015464A7CADF84C30FF2AC6F38013884636
:1085C0000C9212908DF83F307CD199461A4612AB2E
:1085D00093E803000DF1400B1090ADF84410F6093C
:1085E0000AF16501D4F800C00A915B463046CDF827
:1085F0002CC012F047FC0A9900284BD197F8A23101
:108600000A9069F3410366F3000387F8A2311098DA
:10861000BBF80430C7F8A901A7F8AD31DAF8653026
:10862000C7F8A3318B88A7F8A731E38D94F83010F1
:10863000A9722B81D4F82A306B60D4F83A30C5F88F
:10864000223005F1220094F83E30037105210DF02F
:10865000D9FE95F8273000F03F0060F3050385F858
:10866000273094F83F30C3F3040185F82810A18E19
:10867000E982012803F01F0389B20BD91B3303F0F1
:108680001F030B2B06D8063989B240F67A4399426C
:108690000A9A2BD90022CAF8082095F82C300B989A
:1086A00062F3000385F82C30012621462671E46828
:1086B0000FF026FD2068267121460FF02DFD15B024
:1086C000BDE8F08F0DF1400B10460DF13F015A4609
:1086D00017F068F89DF83F90267F09F102095FFACC
:1086E00089F98DF83F9009F0010278E7D8F8003059
:1086F0005A60E38E2B83EB8A40F2E24606FB03F9D5
:108700001146638E0A93384614F038F994F83F30D6
:1087100097F8D4205B0963F3430287F8D42018F05C
:10872000E1FB0D9097F8D400C0F3420018F0DCFB99
:108730000D9BA94A034409FB03F303F5742303F2D9
:108740003F23A2FB03239B0C2B634FEA5903963B69
:108750006B6394F8313006FB03F36B64238FA7F847
:1087600092314946384614F0F5F89C4B9C4AC7F8BC
:1087700098214B44B3FBF9F39AB2A7F88C21298BCB
:10878000881D824204DDC1F57F41FA310A4492B26C
:10879000A7F888216B68C7F8D830234613F81C2F38
:1087A000C2F34016DA0700F10D814FF48073A38302
:1087B0009AF81A0017F046FD002800F0DE80636A80
:1087C000C4F82B30238DA4F82F300C9BFF2B00F026
:1087D000ED80BDF84C301298A4F82930C4F825007B
:1087E000BBF80430A4F8233010989DF83F30C4F84B
:1087F0001F00A377EB8A63862B8BA386B7F8923191
:10880000E38697F8D430C3F3420384F8383038460F
:1088100012F03EF8A882E08021460B98D8F8044078
:108820000FF06EFCAA8AD4F800B0E2801C232371FA
:10883000002E40F0A7802677214658460FF06CFCAA
:1088400095F86700B5F85C60B5F85E40012100F06E
:10885000070018F075F9344404F2D5148346044433
:10886000604E61484FF096130721C5E90333E4FBDE
:10887000060157A3D3E90023FEF742FC20F07F4016
:108880007860D8F80C300A982A6B40F2E24101FB7C
:10889000003404F2B3440221A9EB0205A41A01201A
:1088A00000220DF061FC504611F074FDA4EB0B04A6
:1088B00047A3D3E900238146A4FB0601FEF720FC71
:1088C000CDF804A0D8F808304849009120F07F4B3B
:1088D00009F10202363BD2B25B44012100200EF0C6
:1088E000EFFE012868D09AF81830DB0756D43846D6
:1088F00011F0CEFF3B4CA5FB044935A3D3E900237F
:10890000064649462046FEF7FBFBD8F80830384AB1
:108910000792A3F13608374B069720F07F45A5FB59
:108920000331E01A344B05934FF4F87308937B68D6
:1089300004934FF0070303FB051169EB01010024C9
:108940004FF47A7200230394FEF7DAFB0336F6B293
:10895000CDE90150CDF800B0434632460121204612
:108960000EF0EEFD10F0FD0F2ED101220221104677
:108970000DF0FAFB15B0BDE8F08FC4F82B00A4F899
:108980002F0022E795F8273043F0400385F8273081
:10899000281D16F0F3FC012628854CE70023012250
:1089A0000093184611460EF055FEA0E70022C4F8C9
:1089B0002520A4F8292013E70FF04AFC824592D025
:1089C00000DE90E700DEF0E600DECEE7AFF30080E9
:1089D0008D49FD1A0700000083DE1B437FC3C901D8
:1089E000404B4C0000CA9A3B8C49FD1A29F2030007
:1089F00079F103008D49FD1AA1F103000000000088
:108A00002DE9F04F8DB0484E484D82460EF090FE55
:108A1000F16807460EF08EFE7168F76040A3D3E957
:108A200000230446A1FB0501FEF76AFB20F07F430B
:108A30009C4257D30DF12F010DF12E000FF0CAFB10
:108A4000DFF8E8803568A5FB085935A3D3E9002392
:108A500028464946FEF754FBCDF818A00446706836
:108A6000334B0593A0FB08012DA3D3E900234FF05E
:108A70000008CDE90788FEF743FB2E4BCDF80C80AC
:108A800024F07F44A4FB033120F07F40072202FB47
:108A900004110490E81A69EB01014FF47A72002383
:108AA000FEF72EFB9DF82FB09DF82EA0CDF800808C
:108AB000CDE901403B465A46504603210EF040FDA9
:108AC00010F0FD0404D06FF08B000DB0BDE8F08F06
:108AD00019481A4A00231EF0CFFC90B930690DB036
:108AE000BDE8F08F30680EA3D3E90023A0FB050199
:108AF000FEF706FB20F07F4138460EF01BFE0746CE
:108B000098E79DF82F209DF82E000094234603211E
:108B10000EF0A0FD6FF07300D7E700BFAFF3008049
:108B20008D49FD1A07000000C81F002000CA9A3BAB
:108B3000850404008D49FD1AA83D0020447B0B00EC
:108B400038B50F4D04460EF0F3FDA9680EF0F2FDA6
:108B5000696803460B48B3FBF4F4A1FB00011C4415
:108B600005A3D3E90023FEF7CBFA20F07F4084422F
:108B700094BF0020012038BD8D49FD1A0700000078
:108B8000C81F002000CA9A3BF0B5C468636883B070
:108B90000546002B54D119F07FFA002019F0A0FAF5
:108BA0000021084619F08EFA00222521082019F02C
:108BB000F5FA414B019301A819F0DCFA3F4940F264
:108BC0005B6019F08DFB237AC3F3420262F3061354
:108BD0002372204618F016FB17F0BCFB637A03F0F3
:108BE000030348BBFBB927682E68384617F060FFBF
:108BF00006446A6806F10901012019F0B9FC19F070
:108C000079FD204611F0D4FB811C3246C9B23846AA
:108C100017F050FF054600BB204617F025FFD0B9DE
:108C2000002003B0F0BD012017F078F84178821CD5
:108C3000007819F03DFCD6E7181E18BF0120F3E7B5
:108C400093F82C309B07A6D01D48214619F0F8F95F
:108C500019F0F0FAE4E700DEE2E71A4A1A491B4885
:108C600040F2114321F0A5FE194B0721A5FB030398
:108C700001FB05310EA3D3E90023FEF741FA1549A4
:108C80000246154821F095FE002585F31188BFF3B3
:108C90006F8F0323184602DF1048214619F0D0F9E0
:108CA00019F0C8FA6FF08B00BBE700BFAFF300808C
:108CB00000CA9A3B00000000D6BE898E555555006B
:108CC000F90B0400383E0500843E0500C83D050050
:108CD0008D49FD1ACC3F0500883E0500F50E0400C5
:108CE0002DE9F043C468A28A4FF6FF739A4283B01D
:108CF00000F0FD80064618F039FD3389628B208C28
:108D000094F82710A3831A4492B2104480B2431CF3
:108D100023840023638301F03F034906E28300F1CB
:108D2000A48094F82810009304F1290004F1220390
:108D300016F0E6FA0546D4E90C31A26BA08BA363CA
:108D400003FB0022E36B8A4294BF9B185B188B42A3
:108D500028BF0B46626CE363236C94F867101A44D7
:108D600094F82C3061F306130021C4E9101294F832
:108D70007E2084F82C3012F0040200F0898019F073
:108D80008BF9002019F0ACF9201D19F0F3F92389B3
:108D9000A17A40F25B6043EA014119F0A1FA28464A
:108DA00017F098FE2146584819F04AF9A08919F0A1
:108DB000D3FB94F8662094F86700C2F3C003002147
:108DC00002F0070200F0070019F0F0FA204618F050
:108DD00067FDD4F800803768404617F069FE074405
:108DE000726807F10901002019F0C2FB814619F0F1
:108DF00055FC002019F06CFCE36B94F8670003F15C
:108E00002F02636C012100F0070003EB420519F00B
:108E100003FA4D44054494F8670000F00700022867
:108E200034D004280CBF4FF4BC73282301211D4407
:108E300019F0F4F9284419F023FCA18A03313A46C9
:108E4000C9B2404617F036FE0546A8B1B37A13F012
:108E500002062BD000252D48214619F0F1F819F013
:108E6000E9F9284603B0BDE8F083218D04F1220220
:108E700016F088FA05465EE7204617F0F5FD002853
:108E80003CD10025284603B0BDE8F0831823CDE788
:108E9000D4E91A010DF02CF900287FF470AF94F892
:108EA0007E3043F0040384F87E3068E7184A19499D
:108EB00019484FF4AC7321F07CFD18480721A5FB3D
:108EC000000301FB05310EA3D3E90023FEF718F9D7
:108ED00013490246134821F06CFD86F31188BFF355
:108EE0006F8F0323184602DF6FF08B05B3E70E4840
:108EF000214619F0A5F819F09DF9C2E700DEC0E798
:108F000000CA9A3B00000000C51A0400D50B0400FB
:108F1000B43E0500843E0500C83D05008D49FD1A9C
:108F2000D83F0500883E0500F90B0400024840F2D6
:108F30001F5200231EF014BD500C002013B507482B
:108F40000469836801A95B68984720B92368019880
:108F50005840C0F3007002B010BD00BFE42D050002
:108F6000024606480369DB78C3F3401393428368E3
:108F70004FF0005114BFDB681B691847E42D050052
:108F80002DE9F0412A4BDFF8AC8053F8206088B01F
:108F900004463046FEF7E0F83146054602462648CC
:108FA00029F0F1FD1422002103A888F8115029F0BE
:108FB00011FE224B1B5D8DF80C300322A023CDE95E
:108FC00004230127F023069300971D4B414603A875
:108FD00006F084FC10F10C0F04EB070510D1194AC0
:108FE00019482B46022122F04BFD184B18481C60F3
:108FF00040F2676200231EF0B3FC08B0BDE8F081C8
:1090000038B1144A00902B460F48394622F042FDF1
:10901000F3E7FFF7A5FF104821F0BEFC0F483246EA
:10902000294621F0B9FC0E4821F0B6FCE5E700BF67
:109030009034050048020020484D0020694D002072
:10904000883405000C4C0500C0320500F8220020D1
:10905000200C0020464C05007A4C05009E4C050073
:109060007B4C050070B5FFF769FF38B3144C154D04
:109070002368154E15480133032293FBF2F202EBED
:1090800042029B1A2B600123337021F085FC1048AB
:1090900021F082FC0F4821F07FFC06F0F7FD0E4B1B
:1090A000186820B1BDE87040132124F08CBE3070E8
:1090B00028682060BDE87040FFF762BF70BD00BF48
:1090C000102300200C230020684D00207A4C05005E
:1090D000BD4C05007B4C050008230020014B18689F
:1090E000FFF74EBFF822002010B50F4C0F4821F0BB
:1090F00053FC206818B107F003FA0023236000F046
:10910000A9F90020FFF72CFF094A0A4B117841B159
:1091100000211170084A10681860BDE81040FFF780
:109120002FBF1868F9E700BF08230020E34C0500B3
:10913000684D0020102300200C2300200346024A23
:109140000248012122F09CBC014D0500C0320500FF
:1091500008B521B1BDE808400846FFF7EFBF24F08D
:1091600016FE064B18600120FFF7FAFE044B054877
:109170001968BDE80840013121F00EBC0823002029
:10918000102300201C4D05002DE9FF417C4821F0F3
:1091900003FC7C4C204627F0F8FD68B97A487B4AEE
:1091A000012122F064FC6FF01200794A034601218C
:1091B000754822F065FC3BE0204627F0E6FD0028DC
:1091C000ECD0744A1C21204621F0ADF90028ECD1E6
:1091D0004FF4B0121D21204621F0A5F90028E4D15A
:1091E000A5682369AE69002E30D01B6813F0805F3C
:1091F00014BF4FF000734FF080634FF0A0721C213A
:109200002046B0470028D0D1634A644B53604FF0EA
:1092100080539360EB691BB15F4901222046984758
:109220005F49604828F050F85F49604828F04CF8E2
:10923000002005F0FDFC034658B15D4A524801216B
:1092400022F01EFC002004B0BDE8F0816FF0570052
:10925000ABE7FFF773FE002840D05648032121F00A
:109260009BFB28F02FFA4FF47A76A0FB060506FB4D
:109270000155C40B44EA45443746ED0B40F6B83877
:10928000FFF75CFE88B128F01DFAA0FB070306FB80
:109290000131C30B43EA41431B1B4FEAD13161EB60
:1092A0000501434571F100013BDB28F00BFA4FF457
:1092B0007A72A0FB020302FB0131C30B43EA414374
:1092C0001B1B4FEAD13140F6B83261EB05019342E6
:1092D00071F100012BDA384821F05EFB374C22F0A7
:1092E00046FD0023237001260021084606F0DCF825
:1092F000002806F1010541DA314A00902B46224848
:10930000012122F0C7FB0020032D04F8010F4FF0CC
:109310000206E9D100F092F82A4B1868FFF730FEF8
:1093200090E7002140F2676028F0ECF8A8E72648B3
:1093300021F032FB03A9022001F054FE034628B1BC
:10934000224A1148012122F09BFBC7E703981946E6
:10935000826822F06CFC0446039822F067FC14B18A
:109360001B4A2346EDE71B4821F016FB4FF4C030A3
:10937000002128F0C7F8012000F0AEFCC0B2C3E71E
:10938000394D0500E42D0500C03205005D4D050096
:10939000734D050011000100FC2200202D8F0200FA
:1093A00065900200500C0020DD900200200C00208F
:1093B0008A4D0500A04D0500F74D0500694D0020C0
:1093C000C54E0500102300202C4E0500494E050017
:1093D000654E0500824E05004B1E59425941014B16
:1093E000197070476C4D00201FB508240294044C7E
:1093F0000194BDF81840009425F050FC04B010BD55
:109400006F4D00201FB541240294044C0194BDF817
:109410001840009425F042FC04B010BD0E7E0500FB
:109420001FB504240294044C0194BDF81840009424
:1094300025F034FC04B010BD0A7E0500034A002369
:1094400013605360024A1370704700BF6F4D0020D5
:109450006C4D0020014B00221A7070476C4D0020AB
:109460002DE9F84F8A4600AF002974D004680E1F1A
:10947000361BF50826F0070604EB0608B8F802B01C
:109480001BF0010B16D1E94688B06A46334BCDE993
:109490000531032342F8103F31485B464FF4C25177
:1094A00001F012FBCD468BF31188BFF36F8F0423BD
:1094B000184602DF2946204621F079F8284434F87E
:1094C0003030C01A854217D0E94688B06A46254B2D
:1094D000CDE9053A032342F8103F214800234FF419
:1094E000C25101F0F1FA0023CD4683F31188BFF396
:1094F0006F8F0423184602DFB8F8023023F001030F
:10950000A8F802302946204621F051F805EB000862
:1095100004EBC8035B88DA0708D44146204621F0F3
:109520008FF842462946204621F0CFF8A65BAE1BB5
:1095300004EBC6035B88DB0709D43146204621F0E3
:109540007FF82A463146204621F0BFF835462946A5
:10955000204621F031F8BD46BDE8F88F6D4F05007B
:10956000F0320500444F05002DE9F04F91B084071B
:10957000009302F004030293C2F3C20303F1010358
:10958000DDF868A0039205460E46059340F09D81E4
:10959000041D00284AD101F00706341DC6F1080653
:1095A000009B00275A1E4FF004084FF0FF33019331
:1095B0000497B946BB4643460DB100992160059812
:1095C000002800F3D78090480099814203D38F4848
:1095D0008142C0F0CF80039911F0020CA4EB05008A
:1095E00040F0D680B9F10F0F00F2CF80002D00F0CF
:1095F000D68009F140010DEB010EC0F387000199FF
:109600000EF8200C0EF8101CBCF1000F00F0C38007
:1096100060F07F000EF8200C013709F10109C5F157
:109620000801043406914FF6DA7E8CE00729B7D89A
:109630006FF01B0011B0BDE8F08F7A285BD84B2883
:109640000FD8472857D829282ED8252850D052D8A7
:10965000202818BF23280CBF4FF0010B4FF0000B40
:1096600071E04C382E2846D8DFE800F06D454545BE
:109670004545454545454545484545454545454597
:1096800045564548485656566D486A456D451848F2
:109690001845457F7C48454548457C0000204FF0F3
:1096A000000B4FF0040835E02A38C0B2012101FA5E
:1096B00000F010EA0E0F46D110F0625C2CD110EAD7
:1096C000010B40D06046013C4444B4FBF8F408FB75
:1096D00004F425B1A3EB050CA444B445A8D8002894
:1096E00070D00599013905915AF8041B009163E780
:1096F0000199013901914FF0000B24E012F8010C9F
:109700006C2834D112F8023C00206C2B8346C8D15F
:109710004FF008084346D6E70AF1070A2AF0070A7D
:109720000734FAE802BC24F0070435B10698204457
:10973000B0423FF67DAFC4E900BC08344FF0000BE7
:109740004FF00808434612F8010F002853D0BBF130
:10975000000F7FF472AF2528F5D1019B01330193EF
:109760004FF0010B4FF00408ECE7584697E7002054
:109770008346A8E7039988077FF551AF601B4FF038
:10978000010CB0F5007FFFF42DAF6FF0150051E72D
:109790004FF0000CF5E70498013004903DE7BCF170
:1097A000000F01D0013638E70298023600287FF416
:1097B00034AF0098CDE90632FDF7CEFCDDE9063284
:1097C00006442AE7042B08D10AF1040015B1DAF89F
:1097D0000010216004348246B5E70AF1070323F044
:1097E000070303F1080A1DB1D3E90001C4E9000130
:1097F00008340823A7E7631BB3F5806FC5D23DB9D2
:10980000A6F10804E01815E7E42C050040820500E5
:10981000029A28609B082B709DF81030AAB1EB705B
:10982000AF702FB108A80022C5F1010C91450ED1EF
:10983000C5F101030DF120084FF0000A01930DF16D
:10984000300BD14512D1601BF4E66B70E8E710F8DD
:10985000013B190608D50CEB040EB64503F07F0357
:109860003FF6E6AE04F8013B0132DFE71FB198F99D
:109870000020002A17DB029BD3B11AF80B2004F852
:10988000012B0022019B18191044B0423FF6D0AEC4
:1098900098F8000004F8010B00990392204629F083
:1098A00072F9039A14440AF1010A08F10108C8E7A1
:1098B00098F8002055F822300093029B45F822309A
:1098C0000098FDF749FC421CDCE76FF00D00B1E6A3
:1098D0002DE9F04F97B000AFC7E90A3205468A4636
:1098E00049B903784678807800EB830028445645D0
:1098F00024D8A0EB050AD7F8803095F80280D7F875
:10990000804003F00103FB61EB787B62B8F1000F4C
:109910000CBF002404F001041BB1D7F880309A0773
:1099200015D4A4B9FB6A1BB1BA6A514628469847B8
:10993000564630465C37BD46BDE8F08F441C204695
:10994000FDF70AFC013020440AF1010ACFE7D7F8FD
:109950008030C3F3C0033B622B78BB619B003B614B
:109960006B687B61BB6905EB830BFB6A002B77D1CE
:109970005646D844BCB11C461BF8013B55F82300A1
:10998000FDF7EAFBD7F88430013043B1D7F88830CF
:10999000A34282BFD7F8843023F814000134C345B2
:1099A0000644E9D1D846D7F8803013F0050F0CBF34
:1099B0004FF0020B4FF0010B4FF000097B6A994505
:1099C000B7D298F8013055F823A0AE4B9A4508F16C
:1099D0000208C0F04B81AC4B3A6A9A452CBF002379
:1099E00001230AB318F8021C7869FB6220F0B3FF68
:1099F000FB6AC8B1EA468AB06A46A44B05937B6904
:109A0000CDE906314FF40073ADF82030A04B42F899
:109A1000103FA04800234FF4125101F055F8023EC8
:109A2000D54609F10109C9E723B1FB6933B9A6EBB2
:109A30000B06F6E7D7F880309B07F2D55046FDF7C6
:109A40008BFBD7F884304BB1D7F888309C423FBFAE
:109A5000D7F88420431C22F8143001340644E0E790
:109A6000002C69D1B8F1000F6CD0D7F880305807BE
:109A70006BD5C14607F148004246594629F083F8A4
:109A80000BEB0803FB6000220233796A8A425ED343
:109A9000D7F8802095F801B0F969920704EB0B0321
:109AA000DBB254BF4FEA59020022002940F0A680E1
:109AB000D7F8801011F0040F14BF494600216B70D5
:109AC000A970EA703969BA6AFB6A28469847061E87
:109AD000FFF62FAFBB692B707B6AEB704946BA6A01
:109AE000FB6A85F801B085F8028007F148009847C5
:109AF000B0F10009C0F2B6803B697A6A786A03EB7C
:109B00004201FB68BA6A414403EB4000AAEB010141
:109B1000FB6A98470028C0F2A780B14409EB000611
:109B20004FF0000B07F1380AA34569D30021BA6A48
:109B3000FB6A08469847FCE6444607F138004FF0B8
:109B4000000999E74446C1469AE7A14698E713F809
:109B5000016CDFF830C155F8260013F8021C60458F
:109B6000C0F08A80DFF820C16045386A2CBF4FF012
:109B7000000B4FF0010B38B17869C7E9013220F0D2
:109B8000EAFED7E90132F0B9BBF1000F1ED0F96946
:109B900049B1611C04F1280007F13004041904F8EC
:109BA000206CCCB20FE0D7F8801049070BD509F133
:109BB000280007F1300C09F1010100EB0C0909F84C
:109BC000106C5FFA81F9013202335EE7D7F880004A
:109BD0008007DED409F1280C07F1300EF44409F1B6
:109BE00001000CF8101C07F1580151FA80F009F13E
:109BF00002095FFA89F900F8106CE4E700215EE7DA
:109C00001BF80A3087F8373055F82390D7F884309E
:109C10002BB3D7F888309B4521D2D7F8843033F85E
:109C20001B80BA6AFB6A012107F1370098470028B8
:109C30001ADB0644B8F1000F06D14846FDF78CFA4E
:109C400000F101081FFA88F8BA6AFB6A41464846E3
:109C50009847002808DB06440BF1010B64E74FF03E
:109C60000008DEE74E4664E6064662E63B6A002BE5
:109C70003FF4E0AE0023B5E6386A0028A6D04FF0E6
:109C8000000B79E7E42C0500408205009A4F05009F
:109C90000400000180320500014B1860704700BFCE
:109CA000AC02002080B505460E46174698461EF0C9
:109CB0008DF9034602F006F9DFF81890044649F8DA
:109CC0000030424630463946A84754F8090002F0B1
:109CD00095F800BF0800000008B50446EFF31183B3
:109CE000202383F31288BFF36F8F1BF0C7FF20463A
:109CF00002F012FC024820F04FFE22F063F9FCE76C
:109D00004E5005002DE9F047058B044628071746FD
:109D10000CD501290CBF45F0100545F02005258321
:109D200087F31188BFF36F8FBDE8F087022905F034
:109D3000070540F09480204621F03FF9052864D8BB
:109D400001A353F820F000BF219D02005F9E020096
:109D50000B9E0200CD9D0200E79D0200F99D0200CE
:109D600001F007035A1F012A1FD8002221F0070122
:109D7000062BD4F8008089B2C4E9002209D14346F9
:109D800003E0628B013262831B68002BF9D141F042
:109D900002012183204621F010F94FF0000900282C
:109DA0006DD041F02001218369E0042B0AD121F01C
:109DB000070189B22183204621F0FFF810B141F05C
:109DC000200121834FF00008C14658E02369D3F8F1
:109DD0000090238B23F0070343F0060323834FF007
:109DE000000846464BE02369D3F80490238B23F008
:109DF000070343F00403F1E72369D3F80890238BAA
:109E000023F0070343F00503E8E74FF00008C146DD
:109E1000E7E7012243F00803238387F31188BFF3A8
:109E20006F8F002A3BD1B8F1000F4AD1B9F1000F72
:109E300002D02D492046C847EFF31187202383F332
:109E40001288BFF36F8F238B23F008039BB2238309
:109E5000D9063FD523F01002228303F00705666977
:109E6000218B002EBFF67CAF0023D4F8008021F0B8
:109E70000701C4E9003341F0010121839946238B96
:109E800003F0070AAA4502D0A268002AC1D1B8F19E
:109E9000000F02D1B9F1000FDAD00022BAE7A168B1
:109EA0000029C0D00D680029BDD04F683346524606
:109EB0002046B8471DB12B6829461D46F3E72B46BF
:109EC000FAE74146334652462046D8F8008021F052
:109ED000A0F8A8E79A067FF523AF23F0200222839B
:109EE00003F0070527E700BF3FB0040037B504467D
:109EF0000821C06A124D21F00BFB00234FF6FF72C0
:109F0000ADF804306368ADF800208DF80620E268F3
:109F100019182B401344181A60606846ADF80210F7
:109F200021F04EFA6946204621F011FB211D204602
:109F300021F01EFA63682B40A36003B030BD00BF60
:109F40000000FFFF2DE9F7430F4681460821C06A54
:109F5000144D21F0DDFA3C68241A80463C6004EA86
:109F60000506B4421CD3A0B210B903B0BDE8F0831B
:109F700008236A462146484621F0C1F90028F4D159
:109F80006946A0B221F0B0FA38B1BDF80230BDF890
:109F900004203C602E4013441E44A4EB0804E0E778
:109FA0000020E2E70000FFFF2DE9F04704468AB0F9
:109FB00000F11407384626F0E2FFA06A8368DB68E8
:109FC0009847E06250B99F4A9F48012121F0DDF98E
:109FD0006FF0150528460AB0BDE8F087A06A8368CF
:109FE000DB6898470368013B1F2B01D9974AEBE7D1
:109FF000E368B3F5803F08D94FF48032009292486D
:10A00000934A012121F046FDE2E7A06A216807AAF0
:10A0100026F03AF808B18F4AD6E7E5682DB1089BDB
:10A02000B5FBF3F203FB12550DB18B4ACCE7238A43
:10A03000012B01D8894AC7E7E36A029593F80580A6
:10A040004FF0FF334FF0FF3238461DF0EDF8E06A75
:10A05000082121F05DFAA9460646238A1FFA85FAEF
:10A06000534544D8238A4B4500F02D8153450BD1ED
:10A07000029908234246891B204621F04EF918B95F
:10A0800002A9204621F074F902A92046FFF75AFFE1
:10A090000546002840F0B280029961604FEA1149FC
:10A0A0004FEA0949C4F80890A3688B420DD80823E9
:10A0B00003AA204621F023F9B8B903AB13F8012B0A
:10A0C000904532D101300828F8D1636802A96FF3B6
:10A0D0000F032046029321F04BF9E36802994246B0
:10A0E000204621F01AF900283CDA054686E0E168AE
:10A0F0002B04891B13FA81F1424608232046029162
:10A1000021F00BF978B102A9204621F031F909F1CB
:10A11000010902990823424620461FFA89F921F0D5
:10A12000FCF800289ED0013597E7A08803A921F00C
:10A13000DBF9626810B9911B6160B5E7BDF810A04A
:10A14000BDF80E10E06AC4F80890514421F0E0F91F
:10A1500048448242A060EED1BAF1000FEBD06FF01C
:10A160001C054BE000F08B8063684FF6FF7906EB2F
:10A170000308E368CDF808801FFA88F29B1B9A4217
:10A1800023D3374A3048032121F0FFF86168204685
:10A1900021F0FDF8014680BB6368324AE068134055
:10A1A0000344A3EB460363601340A360204621F001
:10A1B0006FFA002899D1E368A288A3EB46039A427C
:10A1C0001CD1204621F0E0F98FE7082305AA41467B
:10A1D000204621F094F8002887D105A91FFA88F0BD
:10A1E00021F082F938B1BDF814304B4503D1BDF8E8
:10A1F0001830002B6AD0B044BBE70D4638461DF03E
:10A2000085F8002D7FF4E6AE0123A374E268238A6B
:10A210000D4800920321144A21F03CFC63689AB275
:10A2200000920948114A1B0C032121F033FCA3685A
:10A230009AB2009204480E4A1B0C032121F02AFC1A
:10A24000C8E600BF96500500A0320500B8500500D2
:10A25000D5500500FE500500165105002A51050095
:10A260009C5105000000FFFF4D51050064510500A1
:10A2700076510500E26AA36812681344A360D4E92A
:10A2800001318B4208D95B1A4246204621F045F83D
:10A290000028FFF62AAFEDD16168E36801EB4602C2
:10A2A0009A4288D1124BA06801EA0302904282D000
:10A2B000204621F06CF800287FF417AF62680C4B41
:10A2C0001A40A26077E76FF02C0597E7094A0A4821
:10A2D000032121F05AF8636802A96FF30F032046A7
:10A2E000029321F045F80299204621F050F860E7EA
:10A2F0000000FFFF87510500A03205002DE9F04F57
:10A300001E46837C95B004468946904653B96B4AF5
:10A310006B48012121F039F86FF00C05284615B083
:10A32000BDE8F08FC26A0821104621F0F1F8B1B201
:10A330000190104621F0ECF8E368019AA3EB820348
:10A3400083420746C0F0B6801EB1B8F1000F00F09E
:10A35000B180D4F804A0CDF810A005AA04A9204625
:10A3600021F04CF905460028D8D1BDF814304B45F2
:10A3700007D0DDF810A063685345EED1002E39D127
:10A38000CCE705A91FFA8AF021F0AEF80028F0D03A
:10A39000BDF8183066B3B3422CD14FEA1A43BDF86A
:10A3A00016A0CDF800801B049A44E36A1B685B4248
:10A3B00003F020030293B346029B5B4528BF5B4634
:10A3C0000CAA51462046039320F099FF00284DD156
:10A3D000039B00981A460CA928F004FC50B9039B73
:10A3E000009ABBEB030B1A449A440092E4D195E720
:10A3F000002B93D0002F3CD1BA4604F1140B4FF040
:10A40000FF324FF0FF3358461CF00EFF238A9D4267
:10A410004DD0D4E901320AEB02018B422ED39BB21C
:10A4200063B3FF23ADF81E20002118220CA88DF87D
:10A430002230ADF81C90ADF8206028F0CBFB0CA9C1
:10A440002046CDE90E8621F06DF8074648B907A8E9
:10A4500020F0B6FF07A9204621F079F8074600B999
:10A46000374658461CF052FF3D4657E7C2DC0546CA
:10A4700054E7019B1F441FFA87FABEE72046FFF707
:10A4800035FD3DB9ADF82490CDF82880ADF82C60AD
:10A490008DF82E5009A9204621F0FAF80746002829
:10A4A000DFD19DF82E300135002BAFD0D8E76FF00B
:10A4B0001B07D6E76FF0150530E700BF8250050097
:10A4C000A03205002DE9FF471E46837CBDF8309081
:10A4D00004460F4690464BB92848294A012120F0EE
:10A4E00054FF6FF00C0004B0BDE8F087C06A08218B
:10A4F00021F00EF8E368A3EB4003B3423AD365685A
:10A5000001954FF0000A02AA01A9204621F076F831
:10A510000028E8D1BDF80830BB4206D102A9A8B294
:10A5200020F0E2FF50441FFA80FA019B62689A42D1
:10A5300019D0CA4515D9BDF80C30C3B1CA4516D3D8
:10A54000BDF80A10B3426FF30F0528BF33464246E9
:10A550002944204620F0D3FE0028C4D1BDF80C00C9
:10A56000C1E71D46CFE7BDF80830BB42E3D06FF02E
:10A570000100B8E76FF01500B5E700BFA032050095
:10A58000825005002DE9F047DFF854800446074665
:10A590004FF0010994FAA4F5B5FA85F509FA05F327
:10A5A0002E0108EB05156FEA030A24EA03042B7B4E
:10A5B00063B158F806301B696BB9464404227368CE
:10A5C0002846196807EA0A0721F0E1F9002CE1D1D1
:10A5D0003846BDE8F087284698470028F6D1ECE7D2
:10A5E0003033050010B51049104888B0002227F01C
:10A5F000B1F84FF400320023CDE9062300240E23E6
:10A60000CDE90334CDE90144094B0A4900944FF4E4
:10A61000407209481DF060FA0849074826F0B1FE6B
:10A62000204608B010BD00BF41A602001011002056
:10A6300071A90200404F0020800C0020CA51050083
:10A6400001481CF0E5BE00BF240A00202DE9F047B8
:10A65000804621480F4621F07AF90646002833D07B
:10A6600000252846BDE8F087237B83B12368DB689B
:10A670000BB120469847636883F8069023681B69EE
:10A68000D3B9636804221968204621F080F90136A5
:10A6900010345445E8D3B8F1000FE2D0002DDFD0DC
:10A6A0002846FFF76FFF0546002FF7D000214FF433
:10A6B000A47026F027FFF1E7204698470028E0D055
:10A6C00009FA06F31D43E2E7044CDFF814A005463F
:10A6D0004FF00109DDE700BF2423002030330500DF
:10A6E00040330500014B53F820007047C835050082
:10A6F00008B5034608462BB1044A136000F044FC39
:10A70000002008BD6FF01500FBE700BFB00200207D
:10A7100010B5044C237813B903481CF079FE0123CB
:10A72000237010BD774D0020240A002010B5044688
:10A730000B4821F00CF95CB1BFF35B8F094B53E878
:10A74000001F013943E80012002AF8D1BFF35B8FE4
:10A7500005481DF061FF0548BDE810401CF058BEDB
:10A760001C2300202023002010110020240A002098
:10A77000064BBFF35B8F002253E8000F43E8002134
:10A780000029F9D1BFF35B8F704700BF1C23002065
:10A7900070B5FFF7EDFF084C084E0546B44200D3F4
:10A7A00070BD63685B792BB123685B6813B1294680
:10A7B000204698471034F1E7303305004033050058
:10A7C00010B5044C0449204620F000FA034B1C60ED
:10A7D00010BD00BF18090020B43505001423002067
:10A7E0000D4A0E48002310B513700D4A13600D4A30
:10A7F0004FF400411360FFF77BFFFFF7E1FF0A4BC7
:10A800000A4918468B4200D310BD1A1A5C6812110F
:10A81000013222711033F5E7784D00204BB9040066
:10A820001C23002020230020303305004033050086
:10A83000014600220148002320F0E9B91809002050
:10A84000014820F080BA00BF18090020024B0146E1
:10A85000186820F0D3BA00BF14230020014820F06C
:10A8600008BB00BF1809002070B52A4B1B78002BCD
:10A870004ED0FFF7E5FF0446002846D1264B274D72
:10A880001B68002B19DD26F01DFF4FF47A76A0FB24
:10A89000063206FB0121D5E90020DB0B43EA4143E8
:10A8A0009B1A4FEAD13140F2E93261EB0001934249
:10A8B00071F1000101D3FFF76BFFD5E9003213F509
:10A8C0007A7342F10002C5E900320CB3BDE8704072
:10A8D000FFF7C4BF6B685B7923B12B6821461B6807
:10A8E000284698471035B542F4D32046FFF7AEFF0F
:10A8F000BFF35B8F0A4B53E8001F013943E8001296
:10A90000002AF8D1BFF35B8FB8E7064D064EEAE7A1
:10A91000002070BD774D00201C230020081100206E
:10A9200020230020303305004033050070B50D4D65
:10A93000297861B90120FFF789FE0B4C0B4EB44218
:10A9400006D3FFF791FF0028FBD101232B7070BDC8
:10A9500063685B791BB1236820469B689847103475
:10A96000EDE700BF784D002030330500403305008F
:10A9700000212DE9F8430846FFF768FE044648B376
:10A9800040F267684FF0000901F09CFA1A4B1B4A2D
:10A990001B58136033B11A4B1B68092B02DD194891
:10A9A0001CF036FD184F002544B12046FFF7EAFDA4
:10A9B000044618B94FF0FF384FF0FF39FFF754FF46
:10A9C000064628B9B5B90F4842464B461CF054FD1F
:10A9D0003546E9E74FF0FF384FF0FF39D4E72B68F1
:10A9E0009B691BB100221146284698471035BD428D
:10A9F000F5D3E8E7054DFAE708000000182300202A
:10AA000020230020240A00204033050030330500B5
:10AA100013B5184820F09BFF174B1B7873B1EFF369
:10AA20001184202383F31288BFF36F8FFFF71CFF7D
:10AA300084F31188BFF36F8F02B010BD0F4B1B68FA
:10AA4000002BF9D050B900220023CDE900230C4897
:10AA50004FF4004200231DF0A7FDEDE70928EBD1DC
:10AA600007481DF0D9FD074802B0BDE810401CF0B2
:10AA7000CFBC00BF20230020784D002018230020E9
:10AA800010110020240A002010B5064B1B68044654
:10AA900098472146A060044820F036F9BDE81040F0
:10AAA000FFF7B6BFB002002018090020044A054B8A
:10AAB0009B1AB1EBD30F34BF52F83100002070471E
:10AAC000D0310500303305002DE9F04F8FB004AFD1
:10AAD000C1F34A26B8600D4690467B600C0D002EEF
:10AAE00061D04FF000090A234FF0040B07F1140A5C
:10AAF000FE60C7E90799C7F824900093CDF808B025
:10AB0000CDF804A007F11C03F9684A464046FEF759
:10AB1000DFFEB0F5006F03461CD36C468AB0D8F850
:10AB2000041004AB2448C3E9050140F2FF71D96168
:10AB30001A464FF400711984204B42F8103F204808
:10AB40004B464FF41251FFF7BFFFA5462C37BD46C9
:10AB5000BDE8F08FC0F30A0604F11700184420F096
:10AB6000070080083B60FFF763FE66F35325044649
:10AB700080B13B68134A00F11001C7E90839F96157
:10AB8000CDE901AB0A230093F96807F11C034046A5
:10AB9000FEF79EFE66F353257B68B9682A46204679
:10ABA00020F015FFD2E704F1170020F0070080081D
:10ABB000FFF73EFE0446EDE7DF510500040000010B
:10ABC000A8320500A1B904002DE9F04F87B0DDE9F6
:10ABD000127ADDE9106B0546884614469946BFB1E6
:10ABE0001021CDF800A03B465A460020CDF814A015
:10ABF000FEF7BAFCB0F5006F01460BD3194A1A48AC
:10AC000040F2FF73022107B0BDE8F04F20F038BFDB
:10AC10003946384604F0070305F00704E40044EA27
:10AC2000831444EA402444EA065406F11700084419
:10AC300020F0070080080391FFF7FAFD054640B1B8
:10AC40003FB10399CDF800A03B465A461030FEF7BD
:10AC50008BFC4B4622464146284607B0BDE8F04FE4
:10AC600020F0B5BE1E520500A8320500406820B194
:10AC7000034BC01A40F3CF0070474FF0FF307047CE
:10AC8000D03105000EB403B503AB014653F8042BD5
:10AC90000448019301F09CFA02B05DF804EB03B0A4
:10ACA000704700BFE3BA0400CA0605D48B064CBF48
:10ACB00002490349FFF7E6BF704700BF575205003E
:10ACC000565205002DE9F04F89B09846159B069322
:10ACD000DDE916A39DF85090189F059204460D4695
:10ACE0000493B9F1000F00F0B08007F4807307936C
:10ACF00020F04BFE07F0020B0246002874D0784982
:10AD00002046FFF7BFFF0646BBF1000F08D017F043
:10AD1000440F6BD173492A462046FFF7B3FF064420
:10AD200007F0010353B1704B704953F82920704B61
:10AD30002046002A08BF1A46FFF7A4FF07F48073D5
:10AD4000002B07F0080318BF4FF00008002B79D044
:10AD5000684B694953F829202046FFF793FF0546C1
:10AD6000059B2BB165491A462046FFF78BFF05442A
:10AD7000B8F1000F05D0624942462046FFF782FF36
:10AD8000054460483544069B1BB15F4922461FF0CD
:10AD9000B1FD049B002B00F08E80DDF81080394659
:10ADA000B8F1100F204628BF4FF01008FFF77CFFC6
:10ADB0000026B54250DC002633461AF803205349DA
:10ADC0002046FFF75FFF0136102E4BD0710703D1ED
:10ADD0004F492046FFF756FF46453346EDD34D49D0
:10ADE0002046FFF74FFFEEE706468DE74A4B18680F
:10ADF000002894D0494B4FF47A7B1B68B5FBF3F5E0
:10AE00004FF46163B5FBF0F100FB11550BFB05F549
:10AE10004FF03C0CB1FBF3F203FB1211B5FBF0FE5B
:10AE2000B1FBFCF300FB1E550CFB13110BFB05F5EE
:10AE30000091B5FBF0F53A49CDE901E52046FFF771
:10AE400021FF6CE707F008058AE7B8F1010F0CBF96
:10AE50002C4834484D4696E72D492046FFF712FF0F
:10AE60000136A6E7304920460026FFF70BFF3346A0
:10AE70001AF803202D49A2F120035F2B28BF2E22B0
:10AE80002046FFF7FFFE0136102E0DD0720703D1CA
:10AE90001F492046FFF7F6FEB0453346E8D81C4967
:10AEA0002046FFF7EFFEEEE7049BB3EB0803C24436
:10AEB00004937FF472AFB9F1000F0AD0FB0704D5F9
:10AEC0000B4A0A492046FFF7DDFE39462046FFF7C8
:10AED000EBFE204609B0BDE8F04F20F0F5BD00BF05
:10AEE0005E52050062520500D83505000C5E050073
:10AEF00059520500EC350500875205008D520500BA
:10AF000091520500E3BA0400D1C102009652050037
:10AF10009E5205009C5205002C230020282300206F
:10AF20006B52050019BB0400A0520500A252050097
:10AF300073B542F20F738B4228BF0B4605680F4A68
:10AF40000446052168461FF019F863680C495B68E0
:10AF500006460B22284620F0A9FD63683246694662
:10AF600028465B6820F0A2FD636806495B681B22E7
:10AF7000284620F09BFD02B070BD00BF8A7A050014
:10AF80006B7E05004F7E0500074A00210123904299
:10AF900006D8064A01B901231360054B18607047B3
:10AFA00040085B000121F2E740420F002823002007
:10AFB0002C230020F8B5074F0D4604464618B4422E
:10AFC00001D12846F8BD14F8011BBB6801485B6835
:10AFD0009847F4E7002E0500014B036000207047FE
:10AFE0003436050070B5104B1C680D46B4B10F4BDC
:10AFF000196800238B4202DB6FF0010070BD22460E
:10B0000012F8106B864202D001331446F2E7E06872
:10B0100025F0BBFE28B12C600020EFE76FF00C009C
:10B02000ECE76FF01200E9E7BC02002034360500BF
:10B0300010B588B0436802938368C068CDE90332D5
:10B040000A680023CDE906230C4601AA04490593AA
:10B0500025F01EF8079808B9059B236008B010BDBD
:10B0600059BC040007B51B491B4821F0B1F970BB5E
:10B070001A49194821F0ACF948BB1949164821F082
:10B08000A7F920BB1749144821F0A2F9F8B90146E5
:10B09000154A114821F083FCC8B9024613490E48ED
:10B0A000012321F056FD90B90123009301460223AC
:10B0B0000948EF2221F096F848B9074821F0BBF87B
:10B0C00028B9054803B05DF804EB21F0E4B803B0FB
:10B0D0005DF804FB34030020880B00201C030020D3
:10B0E00004030020EC020020C0020020DF52050013
:10B0F0001FB507240294044C0194BDF81840009435
:10B1000023F0CCFD04B010BDB408002010B5DFF86A
:10B1100024C086B04FF42814CDE904C40824029456
:10B1200004AC0194BDF82040009423F0B7FD06B0B4
:10B1300010BD00BF1800280010B5084C86B0247858
:10B140008DF81740012402940DF117040194BDF805
:10B150002040009423F0A2FD06B010BDBB080020E3
:10B1600080B50D4A0D4B00AF88B0012908BF1346CA
:10B170006A460B49CDE905134FF40073ADF81C3056
:10B18000084B42F8103F084800234FF4E651FFF700
:10B190009BFCBD4680BD00BFC2770500FE77050061
:10B1A0001553050003000001D03105002DE9F041E1
:10B1B0000C4B1C6805460E4617467CB100F06AF938
:10B1C00063682046D3F8108032463B462946C04784
:10B1D000044600F069F92046BDE8F0816FF00104F3
:10B1E000F9E700BF5423002000230360044B5A6892
:10B1F00012B9C3E90000704710605860704700BF83
:10B2000058230020014B1860704700BF54230020D2
:10B2100030B585B00023CDE902330546019000F03A
:10B2200039F9094B1C6844B9284600F0D5F80446A2
:10B2300000F03AF9204605B030BD636820461B682F
:10B2400001A998472468EEE7582300201FB5CDE9EF
:10B250000101039200F01EF9074B1C6824B900F0AD
:10B2600023F9204604B010BD636820461B6801A97D
:10B2700098472468F2E700BF58230020024B0022C1
:10B28000C3E90022704700BF58230020024B002270
:10B29000C3E90022FFF7F2BF602300202DE9F74346
:10B2A00007460C4609B100230B601F4DDFF87C9068
:10B2B00000264D450FD31E4B1D6885B355F8188CDD
:10B2C00001AA41463846183D20F058FD10B3D6B9C2
:10B2D00014BB2E461EE0D5F8008001AA4146384630
:10B2E00020F04CFD50B116B954B92E4606E0316835
:10B2F0000022404620F042FD0028F5D11835D8E75D
:10B30000019B2360F1E731680022404620F036FDC2
:10B310000028DDD1AD69D0E7019B2360D9E7304635
:10B3200003B0BDE8F08300BF40330500D033050013
:10B33000602300202DE9F04784B002AF0446D7F81F
:10B34000289078600D4616469846B9F1000F07D050
:10B35000D9F8001031BBD9F804A0BAF1000F28D1F8
:10B36000391D2046FFF79AFF08B3D0F80C90786893
:10B37000434632462946C847C8B16D468AB002AA3C
:10B38000124BD061C2E905344FF400731384104BA3
:10B3900042F8103F0F4800234FF41151FFF794FB80
:10B3A000AD4604E03A1D20F0E9FC0028D3D100208E
:10B3B00007E0D9F8083000937868434632462946BA
:10B3C000D0470837BD46BDE8F08700BF2E530500C3
:10B3D00004000001003305002DE9F047DFF8A890D4
:10B3E000DFF8A8A080464FF000470026284C3D46D5
:10B3F0004C450DD3DAF80040002C40D0183CB8F191
:10B40000000F24D1226952BBA469F5E72F46EDE76E
:10B41000B8F1000F03D122694AB91834E8E720686F
:10B420000022414620F0AAFC0028F4D1F5E7636829
:10B43000BB4206DDAF4202D0AB42A8BF2B461D4641
:10B44000EBE7EAD19047002E08BF0646E5E7206803
:10B450000022414620F092FC0028D3D1D4E7636853
:10B46000BB4206DDAF4202D0AB42A8BF2B461D4611
:10B47000CAE7C9D19047002E08BF0646C4E7AF42CD
:10B48000C4D13046BDE8F087D033050060230020EA
:10B490004033050003484FF0FF324FF0FF331BF0FD
:10B4A000C3BE00BFD809002001481BF02FBF00BF5A
:10B4B000D809002038B5094DFFF7ECFF2B785BB9B0
:10B4C000FFF7E4FE00F068F8044608B901232B708A
:10B4D000FFF7EAFF204638BD0024F9E77A4D002047
:10B4E0002DE9F043048F013499B006460F46A4B20B
:10B4F00000F10808651EADB2B5F5004F47D04A23EC
:10B5000005AA2946404620F007FA04F57F543F3447
:10B51000A4B28146214601230DF10B02404620F0E2
:10B52000FBF9B9F1000F014610DC002810DC338F65
:10B53000AB4209D132466B1E22F8383F4FF400412E
:10B5400002234046FEF7DAFE2C46D3E7002808DC4B
:10B550002946404620F0DCF92146404620F0D8F943
:10B56000E5E709F160030DEB0309002309F84C3C02
:10B57000084A009703AB05A8CDF80C80ADF8104041
:10B58000FFF7D8FE0028DFD019B0BDE8F083002017
:10B59000FAE700BFEDBD04007FB501236946022034
:10B5A0000193FFF71FFD044660BB02AA01A9022018
:10B5B00020F074FB044610B110F10C0F22D1039956
:10B5C000B1F5803F23D2009A0023946818460844BE
:10B5D00084421AD30133082BF9D10E4D69612B83B4
:10B5E0005368AB602846D368EB6320F095FC0446B3
:10B5F00040B9094E6E602846FFF7F6FD28466E609A
:10B60000FFF700FE204604B070BD9BB2E5E76FF087
:10B610002004F7E768230020F437050008B5034845
:10B62000034A0021121A20F0ACFC08BD200C0020B7
:10B63000084F00200748084A084908B5121A20F0A8
:10B64000A2FC0748074A0849BDE80840121A20F042
:10B650009ABC00BF000000201C0C002040820500A6
:10B660000000002000000020408205002DE9F04786
:10B67000064600AF0C46002936D0E9468AB0D1E92B
:10B680000012A3686D462148E8464FF0050ACDE94F
:10B690000501CDE9072348F810AF1D4842460023B5
:10B6A0004FF42151FFF710FACD46D4E90312636934
:10B6B000AD461848C5F810A0C5E90501C5E907233E
:10B6C0001348002342464FF42151FFF7FDF9CD46C0
:10B6D000E369114A0E48012120F0D2F9A3690F4A0B
:10B6E0000B48012120F0CCF9012E07D1EFF305839F
:10B6F0000B4A0748103B314620F0C2F9214630463C
:10B700001BF0D8FABD46BDE8F08700BF53530500D3
:10B71000E832050082530500B1530500C05305000F
:10B72000EE53050030BFFFF7FDBF00BF2DE9F0412C
:10B730000B4EDFF8308006EB0807CC1B054632467F
:10B740000949204627F01FFAA01942460021083C6B
:10B7500027F040FAAC6707F10800BDE8F08100BFB0
:10B760000000000008000000D033050010B5204C98
:10B770002049214820F014FCA36A990136D51E48BF
:10B780001E4920F00DFC1E20A36ADA0104D51A48D8
:10B790001B4920F005FC1F20154CA36A1B0304D590
:10B7A0001548184920F0FCFB2120A36A590304D551
:10B7B0001148154920F0F4FB22200D4CA36A9A038E
:10B7C00004D50D48114920F0EBFB2320A36ADB03CD
:10B7D00004D509480E4920F0E3FB2420044A936A6B
:10B7E0006FEA03436FEA1343936210BD1D20CBE75A
:10B7F00000ED00E001540500E83205001954050091
:10B800002C54050046540500645405008954050075
:10B81000A354050070B506460D46284C2849294812
:10B8200020F0BEFBA36AD9043CD52648264920F067
:10B83000B7FB1720A36A1A0504D52248234920F034
:10B84000AFFB18201D4CA36A9B0512D51D4820494B
:10B8500020F0A6FBA36BA26A100409D51D4A194863
:10B86000012120F00DF91EB1A36A23F40043A36265
:10B870001920124CA36A590504D51248164920F024
:10B880008FFB1A20A36ADA050ED50E48134920F063
:10B8900087FB1B20094A936A43F47F43936200238A
:10B8A0002B7070BD1620C5E7A36A9B04F2D505482E
:10B8B0000B4920F075FB1C20ECE700BF00ED00E019
:10B8C000CE540500E8320500E4540500F5540500A7
:10B8D0000855050021550500365505005155050050
:10B8E000695505002DE9F843804689461746354DD0
:10B8F0003549364820F054FBAB6ADE0627D534497B
:10B90000324820F04DFB1124AB6A1D0704D53149A4
:10B910002E4820F045FB12242A4DAB6A980718D513
:10B920002D492A4820F03CFB6E6BAB6A190646D5C0
:10B930002A4A26483346012120F0A2F8B9F1000F27
:10B9400003D0AB6A23F08003AB62132403E010241E
:10B95000DAE76FF015061B4DAB6ADA0704D520490C
:10B960001A4820F01DFB1424AB6A9B0604D51D4920
:10B97000164820F015FB1524124B9A6AD50602D4FE
:10B980009A6A90070AD55B68190507D54146304683
:10B9900000F0EAF910B180F309880224094B9A6A91
:10B9A000920642BF5A6A22F400525A629A6A42F0E0
:10B9B000FF029A6200233B702046BDE8F8836FF0D7
:10B9C0001506C2E700ED00E098550500E8320500D5
:10B9D000AE550500F5540500E1550500F955050083
:10B9E0000F560500695505002DE9F041684B8AB0F6
:10B9F000D3F8048000AF0446C8F30806002585F399
:10BA00001188BFF36F8F02F07F43B3F17F4F07D1EF
:10BA100002F00C03082B12D15E495F4820F0C0FAF7
:10BA200000252C460023FB71F31E092B00F28F80AA
:10BA3000DFE803F00A8588818D8D8D8D8D8B100751
:10BA40004CBF0C460125EDE754495348504E20F0B9
:10BA5000A7FA0023FB71F36A9A0705D550494E48AF
:10BA600020F09EFA00232DE0F36A002B01DA4D4905
:10BA7000F5E7F36A5B00F5D54B49474820F090FAAB
:10BA80007369A26943F480737361BFF34F8FBFF38F
:10BA90006F8F32F8023C726922F480727261BFF3D8
:10BAA0004F8FBFF36F8F03F47F42B2F55F4F2BD1FF
:10BAB000DBB2022B28D123683C4A374801211FF012
:10BAC000DFFF2368FA79DAB907F1080604F1200CE0
:10BAD00020686168324603C2083464451646F7D1CF
:10BAE0007A6A002D50D0C2F3080121B96FEA5222C0
:10BAF0006FEA42227A6207F108011846FFF7B6FDA5
:10BB00002837BD46BDE8F081214B9A6AD2B22AB1EE
:10BB1000FA1D01212046FFF7E5FE0EE09A6A12F4B5
:10BB20007F4F04D0F91D0120FFF774FE05E09B6AEA
:10BB3000B3F5803F96D3FFF719FE0346C2E7FA1D1F
:10BB40000021E7E7F91D0020EEE7194987E7194AC8
:10BB5000194B18F4F87FE8468AB008BF13466A46C6
:10BB60001649CDE905134FF40073ADF82030103EAF
:10BB7000134B079642F8103F074800234FF411512A
:10BB8000FEF7A2FFC5466DE76FF30802B2E700BFFC
:10BB900000ED00E05C560500E83205008756050020
:10BBA0009E560500BF560500CD560500EC56050013
:10BBB000085705002E560500435605002C57050072
:10BBC00004000001044B5A6942F010025A615A699C
:10BBD00022F008025A61704700ED00E0EFF30880A0
:10BBE000EFF3098101B57246FFF7FEFE01BD00BF0C
:10BBF0000B4880F308881AF061F8202080F3118840
:10BC000008484FF40461401880F30988EFF314806A
:10BC10000221084380F31488BFF36F8F00F06CF8A3
:10BC200080870020C06D00201EF0040F0CBFEFF3D2
:10BC30000880EFF30980816911F8021C0229FFD006
:10BC400001B5724620F0A1F901BD00BF40B2002845
:10BC500007DB044A4109012300F01F00834042F83A
:10BC60002130704700E100E040B200280CDB4309BE
:10BC7000064900F01F0020330122824041F82320B2
:10BC8000BFF34F8FBFF36F8F704700BF00E100E03D
:10BC9000054B420900F01F0053F82220012303FA4C
:10BCA00000F01040704700BF00E100E040B2002803
:10BCB000A8BF00F1604001F10101B8BF064B4FEA97
:10BCC0004111ACBF00F5614000F00F00C9B2B4BF34
:10BCD000195480F80013704714ED00E0044B054A36
:10BCE00023F07F039360BFF34F8FBFF36F8F7047D5
:10BCF0000070020000ED00E008B5FFF7EFFF0B4A0F
:10BD0000D2F8883023F47003C2F88830EFF314833C
:10BD100023F0040383F31488BFF36F8FFFF77EFCD7
:10BD2000FFF788FC00F0B0F81BF0EAF800ED00E047
:10BD300042F8203C009B42F81C3C0A49019B42F817
:10BD4000183C029B42F8143C21F001014FF0807333
:10BD500042F8043C42F8081C0023203A0265C367FD
:10BD6000704700BFA59C0200094A0346906870B165
:10BD700013F1160F806E05D0A0F14002934205D357
:10BD8000834203D2814228BF0020704700207047C1
:10BD9000F045002008B515460B4A0C4B9060826FA9
:10BDA0001A600E4600F0A0F82C4686F309880020A1
:10BDB000034B98472046002100220023014C2047D6
:10BDC000B7BF0400A59C0200F0450020A823002076
:10BDD000014B10221A61704700ED00E0054B5A69D3
:10BDE0009B689A421FBF044A536843F080535360D4
:10BDF000704700BFF045002000ED00E0084B9B6855
:10BE000083420BD1EFF3058343B1064B5A6842F0EE
:10BE100080525A605A6A22F400425A621CF0DCB81E
:10BE2000F045002000ED00E014498A684FF0300032
:10BE30001044EFF3098C80E8F01F202080F3128873
:10BE4000BFF36F8F0E4F4FF000664A698A603E6005
:10BE5000906F0C4C2060D06F0023D36780F3118863
:10BE600004B5104600F040F8BDE8044002F130008F
:10BE700090E8F01F8CF3098870470000F04500201F
:10BE800004ED00E0A8230020044800232021C2186C
:10BE90000133302B82F80013F9D1704700E100E044
:10BEA00008B5EFF30583064A103B02EBC30152F8D5
:10BEB000330049688847BDE80840FFF78FBF00BFDF
:10BEC000C42E05000148006870470000A823002028
:10BED000024B034A0348012100F08AB80000042005
:10BEE0000000002010380500836E054A403B1360B7
:10BEF000044B4021C2E901131046012100F082B831
:10BF0000AC23002000000B1508B503461048D0F8FC
:10BF10009020C2F30722013A934207D90D480E4AF6
:10BF200001211FF0ADFD6FF0150008BDC0F898307D
:10BF30000A6822F01F021A4342F01002C0F89C2047
:10BF40008A6842F00102C0F8A0201846EDE700BF61
:10BF500000ED00E0C832050043570500F0B50E467D
:10BF600085B01F4604460025B5420DDA606810B35F
:10BF700097B1431E18420AD0104A11482B4601219E
:10BF80001FF07EFD6FF01502104605B0F0BD1F28B2
:10BF9000F2D921680B42EFD12368019320F02EF8EB
:10BFA000A36801A90343D0B20393FFF7ADFF10F1DB
:10BFB000160FE7D0421C01350C34D5E76957050050
:10BFC000C8320500044B0522C3F89420BFF34F8FFD
:10BFD000BFF36F8F704700BF00ED00E0BFF35F8FCE
:10BFE000024B0022C3F89420704700BF00ED00E030
:10BFF00010B5034C01232278FFF7B0FF207010BD6D
:10C000007B4D002008B50B4A00231278FFF7A6FFEE
:10C0100010F1160F07D0084A0021D2F89030C3F370
:10C020000723984200DB08BDC2F89800C2F8A010B0
:10C030000130F2E77B4D002000ED00E02DE9F043F8
:10C040005D485E49D0F890300C68C3F307239C42EA
:10C0500085B000F2AE80FFF7C1FF4968002294422C
:10C0600001F10C011AD1564F564D3C706846FEF74F
:10C07000B3FF554C554E81464FF00008C14520D1C5
:10C080003B784D490020D1F89020C2F3072293421B
:10C09000C0F28980FFF796FF002050E0C0F898209A
:10C0A00051F80C3C23F01F03134343F01003C0F876
:10C0B0009C3051F8043C43F00103C0F8A030013239
:10C0C000CDE7009800EB08114FEA081CCB6823402D
:10C0D000B3F5000F49D00BD8B3F5001F32D0B3F53C
:10C0E000800F37D0B3F5801F14D008F10108C5E7E1
:10C0F000B3F1007F42D0B3F1805F48D0B3F1807FCD
:10C10000F3D150F80C3088684A681FF077FF40F090
:10C11000887009E050F80C3088684A681FF06EFF9C
:10C1200040F0885040F43020039001A93878CDE9E0
:10C130000123FFF7E9FE002831DA6FF0150005B0A2
:10C14000BDE8F08350F80C3088684A681FF056FF4D
:10C150003043E9E750F80C3088684A681FF04EFF1A
:10C1600040F0007040F40030DEE750F80C30886892
:10C170004A681FF043FF40F08270D5E750F80C305A
:10C1800088684A681FF03AFF40F48020CCE750F8F6
:10C190000C3088684A681FF031FF2843C4E73B78B9
:10C1A00001333B70A1E7C1F89830C1F8A00001331A
:10C1B00069E74FF0FF30C2E700ED00E01C380500F2
:10C1C0007B4D0020000002110000F0FF000008116C
:10C1D000F0B587B007460E46144600211022684687
:10C1E0001D4626F0F7FC02238DF802302A46054B47
:10C1F000019321466846CDE904761DF04FFF07B054
:10C20000F0BD00BF1DC0040008B5024B1B68984775
:10C21000002008BDB8230020034B044A186093781F
:10C2200043F0020393707047B8230020A803002056
:10C2300008B50649064821F00701C1F1005202F590
:10C2400080221EF016FB002008BD00BF5FAC00205E
:10C25000BC23002003484FF0FF324FF0FF331AF0A9
:10C26000E3BF00BFB803002001481BF04FB800BF78
:10C27000B803002038B50546FFF7ECFF08482A460A
:10C2800008211EF085FA044628B925B1FFF71AFEE9
:10C29000044B0C221A50FFF7E7FF204638BD00BFC1
:10C2A000BC2300200C00000010B50446FFF7D2FFAD
:10C2B00021460348FDF7D4F8BDE81040FFF7D4BF8E
:10C2C000BC23002070B5A0FB015434B92846FFF709
:10C2D000D1FF064640B9304670BDFFF7F3FD054B70
:10C2E0000C221A500026F6E72A46214626F072FC58
:10C2F000F1E700BF0C00000070B54169867A0B4D74
:10C30000044659B1437ADB0706D4242303FB0653C2
:10C31000DB691B689B6898470023636124202146E2
:10C3200000FB0650BDE8704024F0EBBE680A002018
:10C33000024B242202FB0030704700BF680A002035
:10C34000827A064B242101FB02331A6A1B7D1B33C0
:10C35000801A23F00303B0FBF3F07047680A002053
:10C3600038B5074B827A242404FB0233DB69D3E916
:10C3700001240C601568FFF7E3FF04FB005038BD93
:10C38000680A00202DE9F04385B005466846039110
:10C3900090461C4625F098F9DDE90067EFF3118916
:10C3A000202383F31288BFF36F8F6B8A002B41D059
:10C3B0002A8A9A4225D90022002328461AF0F6FF3D
:10C3C0000446F0B189F31188BFF36F8F039B002BF4
:10C3D00041D032463B46684625F09BF9A27A264B6F
:10C3E000242101FB02332046DB691B6803A91D6879
:10C3F000DDE90023A847606170BB2046FFF77CFFA2
:10C4000024E0698A4B1E6B8289F31188BFF36F8F1A
:10C410002B7D2A8A2C6A1B3323F00303521A02FB5A
:10C420000344154B154AEB1A9B105343A3722B7D03
:10C43000E372CBE789F31188BFF36F8F234642463F
:10C4400028461AF0B3FF04460028BFD10024204636
:10C4500005B0BDE8F0836361012300252381039BC0
:10C460006382E27A6560294604F1180026F0B2FB87
:10C4700063692582E360EAE7680A0020398EE338C1
:10C4800070B50D4C242500B970BD037A4668002BA9
:10C49000FAD0013BDBB20372002BF5D1C3604360DD
:10C4A000837A05FB03439B6913B198473046EAE75B
:10C4B000FFF722FFFAE700BF680A00200C4B0122B9
:10C4C000C3F840254FF080434FF08051C3F87825E2
:10C4D000D1F83001082805D1D1F83411022908BF5C
:10C4E000C3F838260122C3F880250020704700BF1A
:10C4F00000E0014048B1054B054A1B68B3FBF2F36D
:10C500005843044B43F00103184770477808002054
:10C5100040420F0080340500BFF34F8F0549064BA2
:10C52000CA6802F4E0621343CB60BFF34F8F00BFD1
:10C53000FDE700BF00ED00E00400FA0508B5054A7C
:10C54000054B136010463C23536019F08DFC00200E
:10C5500008BD00BFC82300203FC00F002DE9F041F7
:10C5600090F8283003F01F03012B04460F4600F11A
:10C5700028062FD0022B18D08BB394F82910204610
:10C580001FF0CCFE024678B330461FF0B1FF1D4DC0
:10C59000002834D113693BB33A46314620469847C8
:10C5A0000346FFF78FFC2B5024E0818DC9B220F0A9
:10C5B00096FA05460028E0D030461FF099FF024663
:10C5C00068688368CAB99B6873B13A463146BDE86A
:10C5D000F0411847818DC9B220F068FAE9E790F878
:10C5E000291020F09FFAE4E7FFF76CFC054B6FF091
:10C5F00085021A500020BDE8F081DB68E4E7D368CB
:10C60000C9E700BF0C0000002DE9F04F0B7E33F0AE
:10C61000800893B004460D46164640F08E847AB1E9
:10C620000846FFF72DFF6B7EDF0703D49E0711D569
:10C630002B7E7BB9204613B0BDE8F04F1FF084BFBE
:10C640004A7E00F12809900708D5802B0CD1284696
:10C65000FFF716FF404613B0BDE8F08F910700F0DA
:10C660002784002B40F02484D2072FD52B8A082B57
:10C6700040F00684EA681368A3625368C9F804307E
:10C68000294600201FF030FD054610B1FFF7F8FEE7
:10C69000EFE048461FF02CFFE28D70B9B2B1294699
:10C6A000A06923F0F9FA0146002800F02D84204605
:10C6B00013B0BDE8F04F20F0B8BB3AB111462046A8
:10C6C00020F0AEFB0546002800F01E84FFF7FAFBC1
:10C6D00094F82880B14F002318F0600FC351C8F3BD
:10C6E000411307D0032B40F0BD81FFF7EBFB6FF048
:10C6F000850337E048461FF0FBFE94F829300028F8
:10C7000040F04E81013B0A2BEFD801A252F823F0F2
:10C7100087C80200EBC6020013C90200EBC6020084
:10C720003DC70200EBC60200EBC60200EBC60200EA
:10C73000ADC70200EBC602000FC80200618D7F2961
:10C74000D3D8A38D002BD0D1E38D002BCDD118F001
:10C750001F0FCAD194F83030022B05D1FFF7B2FB7E
:10C760004FF0FF333B5076E0A069036993F88030C7
:10C770001B0707D5C9B21FF01DFF804628B1002D49
:10C780006CD167E7012384F8393094F83030012BFD
:10C790000AD1638D43B984F83030FFF793FB3B58DF
:10C7A000002B00F0858056E00123F4E720461FF0BF
:10C7B00014FD628DFF2A014697D8E38D002B94D19A
:10C7C00094F82830D80690D194F83030002BC5D09A
:10C7D0002AB1D2B2204620F08FF80028BED0618D59
:10C7E00094F838308B42D8D0C9B2204620F08BF86C
:10C7F00080460028C3D1628D002A14BF0223012382
:10C8000084F830300521204620F09AFBC5E708F077
:10C810001F08B8F1010F7FF468AFE38D002B7FF4A0
:10C8200064AF628DFF2A3FF660AFA18DFF293FF60E
:10C830005CAF94F83030022B90D1D2B2C9B220460E
:10C8400020F071FA10F1020F804640F01081FFF7DE
:10C8500039FB47F8008065B14FF000082846FFF724
:10C860000FFEB8F1000F7FF4F5AEFFF72BFB3B583E
:10C87000F3B148461FF03CFE0346A069002B00F0D0
:10C880004F83802155E3E38D002B7FF42EAF94F886
:10C890003030002B3FF462AF012BA18D02D1002973
:10C8A0007FF45CAF18F01F080CD0B8F1020F16D05F
:10C8B000E38D002B40F0D78220461FF02FFE00288A
:10C8C000D7D1B7E600297FF449AF638D012BEFD1B3
:10C8D00094F86C3061F3C30384F86C30E8E7B4F883
:10C8E0002AA0BAF1000FE3D15FFA81F84146204651
:10C8F00020F00CFB0346FFF7E5FA3B50013302D171
:10C900004FF0FF383BE75246414620461FF0F6FD08
:10C9100043E7E38D002B7FF4E8AE628DA38D022AFE
:10C920005FFA83FA11D108F01F085AEA08087FF469
:10C93000DCAEA0690122190A1FF019FE00287FF45D
:10C94000D4AE012384F8393027E794F83010002959
:10C950003FF404AF012902D1002B7FF4FFAE18F0A1
:10C960001F0811D0B8F1020FA2D1002AA0D1514660
:10C97000204620F0B6FA0346FFF7A4FA3B500133F5
:10C98000BED001225146C0E7002B7FF4E7AE012A5A
:10C990008ED194F86C3043F008039DE70C00000042
:10C9A0000A2B3FF6A2AE01A252F823F0D9C9020029
:10C9B000EBC60200EBC60200EBC60200EBC60200AB
:10C9C000EBC6020053CA0200EBC60200E3CD020030
:10C9D000EBC602000DCE0200E38D022B7FF485AE84
:10C9E00094F83030002B3FF4B9AE012BA18D02D169
:10C9F00000297FF4B3AE18F01F0811D0B8F1020F70
:10CA00001CD04FF0000805F10C0A50461FF068FDDD
:10CA1000E38D984218D2FFF755FA6FF00B03A1E6A9
:10CA200000297FF49BAE94F86C304FEA930808F02D
:10CA30000208C3F3001348EA0308E4E7C9B220463A
:10CA400020F073FA8046DEE7414650461FF07AFB3D
:10CA5000A3E6B4F82AA018F01F0F4FEA1A235FFAD2
:10CA60008AFA09D029462046FFF778FD8046B8F1BA
:10CA7000000F7FF484AE90E6013B0E2B3FF635AEFF
:10CA800001A252F823F000BFC5CA020005CB020084
:10CA9000AFCB0200EBC60200EBC60200A7CB020040
:10CAA000A7CB0200EBC60200EBC60200EBC60200F9
:10CAB000EBC60200EBC60200EBC60200EBC60200AA
:10CAC000F1CC020005F10C0840461FF009FD834639
:10CAD0002046B4F82EA01FF080FB20B101287FF47F
:10CAE00004AE616F00E0216F002900F02A820A780D
:10CAF000DA4528BFDA46524528BF524640461FF065
:10CB000010FB4AE620461FF068FB0AF10102019083
:10CB10000146D2B220461FF0C9FE804600283FF4ED
:10CB2000E4AD05F10C0AD0F804B050461FF0D8FC73
:10CB30009BF80020824228BF0246594650461FF00B
:10CB4000F0FAD8F80CB0BBF1000F09D1298AE38DB7
:10CB500099427FF622AEC91A50461FF0FDFA1CE634
:10CB6000DBF8040083681B6B13B9DBF800B0EAE75D
:10CB7000019998470028F8D0A0F1040858F8041F3C
:10CB80000029F2D00A78002AEFD05046CDE90221E0
:10CB90001FF0A6FC029A0399904238BF82B2504619
:10CBA0001FF0BFFAEAE720461FF017FB9DE552464B
:10CBB000032120461FF0F2FB824600283FF495AD8A
:10CBC0001FF089FCB4F82EB09AF81530C8B99AF85D
:10CBD00014808DF828808DF82930DAF8103005F1AE
:10CBE0000C0A1B88ADF82A3050461FF079FCC3456B
:10CBF0005A4628BF4246824228BF02460AA95046EA
:10CC00007DE7DAF808208DF81530C14B1340C14A92
:10CC10004FF0000893428DF8148058D1102106A8D7
:10CC200023F063FB021EFFF660AD0AA9102ADFF8AD
:10CC3000E8E20DF1180C084628BF1022424501F128
:10CC4000020133D8920002325FFA82F88DF8148024
:10CC5000034605F10C0A504602931FF041FCD845EB
:10CC6000424628BF5A46904228BF104602288346B3
:10CC7000804628BF4FF0020B5A46A8EB0B0805A9C7
:10CC800050461FF04EFA4FEA58030193029B9B4611
:10CC900003EB5802934521D118F0010F3FF47DAD0D
:10CCA000019A995C50461FF045FA76E51CF8013B65
:10CCB0004FEA131A03F00F031EF80AA01EF8033000
:10CCC00001F802AC01F8013C08F10108B6E79AF856
:10CCD0001480DAF810308DF81480BAE71BF8011BC5
:10CCE0005046CDE902321FF02DFADDE90232D1E7DC
:10CCF00020461FF072FA38B101282CD0FFF7E2F875
:10CD00006FF085033B5048E5236F002B00F019813D
:10CD10005B88B3F5007FF1D9804B0A9300238DF82F
:10CD20002C30E36C04F14C0B9B4508BF0023BDF88D
:10CD30002A10A3B15A7D0F2A08D11A7D0A44ADF8F2
:10CD40002A209DF82C2001328DF82C20226D934250
:10CD500003D01B68EBE7636FD7E7BDF82A1001919A
:10CD600005F10C0A50461FF0BBFBB4F82E80019968
:10CD7000884528BF8846804528BF80464246052A08
:10CD800028BF05220AA9504601921FF0CAF9019A4C
:10CD9000B8EB02083FF401ADE36C5B453FF4FDAC3A
:10CDA000002B3FF4FAAC5A7D0F2A14D11A7D196971
:10CDB0000193424528BF424650461FF0B2F9019BFD
:10CDC0001A7D424594BFA8EB0208A8EB0808B8F109
:10CDD000000F3FF4E2AC226D93423FF4DEAC1B68DF
:10CDE000DEE794F83030002B3FF4B8ACE38D012B34
:10CDF0007FF47BAC05F10C0840461FF071FB002866
:10CE00003FF409AE94F8381040464CE708F01F088C
:10CE1000B8F1010F7FF4A2AC20461FF05BFD0028A3
:10CE20003FF49CACB4F82CA0BAF1FF0F3FF65DAC18
:10CE300043681B795345FFF458AC5FFA8AF30F2B14
:10CE40003FF653ACE38D012B7FF44FAC05F10C089A
:10CE500040461FF045FB00283FF4DDAD04EB0A031C
:10CE600093F83A10D0E748461FF042FB18B928461D
:10CE7000FFF706FB20E5294620461FF0D6FF08B144
:10CE8000284603E4A069036993F8801011F00401B7
:10CE90007FF4D0AB22F014FF054600283FF4E9AC44
:10CEA000014620461FF0C1FF00283FF4C3ABE7E76F
:10CEB00052077FF5DEAC002B3FF4C9AB2846FFF7E5
:10CEC000DFFA94F83930002B3FF4C4AB94F82930E2
:10CED000052B05D1618DA069C9B21FF06BFB064619
:10CEE00094F82930032B09D1638D022B06D1A18D33
:10CEF000A0690022090A1FF03AFB0646002384F8C5
:10CF00003930B046FFF7A6BB6FF00B06B1E400BFA7
:10CF100000FF020000030200AE7E0500050F0500C1
:10CF2000E38D002B3FF4ADAC16F10C0118BF0121CD
:10CF3000C90122F0EBFDFFF77DBB6FF00408FFF79E
:10CF400089BB6FF015081AE40B78062B10B414D1C6
:10CF50000369D3F89C20EFF31184202383F3128814
:10CF6000BFF36F8F4B6800201860506A58B9C2E950
:10CF7000083384F31188BFF36F8F044810BC00227C
:10CF8000002323F0EDBF03605362F2E7EC090020B9
:10CF90002DE9FF4120264FF0FF335E484FF0FF326E
:10CFA00001A91AF0DDF8039B1B69D3F89C40236AA2
:10CFB00093B1EFF3118286F31288BFF36F8F216A6A
:10CFC00029B1606A0B682362814208BF636282F301
:10CFD0001188BFF36F8FC9B99DF80430062BDAD0E2
:10CFE000072BD8D801A252F823F000BF3FD002008F
:10CFF00033D002005FD0020045D0020083D002008F
:10D0000079D0020097CF02000DD102000B7ED1F83B
:10D010001E205D06204609D1FFF7F6FA02460028D9
:10D02000C5D0072120461FF08BFFC0E71FF04EFD43
:10D03000F4E70022012120461FF082FFABE7002227
:10D040001146F8E794F86C3043F0040301A984F822
:10D050006C3020461FF0D6FA00220321EBE794F84B
:10D060006C3023F0040301A984F86C3020461FF0D3
:10D07000C9FA00220221DEE701A920461FF0C2FA08
:10D0800089E794F86C30A76923F0040384F86C30C6
:10D09000D7F808803B69BFF35B8FD3F8A030BFF3AC
:10D0A0005B8F9A072FD5D8F83C3038469847D8F888
:10D0B0002430002138469847D8F840300546384695
:10D0C0009847ADB9294620461FF01DFC054678B9A2
:10D0D000A06922F014FE831E5842584194F86C3027
:10D0E00084F8305023F0680343EA401384F86C302E
:10D0F0000022042120461FF023FF002D3FF44BAFF8
:10D100002A46072197E74FF0FF35F1E7029A0621FB
:10D1100091E700BFEC09002030B589B00022002360
:10D12000CDE9062300246FF00703CDE90334CDE9F0
:10D1300001441A4B1A4900944FF4806219481AF0BE
:10D14000CBFC1949174824F01CF9184B18498B429D
:10D1500007D3184B184900208B4210D3002009B088
:10D1600030BD03F11402BFF35B8F52E8000F42E8B9
:10D170000045002DF9D1BFF35B8F1833E7E703F1CA
:10D180001402BFF35B8F52E8004F42E80005002D08
:10D19000F9D1BFF35B8F1833DEE700BF91CF0200F8
:10D1A0008052002048110020B9570500040C0020CF
:10D1B0001C0C00201C0C00201C0C002038B5024662
:10D1C00009490546806922F000FE044648B985F801
:10D1D000380028461FF06DFA044610B1A86922F005
:10D1E00027FE204638BD00BF49CF020070B5084C6D
:10D1F000084E0546B44202D30024204670BD636841
:10D2000028461968F9F796FF0028F6D01834F1E798
:10D21000040C00201C0C002070B50646EFF31181B1
:10D22000202383F31288BFF36F8F1B4D2A6881F38D
:10D230001188BFF36F8F526892F86C20D20705D423
:10D24000BDE87040212200231AF08ABBEFF311825F
:10D2500083F31288BFF36F8F2C682CB16968236841
:10D260002B608C4208BF6B6082F31188BFF36F8F15
:10D2700044B1606804F10801C36998470748214632
:10D2800023F01EFE2B6833B130460022BDE870400B
:10D2900000231AF031BB70BDD0230020A809002064
:10D2A00030B585B0CDE900120546002214480023B0
:10D2B00003A919F0C1FE0246E8B9039BDDE90001AC
:10D2C0005D60083383E80300EFF31180202383F3CC
:10D2D0001288BFF36F8F039B1A600A4A516861B9C5
:10D2E000C2E9003380F31188BFF36F8F0648002234
:10D2F00000231AF001FB05B030BD0B605360F1E76D
:10D30000A8090020D02300200000002038B54B7869
:10D31000046945682069202B08D0222B19D0FEF71C
:10D32000D1FD114B6FF085021A5010E0CB88072B0E
:10D33000F5D1D3681A6842609A8802819B7983721A
:10D340001FF01FFE2246082128461FF007FE00207E
:10D3500038BD4B888381C3F3400203F0010302769A
:10D36000437622460921EFE70C00000008B513467A
:10D370004A78212A14D133B9FEF7A4FD0B4B6FF084
:10D380000B021A500AE0CA8801690969072A28BFF6
:10D390000722043103F10C001EF0C3FE002008BD7B
:10D3A000FEF790FD014B6FF08502EAE70C000000EC
:10D3B00073B504698DF807102025EFF3118685F306
:10D3C0001288BFF36F8F0122E06B0DF107011DF092
:10D3D0004DFF86F31188BFF36F8F012810D023F023
:10D3E000CAFFA8B10E4BBFF35B8F012253E8001FA9
:10D3F000002903D143E800200028F7D1BFF35B8F59
:10D400002122002304F148001AF076FA02B070BD20
:10D41000A37E002BE6D00021212024F073F8CCE776
:10D42000D823002038B505690E49EB6B0024C3E909
:10D430000144DC606B6B05F14800C3E90144DC602A
:10D4400023F042FF05F17800074923F0F0FE074979
:10D4500005F1240023F0EBFE28461FF092FD204644
:10D4600038BD00BF2DD10400DBD2040067D3040017
:10D470000E4B402970B528BF40210D4C46181D4663
:10D48000B04203F1020304D1002305F8113007482C
:10D4900070BD02781209A25C03F8022C10F8012B6F
:10D4A00002F00F02A25C03F8012CE9E79A4D00207C
:10D4B000D97E050030B503788BB0044607AD032B49
:10D4C00021D8DFE803F0021A1C1E12492846F9F79A
:10D4D0003BFE059563780493A3780393E378029366
:10D4E0002379019363790093A3790B4A0B481E219A
:10D4F0001CF044FD09480BB030BD0949E6E7094975
:10D50000E4E70949E2E7094A0A2128461CF036FD0A
:10D51000DFE700BFD1570500F35705007C4D002021
:10D52000D8570500DF570500E9570500BF7405000F
:10D530002DE9F341254C064617469846BFF35B8F0D
:10D540002368BFF35B8FDA0723D538B9204A214817
:10D5500001211EF08CFA6FF001001BE001A91EF002
:10D5600031FC02280546F6D102461B49304625F01B
:10D5700039FB0028EFD1BFF35B8F2368BFF35B8FCC
:10D58000C3F3C0061B0708D5144A124829461EF0EB
:10D590006EFA002002B0BDE8F081EC3C1C2221466E
:10D5A0004046B84706280BD80D4A0A4801211EF00C
:10D5B0005EFA1C223146204625F00CFB2677E8E770
:10D5C0000723B0FBF3F02077E3E700BFBC010020A6
:10D5D0001D58050070320500E65705003E5805004D
:10D5E000625805002DE9F04389B09D79DDF840903F
:10D5F0005E791F7993F803C093F802E093F80180F5
:10D600001B780C46B9F1000F15D0CDE90639CDE9EC
:10D6100004E81346CDE9027CCDE900560D4A1CF022
:10D62000ADFC002813DBA0422CBF6FF015000020DA
:10D6300009B0BDE8F083CDE90583CDE903CE1346FB
:10D64000CDE90167044A00951CF098FCE9E76FF00A
:10D650001500EDE787580500AB58050010B5FDF73C
:10D6600029FF044628B1044A0346012103481EF05D
:10D6700007FA204610BD00BFCC58050070320500E7
:10D6800070B504468CB01E461546AAB129B10A46AB
:10D6900002A804211DF005FC02A900912B46224698
:10D6A000242103A8FFF79EFF70B9109A314603A802
:10D6B000FDF77CFD0CB070BD0346054A242103A88C
:10D6C0001CF05CFC2328F0D96FF01500F2E700BFD6
:10D6D000F158050007B50B4B0B481A7FC2EBC2028D
:10D6E000009200221146FFF7CBFF034638B1074AEC
:10D6F0000748012103B05DF804EB1EF0C1B903B087
:10D700005DF804FBD0000020E6570500F75805003F
:10D710007032050030B504468DB015469AB129B176
:10D720000A4602A804211DF0BCFB02A900912B4669
:10D730002246242103A8FFF755FF60B903A81EF075
:10D7400019FB0DB030BD0346044A242103A81CF088
:10D7500015FC2328F2D96FF01500F2E7F158050007
:10D7600007B5009313460A4601460348FFF788FFB2
:10D7700003B05DF804FB00BFFC7105000A460146DA
:10D780000148FFF7C7BF00BFFC71050007B5009354
:10D7900013460A4601460348FFF772FF03B05DF8DF
:10D7A00004FB00BFF671050007B5009313460A4657
:10D7B00001460348FFF764FF03B05DF804FB00BFB8
:10D7C0001971050007B50022034600910348114670
:10D7D000FFF756FF03B05DF804FB00BFEE710500D4
:10D7E00008B502481AF018F8002008BDF804002017
:10D7F000F8B51E4DBFF35B8F2B68BFF35B8F13F043
:10D80000010F2E462FD015F8D03CA5F1EC078BB9AF
:10D8100001F0E6FE044630B1154A164801211EF01B
:10D8200026F92046F8BD3B7F23B901F0E9FE044606
:10D830000028F1D1BFF35B8F2B68BFF35B8F5A07D2
:10D8400001D400F0C7FEBFF35B8F56E8003F23F41E
:10D85000006246E800210029F7D1BFF35B8F1B056A
:10D8600001D5FFF7BDFF0024DBE700BFBC010020AE
:10D87000125905007032050007B5009313460A4699
:10D8800001460348FFF7FCFE03B05DF804FB00BF50
:10D890004B7705000A4601460148FFF73BBF00BF32
:10D8A0004B77050010B586B0094B0A480393002456
:10D8B000CDE9044423F002FD03AB0093064905487B
:10D8C0000A234FF4B06219F0ADFF204606B010BD38
:10D8D00045590500D0110020C056002001460148DE
:10D8E00019F0E0BFD01100200146014823F0BBBC75
:10D8F000D011002030B50378012B11D0022B21D09C
:10D900006BB9154B0A4603F1100453F8045B42F857
:10D91000045BA342F9D143881A0A8A70CB7030BDE8
:10D920000D4B0A4603F1100453F8045B42F8045B04
:10D93000A342F9D143681A0C180E4A700870C3F359
:10D940000722EAE700F11003013913F8012901F871
:10D95000012F9842F9D1E2E7EA7E050010B51FF0E9
:10D96000CBFE23F008FD044608B91AF06BFABFF3AA
:10D970005B8F064B1B68BFF35B8F0BB10A20984788
:10D980001CB9BDE810401AF071BA10BDDC230020AC
:10D9900038B5044608481EF052FB054648B1631EE0
:10D9A000DBB21F2B96BF054A0021D15C0C301EF064
:10D9B000C1FB284638BD00BF1C0B0020FA7E0500C5
:10D9C0000F2810B50CD80D280CD90A481EF037FBCB
:10D9D000044618B104210C301EF0ACFB204610BDEB
:10D9E0001328F2D009B10448F0E7BDE81040022046
:10D9F000FFF7CEBF400B0020B00A0020C3681B78A1
:10DA0000024A034802211FF00EBF00BF5D59050006
:10DA10004832050038B5C5682B78B3B9B5F8014070
:10DA20000F21204602F0A8FEE978054670B90C4A9D
:10DA3000138813B1538843B901236FEA04506FEA86
:10DA4000105022F81300074AD15438BD0173012148
:10DA500002F0A6FD2846BDE8384002F051BD00BFE7
:10DA6000B84C00201B4E002070B5C3681D78BDB9AE
:10DA7000B3F801600F21304602F07EFE044638B94B
:10DA8000084A094833460121BDE870401FF0CBBE6B
:10DA9000294602F085FD2046BDE8704002F030BD09
:10DAA00070BD00BF855905004832050010B5C36838
:10DAB000B3F801400121204602F05EFE38B9064A63
:10DAC000064823460121BDE810401FF0ACBEBDE86A
:10DAD000104002F015BD00BFAB59050048320500EB
:10DAE00010B5C3681C880121204602F045FE38B9F4
:10DAF000054A064823460121BDE810401FF093BEA9
:10DB0000BDE8104002F0FCBCAB59050048320500EE
:10DB100010B501210C301EF03FFB0378034A044886
:10DB2000BDE8104001211FF07EBE00BFCF590500A7
:10DB300048320500014610B508481EF084FA08492D
:10DB4000084823F090FB031E06DA074A0748BDE8A1
:10DB5000104001211FF067BE10BD00BF1C02002055
:10DB60001805002020130020F15905004832050057
:10DB700010B586B003AB002400930749074805940D
:10DB80004FF0FF334FF48062CDE9034419F04AFEB1
:10DB9000204606B010BD00BF805C00207812002037
:10DBA00010B5084C0146062294F8870003F070F97E
:10DBB00038B994F887000449BDE81040052203F005
:10DBC00067B910BDD0000020BF7E0500024A03489F
:10DBD00001211FF017BE00BF0E5A05004832050094
:10DBE000B0B50B460D8A00AF04462946D868FFF74A
:10DBF0003FFC8AB06A46094BCDE9053440F2024346
:10DC0000ADF82430064BCDE907504FF4325142F8BD
:10DC1000103F04481FF009FEBD46B0BD285A05005C
:10DC2000050000014832050070B5C568B5F801600F
:10DC30000121304602F0A0FD044638B90D4A0E48D5
:10DC400033460121BDE870401FF0EDBD2B783BB994
:10DC5000D5F80330C0F89930D5F80730C0F89D30BA
:10DC6000201D4FF480311FF0CFFD2046BDE87040ED
:10DC700002F046BCAB590500483205002DE9F84FCB
:10DC8000D0F80C90018A99F80040A30001338B4230
:10DC900000AF63D96D468AB06A463248CDE9073194
:10DCA0000523CDE905044FF4215142F8103F2E48D9
:10DCB0001FF0BBFDAD46BD46BDE8F88F2B4A2A4894
:10DCC0002B4601211FF0AFFD013699F800309E422E
:10DCD000F1DA09EB86030F21B3F80150B3F80380A2
:10DCE000284602F049FD04460028E7D000F1C00AAA
:10DCF000B8F1000F06D0656945B91D4A1A480121DF
:10DD00001FF080FD204602F0FBFBDDE7A2692B68D7
:10DD10006361954208BFA361204602F013FB19F02E
:10DD200077FBC5F800B0236AABB9C4E90755BFF368
:10DD30005B8F5AE8003F013B4AE80032002AF8D1E5
:10DD4000BFF35B8F0021204608F1FF3802F006FB8D
:10DD50001FFA88F8CCE71D602562E8E70026B34685
:10DD6000B3E700BF4A5A050048320500755A05005E
:10DD7000915A050037B502EBC303044608469A42A0
:10DD800002D16FF05E0010E0114611F8085BA54269
:10DD900011D1038A5178994209D90848084A009458
:10DDA00001211DF077FE6FF0150003B030BD536800
:10DDB00098470020F9E70A46E1E700BF483205002E
:10DDC000A85A05002DE9F0470C461AF03BF8E56823
:10DDD0002B78022B75D0042B0AD03E4A3E480121F5
:10DDE0001FF021FD2046FEF74BFB6FF015040EE0FF
:10DDF000B4F81080B8F1020F0ED8384A43463648BE
:10DE000001211FF010FD2046FEF73AFB00241AF016
:10DE10002DF82046BDE8F08768783E280CD1B8F18F
:10DE2000030F02D12E4A4346E9E7EB78012B01D0DC
:10DE30000A2B46D1032704E01FF0D2FC0746F8075F
:10DE40003FD504F10C0601213046D4F814A01EF091
:10DE50009BF9022130461EF09FF9814600783E284A
:10DE600007D1E3681B78012B01D00A2B06D10326CA
:10DE700014E01FF0B5FCC10706460FD4194A1A4931
:10DE80001A4841F268131CF094FD002383F31188B3
:10DE9000BFF36F8F0323184602DF0226144A99F856
:10DEA0000000062321461FF0FBFCB2070DD5636975
:10DEB000A4F81080A5EB0A0513FA85F5E560BB0709
:10DEC000A4D52046FFF736FEA0E72046FEF7D8FA95
:10DED000F5E700BF705B050048320500CA5A05002F
:10DEE000E65A0500065B05003A5B0500535B05003A
:10DEF000D438050010B5012104460C301EF04CF951
:10DF00002146034A0078BDE8104002231FF0C8BC38
:10DF10000439050073B53E481EF0AAF804460028EF
:10DF200073D000F10C0528461EF03EF90228034686
:10DF300003D0042847D0374A03E0238A032B05D8AF
:10DF4000354A364801211FF06EFC13E004212846B3
:10DF50001EF022F9FF23428806882376238AC6F31F
:10DF60000B009A42608309D02C48009201212C4A70
:10DF70001DF090FD2046FEF783FA12E00F2102F01B
:10DF8000FBFB054610B9638B264ADAE702F02CFC4E
:10DF9000320B20762146284602F036FA284602F057
:10DFA000AFFA214BD3F84C317BB32049204823F002
:10DFB0005AF9031E29DA1F4A1848012102B0BDE8A8
:10DFC00070401FF030BC284602211EF0E5F80546DF
:10DFD00000783E2812D01FF003FC10F002060DD18D
:10DFE000154A1649164840F69A431CF0E2FC86F39F
:10DFF0001188BFF36F8F0323184602DF114A287878
:10E00000062321461FF04CFCB4E702B070BD00BFF0
:10E010001C020020195C0500845B050048320500E5
:10E02000A55B0500C95B0500D00000201805002095
:10E0300020130020F1590500065B0500EB5B05008D
:10E04000535B05001439050010B5012104460C305E
:10E050001EF0A2F82146034A0078BDE810400823CC
:10E060001FF01EBC44390500F8B5012100AF04467D
:10E070000C301EF091F80678114A002321463046F4
:10E08000FFF778FE5F3019D1258AE0682946FFF74F
:10E09000EFF96C468AB06A460A4BCDE9053640F284
:10E0A0000243ADF82430084BCDE907504FF432510C
:10E0B00042F8103F05481FF0B8FBA546BD46F8BD25
:10E0C000843905002D5C050005000001483205007B
:10E0D0002DE9F74FDFF818A1BFF35B8F8046894623
:10E0E000174600235AE8004F4AE80032002AF9D1C7
:10E0F000BFF35B8F264644B93E4A3F484346012161
:10E1000003B0BDE8F04F1FF08EBB2046FEF718F9B4
:10E110003A4D4FF00C0B0BFB0050438843451FD08A
:10E120002046FEF70DF90BFB00504388344A00935C
:10E130003148434601211DF0ADFCBFF35B8F5AE827
:10E14000003F4AE80062002AF9D1BFF35B8F002B41
:10E150004BD01E46304603B0BDE8F04FFEF790B9F5
:10E16000A74208D020461DF065FF3A8AF96804F1FD
:10E170000C001DF0D6FF2046FEF7E2F80C2707FB47
:10E1800000504368ABB1B9F1000F12D12046FEF741
:10E19000D7F807FB005001214268536803F01F00C5
:10E1A000814010685B0900EB8300137ACBB11FF04C
:10E1B0002BFB2046FEF7C4F80C2707FB00508368B2
:10E1C000002BC7D02046FEF7BBF8784305F8009037
:10E1D0002046FEF7B5F807FB0055A86819F018F9B6
:10E1E000B8E7C9431FF024FBE3E703B0BDE8F08FB5
:10E1F000180200205F5C050048320500E023002083
:10E20000875C050073B5C568B5F80160012130462B
:10E2100002F0B2FA044640B93E4A3F483346012173
:10E2200002B0BDE870401FF0FEBA2B781A2B00F147
:10E23000040619D1C378012B50D14FF480413046E8
:10E240001FF0E2FA42040FD4D4F88C3000936946F0
:10E25000D4F894300193204603F02AF9204602B006
:10E26000BDE8704002F04CB92B78BBBBB5F8033069
:10E270002A4940F2E2425343C4F88830B5F80520F9
:10E28000A4F89020B5F80720A4F89220A3F5EA524C
:10E290000C3A8A4204D9224A1F4802211FF0C3FACD
:10E2A000B4F89030B3F5FA7F04D31E4A1A4802211D
:10E2B0001FF0B9FAB4F89230A3F10A0292B240F614
:10E2C00076418A4204D9184A134802211FF0ABFA5A
:10E2D0006FF4805130461FF0ABFA17E0BFF35B8F4D
:10E2E0006368BFF35B8FDB04F2D52B78202BEFD173
:10E2F00094F89830002BEBD0013B84F898304FF421
:10E300002032002304F1400019F0F6FA204602F012
:10E310004DFCA3E7AB5905004832050095F03C00E1
:10E32000BA5C0500E15C0500085D0500B0B53C285D
:10E3300000AF04461AD101F0CDFA6FF480711030AD
:10E340001FF076FA0020FFF72BFC054630B9124A81
:10E35000124801211FF056FABD46B0BD04730021DA
:10E3600002F01EF9284602F0CBF8F5E76D468AB0B8
:10E370006A460B4BCDE905300A4B079340F2013357
:10E38000ADF82030084B42F8103F04484FF41251CA
:10E390001FF04BFAAD46DFE7345D0500483205005B
:10E3A000555D05005852050004000001094BBFF3FC
:10E3B0005B8F1A68BFF35B8F02F00B02BFF35B8FBA
:10E3C00053E8001F43E800200028F9D1BFF35B8F1A
:10E3D000704700BFBC01002010B5C1E900239DF8C3
:10E3E00008300B720C46FDF7ABFF034B0C2202FB0F
:10E3F00000335C6010BD00BFE0230020F8B502468A
:10E400000B4610481DF01BFE0446C0B104210C3021
:10E410001DF076FE2046FDF793FF0B4D0C2707FB02
:10E420000050002646802046FDF78AFF07FB00507B
:10E4300086602046FDF784FF07FB00556E6020468E
:10E44000F8BD00BFF80A0020E023002029289ABF69
:10E45000014B185C092070471A7F050070B5C3682E
:10E46000B3F801601D780F21304602F085F90446AB
:10E4700038B91A4A1A4833460121BDE870401FF0E6
:10E48000D2B965B12846FFF7E1FF2946024620468A
:10E4900002F04AFC2046BDE8704002F031B88378B3
:10E4A000012B07D107F0E6F920461FF081F900287B
:10E4B00008BF05252846FFF7C9FF29460246204622
:10E4C00002F032FC002DE5D0064A054801211FF07C
:10E4D00099F9052120461FF076FCDBE785590500F8
:10E4E00048320500715D05002DE9F041C668B6F8B7
:10E4F000017035780F21384602F03EF9044638B9EC
:10E50000204A21483B460121BDE8F0411FF08BB96C
:10E5100065B12846FFF79AFF29460246204602F0D9
:10E5200003FC2046BDE8F04101F0EABFF278C37A6F
:10E53000934205D1154A144802211FF074F9F0E7FF
:10E540008378C272012B08D10AB107F093F92046F3
:10E550001FF02EF9002808BF05252846FFF776FF93
:10E5600029460246204602F0DFFB002DD9D0084A9A
:10E57000054801211FF046F9052120461FF023FC24
:10E58000CFE700BF8559050048320500975D0500BB
:10E59000715D050010B592B004460749442201A8F8
:10E5A00024F0F1FA102C9BBF12AB03EB8404034858
:10E5B00054F8440C12B010BDD0330500C65D050000
:10E5C000034B0146D3F8640182689268104700BF8C
:10E5D000D00000202DE9F047042100AF46481FF08D
:10E5E00013F96D4688B06A46444B0593444B069335
:10E5F0004FF40073ADF81C30424C434B42F8103FCF
:10E600004248434E4FF4E6511FF00FF9414B217F32
:10E61000AD462046012998BF1E46FEF74BFF8AB043
:10E620006A463D4B0790CDE905363C4B08933C4B81
:10E6300042F8103F35483B4EDFF8EC804FF4235151
:10E640001FF0F3F8A246AD460125237F9D420AF153
:10E65000070A3ADB94F888502846FFF79BFF6E467E
:10E660008CB0B4F88A10B4F88E306A46DFF8BCC0BB
:10E670000993CDE907512E4B4FF40075CDE905C044
:10E68000ADF828504FF4535142F8103F1F481FF087
:10E69000CCF8B54694F889603046FFF77BFF8AB026
:10E6A000B4F88C306A462349ADF82450CDE90763AD
:10E6B000214BCDE9051042F8103F14484FF4335177
:10E6C0001FF0B3F8BD46BDE8F0875046FEF7F2FEF6
:10E6D000E9468AB06A4640F20133CDE90565079004
:10E6E000ADF82030094842F8108F4FF413511FF055
:10E6F0009CF80135CD46A8E7BC010020D25D05009D
:10E70000E45D0500D0000020030000014832050050
:10E71000CE5D050058520500EF5D050000020103C3
:10E7200004000002FE5D0500040000010F5E05000C
:10E73000060000014D5E05000500000108B508480F
:10E74000037F33B9074A084803211FF05BF8002014
:10E7500008BD0821EC301FF057F8FFF73BFFF6E744
:10E76000D0000020745E0500483205000048704764
:10E77000A15E05000149024822F075BD0805002090
:10E780007812002070B505460C4639B1CB684A694D
:10E790009B1A032B0ED86FF0150509E04FF0FF30E0
:10E7A0004FF0FF31FFF72AFE044618B96FF06805F5
:10E7B000284670BD2046FDF7C3FD174B0C2202FB17
:10E7C0000033A618032130465D801DF0CCFC058087
:10E7D000238A033B8370012130461DF0CCFC40F6B8
:10E7E00035439D420FD12046FFF7EAFE054600283B
:10E7F000DED00A4A0346012109481FF014F82046DA
:10E80000FDF73EFED4E70748214622F06FFC0025C5
:10E81000FFF7B0FFCCE700BFE0230020AD5E0500AE
:10E8200048320500240200202DE9F04784B08046DC
:10E8300000AF91460C4671B94FF0FF304FF0FF31F9
:10E84000FFF7DCFD044660B96FF068052846103715
:10E85000BD46BDE8F087887AFDF76AFD3C4B8342F0
:10E860006FD101220021384622F059FC2046FDF7E5
:10E8700067FDDFF8E0A00C2303FB00A087602046C3
:10E880001DF00CFC01464046FFF77CFF054618B121
:10E890002046FDF7F5FDD9E74FF4A02200233846C6
:10E8A00018F0EAFD064690B14FF4F1732A4A2B495D
:10E8B0002B481CF07EF82B48324641461CF079F874
:10E8C00085F31188BFF36F8F0323184602DF2046BC
:10E8D000FDF736FD0C2358431AF800605EB36D4611
:10E8E0008AB06A46204B0796CDE905381F4B08933E
:10E8F00040F20243ADF824301D4B42F8103F1D4852
:10E900004FF432511EF091FF2046AD46093EFDF70F
:10E91000B7FD092E0CD8DFE806F0050B0B08170B26
:10E920000B0B0B146FF06E0590E76FF00C058DE785
:10E930006FF004058AE7B9F1000FA9D0C9F80040CB
:10E9400084E76FF0150581E76FF00B057EE700BFE8
:10E95000F80A0020E0230020065B0500CF5E0500DA
:10E96000535B0500D85E05001D5F05005852050089
:10E97000050000014832050073B506460D4601AAA0
:10E98000002142F22F00FFF74FFF044638B1154A2D
:10E99000154801211EF036FF204602B070BD0198D7
:10E9A000C368B3F801203280B3F803302B80FDF741
:10E9B00067FD3388A3F11B02E02A04D90B4A0A48F9
:10E9C00002211EF030FF2B88A3F5A47292B244F20C
:10E9D00048118A42E0D9064A034802211EF023FF6B
:10E9E000DAE700BF3C5F0500483205005C5F0500C8
:10E9F000815F05002DE9F04F85B0624AB0F80190C3
:10EA0000118849F47043994200AF05464AD05188B5
:10EA1000994249D10123002122F813105A4A12F8D1
:10EA200003A000F0E1FCEB78012B08BF574B05F188
:10EA3000040840460CBF93F8874000241EF058FE9F
:10EA400007F10806414690B330461EF046FED5F861
:10EA50001130C7F80130B5F81530A7F805304FF080
:10EA6000010BEB78012B37D04046FEF723FD6C46B7
:10EA700088B06A46464BCDE905304FF40073ADF8D7
:10EA80001C30444B444842F8103F4FF4E2511EF012
:10EA9000CCFE1321A54648461EF03DFF1437BD4667
:10EAA000BDE8F08F0023B6E74FF0000AB9E7204633
:10EAB0001FF09EF803460068B8609A889B796868E2
:10EAC000B280B371B8F8042098F8063095F804B015
:10EAD0003860BA80BB71C4E73046FFF761F804467E
:10EAE0000028C1D00346B5F8012023F8702BB86880
:10EAF000B279B18820679A719980B5F8173040F2E1
:10EB0000E2425343C4F88830B5F81930A4F8903085
:10EB1000B5F81B30A4F89230EB78E3700022012B9B
:10EB200022731AD187F800B0BA88BB793868A4F884
:10EB30007B2084F87D30C4F8770000F0CBFE237A88
:10EB40001249C3EBC3035A18CB58C4F87E309388DC
:10EB5000A4F88230937984F884300721204601F0AC
:10EB60001FFDBAF1000F05D084F80CA0012120464A
:10EB700001F016FD204601F073FE204601F0C0FCB6
:10EB80008CE700BFB84C00201B4E0020D0000020B6
:10EB9000A45F0500030000014832050000B5C3680A
:10EBA000187889B020B109B05DF804EBFFF7BEBB5F
:10EBB000B3F80120ADF80120DA788DF800008DF867
:10EBC0000320B3F80B20ADF81720B3F80D20ADF8F3
:10EBD0001920B3F80F20ADF81B205A7C8DF81D20AA
:10EBE000586801901A899B7A8DF80A30094BADF864
:10EBF000082068461A689B88CDF80B20ADF80F30C6
:10EC0000CDF81120ADF81530FFF7F4FE09B05DF82E
:10EC100004FB00BFD37E050010B5F8F705FC034BDD
:10EC20001B6813B1BDE81040184710BD0424002034
:10EC300073B52D4D0646D5F8640122F0A6F848B903
:10EC40002A4A2B4801211EF0DDFD6FF012042046F8
:10EC500002B070BD6FF0020105F1EC001EF0E8FD9E
:10EC600001211EF0D1FDC3073AD4FEF7F7FC04469C
:10EC70000028ECD11F4B1E600122114605F59C7047
:10EC800022F04DFA05F5AA7022F001FA1A4822F096
:10EC900015FB1A49184800946FF007034FF4966269
:10ECA00018F0C0FD1649144822F06BFBD5F864013A
:10ECB000144983681B689847044630B1124A0346DA
:10ECC00001210B481EF0AFFDC1E726B902B0BDE837
:10ECD0007040F8F7A9BB05F1DC0018F09DFDB6E720
:10ECE0006FF07704B3E700BFD0000020216105007A
:10ECF000483205000424002020130020C0600020BA
:10ED000039610500C5DD020042610500F0B5C56846
:10ED10002F88BCB287B00121204601F02DFD0646A8
:10ED200040B9284A28482346012107B0BDE8F040F1
:10ED30001EF079BD02ACD5F80220D5F8063001945A
:10ED40006989009120F051FB48B34FF0FF304FF03C
:10ED5000FF31FFF753FB054648B91C4A1A48012109
:10ED60001EF050FD304601F0CBFB07B0F0BD122184
:10ED70000C301DF0D0F90346224623F8027B1446DE
:10ED800003CC596006A98C421860224603F108039F
:10ED9000F5D1294642F21A00FFF7F4FCE2E74FF002
:10EDA000FF304FF0FF31FFF729FB04460028D4D095
:10EDB00002210C301DF0AFF92146078042F21B0002
:10EDC000EAE700BFAB590500483205005E61050067
:10EDD00073B5C368D9789A781E8842EA0122ADF8E3
:10EDE000002059791A7942EA0122ADF80220D97936
:10EDF0009A7942EA0122ADF804201A7A5B7AB4B219
:10EE000042EA032301212046ADF8063001F0B4FCAC
:10EE1000054658B91D481E4A012123461EF003FD30
:10EE2000022120461EF0D5FD02B070BD694601F0FA
:10EE30000FFF38B91E2120461EF0CBFD284601F0F9
:10EE40005FFBF1E74FF0FF304FF0FF31FFF7D6FAED
:10EE500004460028F2D00E210C301DF05CF900238E
:10EE60000680C0F80A30BDF800304380BDF802309B
:10EE70008380BDF80430C380BDF80630038121468D
:10EE800042F22000FFF77EFCD8E700BF48320500C1
:10EE9000AB59050038B5042104460C301DF07CF94F
:10EEA000034640885D7818B119782246FFF710F9BB
:10EEB00035B1044818F0ACFABDE83840FFF75ABC49
:10EEC00038BD00BF08020020B0B50321044600AFE2
:10EED0000C301DF061F9E2680346B0F801001178CA
:10EEE00040F63542904216D16C468AB06A46104BC5
:10EEF0001048CDE90531104B079340F20133ADF8CE
:10EF000020300E4B42F8103F4FF412511EF08DFC92
:10EF1000A546BD46B0BD1D7810B12246FFF7D8F812
:10EF2000002DF6D0064818F073FAFFF723FCF0E73F
:10EF300075610500483205005852050004000001C3
:10EF40000802002038B518F07DFF2F4DD5F8543158
:10EF5000002B56D00022002305F59C7018F08CFA87
:10EF600000284ED10022002305F5AA7018F01EFAE1
:10EF7000044668B9254A2649264840F6AA431BF0AC
:10EF800018FD84F31188BFF36F8F0323184602DF47
:10EF9000D5F848315BB1204A204801211EF032FCEF
:10EFA000D5F84801FDF76CFA0023C5F84831204632
:10EFB0001DF074F8C5F848012046FFF701FB034631
:10EFC000C8B1174A154801211EF02DFC154818F04C
:10EFD0001FFA2046FDF7B4F9134B0C2202FB003355
:10EFE000588818B122461F21FFF772F82046FDF716
:10EFF00047FAFFF7BFFBFFF7BDFBBDE8384018F04D
:10F0000035BF01F03DFCF8E7D0000020065B0500AD
:10F0100051590500535B0500AD61050048320500FC
:10F02000AD5E050008020020E023002070B54FF01F
:10F03000FF320D464FF0FF3300210646FEF7C0FCBD
:10F04000044660B90A4A0B490B481A231BF0B1FC6D
:10F0500084F31188BFF36F8F0323184602DF022168
:10F0600004F10C001DF057F806704570204670BD85
:10F07000E962050051590500535B0500F8B50A4DDA
:10F080002F7F06460024E3B29F4202D86FF00100B2
:10F0900007E0294630461EF0DCFC0735631C08B14A
:10F0A0002046F8BD1C46EEE7D000002037B50446E8
:10F0B0000D46B9B1164928461EF0CBFC90B915484B
:10F0C000C4EBC404294620441EF0CDFC12481EF0B7
:10F0D000D1FC430703D5FEF783FB1EF0A1FA002005
:10F0E00003B030BD68461EF0EAFA0028F8D1684641
:10F0F000FFF7C4FF0028F5DA064BC4EBC400184440
:10F1000069461EF0B0FC002DE0D001462846DBE742
:10F11000C67E0500D0000020BC01002070B51A4E4C
:10F1200006223146054623F05DFD38B34FF0FF302F
:10F130004FF0FF31FFF762F9044608B30622294673
:10F140000C301CF0EEFF2146002242F20500FFF7D2
:10F150006BFB044648B110F10D0F04D10B4A0C486B
:10F1600002211EF07EFC204670BD33462A6843F81B
:10F170008129AA88B280012283F880200024F2E746
:10F180006FF06804EFE700BF510100201F63050026
:10F1900050320500084BBFF35B8F53E800CF4CF4AF
:10F1A000806C43E800C2002AF7D1BFF35B8F037A7B
:10F1B00019430172704700BFBC010020F7B5002160
:10F1C00004460222084601F063FE064648B1204686
:10F1D0000121FFF7DFFF304603B0BDE8F04001F04A
:10F1E0008FB93B4D01463B4800F06EFB95F82B3143
:10F1F0007BB130461EF082FC58B1374A02213748B5
:10F200001EF02FFC3648002103B0BDE8F04000F0AE
:10F210005BBB95F82B2195F82A319A4218D1314AD7
:10F220002E4802211EF01DFC0022114642F2290048
:10F23000FFF7FAFA10B12C4A0121E0E795F82B31DB
:10F24000013385F82B31237A43F004032372D9E785
:10F250002246671C12F82E0B39461EF011FC06469A
:10F2600010B1224A01210EE095F82B31013385F8C7
:10F270002B31237A43F00403237295F8BF305B07E8
:10F2800008D41B4A022115481EF0EBFB01201EF09A
:10F2900035FCB7E7394668461EF0E5FB01234FF021
:10F2A000FF304FF0FF318DF80730FFF7A7F8044625
:10F2B00060B1082269460C301CF033FF324621460B
:10F2C00042F24E00FFF7B0FA0028DFD0094AC9E742
:10F2D000D0000020B9DB04002E6305005032050089
:10F2E0002FDB04005363050084630500A46305005D
:10F2F000C4630500EE63050000212DE9F041022200
:10F300000446084601F0C4FD054640B120460221EE
:10F31000FFF740FF2846BDE8F04101F0F1B8014693
:10F320002A4800F0D1FA28461EF0E8FB284D064690
:10F3300088B1284A0346012127481CF0A1FB95F813
:10F340002B3113B101201EF0D9FBBDE8F041234859
:10F35000002100F0B9BA95F82B3195F82A219A428C
:10F360000CD2013B85F82B31237A1D4923F004038D
:10F3700002462372022006F07DFBE0E74FF0FF30EB
:10F380004FF0FF31FFF73AF804F10108074668B182
:10F3900007210C301CF0BFFE41461EF064FB3246D4
:10F3A000394642F22800FFF73FFA28B10D4A0A48D1
:10F3B00001211EF056FBC2E795F82B31013B85F881
:10F3C0002B31237A23F004032372B8E7B9DB04005E
:10F3D000D000002009640500503205002FDB040036
:10F3E000E7DA0400366405000A4BBFF35B8F53E88D
:10F3F000002F22F4806143E800100028F7D1BFF30A
:10F400005B8F530504D504490022022006F032BB6D
:10F41000704700BFBC01002051DC040007B5002389
:10F42000CDE9000304496A46022006F023FB019857
:10F4300003B05DF804FB00BF5DDB040010B40346BD
:10F4400070B10A4991F82A4191F82B210CB19442EC
:10F4500008D2013281F82B211A7A42F004021A7282
:10F4600010BC704710BCFFF7A9BE00BFD000002041
:10F4700010B4034698B10B4C94F82A1194F82B2140
:10F4800029B101318A4203DC10BCFFF735BF12B14C
:10F49000013A84F82B211A7A22F004021A7210BC65
:10F4A000704700BFD000002070B5044611BB20B3E8
:10F4B00025491EF0CEFA00BB2046FFF7DFFD0028ED
:10F4C0003BDA237853B92148027F002A35D12146FF
:10F4D0001EF0C9FA01230377104670BD012B04D139
:10F4E000A37903F0C003C02B07D0194A19480121A2
:10F4F0001EF0B7FA6FF01500EFE7144D2B7F042BC9
:10F500001ED005F1EC001EF0B5FAC30707D4002C9D
:10F51000F0D00D4920461EF09CFA0028EAD12E7F3B
:10F520002146731C30462B77FFF7C0FD08B93046E3
:10F53000D3E72B7F013B2B77CFE76FF07700CCE74A
:10F540006FF00B00C9E700BFC67E0500D0000020A9
:10F550005B640500503205002DE9F341044640B9D3
:10F560001A4A1B4802211EF07CFA002002B0BDE8B6
:10F57000F08101AA002141F20900FFF755F9054683
:10F5800008B1144AEDE7019E1349D6F80C8008F142
:10F5900001070622384623F025FB28B10F49062231
:10F5A000384623F01FFB18B93046FCF769FFDCE74B
:10F5B000D8F80130C4F80130BB88A4F805303046D3
:10F5C0002570FCF75DFF0120D0E700BF89640500CE
:10F5D00050320500A2640500D37E0500CD7E0500F3
:10F5E00007B56846FFF7B8FF044B187718B16946AE
:10F5F0000020FFF75BFD03B05DF804FBD0000020A6
:10F600002DE9F041314C217F98B0002957D194F871
:10F61000DA30DB0711D42E4A2E4802211EF021FADF
:10F6200000252577162600250127237FE8B283428F
:10F630002FD8002B43D000203EE06A464FF6094009
:10F64000FFF7F2F8024608B1234AE5E70098C368DD
:10F6500093F801804546042D28BF042502AE0233ED
:10F66000AA4206DBFCF70CFFB8F1000FD9D11B4A08
:10F67000D2E71946374603F1140C51F804EB47F86A
:10F6800004EB6145F9D10988398001321636163309
:10F69000E6E718AB06FB0033694653F8582C33F8FD
:10F6A000543CCDF80120ADF805308DF80070FFF71F
:10F6B000FDFC01350028B8D018B0BDE8F08100216C
:10F6C000084618B0BDE8F041FFF7EEBED0000020BC
:10F6D000C064050050320500EC6405000C650500AF
:10F6E0002DE9F0411D460E461746034648B145B187
:10F6F0000A0311D54C0708D5284A294801211EF0D4
:10F70000B0F96FF01500BDE8F0811EF086FA002810
:10F71000F9D101232B70F6E7B107047824D02149F1
:10F720002FB1B20603D591F8F020500632D5C4EBC4
:10F73000C40411F80480B8F1010F09D10134214447
:10F7400018461EF062FA0028DDD185F8008002E03C
:10F75000B8F1000FF9D02FB1B30642BF2B7843F0B8
:10F7600002032B700020CEE7720710D50D49C4EBC1
:10F77000C4040F5D012F07D1013421441EF045FA66
:10F780000028C0D12F70E7E7002FE5D1FAE71EF07F
:10F7900044FABEE76FF08500B5E700BF35650500A8
:10F7A00050320500D00000202DE9F74F8846019027
:10F7B0004FF0FF314FF0FF30FEF720FE04460028E7
:10F7C0004ED020210C301CF0A6FC00212022064641
:10F7D000002723F0FFF9D8F8005006F1010B394655
:10F7E000D8F804309F4208D3019831700022214696
:10F7F00003B0BDE8F04FFFF717B86A7895F800C07E
:10F80000881C13181F2B5FFA80F915D9BCF1090F5A
:10F81000C9F11F0201D1002A0CDC134A134801214F
:10F820001CF025F92046FCF72BFE6FF0150003B005
:10F83000BDE8F08F4FF0080C5FFA82FA0AF1010E72
:10F840000BF801E00131C9B258440BF801C0D144B2
:10F85000696823F098F901375FFA89F10835BFE745
:10F860006FF06800E3E700BF5A650500D831050076
:10F87000F7B5CDE90001694642F208009DF8207015
:10F8800016461D46FFF790FF044668B97FB9BFF3DF
:10F890005B8F0C4B53E8001F41F0040143E800125A
:10F8A000002AF7D1BFF35B8F204603B0F0BD694655
:10F8B00042F20900CDE90065FFF776FF0028E6D0A7
:10F8C0000446F1E71001002003460148184700BF35
:10F8D0000001002000487047000100202DE9F04F92
:10F8E000D0F81090DFF8A0A289B0B9F10004054665
:10F8F00002919346039318BF0124BFF35B8FDAF89C
:10F900000030BFF35B8F5A0740F19D814668730555
:10F910000CD56FF01504029B002240F201109345B4
:10F9200040F09A81204609B0BDE8F08FD0F81080F1
:10F93000B8F1000F01D0B707EBD0944F28783B7F88
:10F940008342E6D9C0EBC00091490722384423F036
:10F9500049F90028DDD0B00706D197F88830082B88
:10F9600002D8AB689F2BD4D916F0300F7FD0B8F1F6
:10F97000000FCED0F1067DD406F46036B6F5603FB8
:10F98000C7D028461EF060F980460028C1D0814EBD
:10F99000BFF35B8F3368BFF35B8FDA0500F15681ED
:10F9A000BFF35B8FD6F8AC30BFF35B8F5B0501D53F
:10F9B000FFF71AFD6A680023CDE90533CDF81B3047
:10F9C000AB68ADF8103012F4004FEB68ADF81230B0
:10F9D00014BF06230723D00348BF03F00503910398
:10F9E00048BF03F0FB038DF81D30BFF35B8F5AE86F
:10F9F000003F23F480734AE80032002AF7D1BFF3B6
:10FA00005B8F2B7887F8303087F88730224669681B
:10FA100061480DF11503FFF763FE044600287FF4EB
:10FA20007AAF5E4BB9F1000F31D02A6911684AF8FC
:10FA3000B31C9188998092799A716B689A0728D043
:10FA4000B9F1000F2CD013F0100F0CBF01230423C9
:10FA50008DF814302B691A68CDF816209A88ADF805
:10FA60001A209B798DF81C304FF000081BE0B8F18C
:10FA7000000F81D1D5E902239A423FF64AAF1F2AEF
:10FA80007FF647AFB3F5804F7FF676AF41E7404A48
:10FA9000CCE79B0502D4039B002B3CD0022300E063
:10FAA0004B468DF814304FF0FF304FF0FF31FEF72A
:10FAB000A5FC0446002800F0CC800F2204A90C30DD
:10FAC0001CF02FFB2146002242F20600FEF7ACFE9E
:10FAD000044600287FF41FAFB9F1000F1FD06868FB
:10FAE00010F0030027D107462B4801211EF0C2F871
:10FAF000044600285AD02A4A2A4801211BF0B7FFA1
:10FB0000002F3FF408AF3846002100F049FD384689
:10FB100000F0F6FCFFE603238DF81430A4E7129BF7
:10FB2000039A0298CDF800805946FFF7A1FE0446DB
:10FB30000028D4D0EFE697F830401549174887F8E9
:10FB40008740072223F04EF860B91749204601F09C
:10FB500013F9074610B96FF00B04DCE6052100F03D
:10FB60001FFDC1E70D49204601F05AF900287FF436
:10FB7000D0AE97F83000094901F0FEF8074600289A
:10FB8000E9D00621EBE700BFBC010020D000002037
:10FB9000C67E0500100100200001002009010020A0
:10FBA00073650500D8310500BF7E050017B13846E2
:10FBB00000F0A6FC6B68BFF35B8F9F0728D056E868
:10FBC000003F43F4007346E80032002AF7D1BFF348
:10FBD0005B8FBFF35B8FB8F1000F22D056E8003F78
:10FBE00043F4806346E80032002AF7D1BFF35B8F0D
:10FBF0006B68BFF35B8F58071CD556E8003F43F492
:10FC0000805346E80032002AF7D1BFF35B8F82E6CB
:10FC100056E8003F23F4007346E80032002AD6D0AD
:10FC2000F6E756E8003F23F4806346E80032002AF6
:10FC3000DCD0F6E756E8003F23F4805346E8003274
:10FC4000002AE2D0F6E76FF00A0464E66FF077046A
:10FC500061E66FF068045EE61988814204D1596854
:10FC600011B10978C90702D40132083357E60549B2
:10FC7000054821F029FB4FF470220023024817F0B9
:10FC80006FFE4FE609FD02001801002010B51B4C65
:10FC900020461EF017F8BFF35B8F2369BFF35B8F1D
:10FCA000DA05C3F3002027D5BFF35B8F2369BFF3C9
:10FCB0005B8F9B0516D504F109001149072222F03C
:10FCC00091FF034614F8300993B90E49052201F05B
:10FCD000DFF8044630B10021017300F061FC2046DA
:10FCE00000F00EFCBDE81040044800211DF0C2BF2A
:10FCF000062204F13901EAE710BD00BF000100202F
:10FD0000C67E0500BF7E050010B5FFF7BFFF0346A6
:10FD100030B1044A0448BDE8104002211BF0B0BED7
:10FD200010BD00BF8E650500D831050070B59AB0D2
:10FD30001422002104A822F04DFF47F21213ADF85F
:10FD40000C304FF48073ADF80E303B4B44F201029F
:10FD500001A903A8CDE9052318F026FF034638B30F
:10FD6000364A374801211BF08BFE1F25354BBFF368
:10FD70005B8F53E8001F21F0010143E80012002AC5
:10FD8000F7D1BFF35B8F304E18F05CF8346804B1E4
:10FD9000043C002D2D4D18BF0025002C45D02368B4
:10FDA0000BB1284698476468002C3ED0043CF6E727
:10FDB00002AB0198412209A921F069FF034608B16D
:10FDC000234ACEE7234A0DF125030DF1650153F8CF
:10FDD000040B42F8040B8B42F9D102AB1E49019887
:10FDE000202221F0FCFE034608B11C4AB9E7019825
:10FDF00021F0ADFE054610B1194A0346B1E7154999
:10FE000012481DF062FF174820311DF05EFFBFF35E
:10FE10005B8F154B53E8001F41F0100143E80012BF
:10FE2000002AF7D1BFF35B8FA0E70023C6E90033B8
:10FE300018F01CF81AB070BD00000209B465050086
:10FE40003832050008240020102400207D4E0020B8
:10FE5000D26505003D4E00201D4E0020F5650500D1
:10FE6000196605009D4E0020BC01002030B5A7B0EA
:10FE70001422002108A822F0ADFE04233D22002117
:10FE800016A8159322F0A6FE47F21213ADF81C3007
:10FE90004FF48073ADF81E302B4B2C4944F2010215
:10FEA000CDE9092307A805AB202221F01AFF03465C
:10FEB00000B3274A274801211BF0E2FD6FF004043C
:10FEC00017F0C0FF244B1D6885B100201860234B3C
:10FED000BFF35B8F53E8001F21F0020143E80012DB
:10FEE000002AF7D1BFF35B8F44B3A84717F0BEFFDA
:10FEF00027B030BD1A4B0DF1550203F140001946F1
:10FF000053F8044B42F8044B8342F9D106AB0293F9
:10FF10002023CDE900130C480599412315AA22F0AE
:10FF200034F8034608B10F4AC4E7059821F00FFEE4
:10FF300004460028C4D00C4A0346BBE70DA8084974
:10FF40001DF0C3FE0DA8D0E7000002091D4E0020E1
:10FF500039660500383205000C24002008240020F2
:10FF60003D4E00206F6605008B66050008B504490C
:10FF7000402222F037FEB0FA80F0400908BD00BFF1
:10FF8000447F050010B598B004461422002102A851
:10FF900022F020FE44F21213ADF804304FF48073C7
:10FFA000ADF80630154B4FF48042CDE903232146CE
:10FFB00004230DF11D008DF81C301DF086FE04F1A8
:10FFC00020010DF13D001DF080FE6B46412207A986
:10FFD00001A821F086FE044601A822F0FCF82CB905
:10FFE000009821F0B4FD012018B010BD0448054A66
:10FFF000234601211BF044FD0020F5E70000020923
:020000023000CC
:1000000038320500A866050010B500283FD0234A05
:10001000136823B1043B98423CD05B68F9E7204B5E
:10002000BFF35B8F1968BFF35B8F890707D51D4846
:100030001D4A02211BF01BFD6FF00F0010BD14685C
:100040004460011D5068116000B95160BFF35B8FBF
:1000500053E8002F42F0010143E800100028F7D1D7
:10006000BFF35B8FD30701D50020E7E70F4BBFF34A
:100070005B8F53E8001F21F0100143E80012002AB3
:10008000F7D1BFF35B8F0A48FDF72EFCECE76FF06A
:100090001500D3E76FF07700D0E700BF10240020F1
:1000A0000824002038320500CC660500BC01002081
:1000B00038050020054BBFF35B8F1B68BFF35B8FD8
:1000C00013F0100F024808BF00207047BC01002049
:1000D0007D4E002070B505461E4803688B4232D025
:1000E000BFF35B8F1C4B1B68BFF35B8FDA062DD50C
:1000F000036813B16FF00F0070BD184ABFF35B8F38
:100100001368BFF35B8FDB07F4D4BFF35B8F52E858
:10011000003F43F0020442E80046002EF7D1BFF34F
:100120005B8F13F00204E5D101600D4829461DF0F4
:10013000CCFD0C4805F120011DF0C7FD0A48FDF774
:10014000D3FB2046D8E76FF07700D5E76FF07C004F
:10015000D2E700BF0C240020BC01002008240020AE
:100160003D4E00205D4E00202805002070B50C4B50
:100170001C68054644B154F81C3C1C3C13B1297B57
:1001800028469847E469F5E7064C074EB44200D389
:1001900070BD236813B1297B284698472034F5E7C2
:1001A0005C24002068310500A831050010B5044624
:1001B000FCF7C6F8044901EB001120461DF0D9FAFE
:1001C000BDE81040FEF7D6BA1824002070B5D1E97A
:1001D000015600220446C1E90122064820F086FFAC
:1001E0003DB1314620462B466FF06D02BDE87040B0
:1001F000184770BD500A002013B54FF480610446C3
:1002000004301DF088FD41053AD4BFF35B8F63686D
:10021000BFF35B8FDA0326D5E37823B9194A1A486E
:1002200002211DF076FD637B072B29D1174B93F834
:10023000F0309B0624D51DF041FB08B30DF10601FB
:1002400001A8FEF799FBD8B9BDF80620BDF8041047
:1002500020461DF09FFB034690B10D4A0A4801213C
:100260001DF057FD0CE020461DF079FB034620B140
:10027000084A054801211DF04CFD637B072BCBD0BC
:1002800002B010BD1B670500F0310500D000002052
:1002900034670500FA66050070B505460F48002270
:1002A000002317F0E9F8B8B90D4B1C6834B154F8C5
:1002B000143C1C3C03B19847E469F7E7094C0A4E2B
:1002C000B44204D32846BDE8704017F0A5BAA3682D
:1002D00003B198472034F3E770BD00BF340A002013
:1002E0005C24002068310500A83105002DE9F041AB
:1002F000044620270025EFF3118287F31288BFF30D
:100300006F8FE16929B1206A0B68E361814208BF00
:10031000236282F31188BFF36F8F71B1D1E9016855
:100320000748C1E9015520F0E1FE1EB10022414617
:100330002046B047FEF71EFADDE7BDE8F08100BFBA
:10034000500A00200448B0F81431002B00F58C70DE
:1003500008BF0020704700BFD000002030B5044621
:10036000FBF7B0FD0D4A0D460D490858D2F888102C
:10037000884289B005D1204609B0BDE83040FFF77A
:10038000B5BF24342146104620F06DFF1DB16946EB
:10039000204620F078FF09B030BD00BFA821002022
:1003A0000800000038B5002204468A4202D1002429
:1003B000204638BD04F1C8030120BFF35B8F53E82A
:1003C000005F002D04D143E8000CBCF1000FF6D112
:1003D000BFF35B8F02D0D0340244E6E7002CE6D0B6
:1003E000C8220021204622F0F5FB04F14000044918
:1003F00020F06AFF034904F1240020F018FFD7E73A
:100400005D0F030041DD0400F7B516460D460121DE
:100410000446FFF7A3FF012E23D0022E52D12369F9
:100420003BB13148314A01211BF021FB20461DF030
:10043000A5FC256121690B8A012B53D9CA68128852
:10044000043292B293424DD343D9274800920121FE
:10045000274A1BF01FFB204603B0BDE8F0401DF00B
:100460008DBC206940B9234A1F4831461BF0FFFA72
:1004700020461DF083FC01E02A8A2AB9284603B0F1
:10048000BDE8F040FBF7FCBF018A438A47695B1A6D
:10049000C168C91B5B1A9A420CD9174A12483146E7
:1004A0001BF0E5FA21690022204600F0D5FF002369
:1004B0002361E3E7E9680C301BF033FE2846FBF7C5
:1004C000DFFFB7E70D4A0848334601211DF021FC44
:1004D000CEE7002301222046236103B0BDE8F040AF
:1004E00000F0BABF03B0F0BDF03105005067050061
:1004F000D06705006D6705008B670500B2670500D2
:1005000008B500F1C803BFF35B8F53E8002F013A31
:1005100043E800210029F8D1BFF35B8FAAB90B4B48
:10052000984212D303F5D07290420ED2C01AD02353
:10053000B0FBF3F203FB120038B9054816F068FF70
:10054000BDE80840034817F067B908BDC81300208C
:10055000340A00205805002010B504461DF017FC91
:1005600017F070FC0C4BD3F82C3104F1BC0143B9EB
:100570000A481DF0B4FB17F079FCBDE81040FEF707
:10058000F9B8994201D01B68F1E717F06FFC2046DB
:10059000FFF7B6FFF1E700BFD0000020FC0100200C
:1005A000F8B5467B8E4200AF04460D461BD1082E9F
:1005B00096BF534B534B53F826306C4688B06A466F
:1005C0005149CDE905134FF40073ADF81C304F4B82
:1005D00042F8103F4E4800234FF4E451FAF774FA02
:1005E000A546BD46F8BD41730EB91DF0D0FB637B37
:1005F000082B00F2818001A252F823F04906030083
:100600009F060300E3050300E3050300E305030081
:10061000E3050300E305030021060300E3050300EF
:100620000023C4E90D33E378012BDAD1A378012B41
:1006300004BF032384F898304FF42032002304F1E0
:10064000400017F059F9CCE7082ECAD8DFE806F0C9
:100650002005171C1C1C1720200004F1400528460B
:1006600020F03EFE01212046FFF778FE20461DF0D7
:1006700085FB00220023284617F072F9B1E7237B9F
:1006800013B12046FFF772FD2046FFF739FFA8E7B8
:10069000204A2B461E4802211DF03BFBA1E7237B8D
:1006A0003E2B0FD16D4688B06A461B4BCDE9053411
:1006B000032342F8103F164800234FF4C451FAF7C1
:1006C00003FAAD46154D05F58C76616911B9FEF753
:1006D00051F886E7A2690B686361914208BFA36184
:1006E0002046FFF773FDB5F81431002B14BF3046D8
:1006F000002016F08DFEE8E7094A2B46CAE700BF46
:1007000098390500EB670500F56705000300000157
:10071000F0310500066805001D680500D0000020C6
:10072000446805002DE9F843DFF8389006460F4687
:1007300090460025684200F0D00048441DF027FB99
:10074000044620B183781E4208D1FFF7D9FE6B1C06
:10075000022B4FF00105EDD1BDE8F8834146B847C3
:100760002046F2E7C8130020024900220120FFF7CB
:10077000D9BF00BF35DD04002DE9F041174F054614
:100780000E464FF0000838461DF001FB044658B1F4
:10079000437B012B02D0073B012B03D82388AB42BC
:1007A0000ED02046FFF7ACFE08F10103022B07F143
:1007B000D0074FF00108E6D100242046BDE8F081C3
:1007C000A3781E42F9D1064A06482B4602211DF0A5
:1007D000A0FA2046FFF794FEEEE700BFC813002002
:1007E00060680500F0310500034BC01A034B00118F
:1007F0005843C0B2704700BFC8130020C54EECC4B8
:1008000070B51C46144305460E460DD00F49FBF744
:1008100059FBD1F888400E4909588C4206D10D4A3F
:100820000D4802211BF023F9002213460B49002D2D
:1008300014BF284608461BF002FC044618B1711D7F
:100840000C301BF05DFC204670BD00BFA8210020CD
:100850000800000077680500F0310500680A0020F4
:1008600010B50446054816F0D7FF204600F03AFDC3
:100870002046BDE81040FFF779BC00BF48050020C6
:100880002DE9F04F87B000AF0023FB607B61BF4BC9
:100890005A8A3AB1BE4DD5F82C413CB91C37BD46F9
:1008A000BDE8F08F1B68002BF4D1F7E754F8BC3992
:1008B00003B1BC3BB749002601E01C461346B5F81E
:1008C0001421002A00F05F81D5F820214AB904F1F3
:1008D000BC06002BE2D0D3F8BC20002AEDD0BC3AF5
:1008E000EBE70A68002AF2D0D4F8A820002AEED05C
:1008F000D4F8AC20002AEAD0D4F8B020002AE6D000
:10090000637B072B6CD120469047002868D0BFF34B
:100910005B8FD4F8C030BFF35B8F022B60DC2046C6
:100920001DF035FA04460028B8D0637B072B40F051
:100930002781D4F8A830B5F8141107F11002204629
:1009400098478146002800F00E81B5F814213B69D4
:100950009A4208D30146D4F8AC6007F1140307F1BA
:100960000C022046B0477B693B60B9F81030D7F8DD
:100970000C80002B00F0FE804846D7F810A01CF039
:100980000EFF7860002840F0F880B5F81431DFF8E9
:1009900008B2002B14BF584600200022002316F096
:1009A0006BFD78B97B480022002316F0FFFC064659
:1009B00000283BD1B5F81431002B18BF5E463046F5
:1009C00016F026FD6FF00B054846FBF759FDB8F110
:1009D000000F00F0B38039682A462046C047ADE0DA
:1009E000D4F8BC3004F1BC02C6B9D5F83011C5F852
:1009F0002C318A4201D1C5F830310023C4F8BC3013
:100A00002046D4F8B030984700288ED0637B072B5F
:100A100040F0B6802046FFF79FFD86E73360D5F8AB
:100A200030319A4208BFC5F83061E6E73B68C0F84C
:100A300004808360B5F814B15448DA454FF00002E1
:100A40004FF000034FF0000198BF1FFA8AFBFBF73D
:100A500099FC804650B1FBF773FC504B5A4603EBB0
:100A60000013494640461CF05FFE8046B5F814313D
:100A700094F8C4909A4584BF01237B607B6884F816
:100A8000C4309CBF09F102095FFA89F904F1C00A78
:100A9000BFF35B8F5AE8003F01334AE80032002A77
:100AA000F8D1BFF35B8F04F1140B314658461DF0AB
:100AB00016F9A378012B5AD108F10C03042118462A
:100AC0007B601BF050FB22887B6809F0FD0942EA3D
:100AD00009320280B8F81020043A428002211846F8
:100AE0001BF049FB4046FDF76BFD8146002847D0CF
:100AF000BFF35B8F5AE8003F013B4AE80032002A0F
:100B0000F8D1BFF35B8F314658461DF01CF9244ADB
:100B100024484B4601211DF0FCF84046FBF7B0FC91
:100B200020463146FFF752FBB5F814311A48002B26
:100B300008BF002016F06CFC6FF004056E4688B00C
:100B4000194A0794CDE905256A46042342F8103F67
:100B500014484FF401510023F9F7B6FF1321B546AD
:100B600020461DF030F92046FFF7CAFC96E66FF0EC
:100B70001509BDE76FF0790526E76FF0040523E757
:100B8000FDF7F8FDEFE79368FFDE00BFD40A002011
:100B9000D0000020500A0020E80100201824002086
:100BA000AD5E0500F0310500A06805002DE9F041BB
:100BB00040F2E243D0F88860B6FBF3F60446B6B2E2
:100BC000031DBFF35B8F4268BFF35B8F920417D5A1
:100BD000B0F88C20B24213D8B0F88E20B2420FD3B6
:100BE000D0E9241291420BD1BFF35B8F53E8001F71
:100BF00021F4005143E80012002AF7D1BFF35B8FC4
:100C0000104B1D6865B155F80C7C1C3D37B1B4F82C
:100C10009230B4F8902031462046B847ED69F1E7AC
:100C2000094DDFF82880454501D3BDE8F0812F69E3
:100C300037B1B4F89230B4F8902031462046B84726
:100C40002035F0E75C24002068310500A83105005C
:100C50002DE9F041074608460D461CF031FE0646D8
:100C600018B900263046BDE8F081144B1C6884B1E9
:100C700054F8103C1C3C0BB9E469F8E729463846A7
:100C800098470028EDD028461CF01AFE0028F3D122
:100C9000E7E70B4CDFF82C804445E3D2E3680BB95F
:100CA0002034F9E72946384698470028D9D0284605
:100CB0001CF006FE0028F3D1D3E700BF5C2400201F
:100CC00068310500A83105002DE9F041C3780446DC
:100CD0008BB900F17E06114B1D687DB11C3D04F1FE
:100CE00070076B691BB13A46314620469847ED695B
:100CF00025B11C3DF5E700F17706ECE7084D094FFB
:100D000004F17008BD4201D3BDE8F0816B691BB1ED
:100D100042463146204698472035F3E75C240020C0
:100D200068310500A8310500F8B5437A837205469D
:100D300016461DF090F90D4B1C684CB154F8043C5C
:100D40001C3C1BB1697A324628469847E469F4E7AF
:100D5000074C084FBC4200D3F8BDA3691BB1697AA8
:100D60003246284698472034F4E700BF5C24002030
:100D700068310500A831050038B505460C460F4816
:100D80000221FFF70FFBC0B1057223680367A38838
:100D9000A0F87430A37980F876300123437283720F
:100DA0008370074BC0F8A830064BC0F8AC30064B38
:100DB000C0F8B030054BC0F88C3038BDC8130020E7
:100DC000E1110300FFDC0400F3DC0400180028003C
:100DD0002DE9F041114D06460F464FF00008284618
:100DE0001CF0D5FF044620B18378012B0DD0FFF70E
:100DF00087FB08F10103022B05F1D0054FF0010834
:100E0000EDD100242046BDE8F0813A4631461DF080
:100E10004CF80028F6D12046E9E700BFC8130020AF
:100E2000B0B500AF0D46FFF7D3FF044608B3284620
:100E3000FCF740FB637B082B96BF0F4A0F4B52F821
:100E400023306D468AB06A460D49CDE907030D4B44
:100E500009930D4BCDE9051442F8103F0B480023D0
:100E60004FF44251F9F730FE2046AD46FFF748FBFC
:100E70000120BD46B0BD00BF98390500EB670500F5
:100E8000C36805000103020405000002F0310500FB
:100E90002DE9F843DFF8549005460E4690460027AA
:100EA000784200F0D00048441CF071FF044620B1A5
:100EB0008378012B08D0FFF723FB7B1C022B4FF01C
:100EC0000107EDD100240DE036B1324629461CF071
:100ED000ECFF08B92046EEE7637B4345FAD1237A5D
:100EE000AB42F7D12046BDE8F88300BFC81300200D
:100EF00038B5044608460D461CF0E2FC48B3164BD4
:100F000093F8F030990707D4E37883B12946204657
:100F1000BDE8384000F0CCBA94F899309A07F3D580
:100F2000BFF35B8F6368BFF35B8F5B04ECD4294630
:100F300020461CF0E0FF58B92B88A4F88C306B8851
:100F4000A4F88E30AB88A4F89430EB88A4F89630DF
:100F500038BD6FF01500FBE7D0000020F7B510F8A2
:100F6000333C0446A0F140060BBB30461DF016F89A
:100F7000354B1D684DB155F8183C1C3D1BB114F89C
:100F8000341C30469847ED69F4E7304D304FBD4290
:100F900005D3304603B0BDE8F040FFF7B1BA6B6847
:100FA0001BB114F8341C304698472035EFE710F891
:100FB0003E3C012B46D1BFF35B8FA0F13C0555E8C9
:100FC000003F23F4005245E800210029F7D1BFF388
:100FD0005B8F990423D5E36C00936946636D01939D
:100FE0003046FFF785FF034698B9BFF35B8F55E89E
:100FF000003F23F4805345E80032002AF7D1BFF3C5
:101000005B8F4FF40061284603B0BDE8F0401CF050
:1010100082BE104A104802211CF07BFEF1E70F4A05
:101020004FF4281369463046CDE90023FFF760FFEF
:10103000034628B94FF4805128461CF06CFEE0E7C7
:10104000074AE7E703B0F0BD5C24002068310500E3
:10105000A8310500FC680500F031050018002800E3
:101060002169050008B568B1094B1A6800F10C0147
:1010700022B907481CF033FE104605E0914204D027
:101080001268F5E76FF0150008BD6FF07700FBE719
:101090006424002010B50E481FF0F9FF0D490C48DC
:1010A00020F024F80C490A4820F020F80B490848A1
:1010B00020F01CF81DF0C2FB02F06EFF044628B9B8
:1010C00004F082FC044608B91DF029F8204610BD42
:1010D000500A0020382400204424002050240020FE
:1010E0000346024A024801211AF0CABCD46905002D
:1010F0006032050080B500AF88B06A46074BCDE985
:101100000530032342F8103F054800234FF4C25135
:10111000F9F7DAFC6FF00B00BD4680BDFC690500F5
:101120006032050010B50B4A13683BB1936C23B1D4
:10113000FFF7E0FF6FF00B0010BD0123482000FB1C
:1011400003205B4203F04803034C44601A440A60E6
:101150000020F1E770240020E439050070B5044652
:1011600052EA030008D0FAF7ADFE074D074ED5F856
:1011700088503058854201D1002213462046043160
:10118000BDE87040FFF73CBBA8210020080000002C
:1011900038B5054618462B68DBB15B7B072B18D1A9
:1011A0000B7A012B07D00C4A0C4801211AF068FC7D
:1011B0006FF0150038BDCB7A072BF9D9C8618A6169
:1011C00005F130001FF092FF28461CF0BEFE002003
:1011D000F0E76FF07F00EDE7236A0500603205005D
:1011E0002DE9F84FD0F8B44000AF8846914644B19D
:1011F000403C236B63B92068B4301CF0C5FE246CFE
:10120000F5E7FDF7B7FA00263046BD46BDE8F88F92
:1012100004F1300A50461FF07EFF05460028F0D04A
:101220001CF0BDFA80B16C4688B06A462A4BCDE905
:101230000535032342F8103F284800234FF4C251DC
:10124000F9F742FCA546DEE728461AF027FF656C51
:1012500006469DB9A38C058A403B9BB23F2B03D821
:10126000238D9D4228BF1D46042106F10C001AF073
:101270007AFF0580A38C438004356564454520D8FA
:10128000B6F810B0AB4506D100220023504616F048
:101290008DF8FBF7F5F8A38CA3F140023F2A07D89D
:1012A000AB4514BF00220E4AB26118BF1346F3616A
:1012B0002068B4301CF068FE236B13B120461CF08C
:1012C00044FE636CC9F80030984534BFA3EB0801B5
:1012D0000021616498E700BF3B6A050060320500A9
:1012E000CFE00400F7B5284D284F04460026BD4244
:1012F00001D303B0F0BD298820461CF0DEFE6B68E8
:10130000019001A920469847002838DB019B2A88D4
:101310009A829A8403F11002BFF35B8F52E8001F98
:1013200042E800600028F9D1BFF35B8F1E645E6461
:101330009E60A16B03F1080219BBC4E90D221C6079
:10134000DE6003F130001FF0A2FE019843681B68C5
:1013500003B19847019BBFF35B8F103353E8001F25
:1013600041F0010143E80012002AF7D1BFF35B8F7F
:1013700001984368DB6913B100F110019847083503
:10138000B5E70A60A263DAE750310500683105006D
:1013900073B50D460646042105F10C001AF0FCFE5B
:1013A0002B8A42889A42044607D000921C4A1D4864
:1013B00001211AF06FFB02B070BD43783BB91A4AA5
:1013C0001848012102B0BDE870401AF050BB037804
:1013D000012BF0D0132B06D1022AECD0022300936C
:1013E0001346124AE3E7124A0E4802211AF048FB5C
:1013F00061783568022201201CF045FE0446002871
:10140000D9D002210C301AF086FE002303704370FD
:101410002146284602B0BDE870401CF065BE00BF02
:10142000536A050060320500746A0500956A05007C
:10143000C06A050008B50B8A032B06D8044A054884
:1014400001211AF014FB002008BDFFF7A1FFFAE705
:10145000E86A05006032050038B50B8A032B0546A3
:101460000C4609D80F4A104801211AF000FB20460B
:10147000BDE83840FBF704B8042104F10C001AF071
:101480008BFE418828461CF040FE30B9074A0648CA
:101490000B4602211AF0F4FAE9E7436821465B693A
:1014A0009847E4E7066B050060320500236B0500F2
:1014B00070B5144A137801330C4613F0FF010CBFCA
:1014C00001230B461370064608BF19460822122056
:1014D0001CF0D9FD054688B108210C301AF01BFE1E
:1014E0002288028062884280A2888280E288C2804C
:1014F00029463046BDE870401CF0F6BD6FF00B0089
:1015000070BD00BFBD4E002023281FD81A2804D864
:10151000431E182B0ED906207047A0F11B03082B81
:101520001ED8DFE803F0051D1B231D19251D05002E
:10153000032070470F4A012383401A40C2B90E4A64
:101540001A40002A0CBF06200120704700F07F03DC
:10155000522B05D1002070470120704705207047AD
:1015600010F0400F14BF0020062070470420704781
:1015700002207047AAAA8A02545545012DE9F74F67
:10158000064608460C46FAF7DBFE2E4F1823434367
:10159000FA18054691680191E168BFF35B8FF06C22
:1015A000BFF35B8FC0070AD4274A284801211CF0EB
:1015B000D9FD6FF01509484603B0BDE8F08FE0682B
:1015C000007810710022FA500B78D22B0FD13368BB
:1015D000214618681DF0A0FF814640B11C4A1B48F7
:1015E00001211CF0BFFD2046FAF74AFFE3E718236C
:1015F00003FB0573D4F80C80D4F814B0B4F810A031
:101600009E6000231A462146301DFFF7C1FD81462A
:101610000028D0D010F1690F04D10E4A0B480121E7
:101620001CF0A0FD6269019BA4F810A0A8EB0B08B8
:1016300012FA88F2E260182255437A1947F80590A9
:101640009360B8E7082500205F6B0500E0310500D6
:10165000796B05008C6B050008B5EFF31181202331
:1016600083F31288BFF36F8F002303600F4B5A6818
:10167000C2B9C3E9000081F31188BFF36F8F0C4832
:1016800016F0CAF8031E0CDA0A4A0B4801211AF0B8
:10169000F7F9002383F31188BFF36F8F03231846F4
:1016A00002DF08BD10605860E5E700BF002500209C
:1016B00090050020AF6B0500E0310500011F0148D7
:1016C0001FF0FEBB70090020024A034801211CF0F4
:1016D00049BD00BFD86B0500E031050010B500F131
:1016E00048030446BFF35B8F53E8001F41F001013C
:1016F00043E80012002AF7D1BFF35B8F201F1CF0D4
:1017000005FE04F1640004491FF0DEFD2068BDE819
:10171000104002F081BB00BFE526030073B50E4602
:10172000438D418B8B4202F1010228BF0B469A4246
:10173000054609D91E48009202211E4A1AF0AAF94C
:101740000024204602B070BD3046FFF7DDFE6FF08A
:101750001403034113F0010310D0FAF7B3FB164B47
:101760001958164BD3F8883099421ED0144B1B6879
:101770005A1A18BF4FF0FF32134601E04FF470229F
:1017800010480021FFF7EAFC04460028D9D0FAF7F8
:10179000D7FD0D4B182202FB0033012104F10C0090
:1017A0009D601AF0B8FC0670CBE70022E4E700BFAA
:1017B000E0310500F56B050008000000A8210020BD
:1017C000502500208C0A002008250020F0B51D4679
:1017D00003680E46003987B0044618BF0121186817
:1017E00017461DF0B2FB40B904F14C001CF0F6FDA9
:1017F000002846D0002007B0F0BD002D43D01822AD
:101800000021684621F0E6F96FB10022132120463D
:10181000FFF784FF019030B91C481D4A01211CF0DC
:10182000A1FC1120E7E723681A4A1B6800930023F4
:10183000ADF812300C9B0393BDF83430ADF8103086
:1018400001238DF8143029466B4628468DF8086030
:101850001CF0A0FD9DF8143063B1002FCAD0019890
:10186000FAF70EFE9DF814302A46314620461CF049
:10187000C4FDBFE701990029BCD020461CF0DCFC68
:10188000B8E71220B7E70120B5E700BFE031050057
:101890001A6C0500C7E104002DE9F3410B8A0446E8
:1018A0000D4643B9294A2A4801211CF05BFC00205F
:1018B00002B0BDE8F0810768012105F10C001AF0C3
:1018C0006BFC7B7B072B0646F1D154F8043C002BC4
:1018D000EDD003781F4F043C002217F832009842E5
:1018E0004FEAC20807EBC20114D12A8A4878904215
:1018F00026D91748009301211346174A1AF0CAF84F
:1019000004234744BA78012AD1D1002BCFD03178B3
:10191000002211E001320C2ADFD1104A0C480221CA
:101920001AF0AEF831780846FFF7EEFD2122C240EA
:1019300012F00102BBD1062320461CF05EFDB6E783
:101940004B682046294698470346DAE7336C050082
:10195000E03105000C3A0500686C05004E6C05008E
:10196000F8B54FF470220746002311480D461AF0CF
:1019700066FB044638B90F4A0F482B4601211AF07E
:101980007FF82046F8BD00F10C06092130461AF018
:10199000B7FB2046FAF7D4FC084B182202FB0033B1
:1019A000012130469F601AF0B6FB0570E9E700BFE1
:1019B0008C0A0020D4690500E031050008250020CC
:1019C0002DE9F0410E8A043EF6B2022E04468CB098
:1019D000084601D0102E64D104210C301AF0DCFB33
:1019E0000DF1080805884788011D324640461BF066
:1019F00046FE002857D0A5B300268FB3AF4230D3A0
:101A00004FF4205301A940468DF80460ADF806302C
:101A10001BF008FE48BB1422002107A821F0DAF8C9
:101A200011212046FFF79CFF0990002837D00121A3
:101A30000C30CDE907481AF06EFB00230A903946B6
:101A400003701A4A0B93284607AB1CF0A3FCDDE990
:101A500009131B78FBB90846FAF712FD0A2301E0C7
:101A60003D4601232A4610210EE042F6010307A954
:101A700040468DF81C60ADF81E301BF0D3FD0028E9
:101A8000C9D010232A46194620461CF0B6FC002077
:101A90000CB0BDE8F08120461CF0CEFBF7E711202A
:101AA000F6E70420F4E70E20F2E700BF052003006C
:101AB0002DE9FF41036804460D46186801211DF019
:101AC00044FA40B904F14C001CF088FCA0BB122081
:101AD00004B0BDE8F08110220021684621F07AF8B8
:101AE00021212046FFF73CFF029038B3009405F116
:101AF0000C074FF001082B8A012B04D802992046CD
:101B00001CF09AFB18E038461AF056FB6B460C4A5C
:101B10008DF80C80014606461CF03CFC9DF80C300C
:101B2000002BE8D00298FAF7ABFC9DF80C30324657
:101B3000202120461CF061FC0020C9E71120C7E7E6
:101B40004DE604002DE9FF41036804460D46186880
:101B500001211DF0FAF940B904F14C001CF03EFCE3
:101B6000A0BB122004B0BDE8F0811022002168461D
:101B700021F030F80F212046FFF7F2FE029038B333
:101B8000009405F10C074FF001082B8A012B04D8B3
:101B9000029920461CF050FB18E038461AF00CFB66
:101BA0006B460C4A8DF80C80014606461CF0F2FB91
:101BB0009DF80C30002BE8D00298FAF761FC9DF8F4
:101BC0000C3032460E2120461CF017FC0020C9E7DD
:101BD0001120C7E7D1E60400F0B51D46036885B0C3
:101BE00004460E461868012117461DF0AEF938B9B3
:101BF00004F14C001CF0F2FB50BB122005B0F0BD0C
:101C000065B310220021684620F0E4FF39462046E3
:101C1000FFF7A6FE029018B3BDF82830ADF80430E7
:101C200001238DF80C3029466B460E4A0094284655
:101C30001CF0B0FB9DF80C3002995BB10846FAF736
:101C40001FFC9DF80C302A46314620461CF0D5FB7F
:101C50000020D3E720461CF0EFFAF9E70120CDE79A
:101C60001120CBE7D1E604002DE9F0410E8A043EB5
:101C7000F6B2022E04468CB0084601D0102E76D162
:101C800004210C301AF088FA0DF104080588478801
:101C9000011D324640461BF0F2FC002869D085B396
:101CA00077B3BD422DD8606801211DF04EF906467C
:101CB00078BB8DF8000042F6020369464046ADF855
:101CC00002301BF0AFFC20B342F6030306A94046E6
:101CD0008DF81860ADF81A301BF0A4FCC8B1012DC6
:101CE00003D14FF6FF739F4213D004F14C001CF058
:101CF00075FB002814BF002012200CB0BDE8F08155
:101D00003D4601232A46082120461CF076FB002090
:101D1000F3E7182200210DEB020020F05BFF092100
:101D20002046FFF71DFE0890F8B101210C30CDE9E7
:101D300006481AF0F0F90023099003700A238DF881
:101D40002C30394606AB0C4A28461CF023FB9DF884
:101D50002C3008992BB10846FAF792FB9DF82C30ED
:101D6000D0E720461CF068FAD1E71120C5E704202F
:101D7000C3E70E20C1E700BFBD2003002DE9F043FB
:101D80000F4687B00446062107F10C001AF004FA4A
:101D90000588EDB1B0F80280B8F1000F17D04545C5
:101DA00016D8002382888DF800308DF8043001A900
:101DB0004FF420536846D7F80C90ADF80220ADF8E8
:101DC00006301BF02FFC064660B10A2301E04546B1
:101DD00001232A46062120461CF00FFB002007B0F5
:101DE000BDE8F0830146142201A83F7C20F0F2FEFA
:101DF00007212046FFF7B4FD0290D8B10A238DF8E1
:101E00001530414601AB0C4A01942846CDE90369DF
:101E10008DF814701CF0BEFA9DF8153002992BB1A4
:101E20000846FAF72DFB9DF81530D2E720461CF046
:101E300003FAD3E71120D2E7A91E03007FB5CB68D0
:101E40001D8804468DB15E8876B1B5420DD810224A
:101E50000021684620F0BEFE05212046FFF780FDE8
:101E6000019058B9112007E0354601232A46042184
:101E700020461CF0C2FA002004B070BD6B4631460B
:101E8000084A009428461CF085FADDE9011323B9BD
:101E90000846FAF7F5FA0A23E8E720461CF0CCF9E1
:101EA000E9E700BF55E204002DE9F04391B0D2F814
:101EB000008006460F46002542F601030068D8F868
:101EC00004908DF82C500BA91446ADF82E301BF061
:101ED000A9FB00286DD04FF4205330688DF82C50AA
:101EE0000BA9ADF82E301BF09DFB38B1A3681BB1D8
:101EF0005A88BA4200D25F80012010E0616808462B
:101F00001CF018F9B8F82A20B8F81A309A4294BF91
:101F1000C0EB0200C0EB0300032803D8002011B07F
:101F2000BDE8F08308461AF0BDF86168054608462A
:101F30001CF000F96B8A2A8AA3EB020C6B69EA6831
:101F4000D21AACEB0203B8F82AC0B8F81A209445AC
:101F500094BFC0EB0C00C0EB0200834228BF0346D5
:101F60006BB9887AFAF7E4F9002200231AF067F8CF
:101F700005460028D2D0014660681AF0A4F8002374
:101F80000093D6F804803146102302AA4846C04781
:101F9000061E0EDB227CE068964227D001460BA885
:101FA0001BF06DFB40B9237C134A1448022119F041
:101FB00067FD0023A3609FE7F2B202A906A81BF009
:101FC0005EFB10B90E4A3346EFE706A90BA81BF0DB
:101FD00029FB0028EDD100236374042105F10C00D6
:101FE0001AF099F8A0600780A36884E7324602A936
:101FF00020F0F8FDEDE700BF876C0500E03105003B
:10200000A66C05002DE9FF4105460E464FF000087D
:102010004FF42053006817688DF8088002A9144611
:10202000ADF80A301BF0FEFAA0B142F601032868B1
:102030008DF80C8003A9ADF80E301BF0F3FA48B10F
:1020400023691BB15A88B24200D25E80012004B0DD
:10205000BDE8F081616828681BF0E4FA10B1002344
:102060002361F3E7E368A0681A786AB1B7F81AC089
:10207000798D038A8C4594BFC3EB0C03C3EB01033A
:10208000934201DA0020E2E704210C301AF043F811
:102090002061068023695E80074B00930194A2684B
:1020A0000023294638461CF048FA0028EADB20695C
:1020B000003818BF0120CAE775E304002DE9F34793
:1020C00017680546894600685168D7F804A0144689
:1020D0001BF0A8FA804600284BD19522294650468D
:1020E0001CF0C1FE0646207540B1E3681B780BB1B9
:1020F00084F81480002002B0BDE8F08729465046DD
:102100001CF05DFF10B908232375F3E7A06826755E
:1021100019F0C8FF02210C3019F0FDFF164B2061A9
:10212000A0F8009000930194A268334629463846EF
:102130001CF003FA002807DA10F1FF0F26BF404217
:10214000C0B20E202075D5E72369002BD2D0A0683D
:102150001BF0F0FF7B8D7A8B9A4294BFC0EB02009C
:10216000C0EB0300E3681B78984294BF0020012075
:10217000C1E70120BFE700BF45E104002DE9F041C0
:1021800082B000AF044688463E480022002339460C
:1021900014F052FF0546B0B16D4688B06A463A4B1E
:1021A000CDE90534032342F8103F384800234FF4AB
:1021B000C251F8F789FCAD466FF00B063046083780
:1021C000BD46BDE8F081F9F77DFE314B1A58314B21
:1021D00038681A602946242220F0FCFC3B682E480F
:1021E0001C603C687D60C4E90155C4E907550022C4
:1021F0000023391D14F020FF064688B123686C4681
:1022000088B06A462549CDE90513032342F8103FFB
:102210001E482B464FF4C451F8F756FCA546CBE7B1
:102220000146A022786820F0D5FC78681C4B8360BA
:1022300054301EF02CFF7B68BFF35B8F4C3353E8A8
:10224000002F43E800610029F9D1BFF35B8F7B6861
:102250001C60E3697D681BB904F10C001EF017FFD8
:10226000E269C5F89820226A05F19803E36102B992
:1022700023627B6817225A855A830433C8F80030DA
:102280009CE700BF54090020C56C0500E031050043
:10229000080000005025002070090020EA6C0500AD
:1022A0006805002008B5437B072B06D00C4A0221A5
:1022B0000C481BF057FF002008BD04211BF025FF30
:1022C00010B9094A0121F3E7BFF35B8F836CBFF3B9
:1022D0005B8FDB0701D4054AF4E750F8040CEBE709
:1022E0000F6D0500E03105001D6D05005F6B0500F9
:1022F0002DE9F04F85B000AFB860EFF311882023CF
:1023000083F31288BFF36F8F5B4D28461BF008FFE5
:102310002E68044688F31188BFF36F8F00285FD0C2
:10232000FAF70EF85549182202FB00F3C81851F8C5
:1023300003A00369FB600021D0E9025890F80490E3
:10234000B0F806B020F046FCA07AF9F7F1FF616919
:10235000034659B1627AD00706D4DA697B60126805
:102360002046926890477B680022626121461846A9
:102370001EF0C7FEB9F1000F0DD065B12B6853B147
:102380001B6843B1BAF1000F2ED03D4A3D48534679
:10239000012119F075FB1EB3B96800201EF063FF20
:1023A00000281DDA6C468AB06A46374B0593374BD6
:1023B000CDE906304FF40073ADF82030344B42F8CD
:1023C000103F304800234FF41151F8F77DFB0023F4
:1023D000A54683F31188BFF36F8F0323184602DFEE
:1023E0001437BD46BDE8F08F281D1CF0A1F9484602
:1023F000FFF78AF80528CED801A353F820F000BFD4
:1024000049240300192403009723030049240300EF
:102410009723030019240300BFF35B8FEB6CBFF31A
:102420005B8FDA0705D41B4A164801211BF09AFE80
:10243000B1E72B6D002BAED04FF47022002305F1D5
:10244000680015F08DFAA6E72B68D3F80090BFF36B
:102450005B8FEB6CBFF35B8FDB07E4D5B8F1000F4C
:1024600099D0002403E0F9684846C0470134A3B27C
:102470009B45F8D88FE700BF0025002008250020E5
:10248000386D0500E0310500576D0500847F0500BB
:10249000040000015F6B0500F8B50F461646FFF714
:1024A00001FFB0B1C46920461CB150F8984904B18D
:1024B000983C731C194638B1428B458DAA4228BFFF
:1024C0002A469A4207D264B90A4A0B48022119F0F7
:1024D000D7FA0020F8BD32463946BDE8F840FFF78C
:1024E0001DB9D4F8985005B1983D20460B462C46AE
:1024F000E2E700BF726D0500E031050007B50B464D
:1025000002460021F9F7DEFC01910E4909580E48F8
:102510000068884204D00D48D0F88800884201D174
:102520000022134601A90A4814F086FD014638B975
:1025300001981C2220F04EFB019803B05DF804FBCB
:102540000020FAE70800000050250020A821002004
:102550008C09002010B50446806818B1F9F790FF87
:102560000023A36021460248BDE810401EF0A8BC2D
:102570008C0900202DE9F743044668300F46904649
:102580001E461EF0ADFE206D50B9154A15480221B9
:102590001BF0E8FD204603B0BDE8F04300F08AB828
:1025A000114B98424FF0000317D045684360206DEF
:1025B000D0F81890FFF7CEFF0023206823651CF0A9
:1025C000ECF83DB12068CDF80090006843463A46EB
:1025D0003146A84703B0BDE8F0831D46ECE700BFD5
:1025E0008D6D0500E031050054250020F7B550F849
:1025F000044C0546002C59D000F1940104F11C0054
:102600001BF0D3FE2E1F05F1500700220023384691
:1026100014F0CCFE024678BBEB6C2BB101466FF098
:1026200067033046FFF7A6FF002345F8043C05F199
:102630004803BFF35B8F53E8001F21F0010143E81B
:102640000012002AF7D1BFF35B8FE36973BB04F17B
:102650000C0600220023304614F0A8FE78B9666804
:1026600086B91348266021461EF02AFC286803B06C
:10267000BDE8F04001F054BCF9F702FFC5E7F9F7F7
:10268000FFFEE6E7A26833686360964208BFA36076
:1026900077683FB1B3690093002320681A466FF052
:1026A0006701B8473046FFF755FFD8E703B0F0BDE4
:1026B0005409002010B504460430FFF797FF606806
:1026C00013211BF080FB034630B1044A0448BDE8E7
:1026D0001040012119F0D4B910BD00BFA46D050050
:1026E000E0310500B0B5044600AF54F8683D186805
:1026F0001BF0FBFBFAF7DEFE6D4688B06A460B4B1B
:10270000CDE905304FF40073ADF81C30084B42F8AA
:10271000103F00234FF4E2510648F8F7D5F9204660
:10272000AD46FFF7C7FFBD46B0BD00BFC26D050097
:1027300003000001E031050070B550F8043C044688
:10274000061F002B3BD039B1C36C002B37D01B7C4C
:10275000DA0734D505231CE00568284601F0C4FBE0
:102760006B7A012B2BD0E46C4CB3237CDB0726D592
:10277000E368002BEED06269617C3046FEF7CEFF45
:10278000054668B9637C0E4A0E48012119F078F9B4
:102790000E23002230461146BDE87040FFF7EABE26
:1027A000D4E90512E368984718B12846F9F768FE9E
:1027B000EEE729463046FEF7E1FE0028F5D170BD70
:1027C000EE6D0500E0310500F8B51D460F461646D2
:1027D000F9F7B6FD044C182303FB0040C0E903766B
:1027E0000123C3800575F8BD0825002008B51FF03A
:1027F0006AFB38B1044A0346012104481CF0B9F8C9
:102800006FF0040008BD00BF156E050040320500E2
:1028100010B50849144618461022A047041E07DACE
:10282000054A0648234601211CF0A3F8204610BDA6
:102830000024FBE7201600202B6E05004032050027
:10284000F8B50B4D06460F46002415F8013CB3427F
:1028500007D1294638461CF0E2F810B1054820445B
:10286000F8BD1034A02C05F11005EED10020F7E7DB
:10287000A1250020A0250020F8B50B4D06460F46E7
:10288000002415F8013CB34204D1294638461CF017
:10289000C6F830B90C34782C05F10C05F1D10020C4
:1028A000F8BD02482044FBE76915002068150020A8
:1028B000F8B50B4D06460F46002415F8013CB3420F
:1028C00007D1394628461CF0AAF810B10548204423
:1028D000F8BD0C34782C05F10C05EED10020F7E79B
:1028E000C54C0020C44C002070B5204B14468268B3
:1028F0009A420FD1A568C66875B922792168304619
:102900001CF095F8024628B1194901301CF0CBF8AB
:1029100015701581012070BDE0680028FBD02B8860
:102920008B420AD0F6D2E068A36801380433E06035
:102930000038A36018BF0120EDE7256822792946F9
:1029400030461CF074F8024660B9094930461CF064
:102950006EF802460028E6D0294601301CF0A3F8A4
:1029600023791370A3685B881381DCE7212F0300B0
:10297000C67E050010B507481021FAF723FF03466D
:1029800030B1054A0548BDE8104001211BF0F1BFF8
:1029900010BD00BF101600204C6E0500403205002F
:1029A000F8B50C4C054600262746621C65B90A4955
:1029B00010461CF034F828B901360A2E04F1100430
:1029C000F2D100273846F8BD217828461BF06DFA71
:1029D000F1E700BFA0250020C67E050070B54A1CA7
:1029E0000C46054688B90E4910461CF018F8A8B9DF
:1029F00004F10A0604F10B025DB1A17A28461BF02E
:102A000054FA00B90026304670BD09781BF04DFA23
:102A1000EDE7034910461CF002F8F2E72646F2E71C
:102A2000C67E05002DE9F04106460F4690461AF095
:102A300069FF50B339463046FFF71EFF054678B9A7
:102A4000134A044610461CF035F8C0B90C22544312
:102A5000104A601C394610441CF025F81655A5187C
:102A6000012101FA08F105F108001BF0FEFFBDE8A5
:102A7000F04109484FF40042002314F071BF0134C3
:102A80000A2C02F10C02DDD1EAE7BDE8F08100BFBB
:102A90007015002068150020E015002010B50146D3
:102AA0000246042311F8010B0832FAF759FE0346D7
:102AB00030B1044A0448BDE8104001211BF059BF61
:102AC00010BD00BF726E0500403205002DE9F041D7
:102AD00080460F4616461D46FFF7EAFE044680B9BB
:102AE0001749FFF7E5FE044630B9164A1648BDE817
:102AF000F04101211BF0E4BF00F8018B39461BF0C7
:102B0000D2FF238973B9628972B926816581214612
:102B100011F8010B1AF0F6FE80B12046BDE8F04135
:102B2000FFF7BCBF9E4204D36289AA4206D29E42EE
:102B3000ECD263892681AB42E9D2E7E7BDE8F081B8
:102B4000C67E05008E6E050040320500022110B5DC
:102B500009481BF08AFF084007D10849084A0B883A
:102B6000084CA24202D300B10B8010BD5068034450
:102B70009BB208320120F4E7402600203C4D0020A3
:102B8000A8310500D031050008B5034A03480121EA
:102B90001BF096FF002008BDAD6E05004032050019
:102BA00038B50F4B144682689A420D4615D12279EA
:102BB0002168C0681BF03BFF78B1D4F8C8302F2BD8
:102BC00003D9FFF7E1FF002038BD04EB8302013396
:102BD000158101895181C4F8C8300120F4E700BF94
:102BE000212F030008B5044A044801211BF068FFA7
:102BF0006FF0150008BD00BF016F050040320500F1
:102C000070B50E4B144682689A4214D1C56821688B
:102C10006E1C30461BF003FF18B1616830461BF094
:102C200042FF0B35216828461BF0F9FE18B1616898
:102C300028461BF038FF012070BD00BF212F030084
:102C400008B513468168074A914209D11A79196873
:102C5000C0681BF0ECFE18B10023036043600381E1
:102C6000012008BD212F030002484FF4A472002365
:102C700014F076BEA016002008B5042108481BF009
:102C8000F4FE07486FF002011BF0FEFE04481BF043
:102C900011FFC30701D5FFF7E7FF002008BD00BF04
:102CA000D0160020024608B5084901301BF0FBFE93
:102CB000002313720C32BFF35B8F52E8001F42E80F
:102CC00000300028F9D1BFF35B8F08BDC67E050038
:102CD00010B5FFF7EDFD044678B1014611F8010B80
:102CE000FAF74CFD034620B1044A054801211BF0C8
:102CF00040FE002323606360A36010BD0D6F0500DC
:102D00004032050037B504460D46FFF799FD0246EF
:102D1000D0B1037A8DF804300C301BF0CBFE10F0EC
:102D2000010318BF01238DF8053001AA02232946AB
:102D30002046FAF72BFD034620B1044A044801213E
:102D40001BF017FE03B030BD0346F0E72A6F050005
:102D5000403205002DE9F04784B08A4600AF904626
:102D60009946044658B9394A394801211BF0A8FE52
:102D70006FF0150528461037BD46BDE8F08707F10E
:102D800008011AF029FC0546A0B16D4688B06A46D4
:102D9000304BCDE905344FF40073ADF81C302E4BA9
:102DA00042F8103F2A4800234FF4E251F7F78CFE17
:102DB000AD46DDE7391D204619F004F8786820B3E8
:102DC0000A22294617F004F90328034605D9234AA5
:102DD0001F4801211BF0CDFDCAE7C6B207F108016B
:102DE0003046FFF765FD044630BBBAF1000FC1D095
:102DF0001B49FFF75DFD044648B91A4A14480121F2
:102E00001BF05EFE6FF00B05B4E72E46E6E700F818
:102E1000016B07F108011BF046FE04F108010422D2
:102E20004846C047041EA5DA0F4A09482346012137
:102E30001BF09FFD25469DE7BAF1000FEDD1C0F8CC
:102E400000A0C0F804A0C0F808A093E71D58050032
:102E500040320500536F0500030000016F6F05004D
:102E6000C67E05008A6F05002B6E05002DE9F04730
:102E7000284B164682689A4207462BD1C568AB8A12
:102E800043B36C1C05F115094FF00008B4F8073086
:102E90009BB114F8011C224630461BF006F8E0B93D
:102EA00014F8010C2146FDF793FF30B1437B072B4B
:102EB00008BF48F00108FDF723FB0A344C45E5D173
:102EC000B8F1000F06D1AB69A5F8148013B14146E3
:102ED000384698470120BDE8F08706F1700A307A3D
:102EE00051461AF00FFD78B90B4B9D4202D1304686
:102EF0001BF073FE094920461BF0D5FD002304F8A2
:102F0000013CA4F80730D8E7514620461BF0CBFD22
:102F1000D3E700BF212F0300C8050020C67E0500AF
:102F20002DE9F0471F46BDF82030D1F80C90064639
:102F30008846002B4ED17B1E012B4ED8012F4946CF
:102F40000CBF15781588FFF749FD0446B8B915B9C7
:102F50003846BDE8F0874946FFF740FD044638B9DA
:102F60001F48204A02211BF0ABFD6FF01000F0E774
:102F700006F1700101301BF096FD337A2370D9F809
:102F80001C30DBB9B4F808A02581B9F81430AB4285
:102F900003D0494640461BF095FDAA4505D0307A3E
:102FA000002206F17001FFF73DFD002DD0D10E4942
:102FB000601C1BF078FD25702581C9E72A46414633
:102FC000304698470028C4DB01380128DAD96FF071
:102FD0000D00BEE76FF00600BBE76FF00C00B8E72E
:102FE00040320500AC6F0500C67E050038B50546C9
:102FF0000C460F4801211BF038FD10F0010F0D4B5E
:103000000AD11D835C830A481BF054FD830709D451
:10301000BDE83840FFF728BE198B5A8BA94202D869
:103020009442EFD838BD94421D83ECD9EAE700BF43
:10303000D01600208016002070B50B4C0025661CB1
:103040000A4930461BF0EBFC014630B920461BF024
:10305000EAFD20783146FFF755FE01350A2D04F1CF
:103060001004ECD170BD00BFA0250020C67E050075
:103070002DE9F0419846BDF81830012B0646174659
:1030800036D84344012B454635DCFFF789FC04461E
:1030900068B9FFF785FC044648B91A4A1A48022164
:1030A0001BF00EFD6FF010052846BDE8F081B8F169
:1030B000000F11D0217A002321FA03F2D00703D5A3
:1030C0003A78DA40D20719D50133032BF4D13B7893
:1030D00003F007031943217206F17001601C1BF015
:1030E000E2FC337A2370012120461BF0ACFDDBE7C4
:1030F0006FF00605D8E76FF00C05D5E76FF0120505
:10310000D2E700BFC66F05004032050010B56FF072
:10311000020104460E481BF0B7FC0D481BF0CAFC28
:10312000C20704D50B480022002314F019FC2046E6
:103130001BF0DAFB58B12046FFF732FC38B1037AB6
:10314000DB0704D5BDE8104001211BF07CBD10BD9C
:10315000D0160020A01600202DE9F04784B08A4642
:1031600000AF90469946044658B9444A4448012164
:103170001BF0A6FC6FF0150528461037BD46BDE8CC
:10318000F08707F108011AF027FA0546A0B16D464D
:1031900088B06A463B4BCDE905344FF40073ADF877
:1031A0001C30394B42F8103F354800234FF4E251B0
:1031B000F7F78AFCAD46DDE7391D204618F002FE20
:1031C000786800B30A22294616F002FF0328034656
:1031D00005D92E4A2A4801211BF0CBFBCAE7C6B20B
:1031E00007F108013046FFF72BFB044698B9FFF7BB
:1031F000D7FB044648B9264A214801211BF060FC50
:103200006FF00B05B8E72E46EAE700F8016B07F10F
:1032100008011BF048FCBAF1000F2AD002223946FF
:103220004846C047061E07DA1A4A154833460121A8
:103230001BF09FFB35469FE73B782372022E09D097
:10324000154A0F4802211BF03BFC002120461BF0D1
:10325000FAFC91E77B78012B05D9104A08483146E2
:103260001BF087FBF1E703F0010120461BF0DBFCBC
:1032700082E72046FFF716FD7EE700BF1D580500D8
:1032800040320500536F0500030000016F6F050019
:10329000F26F05002B6E05001470050068700500C4
:1032A00008B5124801211BF0E0FBC3071CD4FFF74F
:1032B0004DFC0F490F481EF007F800234FF4A4728D
:1032C0000C48FAF70BFB0C490C481DF0FDFF0221DE
:1032D0000B481BF0CAFB0B480B491DF0F5FFBDE87E
:1032E00008400A48FDF7BEBE08BD00BF40260020CA
:1032F00079ED040030160020893B0300A016002061
:10330000D0160020E015002011EE0400A0050020DA
:103310002DE9F041034648B1008A38B91249DFF877
:103320004CE001244FF0140C714501D3BDE8F0814D
:10333000D1E90076BB4204D30CFB0672143A9342E7
:103340000ED93444A2B208311446EDE70CFB0578DF
:10335000434507D001356219AE4292B2F6D1F2E789
:103360000025F8E71046E1E7A8310500D031050057
:103370002DE9F74FBDF83040009199464FF6FF73A5
:10338000002C08BF1C46444B1B88834207469046CE
:1033900052D2424B1D68002D43D0083D4FF0140B14
:1033A000AE682EB156F8083C1B8ABB4203D90026F2
:1033B0006B689E4243D3AD68002D32D0083DEFE7E5
:1033C00073682B44BB4234D29DB20836344B9E42C4
:1033D000F6D3DEE7D15840461AF024F9A0B1013502
:1033E0000AF1010AADB273685345EED9009B9D42C4
:1033F00017D8BD42F3D33268142303FB0AF302EB60
:10340000030BB8F1000FE5D1B9F1000F0CD1013C6D
:10341000A4B20E9A0D9B2946584698470CB1002835
:10342000DDD103B0BDE8F08FDBF80C309945D6D183
:10343000EDE74FF0000AD6E71A4E0125C6E72968E6
:1034400000980BFB06F201EB020ABAF81030984222
:10345000E7D39F4218D8B8F1000F0DD1B9F1000F92
:1034600014D1013CA4B219460E9A0D9B50469847C0
:10347000002CD6D040B9D4E78958019340461AF0C1
:10348000D1F8019B0028E9D0013691E7DAF80C2049
:103490009145F9D1E5E700BF3C4D002044260020CE
:1034A000D0310500A831050010B59EB010220021D2
:1034B00068461FF08FFB142200210DEB02001FF065
:1034C00089FB4FF41053ADF81030264C8023ADF833
:1034D000123010224FF48063CDE9063469461CABEC
:1034E0000DEB02001EF0FDFB034630B11E4A1F48E3
:1034F00001211BF03EFA1EB010BD014648220AA869
:103500001FF068FB1C9922460AA81EF0D9FC03464E
:1035100008B1174AEBE7174A0AAB4FF6FF710120D3
:103520001BF01FFC144904AB10220AA81EF0E6FC95
:1035300004461C981EF00BFB14B1104A2346D6E734
:103540000D4B214603F110020131187812F8014D9C
:1035500003F8014B08291070F6D109481BF085FAD1
:10356000C9E700BF0002C003B97005004032050082
:10357000E270050077E904001016002000710500D4
:10358000D01600202DE9F0411849BDF81870044606
:10359000A1F1300015461E461DF0B5FE14481BF083
:1035A00089FA010705D4FFF77FFFFFF745FDFFF715
:1035B000E1F92046FFF7F4F968B1037ADA070AD592
:1035C00000F10C0420461BF075FAC30703D4022156
:1035D00020461BF04AFA102306933A463146284605
:1035E000044BBDE8F0411BF091BA00BF601600200B
:1035F000D01600201016002010B51B481BF05AFAF8
:10360000C0F3C00080F0010408B9FFF74DFF164871
:103610001BF050FA034614481BF04CFADA0622D588
:10362000830606D5FCB1FFF707FDBDE81040FFF7A4
:10363000A1B920210C481BF018FA0C491022881857
:103640001FF0D0FA48B90A481DF04AFEBDE8104004
:1036500005486FF001011BF017BA4FF6FF7101200A
:10366000FFF7C4FCDFE710BDD016002010160020C5
:10367000A016002008B5102103481BF0F6F9FFF74B
:10368000BBFF002008BD00BFD01600202DE9F04789
:10369000B8B000AF0C4616463749D7F800013A4695
:1036A000984618F06BFB40B9FFF79CFA6FF01509CC
:1036B0004846E037BD46BDE8F0873D68391D2846DD
:1036C00018F080FB3DB92D4A2D4801211BF0F8F977
:1036D0006FF015043DE0786868B10A22002116F009
:1036E00077FC0328034605D9264A254801211BF00B
:1036F00040F9EDE7C0B207F1080A3875514628468F
:1037000019F06AFF8146A0B16C4688B06A461E4B2C
:10371000CDE905354FF40073ADF81C301B4B42F872
:10372000103F174800234FF4E251F7F7CDF9A546B3
:10373000CEE7C7F810A0E4B1C02207F1200140464F
:10374000B047041E07DA124A0D48234601211BF038
:1037500010F9A146ACE7A40807F12003C7E9063435
:103760000C4A07F110034FF6FF7101201BF0F9FA24
:103770009EE72346F2E700BF167105001D580500BD
:10378000403205006F6F0500536F05000300000114
:103790002B6E0500E928030030B5B5B00023019178
:1037A0008DF8080033930E4A01AB04460D46012004
:1037B0004FF6FF711BF0D5FA339B73B19B0003AA40
:1037C00029462046F9F7F0FF034620B1054A06488E
:1037D00001211BF0CEF835B030BD1A46F0E700BF2E
:1037E000A12B03001D710500403205002DE9F341B6
:1037F00000F17008CDE9001204460F46007A4146F8
:1038000016461AF07FF80F4A05466B464FF6FF71D1
:1038100001201BF0A6FA1DB1207A4146FFF7BCFF3C
:10382000207A3946FFF70CF840B1314601301BF0E1
:103830003AF91DB1207A4146FFF764FA02B0BDE8BB
:10384000F08100BF012C030007B500230193FFF7AF
:103850005FFD411C89B20846034A01AB1BF081FAA7
:10386000019803B05DF804FBD5EB04002DE9F043AB
:1038700087B0437B072B02AF80460C46154640F0CD
:10388000A68000233B73206842F6030307F10C0176
:10389000FB8119F0C7FE0646002834D1D4F8049005
:1038A000B9F1000F05D14C4A4C4801211BF008F931
:1038B0008DE00123009007F108022146C847031E4E
:1038C00011DA6D4688B002AA4549D3610423C2E9E2
:1038D000051442F8103F414833464FF40151F7F7C1
:1038E000F3F8AD4673E0012B05D03E4A3B48012179
:1038F0001BF03FF86BE03B7A13F0300F67D02046A7
:10390000FFF7A2FF0446002320683B7307F10C0178
:1039100042F60213FB8119F085FE18B12046FFF72D
:1039200093FF0446002642F6021920683E7039468D
:10393000A7F8029019F076FE18BB002320683B73AD
:1039400007F10C0142F60213FB8119F06BFE0646EB
:1039500000283CD1D4F80490B9F1000FA3D0009016
:10396000022307F10C0221464046C847031EA8DB8C
:10397000022BBAD1BB8905EA0300003818BF012029
:1039800026E020683E7142F60303391DFB8019F0E2
:1039900049FE0028D1D020683E724FF4205307F131
:1039A00008017B8119F03EFE0028C6D020683E73D6
:1039B00042F6010307F10C01FB8119F033FE0028E8
:1039C000BBD02046FFF740FF04460028ADD10020C1
:1039D0001437BD46BDE8F0833B7105004032050059
:1039E0004F710500757105002DE9F84315468946AC
:1039F0009422696806461BF036FA8046002842D1B8
:103A0000696802223046FFF731FF00283ED04FF4AC
:103A100070200021AF8AFEF771FD0237044680B1A5
:103A20001C4B47611D214174C0F80C8043608561C7
:103A30003A463046FEF730FD074638B92046FEF7D5
:103A400089FD6FF00B052846BDE8F8830123424647
:103A50004146FEF7B9FEA98A07F10C00023118F0C1
:103A60005AFB20F8029BAA8A29691FF08CF8A760EC
:103A7000214630461AF01BFF05460028E3D02046B9
:103A8000FEF768FDDFE74FF0FF35DCE76FF0150567
:103A9000D9E700BF39E9040070B504468AB0374859
:103AA0001BF008F842070D4661D514B1637B072B64
:103AB00060D16E6805963046FFF72AFC2A68ADF89B
:103AC000180032B305A902912D490191012100236B
:103AD00000914FF6FF710593FFF74AFC059E1EB952
:103AE0006FF001000AB070BD6E60002330688DF881
:103AF000103004A942F60303ADF8123019F092FD1C
:103B000070B90598C3689B799B0605D46FF01500C2
:103B1000E8E70028E9D1E3E71BF0DCF8ADF818008E
:103B2000BDF818003CB101230146AB752A4620467A
:103B3000FFF75AFFD6E76FF07F0307930223ADF834
:103B4000203042F60213ADF8123005ABAC7502938B
:103B50000C4B01930123009304AA23464FF6FF71F7
:103B600009958DF81040FFF703FC0798BAE76FF04E
:103B70000A00B7E76FF07F00B4E700BFBC01002088
:103B800067E90400053D030073B500F13005044604
:103B900050F8083C0193A0F120066FF0010128467F
:103BA0001AF072FF0D4B44F81C3C0D4B44F8183CC6
:103BB00001AB002044F8103C042324F8080C24F83E
:103BC000060C24F80C3C3146FFF766FF18B90221B9
:103BD00028461AF04AFF02B070BD00BFA83A05009F
:103BE0000D3103002DE9F84F3D4B904682689A4213
:103BF00000AF054670D1D0F80C90D8F8004009F11C
:103C0000010609F1150AB6F80730F3B116F8011CE0
:103C1000324620461AF049F9B8B14FF49572294658
:103C200020461BF020F930B3032812D1EB4688B0B0
:103C30006A462C4BCDE9053542F8100F2A4800237F
:103C40004FF4C451F6F740FFDD460A36564543D0DF
:103C5000D9E7052820460CBF4FF0030B4FF0020BAD
:103C60001AF01DF9834506D998F804305B45ECD26B
:103C700088F804B0E9E7494628461AF023FF1B4BB1
:103C8000994529D1207A04F17001FEF711FE05460D
:103C900010B303890BB94389F3B12046FCF7A4FDA7
:103CA000134B2A8923F8202003EB80036A891149EA
:103CB0005A80182202FB00110F4A4A600B610F4A1A
:103CC0008A60042320468B82FFF7E6FE20B10C4A6F
:103CD000054801211AF0F4FE0120BD46BDE8F88F29
:103CE000212F03008E71050040320500C805002019
:103CF000BC4C002070250020A83A050063EC0400AD
:103D0000A27105002DE9F84F3F4B144682689A4294
:103D1000804638D1D0F80C903C4B99451BD13C4D96
:103D200000263C4928461AF07AFE78B915F8010CAD
:103D300007222946FDF7ACF840BB236915F8010CB2
:103D40001A69294653881288FEF7C0FE01360A2EEA
:103D500005F10C05E5D109F1010709F1150AB7F8DC
:103D60000720A3899A420BD117F8010C3946FDF7B9
:103D70002FF8064620B1437B072B0AD0FCF7C0FB87
:103D80000A375745EBD14FF0010B2AE0FCF7B8FB9F
:103D9000DCE7D9F8203023B14146984708B93046CE
:103DA000ECE79422414630461BF05DF8834600283C
:103DB000F5D1A389022B17D1B7F807309A0720D580
:103DC0002269A1883046FFF70FFE054618B922691F
:103DD000937D013393753046FCF792FB002DA5606F
:103DE000CEDA5846BDE8F88F012B0AD1B7F8073074
:103DF000DB0706D52269A18830461BF06FF805461F
:103E0000E9E75D46E7E700BF212F0300C805002072
:103E1000C54C0020C67E050070B58EB000F170055F
:103E2000044603900123007A8DF81030294619F0DA
:103E300069FD90B1227A52B302AE0421304617F0E8
:103E400030F80096134A24212B4605A8F9F7CAFB3F
:103E500005AA11491046F7F7F9F94FF6FF710F4A15
:103E600003AB01201AF07DFF20461AF018F89DF8E8
:103E70001010884209D2204619F0DCFF034620B119
:103E8000074A084802211AF074FD0EB070BD009276
:103E9000D8E700BF197105008D360300E53B03002C
:103EA000BF710500403205002DE9F0410D4B1B6844
:103EB00006460F46904623B153F8044904B1043C2A
:103EC0000BB9BDE8F0811B681BB14246394630464C
:103ED00098472CB1656805B1043D23462C46EFE7B1
:103EE0002546FAE74C26002037B501250446009008
:103EF0004FF6FF712846094A8DF804506B461AF0B8
:103F000030FF002120461BF020F820B94FF6FF714A
:103F10002846FFF76BF803B030BD00BFE53B030058
:103F200073B5044603461A4A4FF6FF71012004F1A7
:103F300070061AF016FF207A31461AF02FFF207A09
:103F4000314619F0DFFC50B1237A8DF80430114A64
:103F500000966B464FF6FF7101201AF002FF2046D3
:103F6000FEF71EFD054688B1207A314619F0CAFCDD
:103F700028B9284602B0BDE87040FEF793BE31462E
:103F8000681C02B0BDE870401AF08DBD02B070BD73
:103F90006D2E0300412C03007FB54FF42052ADF885
:103FA000162004AA02920B4A00230120CDE9003218
:103FB0004FF6FF7105AA04938DF81430FFF7D8F976
:103FC000049B012B14BF6FF01500002007B05DF8B3
:103FD00004FB00BFC7EF040008B5014608481BF00A
:103FE0000BF850B907481BF007F828B10120064B21
:103FF000404200F4B870184408BD0020F7E700BF45
:10400000DC1600204C180020D816002010B50C4AF1
:1040100011680C4ABFF35B8F00F5B47353E8004F8F
:10402000944204D143E8001CBCF1000FF6D1BFF369
:104030005B8FBFF35B8FD0F86801BFF35B8F10BD60
:104040006C240020D816002008B5FFF7DFFFB8B1B8
:10405000036843B1426832B1826812B90B4A1278E0
:104060003AB904200BE0094A127812B10BB1826808
:1040700042B9426842B9002B14BF0020032008BD9A
:104080000320FCE70120FAE70220F8E7BE4E0020FB
:1040900008B5034A034801211AF0ACFF002008BD0F
:1040A0000772050078320500024A034802211AF01F
:1040B000A1BF00BF227205007832050038B5044662
:1040C0000023EC300D46FDF763F858B1693004D198
:1040D000074A084801211AF08DFF2846BDE83840FC
:1040E000F8F7CEB92046BDE838401AF0E1BF00BF6E
:1040F0008C6B05007832050038B5051D0446082193
:1041000028461AF0DEFF084904F15700FBF7E2FFEA
:1041100048B1082128461AF0ADFF0448044A01219D
:104120001AF068FF082038BD1FF50400783205003A
:104130003B72050038B5EC22054600211EF04AFD11
:10414000102105F127000CF00DF9044648B90521AE
:1041500028461AF0B6FFFBF7ADFF034B1860204668
:1041600038BD0824FBE700BF5426002073B5047A4D
:10417000022C054623D844B190F8DC30D0F8D84062
:10418000DC4004F0010444F08004032128461AF0C6
:10419000ACFF0646D8B110210C3017F0BCFF0090E0
:1041A00013482346006805F1270205F157011BF06B
:1041B00089FA044680B13046F8F762F907E0032C2B
:1041C00008D00C4A0C48234601211AF062FF08204F
:1041D00002B070BD0024D8E7024631462846FFF7FA
:1041E0006DFF281D21461AF045FF2046F0E700BF6D
:1041F000542600205472050078320500F7B50446B5
:10420000FFF704FF261D05460E2130461AF0F4FE86
:1042100078B94F4B2022196804F157001EF0E2FCD8
:1042200038B94C4A4C4802211AF0E4FE082003B089
:10423000F0BD0C2120461AF058FF07460028F5D0A3
:1042400040210C3017F067FF414B1B6802460146C6
:1042500003F1200053F804CB41F804CB8342F9D199
:10426000203203F1200153F8040B42F8040B8B4277
:10427000F9D1002239462046FFF720FF237A052B8B
:104280005DD8DFE803F003491A035C590421204696
:104290001AF017FFFFF76AFF0028C7D13046072141
:1042A0001AF00FFF0820FFF797FE00284DD1204697
:1042B00003B0BDE8F040FFF71FBF2046D4F8EC7014
:1042C000FFF7A4FE042105464FF0FF330DEB01007C
:1042D00001930CF047F80028A8D1019B1F4AB3FBBB
:1042E000F2F102FB11330193C4F8D83084F8DC00FA
:1042F00055B12B6843B10B2130461AF0E2FE2B6812
:10430000D4F8D81038469847032120461AF0D9FE31
:104310000E211AF0D6FEC1E7204603211AF0D1FE85
:104320000E211AF0CEFE30460A211AF0CAFE6B6842
:10433000D4F8EC009847B1E704212046E9E7084AA1
:10434000054801211AF0A5FE70E700206FE700BFC5
:1043500054260020707205007832050040420F009C
:104360005472050070B50E460546FFF74FFEF36820
:1043700005F15704224603F1200153F8040B42F8DB
:10438000040B8B42F9D105F1770203F1200153F8B8
:10439000040B42F8040B8B42F9D12046FBF7E6FDF3
:1043A000F0B11D4A1D4803211AF024FE281D0E21DC
:1043B0001AF087FED5F8EC40D4F8A40038B9207A7A
:1043C00004F1700101F00EFBC4F8A40098B1438A17
:1043D00003F024037BB1437C9B070CD4032070BD06
:1043E0002046FBF7CFFD30B90C480D4A02211AF0E8
:1043F00001FE0B20F3E70B4B1C682CB9281D06218E
:104400001AF05FFE2046EAE72846FFF7F7FE00387D
:1044100018BF0120C000E2E78B720500783205006A
:10442000AC720500542600202DE9F04790B00446F8
:104430000CAD1022002128461EF0CCFB237A052B60
:1044400034D8DFE803F0060303063323D4F8D8306A
:104450000C93D4F8EC3004F1470204F1C707CDE91E
:10446000017204F1370803F17E0204F1270900927A
:1044700077334A46414604F1970001F0D1FCF0B190
:10448000454A464801211AF0B5FD14E0D4F8E4305D
:10449000002BDED02E4603F110071868596832460B
:1044A00003C20833BB421646F7D1D2E73C4A3B4829
:1044B00001211AF0EEFD082010B0BDE8F087D4F815
:1044C000EC3003F177027E3308AE019304F111035F
:1044D0000292009303962B464246494638461BF00B
:1044E00016F908B12F4ACCE7237A052B0ED1D4F860
:1044F000E01011B30B46AC4601F1100E1868596874
:10450000624603C2083373459446F7D1D4F8EC30C1
:1045100003F17E0277330DF1100A019304F10A03CF
:1045200002920093CDF80CA02B464A4641463846ED
:104530001BF0EDF830B11C4AA3E7102228461EF00C
:1045400049FBE3E71022514604F1B7001EF04AFB95
:1045500000BB0D2120461AF0C8FD07460028AAD04E
:1045600010210C3017F0D7FD32460346164603CE15
:10457000AE4218605960324603F10803F6D10022BA
:1045800039462046FFF79AFD201D01211AF099FDBA
:10459000002091E70B208FE7C872050078320500F4
:1045A00054720500DD7205000073050038B512492C
:1045B0000446A0F1EC054C301CF086FE28461AF0AB
:1045C00032FEBFF35B8F0D4A04F17C0353E8001FFA
:1045D00043E800200028F9D1BFF35B8FBFF35B8F66
:1045E00080344FF0FF3354E8002F44E800310029B5
:1045F000F9D1BFF35B8F38BD2D580300D8160020CA
:1046000070B5061DCD6804460B2130461AF032FD08
:104610002B4604F1170205F1100153F8040B42F880
:10462000040B8B42F9D1052130461AF0E5FC20B984
:104630002046BDE870401AF074BE237A012B09D0E1
:10464000022B13D1204604211AF03BFDBDE8704037
:10465000FFF78CBD0A2130461AF0CEFC0028F1D0BD
:10466000304600211AF02DFD002070BD0348044A99
:1046700001211AF00EFD0820F7E700BF783205008F
:10468000547205002DE9F04F0E4691B00446FFF735
:10469000BDFCF36804F137080546424603F11001FA
:1046A00053F8040B42F8040B8B42F9D1271D052166
:1046B00038461AF0A1FC002861D1D4F8EC1004F1BE
:1046C000470601F1770001F17E0908AD04F1090206
:1046D00004F1100305900090CDE901954146304664
:1046E000CDE906231AF0C2FDA0BB059B009304F19F
:1046F000270B0DF1300ACDE9019ADDE90623594671
:1047000030461AF0B3FD28BB04F1170910222946E0
:1047100048461EF067FA002872D1102251464846DA
:104720001EF060FA00286BD0D4F83700D8F80410D7
:104730002B4603C3D4F82700D4F82B102A4603C312
:10474000294630460BF010FE40B1594A5948012124
:104750001AF050FC082011B0BDE8F08F2B4603CBB7
:104760005345306071601D4606F10806F6D10121FF
:1047700038461AF0A6FC20461AF0F0FCEBE7237A44
:10478000052B00F28D80DFE803F0191F1F038B61FA
:104790000CAB49490093096804F12703424604F130
:1047A000570001F0A5FB0028D4D10A2138461AF0A1
:1047B00088FCAB680C99D4F8EC0098470D21204692
:1047C0001AF07FFC1021D3E794F8DC20D4F8D8301D
:1047D0003949D3400CAD03F001030095096843F05B
:1047E0008003424604F157001AF06CFF08B1334AC7
:1047F000ACE71022294604F117001EF0F3F908B1C6
:104800000420A8E7032120461AF05BFC1AF0A6FC5E
:1048100000289FD194F8DC300133DBB2142B84F8EC
:10482000DC3009D10D2120461AF04BFC102138460E
:104830001AF047FC00208EE7102104F127000BF04E
:1048400091FD003818BF0120C00084E7102104F159
:1048500027000BF087FD00287FF47CAF35B3EB68B1
:1048600023B3174BE27A1B88ADF83030A37C12F0EB
:10487000010F08BF0320DB0703D5002814BF012068
:1048800002200023C4E938338DF831000C2138466A
:104890001AF017FCEB68D4F8EC000CA99847C9E7AC
:1048A000084A044801211AF0F4FB53E7022052E7BA
:1048B0002473050078320500542600203973050062
:1048C0003C3405005472050080B500AF88B06A46DC
:1048D000074BCDE90530032342F8103F054800237C
:1048E0004FF4C251F6F7F0F86FF00B00BD4680BDF3
:1048F000527305007832050010B50E4AD2F8EC303C
:1049000043B1D2F85C3223B1FFF7DEFF6FF00B004A
:1049100010BD01234FF4B87000FB03205B4203F489
:10492000B873EC33044CC0F8F0401A440A6000201D
:10493000EEE700BFD8160020203B05002DE9F0412E
:104940000B4600AF06460D2104301AF055FB80B32C
:10495000DD68D6F8EC3003F17008197A424602207F
:104960001AF071FE0446D0B94046F8F7A3FD6D4633
:1049700088B06A46124BCDE905304FF40073ADF8AC
:104980001C30104B42F8103F0F4823464FF4E251C1
:10499000F6F79AF80820AD46BD46BDE8F0812B46F3
:1049A0002E3405F1100253F8041B44F8041B934203
:1049B000F9D1304609211AF084FB0020ECE700BF52
:1049C0007773050003000001783205002DE9F041FE
:1049D0000B4600AF06460D2104301AF00DFB80B3E4
:1049E000DD68D6F8EC3003F17008197A42460420ED
:1049F0001AF029FE0446D0B94046F8F75BFD6D4633
:104A000088B06A46124BCDE905304FF40073ADF81B
:104A10001C30104B42F8103F0F4823464FF4E25130
:104A2000F6F752F80820AD46BD46BDE8F0812B46AA
:104A30001E3405F1100253F8041B44F8041B934282
:104A4000F9D1304607211AF03CFB0020ECE700BF0B
:104A500077730500030000017832050038B5174B65
:104A60001B78054623B301F00F042846FFF7ECFA44
:104A7000134A03280CBF04F00B0444F0040405F5AA
:104A8000B6731278BFF35B8F53E8001F013103D177
:104A900043E800200028F7D1BFF35B8FBFF35B8FA3
:104AA000D5F86C31BFF35B8F2BB144F0010038BDFA
:104AB00001F00704D9E704F0FE00F8E7BE4E00203D
:104AC000000900202DE9F3410D46D0F8EC600446C2
:104AD000FFF79CFAD5F80C8098F80330102B0746A6
:104AE00003D0062002B0BDE8F081D6F8A430002B38
:104AF00000F08A80251D0F2128461AF07DFA28B97A
:104B00002046FFF717FB002840F0888001236372DE
:104B1000D8F80030C4F80A30B8F80430E381022332
:104B2000237498F802102046FFF798FFE07420469F
:104B3000FFF78AFA10236074237598F8043003F0A5
:104B40000303637598F8053003F00103A375E37C54
:104B50001B0765D4052128461AF04EFA00286ED0AE
:104B6000A74B1B78A374E37C990607D598F802300D
:104B70009A0603D5142128461AF0A3FAE37CDB0732
:104B80005FD598F80230D8075BD50D2128461AF07A
:104B900098FAA37D84F8E830637D84F8E930032136
:104BA00028461AF08EFA052198F800801AF024FAA7
:104BB00000284AD1B8F1040F67D8E37AA27C1340E9
:104BC000D90760D4217BE37C194311F0040111D093
:104BD0002046FFF739FA8B4B08EB8808984418F801
:104BE0000010042906D1D4F8EC30DB78002B14BF78
:104BF000012102212172D6F8A41020461AF005FAEC
:104C0000002844D103206DE7307A06F1700100F0EE
:104C1000E9FEC6F8A40000287FF46CAF082061E725
:104C200098F80230180795D5052128461AF049FA58
:104C3000637D03F0020363750023A3758AE7724B5B
:104C40008FE700236375A375A3E7237BE07C03EA6A
:104C50000002120706D5E27A94F812C042EA0C026A
:104C6000D207C7D4B8F1040F0FD843EA000111F0FE
:104C70000401BFD02046FFF7E7F9644B08EB880832
:104C80004344195CB6E70621B4E70021B2E7D4F843
:104C9000EC309B7A032B38D026D8013B012BBDD8B2
:104CA000052128461AF0A8F9002840F0C5802046C2
:104CB000FFF7ACF907462046D4F8EC80FFF7A6F9D9
:104CC00008F17001064698F8080000F06DFF237A9D
:104CD00050B3427CD20727D5022B25D84C4A4D48E9
:104CE00001211AF087F999E7042B97D1237D627B84
:104CF000934228BF1346102B7FF4F3AE05212846BC
:104D00001AF07AF900283FF47DAF237A002B3FF4A4
:104D100079AF052128461AF06FF90028C0D1237A0F
:104D2000013B012BBCD86DE7062B63D8DFE803F00D
:104D3000175A2F6262620400002E00F09180F3681F
:104D4000002B00F08D8000230A212846ADF80430A6
:104D50001AF0B7F9F368D4F8EC0001A99847237A60
:104D6000002B5DD10F2128461AF046F9002857D1B3
:104D7000002F55D07B69002B52D028460A211AF00B
:104D8000A0F97B69D4F8EC0098470020AAE604213A
:104D90004FF0FF330DEB010001930BF0E3FA002815
:104DA0007FF43CAF019B1C4AB3FBF2F102FB1133D1
:104DB00001934EB133683BB10B2128461AF081F9BB
:104DC0003368019940469847019B84F84730C3F304
:104DD00007221B0C84F849301B0A84F8482084F809
:104DE0004A30BCE728460A211AF06BF9736840463E
:104DF0009847B4E7094A074801211AF04AF90DE734
:104E0000C04E0020D97F0500BF4E0020C07F0500A6
:104E1000917305007832050040420F00547205007E
:104E2000032120461AF04DF90E211AF04AF902B07A
:104E3000BDE8F0411AF078B9237A73B90F212846FA
:104E40001AF0DAF848B947B17B6933B128460A212C
:104E50001AF037F97B69304696E70C212046E4E7E3
:104E600002203FE62DE9F041C778012F044604D027
:104E70006FF015042046BDE8F0811AF00CF90546E4
:104E8000002800F0A980061D042130461AF0B4F86D
:104E9000002840F0A480032130461AF0ADF810B18C
:104EA0006FF00F04E6E7394630461AF0A5F80028FF
:104EB000F6D12846FFF7AAF8D5F8EC309B7A032BF9
:104EC000074640D030D8013B012B46D90F21201D89
:104ED0001AF092F80028CBD1D4F8A40090B904F1CC
:104EE0007007217A3A46202000F0E4FDC4F8A400BF
:104EF00040B9217A3A46042000F0DCFDC4F8A40051
:104F00000028B5D0438A13F0240FB1D0A27A022A28
:104F100023D9417CC907ABD5032A1ED09B06A7D550
:104F2000037C102BA4D118E0042BCFD12846FFF727
:104F30008BF8032804D1002FC8D0FB68002BC5D004
:104F4000284B1B7807E02846FFF77EF8032804D19A
:104F5000002FBBD0FB68002BB8D0D4F8A4303BB1F5
:104F60002846FFF7E7F8044670B16FF0680481E760
:104F7000207A04F1700100F035FDC4F8A400002887
:104F8000EED16FF00B0475E70B2128461AF0ADF84F
:104F900007460028E9D001210C3017F0BCF80921A0
:104FA00080462846FFF75AFD234688F8000022462F
:104FB000394605F1EC00FCF7EBF8044618B1384629
:104FC000F7F75EFA56E730460F211AF07AF801211A
:104FD00028461AF076F84DE76FF07F044AE76FF045
:104FE000040447E7BE4E0020F8B5D0F8EC40D4F8F2
:104FF000A4300546061D002B3CD102213E4A3F4805
:1050000019F0F8FF07213E4B5F5CD4F8A4304BB198
:105010001B7C002B65D1D4F8A4001AF028FB0023D8
:10502000C4F8A4300221304619F0E6FF40B9072F3A
:1050300096BF344B1F21D95D3A462046FBF774FEDC
:105040000321304619F0D8FF40B32F4B1B682BB318
:1050500053F80C6906B10C3E03B35B6813B13946D3
:1050600020469847002E43D0F26802B10C3A3346EE
:105070001646F1E779BB0D21304619F0BDFF074612
:1050800020B1D4F8A40008B100F0B2FE1E4B1B689A
:1050900023B153F80C6906B10C3E73B928461AF0D7
:1050A000C2F8637B072B25D1627AA37A9A4221D07A
:1050B0002046BDE8F840FFF7D5BE1B6813B139465E
:1050C000204698472EB1F26802B10C3A3346164694
:1050D000E3E73246FAE70139C9B20E2993D9092725
:1050E00093E70221304619F087FF002893D199E712
:1050F0003246BCE7F8BD00BFBC730500783205003E
:10510000B17F0500A07F050064240020F8B5031DD1
:1051100006460F461846022119F06EFF044620B1DC
:10512000B6F8E840B4FA84F464090321184619F08B
:1051300063FF80B139463046FFF756FFC4B11A48C5
:105140001A4A022119F056FFD6F8EC00052118F092
:105150003AFE0020F8BD0121184619F04DFF002845
:10516000E8D10F21184619F047FF0028E2D1E5E702
:105170000521304619F0B9FF054688B101210C30F0
:1051800016F0C9FF234607702246294606F1EC00B7
:10519000FBF7FEFF0028DCD02846F7F771F9D8E7C7
:1051A0006FF06800D6E700BF78320500E6730500AF
:1051B000194B10B5044618604FF0FF324FF0FF3323
:1051C000164812F031F8164812F0D0FB134812F0CE
:1051D0009DF81CB9BDE81040FEF766BF11480621D6
:1051E00019F00AFF38B11048FFF708F818B10E4857
:1051F0000821FFF78BFF0D48062119F0FDFE48B18D
:105200000B48FEF7FBFF28B1BDE810400848082115
:10521000FFF77CBF10BD00BF54260020EC05002026
:1052200000060020DC160020D81600204C180020B4
:10523000481800202DE9F3410B8A04460E4643B975
:105240002D4A2E48012119F0D5FE002002B0BDE8FC
:10525000F081012106F10C0016F09EFFA4F1EC058F
:10526000E83C07460421204619F0C6FE3B7828B1E9
:10527000234A2248022119F00CFFE6E70E2B01D940
:10528000204AF6E7DFF8808058F833204AB9022137
:105290001E4A1A4819F0FDFE07212846FFF736FF7F
:1052A000D3E71946284619F0A7FF3B7860B91348A1
:1052B000174A022119F0EDFE0321204619F09CFE49
:1052C0000028C2D00821E8E708EBC301328A097937
:1052D000914208D001210093084813460D4A16F068
:1052E000D9FB0A21D9E7314658F833302846984788
:1052F00001460028A9D0D0E73E74050078320500A9
:10530000597405008A740500483B0500AC7405001B
:10531000C6740500686C05002DE9F04784B090F86C
:10532000E930D1F80C80D0F8EC6023F0020380F86B
:10533000E93098F8003000AF054606F17009BBB3BC
:1053400098F8063003F0C003C02B31D04046F8F780
:10535000B1F86E4688B06C465D4BDFF878816D46DB
:105360004FF4007ACDE90530ADF81CA045F8108F58
:1053700000232A464FF4E2515748F5F7A5FB48466B
:10538000B546F8F797F8A546544BA4F81CA0C4E915
:105390000530C4F81080504800232A464FF4E251EB
:1053A000F5F792FB0A20B5461037BD46BDE8F087F9
:1053B0000722414648461DF015FC68B1307A414647
:1053C00000F0F2FB044638B10146284619F01DFEF4
:1053D00030B320461AF04BF90D21281D19F00CFEB0
:1053E000002863D0317A4A4602201AF02CF904468C
:1053F000C0B94846F8F75EF86D4688B06A46384B43
:10540000CDE905304FF40073ADF81C30314B42F854
:10541000103F314823464FF4E251F5F755FBAD46B6
:105420000820C1E7F378002B3AD106F17E03187803
:1054300001282AD19A7902F0C002402A25D1D3F856
:105440000120C4F83E20B3F80530A4F8423096F8A5
:105450007030D3B196F8763003F0C003C02B14D06F
:105460002049FC603A1DC7E90198FBF75BF9D8F8C1
:105470000030C4F80130B8F80430A4F8053098F8CA
:105480000630E3713046FBF71FFC2046F9F7C6FFF4
:1054900048B11148144A022119F0ACFD032083E7FA
:1054A00006F17703C3E72046F9F7C8FF95F8E9301E
:1054B0005B0703D50A21284619F003FEB5F8E8106A
:1054C00009B1002070E72846FFF78EFDF9E700BF1D
:1054D000E174050003000001783205005F750500E6
:1054E00077730500A3F30400F57405002DE9F0417E
:1054F0000B46D0F8EC5000AF04460D21043019F0F3
:105500007BFD68B305F17008297ADE684246042005
:105510001AF099F80546D0B94046F7F7CBFF6C462C
:1055200088B06A461B4BCDE905304FF40073ADF8E7
:105530001C30194B42F8103F18482B464FF4E251EB
:10554000F5F7C2FA0820A546BD46BDE8F08132460F
:1055500032F8023B8383D6F802304361536883619B
:1055600094F8E93023F0010284F8E9209A0708D57D
:105570000821204619F0A5FDB4F8E81029B1002053
:10558000E2E75B07F8D50A21F3E72046FFF72CFD99
:10559000F5E700BF777305000300000178320500CE
:1055A0002DE9F0410E46D0F8EC800446FEF72EFDC2
:1055B000F668054633781048104A0121271D19F076
:1055C00068FD0A21384619F017FE38B16DB920463A
:1055D0003178FFF709FD0020BDE8F0810B21384646
:1055E00019F00AFE0028F1D1F1E72B69002BEED06B
:1055F00040469847EBE700BF78320500307505005C
:105600002DE9F04F054689B0A0F1E806044600AF49
:1056100088463046012155F8EC9919F0EDFD28B384
:10562000B8F1000F17D00321304619F0E5FCE8B1BE
:105630004046F8F70BFF0138C0B208289ABF734BF9
:105640001C5C00240221304619F03BFD214628460F
:10565000FFF7CAFC0AE099F80B303BB10321304652
:1056600019F0CAFC30B9284619F0DDFD2437BD46D3
:10567000BDE8F08F0521304619F0BEFCB8B114F832
:10568000043C1A0707D514F8033C1B0703D5112166
:10569000304619F016FD14F8043C23F0080304F812
:1056A000043C14F8033C23F0080304F8033C14F80A
:1056B000033CD80726D50621284619F002FD022111
:1056C000304619F0FEFC2368D3F8A480B8F1000F2F
:1056D00020D103F17000F7F7EDFE6C4688B06A4602
:1056E0004B4BCDE905304FF40073ADF81C30494BFE
:1056F00042F8103F484843464FF4E251F5F7E4F9C9
:10570000A546B3E7990701D50821D5E75A07D6D5AD
:105710000A21D1E7052119F06FFC88B914F8043C7F
:10572000DB070DD523681A21381DD3F8A4800AF0B1
:1057300019FE824648B1394A3748012119F05AFC0E
:1057400034F8041C002991D181E70621284619F07C
:10575000CCFC814608B9324AEEE710210C3016F035
:10576000DAFC98F81020391D83461DF00CFA98F8E1
:1057700010000F2805D8C0F11002514658441DF002
:1057800029FA494600222846FEF798FC07212846B8
:1057900019F0ABFC814608B9224ACDE70A210C304A
:1057A00016F0B9FC07F11402034603CAC3F802005D
:1057B000C3F80610BA8B1A80494628461A4AFEF7E3
:1057C0007DFC30460D2119F017FC07F11406002866
:1057D000B6D00121404619F046FF3B1D08F14E0CA2
:1057E0001A4603CAB242CCF80000CCF804101346A3
:1057F0000CF1080CF4D1334603CBBB8BC8F8440042
:10580000C8F84810A8F84C309AE700BFA87F0500F8
:105810005275050003000001783205006775050028
:1058200082750500A975050013F6040037B5A0F5CB
:105830009C75A0F59A74BFF35B8F2368BFF35B8FF1
:10584000BFF35B8F2A68BFF35B8F0848009201218A
:10585000074A16F01FF928460821FFF7C5FB042167
:10586000204603B0BDE8304019F02BBC783205006B
:10587000D17505002DE9F84300AF044619F00BFC83
:10588000054678B3061D0321304619F0B5FB48B331
:10589000D4F8A40008B119F0EAFE04F17009207AE6
:1058A000494600F09FF88046C4F8A400E8B948468D
:1058B000F7F700FE6C4688B06A46404BCDE90530EC
:1058C0004FF40073ADF81C303D4B42F8103F3D489B
:1058D0004FF4E2514346F5F7F7F80821A54628466C
:1058E000FFF714FCBD46BDE8F8830E21304619F0E1
:1058F00083FB28B1D4F8A420537C43F002035374F3
:105900002B7A032B0DD8002B4DD1D4F8A420537C37
:1059100023F020035374D4F8A420537C23F0010314
:105920000DE0053B012BF0D8D4F8A420537C43F0C4
:1059300020035374D4F8A420537C43F00103537420
:105940002B7D697BD4F8A4208B4228BF0B461374AF
:105950000521304619F050FBD4F8A420537C48B3FD
:1059600043F0100353740D21304619F045FB002815
:10597000B8D0D4F8A400202119F075FED4F8A430D2
:1059800005F147021E33573552F8041B43F8041B38
:10599000AA42F9D1D4F8A420002353619361D4F82A
:1059A000A42093839EE70521304619F025FB0028AB
:1059B000ABD0BFE723F01003537493E77773050070
:1059C000030000017832050008B5044B04480122A9
:1059D0001A70FAF719FB002008BD00BFBE4E002068
:1059E000080600202DE9F0411F4F80460D46002695
:1059F000082417F8013C43450BD1072229463846B5
:105A00001DF0F0F828B91948602303FB0600BDE833
:105A1000F081082C07D11649072238461DF0E2F81C
:105A2000002808BF34460136082E07F16007E0D190
:105A3000082C16D060235C430C4B03F80480611CD7
:105A40002E685E50CA18A9889180A9799171E018D2
:105A50000D341122E118027300221A55A1F8012019
:105A6000D5E70020D3E700BF5926002058260020A4
:105A7000C67E05002DE9F041084C05460E46174646
:105A800004F54078638A2B4202D039462046B0475D
:105A900060344445F6D1BDE8F08100BF58260020AF
:105AA00008B5034900220220FFF7E4FF002008BDEB
:105AB00041F604002DE9F0410F4D06460F46904691
:105AC0000024B5F8113033420DD015F8013CBB422B
:105AD00009D10722414628461DF084F818B9074825
:105AE0002044BDE8F0816034B4F5407F05F16005E5
:105AF000E7D10020F5E700BF5926002058260020F6
:105B00002DE9F0410B78012B07460D4602D000200D
:105B1000BDE8F0818B7903F0C003402BF7D11F4E15
:105B2000002401F1010836F82C3C9A070CD516F830
:105B30003E3CBB4208D10622314640461DF052F899
:105B400010B917482044E3E76034B4F5407F06F10C
:105B50006006E8D1134E002405F1010836F81C3C1C
:105B60009B0714D516F82E3CBB4210D14146304657
:105B700017F008FD58B10A4BD5F8010004F13E02B8
:105B8000D1189850B8F804208A80E018C0E7603433
:105B9000B4F5407F06F16006E0D1B8E79626002014
:105BA0005826002086260020F8B50C4D06460F46E4
:105BB000002415F8013CB34208D107223946284693
:105BC0001DF010F810B906482044F8BD6034B4F553
:105BD000407F05F16005ECD10020F6E75926002052
:105BE000582600202DE9F0419AB0154602AF044630
:105BF00038B9744A7448012115F039FF6FF0150661
:105C000042E0542207F10C011846A847051E06DAA7
:105C10006E4A2B466C48012115F032FFEEE7391D24
:105C2000204617F0D9FC064698B16D4688B002AA06
:105C3000674BC2E905344FF400739383654B42F818
:105C4000103F614800234FF4E251F4F73DFFAD46A9
:105C5000D4E73946204616F0B5F83868C8B10A22AC
:105C6000314614F0B5F90328034601D95A4AD1E761
:105C7000C0B23DBB01463A1D3F20FFF71BFF50B1AC
:105C8000602229461CF0A6FF30466037BD46BDE8BD
:105C9000F0813046EDE7381DF7F70CFC6C4688B014
:105CA00002AA4E4BC2E905304FF400739383494B6F
:105CB00042F8103F44482B464FF4E451F4F704FFF8
:105CC000A546E1E7391DFFF78DFE0446C0B9381D32
:105CD000F7F7F0FB6D4688B002AA414BC2E90530E8
:105CE0004FF4007393833B4B42F8103F36482346F2
:105CF0004FF4E251F4F7E8FE6FF00B06AD46C3E750
:105D0000542D3FD03B7B112B30D0502D2ED1112361
:105D1000C3602A4607F10C0110301CF034FFE27B0F
:105D2000B4F80D3053EA024335D1637CDA07ABD5C2
:105D300013F03005A8D1381DF7F7BCFBE84688B052
:105D400002AA284BC2E905304FF400739383214B1C
:105D500042F8103F1C482B464FF4E451F4F7B4FED0
:105D6000637C23F00103C54663748DE754230093DD
:105D70001D4A15482B46012115F08CFE204619F0CE
:105D800076FC3BE72A4607F10C010C301CF0FBFEC9
:105D9000237B112BC3D0381DF7F78CFB6D4688B0E1
:105DA00002AA124BC2E905304FF400739383094BEA
:105DB00042F8103F044800234FF4E251F4F784FE08
:105DC000AD46DBE71D580500583205000776050093
:105DD000536F0500030000016F6F05002676050074
:105DE00049760500C67605006876050086760500CA
:105DF00010B501460246542311F8010B0C32F7F797
:105E00003BFD044628B1044A03460121034815F02E
:105E100037FE204610BD00BF2B7705005832050025
:105E20002DE9F0439BB0304CDDE923871D468446C5
:105E3000894616460CAB04F1300E206861681A469C
:105E400003C2083474451346F7D1206810602279E4
:105E50001A716146202204A819F01CFC23486B46E5
:105E6000202204A900F072F80446C0BB1022494663
:105E70000DF1350019F00EFC102231460DF14500F0
:105E800019F008FC2946062211F8013B8DF855301F
:105E90000DF1560019F0FEFB2299062211F8013B84
:105EA0008DF85C300DF15D0019F0F4FB43463522AE
:105EB0000CA9684600F04AF8044680B9404619F03B
:105EC000F3FB01238DF8303035223B460CA96846A0
:105ED00000F03CF8044610B9384619F0E5FB2046BE
:105EE0001BB0BDE8F08300BF3E340500F27F050023
:105EF00070B598B00E4614460146202204A81D46EF
:105F000019F0C8FB202231460CA819F0C3FB10225F
:105F1000294614A819F0BEFB10222146684619F044
:105F2000B9FB6B46502204A9684600F00FF840B94F
:105F3000039B054A1BBAB3FBF2F102FB11331C9A17
:105F4000136018B070BD00BF40420F002DE9F04152
:105F50008CB007460C4615460021142207A81E46A1
:105F60001CF038FE4FF41053ADF81830DFF85C80A9
:105F70008023ADF81A304FF44063CDE90838102281
:105F800004AB394606A81BF0ACFE034648B1104AE4
:105F90001048012115F074FD6FF004000CB0BDE84D
:105FA000F08105AB029310232246CDE90063414600
:105FB0002B4604981BF0D6FF044604981BF0C7FD3F
:105FC0002043EBD0044A2346E2E700BF0002C003AF
:105FD00062770500F83105007E77050000F1070CB7
:105FE0002CF0030C10B4541E1860A4B2ACF80020BE
:105FF000023A93B201FB04F24FF0000C40F802C0E9
:1060000074B103FB011403FB01F22044121B4FF691
:10601000FF7C013B9BB263458050A0EB0100F8D1AF
:1060200010BC70470346006810B102680AB91A60D4
:10603000704700F1070C2CF0030CD11DBCF800C018
:1060400021F003010CF1FF3CA1F800C0EFE700BF15
:106050000B687BB1073323F003031A88013292B235
:106060000346D1F800C043F807CB23F003031A809E
:10607000086070470122F3E702FB0100704700BF90
:10608000401A90FBF2F080B2704700BF531E1144DB
:106090009BB242B1DB430138CA1811F8013D00F848
:1060A000013F9142F9D17047014402E010F8013BF1
:1060B0001BB98842FAD1002070470120704700BF09
:1060C00010600860704700BF0A680346006890428D
:1060D00005BF00220A6000201A607047D2F800C095
:1060E000CCF80000D2F800C0CCF804101060704763
:1060F000884203D01AB1436813607047002070478C
:106100000B68834209D02AB1586810601A680A6087
:1061100018467047002BF9D1FAE70023F8E700BFD3
:106120002DE9F8430E4EDFF83C904FF090080C2715
:1061300006F1200409EB08052A1D29462046083CE3
:10614000FFF7BEFFB442A5F10C05F5D1043F3B1D9E
:10615000A8F13008A4F12006EAD1BDE8F88300BF19
:10616000B4290020002A002010B403468C469AB1BE
:1061700001EB4101144803EB4304090101EB8401E5
:106180000144487A0C7AA04204BF0130087210BC66
:10619000614618460CF02EBC01EB41020A4C12017C
:1061A00000EB400302EB830323449C7ADA7AA24299
:1061B00001D010BC704701329A72044B01225A542C
:1061C00010BC0CF047BC00BFDC290020582900207F
:1061D000F8B506461C460D4602B322786378D21AFB
:1061E00012F0030229D1294F71004FEA450C3144C6
:1061F000AC44890001EB0C1101330431DBB27A1895
:10620000606823702146FFF769FF214B0122294670
:1062100030465A550CF01EFC0020F8BD0CF004FC72
:106220000028DAD0294630460CF0F0FB637860B9DC
:106230002278D21A12F00302D5D0012A03D00133FA
:10624000DBB22370E1E71046F8BD05EB450206EB33
:1062500046010E4F120102EB81023A447100907A1E
:10626000D27A90424FEA450C05D02078C01A10F03F
:106270000302E2D1BBE72278D21A920702D002339E
:10628000DBB22370D4E902039847C5E7DC2900207C
:10629000582900202DE9F04FDFF8609119F80030FF
:1062A00089B0002B59D0DFF858A1C0EB00134FF094
:1062B000000B00EB40079B000324CDE904BB09F869
:1062C00000B00AEB0717039302948346B8460023F5
:1062D000B96A58F8240F079307AAFFF709FF044685
:1062E00007AAB4B1079D2E786978761A06F00306DE
:1062F000012E35D02B78591A01F003010129DBB2A8
:106300003DD1D7E90901FFF7F3FE044607AA002CA7
:10631000E8D197F82E3097F82F209A4203D087F8CB
:106320002F300123049397F82C3097F82D209A42B0
:1063300003D087F82D3001230593029B5D1EEBB23D
:10634000FF2B0293A7F10C07C0D10499D846DDF8C2
:1063500014B011B1BBF1000F45D009B0BDE8F08F0A
:1063600001396970079BD3E902029047079D2A789B
:106370006978D3B2521A02F00302012A21D0B86A16
:10638000019300224146FFF7BBFE6C60019B6A78D7
:106390006B702B789B1A03F00303012B08D0D7E90D
:1063A000090107AAFFF7A4FE012E044698D10EE0CA
:1063B000039B6A701A1D294620465244FFF78EFE41
:1063C000EDE7D7E9090107AAFFF792FE0446029B11
:1063D0008BB101235946584609F80B300CF03AFBB3
:1063E00009B0BDE8F08F5A464146404609B0BDE8C5
:1063F000F04F0CF0FFBA002C8BD0EAE758290020B0
:10640000DC2900204B1EDBB271B1411E00EB030CF6
:10641000002011F8013F23B15A1E01301340C0B2D1
:10642000FAD16145F5D170470846704770B5057ED1
:106430000468FF2D2AD02A464FF0000C07E09E6822
:1064400014F80E30FF2B1546B4441FD01A4602EB49
:10645000420391424FEA031E04EB0313EFD18D4236
:1064600002D114F80E20027614F80E20986805EB7D
:1064700045052D01FF2A625506D002EB420204EBCE
:106480000212936803449360604470BD002070BDA5
:10649000A2EB010C1CF4000F10B4836844690AD10C
:1064A0002CF07F4C6344A3420DD8E41A00234461CE
:1064B000836010BC7047891A21F07F418B4208D954
:1064C0005B1AA342F1D91B1B00244461836010BCFA
:1064D00070470C44E41AE9E72DE9F041244DBDF87A
:1064E00024708E462C2101FB0055696801EBCE001B
:1064F00011F83E60C478417804F1010C5FFA8CFC1D
:10650000664598BF4FF0000C61452DD0466804EBFE
:106510004404210106EB04144FF0040806F801803E
:106520006360069BA360079BE360089B23610A9B53
:10653000A3610F9B63620B9BE3610C9B23620D9B2A
:10654000A3620E9BE36202236270A782A37080F8AD
:1065500003C0D5E90836704698472B4641460022CD
:10656000B047A078BDE8F0810120BDE8F08100BF10
:106570009C2A00202DE9F04F87B00346427A019013
:1065800000685F680290002A00F0EF80531EDBB2C3
:1065900007EBC3038A4603930597039B5A6893F856
:1065A00001B00492BAF1FF0F57D00AEB4A04029BE4
:1065B000CDF800A04FEA0419002513F809A003EB59
:1065C0000414019BFF2727701E681B7E06EB090839
:1065D000BB42D8F808100DD1C1E0091A05D1B8F8AE
:1065E0001E90BEF81EE0F1457AD8B25CFF2A1F4625
:1065F00065D0134603EB430206EB021E4FEA430C41
:10660000DEF8080088424FEA0212E6D9FF2FC8F8E8
:10661000081088F800305DD1DDE90020027663447F
:1066200006EB03139A68521A9A60A37801336370D9
:10663000002DB7D0AB6A4FF000022A70AA7013B1D8
:10664000E96A002098476368002BABD1AB6A2362EC
:10665000EB6A6362BAF1FF0FA7D1039B049E99789E
:106660000BEB4B030BF1010059454FEA03125FFAA4
:1066700080FB06EB031569D0039B1878B35C584583
:1066800008BF4FF0000B042BEAD16978029801EBA8
:10669000410300EB03144FEA03196078A378984292
:1066A00020D04FF00003B354AB6A4FF00102012039
:1066B000AA700BB1E96A9847039B9978D0E79C448C
:1066C0004FEA0C1C009BC8F8081088F8002006F858
:1066D0000C30AAE707EB47073F01009AF2559EE707
:1066E000014693E7019AAB8A009151694FF6FE7219
:1066F000934207D04FF6FF729B1AB3FA83F35B09FC
:1067000084F82C306B6AA362EB6863602B692362A8
:1067100000226262AB8A4FF6FD70834288BF134647
:10672000A383AB69A361EB69E3602B6A2361AB6868
:10673000A36062616A682046FFF7AAFE4FF000037B
:10674000E383E37843F00103E3703AE7039A51707F
:1067500005999142A2F1080307D003931DE706F8BB
:106760000930DDE9003213765FE707B0BDE8F08F4E
:106770002DE9F04F447E01238FB08376002C40F04A
:10678000BA80037EFF2B814600F0B4800BF03AFC08
:10679000D9F81420D9F81C3099F81880D9F800607D
:1067A000801A20F07F4B5B4594BF00230123B8F192
:1067B000FF0F0393A2467CD0049408EB480806EB35
:1067C00008144FEA0818A3685B4571D8A27816F838
:1067D0000880ABEB030B9A4463789B1ADDB2012D62
:1067E00063D1A06AA3690293002800F019810168AF
:1067F000002900F08380002B00F02A81039B002BEE
:1068000000F04A81037A5A0700F03B81037A23F0B3
:1068100007030372E78BE27822F001027B1CE2702F
:1068200094F82C209BB2E383002A00F0E080A28B36
:106830009A4280F0DC80A06A002800F06581037A2B
:1068400003F00703012B00F0D28000274168476066
:10685000A36A1A7A67F302021A72A278E768013A09
:10686000A27017B36369D9F8142094F803C0AAEB97
:106870000303134423F07F40626A23690CF0010C88
:10688000002D40F0DF80B4F81EE0CDE900C3734670
:10689000B847DDE90223002A18BF43F00103039340
:1068A000E378E58365F30003E370B8F1FF0F84D16B
:1068B000049C99F80B3099F80A209A4208D10132C9
:1068C000D2B2022A1ABF14462346002389F80B408D
:1068D00009EB83030022C3F80CA0D9F8244089F8FF
:1068E0001A204B46012204210320A4460FB0BDE824
:1068F000F04F604784760FB0BDE8F08F029B002B0D
:1069000000F08C80039B002B80D1D9F81C309A4575
:10691000FFF47CAFB8F1FF0F7DD0029BE78B0993AA
:106920009C46A38B6168CDF818B0BB429ABFFB1A96
:106930009BB23B4603FB0113CDE907A805934FF03B
:10694000000E43460B92DDF824800C95CDF824C050
:10695000A3468A4684460D97CDF8289003EB43035F
:1069600006EB03121B0191688E44F04548D3906AF0
:10697000946900283FD0006800283CD0D58B978BC5
:106980005068AF4240F29380002840F09780BCF1FD
:10699000000F32D08146DCF8000028B1029919B905
:1069A0007444A04280F0BD80AF4226D8D0789BF8D6
:1069B000032000F0010402F00105A54205D3424086
:1069C000D1071AD4B9F1000F17D060465C46DDF844
:1069D00020800C9DDDF824C00D9FDDF82890DDE9B6
:1069E00006BA002840F09680CDF808C013E7A378D7
:1069F000013BA37059E7002CC0D1F35CFF2BADD154
:106A00006046DDE9088C5C46DDE906BA0B9ADDF8E4
:106A10002890CDF808C0002800F09080002514E7E9
:106A2000029B5BB3039B002B7FF4F4AED9F81C30C0
:106A30009A45FFF4EFAEB8F1FF0F7FF46EAF039904
:106A40000D460BE7CDE900C34FF6FF73B8472CE7BF
:106A5000039B63B9D9F81C309A4508D3B8F1FF0FEE
:106A600054D04FF0040CE78BCDF824C059E7042331
:106A70000293037A5A077FF4C9AE02E0029D002117
:106A8000ECE6A18BE28B91423FF6C0AE012262F3AD
:106A900002030372E78BBEE6D9F81C309A45FFF477
:106AA000B1AEB8F1FF0F7FF438AF039DCDE668B902
:106AB000BCF1000F7FF46EAFE14677E7BAF1000F4B
:106AC00020D1BCF1000F98D0D14664E7BAF1000F95
:106AD00012D0A5EB07091FFA89F9411A00FB091129
:106AE000059888422CBF4FF000094FF00109BCF116
:106AF000000F7FF450AF57E7D146BCF1000F7FF491
:106B00004AAF51E7A946E8E7A278B8E70423039D16
:106B100002939AE60168CDF808C000293FF476AEEA
:106B200070E65C460146DDE906BA6046DDF8208085
:106B30000C9DDDF82890DDF824C0ECE70546014601
:106B40008CE600BF837E002B40F034832DE9F04FAC
:106B5000477E8DB08346002F76D1837AC27A012199
:106B600041769A424169079100F025830133DBB2F7
:106B7000022B12BF1A463A463B4600EB8202837252
:106B8000D268079B0592134423F07F43436101259C
:106B90009BF8183008930BF035FA9BF80920DBF8C6
:106BA00000300193531EDBF804600490DBB2002A2E
:106BB00000F01F84CDE90A7506EBC30AFF23039397
:106BC0000696D946DAF804704FF0000B9AF80310D5
:106BD0009AF8025005EB45046B1CA9424FEA0418D1
:106BE000DBB207EB041460D09AF800209A4208BF89
:106BF00000238AF8023017F80820042A3AD9082A14
:106C00002CD86178019801EB410300EB03161B01BE
:106C1000B078029373781B1A13F0FF032CD1062A65
:106C20001CD199F81B308B4250D007F808B0A36AEA
:106C300084F802B0002BC9D0E16A002098479AF886
:106C400003109AF80250C5E7446A04210346012262
:106C50000420A4460DB0BDE8F04F604707F808B027
:106C60004FF00103A370A36A002BAFD0E16A0120AB
:106C70009847ABE71D46ADE7052A1ED162684AB9C1
:106C8000A2683AB9E2682AB922691AB9626932F08F
:106C90007F42E3D0012B29D00421D9F824404B4670
:106CA00001220846A0478AF80250069A5245AAF1E6
:106CB000080300F0E0809A4684E7012B00F0A480EE
:106CC000062AE9D199F81B308B42AED16168D9F818
:106CD00014208B1A1D0240F1BD80059B521A22F030
:106CE0007F4293428CBF9B1A0023B7E04846FFF7D0
:106CF0009DFBB060D9F814E0049B059AA3EB0E034A
:106D000023F07F431344984240F2AF80C01A736867
:106D1000002B46D0A38A002B43D0013B9AB2A2821B
:106D20007568F38BA84218D81BE0726ADFF8A4C21A
:106D30008BB2A94951186145A0EB050006D902F1B3
:106D4000E87202F5D43202F5A5720138316AF38394
:106D5000521A72628542A28A03D2934203F1FF3132
:106D6000E3D89A421CD9316A099706E0726201336E
:106D70009BB2F383A28A9A4211D9726ADFF858C291
:106D8000944F0A449444BC452844EFD8A2F1E872D9
:106D9000A2F5D432A2F5A57272620130E7E7099F2D
:106DA000B2836368B16A0344B360A2687369134431
:106DB000736129B10B681BB1D4E901329B1A4B6096
:106DC000049A71463046FFF763FBE268B3691344E7
:106DD000B361226993428CBF9B1A0023B361A37DE8
:106DE0001BB1F27863F30002F270E37D13B1013B53
:106DF00086F82C30DDE90121039B535473786278C7
:106E000003920133737010E7062A3FF40AAF484635
:106E1000FFF70CFBB378B060737099F81B206378B0
:106E20009A427FF402AF17F80830062B3FF44EAFBA
:106E3000FF2389F81B3017F80830062B3FF446AFC4
:106E4000082B3FF443AF0499D9F814208B1A1D0284
:106E50003FF543AF059A23F07F431344D9F81C2034
:106E60009A4288BFC9F81C30DFE6726913441B1AC6
:106E7000736100204BE7DDE90A75CB469BF818608B
:106E8000002D00F01781049B079ADBF800809B1A05
:106E900023F07F4A089BF51A18BF0125FF2E08BF73
:106EA0002C465FD04FF00009CDF804900497DDF830
:106EB0001490059506EB460508EB05142D01A26814
:106EC0004A4500F26882019BA178E08B134401934C
:106ED00063785B1ADBF81C108A4234BF891A0021E0
:106EE000A9EB0209AAEB020A24BF4FF0FF328BF88C
:106EF0001B20CBF81C10A16AA769DBB2002900F0A7
:106F0000CC800A68002A00F0B480002F40F0B480E2
:106F1000022B00F03B820022A26018F805208BF8BB
:106F200018206168A26A002974D122B1127A02F095
:106F30000702012A52D03BB1012B00D020B1236AB5
:106F400013B1616A01209847A37863709BF81860B9
:106F5000FF2EAFD1DDE90475089BFF2B0CBF2C463B
:106F600045F0010403995846FFF704FBCDE90247B9
:106F7000DBF800A0CDF804B04FF0000C019B187EA8
:106F8000FF2800F0398204464FF0FF0800E01C465D
:106F900004EB44030AEB03151B01A96A8E4629B1D1
:106FA0000A7A02F00702012A00F00B811AF8033076
:106FB000FF2BA046EBD1DDE90247DDF804B0BCF1C0
:106FC000000F40F09280089B834240F08E80002C9E
:106FD0007BD08EE0592B177F5A2B17FFA378C4F86C
:106FE00008906370079B019ADBF814109A1822F03E
:106FF0007F422046FFF74CFA039B08F80530637880
:1070000003960133DBB263709BF81860FF2E7FF4A8
:1070100051AF9FE722B1137A03F00703012BDDD0B4
:10702000B4F81EE0BEF1000F40D1B4F81CE0704689
:10703000D4E908C300220294BC4FBD4C6344DF195D
:10704000A74200F1FF300A4406D8A3F1E873A3F584
:10705000D433A3F5A5730132441CEDD1029C94F8FE
:107060002C706362002F00F08480A260A4F81EE000
:10707000B8E7002F3FF44FAF022B7FF44CAF00284E
:107080007FF449AF0A7A02F00702012A3FF443AFC6
:10709000CBF81C708BF81B603DE7002F3FF43BAF33
:1070A000022B7FF438AF0028F2D034E7A378637066
:1070B0000020BDE758460399FFF75CFA9BF81800DB
:1070C000089B83420ED19E420CD100238BF81930CD
:1070D0009BF81A30002B49D0DBF824405B46012294
:1070E0000321B5E5FF2800F09281089BFF2B00F0FB
:1070F0006B81DBF8003000EB400003EB0013D3F8AA
:107100000880B8F1000F59D00AF07CFF0A26044627
:10711000DBF81430E21A22F07F42904506F1FF3688
:1071200002F103011AD941452CBF5B18434423F0F7
:107130007F452846DBF8283098470AF063FF031B99
:107140002D1B23F07F43023325F07F45AB4206D948
:107150000EB10446DCE700DE0446D9E70127002330
:107160008BF819309BF81A303B43B5D10DB0BDE810
:10717000F08F92457FF679AF6C48CDF80880069481
:107180006B4C634403EB00080137A0450A44BFB2CF
:1071900006D8A3F1E873A3F5D4330132A3F5A573A0
:1071A0009245EDD8069CDDF80880636277441FFAAB
:1071B00087FE5AE770473D460597E9E48BF819804A
:1071C0008AE7AA68002A40F03A81D5F818B0BBF1E6
:1071D000000F06D10A68002A00F03D818E464FF06C
:1071E000040BDEE90029914580F0E380A2EB090C55
:1071F0001AF80320FF2A00F0DC800199CDF81C80EA
:10720000C969ACEB0B000E1D0021CDE9059404907B
:1072100099460F460846344613460BEB0708C4450B
:107220003FD303EB43030AEB03121B019668304480
:1072300004287FD9061F3E44664528BF66460BEBEF
:1072400004018C450ED3B0450CD8A969002900F083
:107250008C809EF80810090700F18780B6EB0B01BF
:1072600040F0BD80916A21B1097A01F0070101293E
:1072700071D0916900296ED05268002A6BD0AA693A
:1072800007440431CC19002A63D09EF80820120765
:10729000ACEB0B0100F1AA801AF803300020FF2BA1
:1072A000BBD14B46DDE90648DDF814908944CEF8A1
:1072B00004901AF803B0BBF1FF0F5A4618BF4FF005
:1072C000FF0C01D1CDE0024602EB42000AEB0017B1
:1072D0004FEA4209BE688E424FEA001080F0C38038
:1072E0001AF80000FF289446A1EB0601EBD1A96033
:1072F000B8F1FF0F00F09F8008EB480109010AF880
:1073000001B04A4412011AF802100AF803100AF8F0
:107310000240EB8B013BEB839EF80830022262F3C4
:1073200002038EF808304FF0010C27E65A2B17FFA6
:10733000592B177FAE6996B19EF8086016F00806C3
:107340003FF47DAF9469049A074404343C44A2425C
:10735000A2D32146A0E71AF8033000219FE79169E4
:107360000744043139440C4696E7002C3FF47AAFC9
:10737000A6EB0B06A642FFF475AF4B46DDF8149062
:1073800022469144DDE90648114690E700287FF443
:10739000C2AD042776E64B46D21AA260059D9BF843
:1073A0001830089A049F93420CBF2C4645F0010404
:1073B000D8E5CEF804901AF80330FF2B08BF00215F
:1073C0004FD00023AB60A4E70AF01CFE04460AF08D
:1073D000F5FD40B99BF81800CBF8144089E6A142AE
:1073E000FFF440AF5DE79BF8180082E60A460021F3
:1073F000ADE7FF23039341E5029C9B46BCF1000FE0
:1074000005D1089BFF2B02D1002C3FF45EAE0AF0A1
:10741000E5FD044600287FF458AECBF81C000AF0C6
:10742000F1FD8BF81940CBF814009BF81A30002BB3
:107430003FF49CAE50E6019981F818B061E700DE98
:10744000A96AD5F818B08E46BBF1000F7FF4C9AE1B
:1074500000297FF4BFAE00DE4FF0040BD5F828E022
:10746000BFE6A96055E7761ABCF1FF0FBE60A960C0
:107470003FF44FAF1AF803B062464FEA4C0937E7C2
:10748000F8B5069E9DF81C50089CB8B9144F3A6098
:107490005A1E39727B727E60D2B273B106EBC202A1
:1074A0005460114612F808398E4203EB4300A5EBF5
:1074B000030304EB0014DDB2F2D10DB10120F8BDDD
:1074C000099B3B620A9B7B62FF240B9BBB623C7661
:1074D0000AF098FD7D817861FC76FD612846F8BD53
:1074E0009C2A002040B9064B1A7EFF2A01D118724F
:1074F00070476FF00F0070476FF01500704700BFC6
:107500009C2A0020044B2C2202FB0033187A0038FE
:1075100018BF0120704700BF9C2A002010B4074B01
:107520002C2202FB00335C6A2CB1A446012210BC61
:1075300003210220604710BC704700BF9C2A002036
:1075400010B58AB00C9C00940D9C01940E9C029482
:10755000BDF83C400394109C0494119C0594129C2B
:107560000694139C0794149C089400240994FEF735
:10757000B3FF0AB010BD00BF10B4BDF810400494B2
:1075800010BCFEF7A9BF00BF2DE9F047244DBDF8A0
:107590002C809DF830709DF83CE02C2404FB0055B5
:1075A0006C6804EBC10014F83190C478467804F19B
:1075B000010C5FFA8CFCE14598BF4FF0000C66456A
:1075C0002AD0466804EB44044FEA041906EB04147D
:1075D0004FF0050A06F809A06360089BA360099BA9
:1075E000E3600A9B23610D9BA3620E9BE36202236F
:1075F0006270A4F81480A77584F817E0A37080F86F
:1076000003C02B6A6E6A084698472B460022042165
:10761000B047A078BDE8F0870120BDE8F08700BF43
:107620009C2A002010B588B00A9C00940B9C019401
:107630000C9C0294BDF8344003949DF838400494A7
:107640000F9C0594109C069400240794FFF79CFF60
:1076500008B010BDF8B5194E2C2404FB0066746800
:1076600004EBC10014F831E0C478457804F1010C52
:107670005FFA8CFCE64598BF4FF0000C65451BD0C7
:10768000456804EB44044FEA041E05EB0414072785
:1076900005F80E70A362069BE36202236270A3707A
:1076A00080F803C0336A756A08469847334600225B
:1076B0000421A847A078F8BD0120F8BD9C2A00202D
:1076C000F8B51A4E2C2404FB0066746804EBC10064
:1076D00014F831E0C478457804F1010C5FFA8CFCB1
:1076E000E64598BF4FF0000C65451DD0456804EB9A
:1076F00044044FEA041E05EB0414082705F80E7035
:107700006360069BA362079BE36202236270A3701F
:1077100080F803C0336A756A0846984733460022EA
:107720000421A847A078F8BD0120F8BD9C2A0020BC
:107730000AF068BC401A20F07F40704701480021E1
:10774000704700BF7F410100022801D0012070472F
:1077500038B5044608461D4603F0AEF810B10020C7
:10776000287038BD204638BD002303700B70704769
:1077700038B5054600200C4602F034FE70B93DB91C
:10778000074B44B120681860A2889A80002038BD59
:10779000044B002CF6D11C609C80F7E70C2038BD10
:1077A000D02A0020C82A0020012804D808B903489C
:1077B0007047034870470020704700BFD02A002060
:1077C000C82A0020012809D830B9064B186808607B
:1077D0009A888A8018467047034BF7E700231846BB
:1077E000704700BFD02A0020C82A002010B50446E8
:1077F00009F0F0F850B909F03BFC60B909F0B2FFAC
:1078000070B92046BDE810400FF002BE00DE09F05E
:107810002FFC0028F2D000DE09F0A4FF0028F0D0F1
:1078200000DE2046BDE810400FF0F2BD08600148C0
:107830000FF0EEBD303200200FF0EABD2DE9F84F19
:107840000B780B2B84BF2C4B93F860309A428946FF
:10785000834692464DD0284D5C1CE4B235F8332067
:1078600002800C2C08BF0024002605EBC30301276F
:107870004FF0120819E0012838D0C3F804800B2C0F
:1078800089F8004088BF95F86040A24523D023B214
:10789000013435F83310BBF80020E4B20C2C08BFDB
:1078A0000024914205EBC30315D15868B0B1FF28FD
:1078B000E1D9027902F00302013A012A12D9122217
:1078C0005A6003F015F80B2C89F8004088BF95F832
:1078D0006040A245DBD13046BDE8F88F01365F60DD
:1078E000F6B2CCE70136F6B20122E9E70136F6B28C
:1078F000C5E70026EFE700BF042B00202DE9F0418B
:10790000324F3B88984253D913F0FF0524D0DFF85B
:10791000C08098F8154098F814302E480134E4B22D
:10792000052C08BF0024A34218D0FEF77BFB0646B7
:1079300029488EB1FEF776FB00283BD0066098F808
:10794000153048F823003B8888F81540013D013B7D
:1079500015F0FF053B80DED1BDE8F0813B88002BB0
:10796000FAD0DFF8788098F8154000260134E4B2A8
:10797000052C98F81430174808BF0024A342EBD018
:10798000FEF750FB05461448002DE5D0FEF74AFBF4
:10799000B0B16E60056098F8153048F823003B8858
:1079A00088F81540013B9BB23B80002BDED1D3E72A
:1079B0000546ACE730460749BDE8F041FEF748BB55
:1079C00028460449BDE8F041FEF742BB942B002055
:1079D000F02F0020982B0020042C00206C2B00207E
:1079E0002DE9F8432F4B304F181D052224214FF06D
:1079F0000008A7F81880FEF7F1FA2C4B05220821A1
:107A0000181DFEF7EBFA97F818907C7E05260134D6
:107A1000E4B2062C08BF0024A145244813D0FEF789
:107A200001FB05461F4875B1FEF7FCFA002834D06B
:107A3000C5F8048005607B7E47F82300013E16F000
:107A4000FF067C76E3D11A4B0A22181D6421FEF74B
:107A5000C5FA184B0D22181D0821FEF7BFFA15486C
:107A6000FEF7E0FAA8B1144A111FFEF729FB1148EE
:107A7000FEF7D8FA78B1114A111FFEF721FB104B1F
:107A80000822FF201A80FFF739FFBDE8F84307F00E
:107A900027BC00DEE7E700DEEDE704492846FEF7F5
:107AA000D7FAD0E734300020EC3000200830002036
:107AB000042C0020982B0020902B0020882B0020E5
:107AC000942B00202DE9F0417B4D7C4E86B004AA1A
:107AD00002A90DF1070003F089FB0446D5E9000176
:107AE00003AAFEF705FB074650B3039B002B6AD0A1
:107AF000187804AA02A903F091FB039B044600280E
:107B000040D0049ABDF808101F78ADF80A1005920D
:107B100003F096FB2146059ABDF80A0003F0C4FB6A
:107B2000204603F057FB05AA0DF10A01384603F081
:107B300075FB04460028EBD130680FF069FCC6E7FE
:107B4000002C3DD0049B05939DF80770BDF80830CC
:107B5000ADF80A3003F074FB2146059ABDF80A001F
:107B600003F0A2FB204603F035FB05AA0DF10A0144
:107B7000384603F053FB04460028EBD130680FF081
:107B800047FCA4E705931B79013B2C2B1ED8DFE8AB
:107B900003F01F32741D1D1D1D1D1D1D1D1D1D1DEE
:107BA0001D1D1D1D1D1D1D1D6A1F1D1D1D1D1D1DB6
:107BB0001D1D1D1D1D1D1D1D1D1D1D1D1D1D1F0010
:107BC00006B0BDE8F08100DE039B91E700DE7EE7B2
:107BD000394968680022FEF793FA394B059993F802
:107BE000613038460B70374AFEF778FA334B186825
:107BF0000FF00EFC6BE7304968680022FEF780FA50
:107C0000DDF81480D8F8084034B12378002B50D028
:107C10002378013BDBB2237098F80C3013B1012BB1
:107C200041D000DE284A002388F80C30537E117EB4
:107C30000133DBB2062B08BF0023994237D0C8F8C6
:107C40000070517E42F821805376002C3FF43FAF04
:107C50002378002B7FF43BAFA368002B3FF437AFB2
:107C6000E068984733E7144968680022FEF748FA4D
:107C70000599384603F040F929E705A9384603F08D
:107C800057F90D4968680022FEF73AFA059900296C
:107C90003FF41DAF0B792E2B3FF419AF084B38463C
:107CA00093F861309EE74046F0F76AF9BAE700DEE4
:107CB000CBE700DEACE700BF8C2B00202C3200208D
:107CC000042B0020882B0020EC30002030B5284BFE
:107CD000284C87B018600AF063F92378002B40D055
:107CE0002549264A264D05954FF0050C81F808C018
:107CF000244C0492244A0220CDE9022404230D24BA
:107D0000CDE90014214A087408760B700020072181
:107D1000FFF7B6FB50BB012200211D4819F0FFF907
:107D200008F0E4FD044610B1204607B030BDFFF76F
:107D300057FE09F085F904460028F5D102F00EFB44
:107D400004460028F0D109F001FD04460028EBD1DB
:107D500003F03CF804460028E6D1012007F068FF54
:107D6000E2E7FEF7DDF901232370B9E700DED2E791
:107D70002C320020C14E0020B0340020A92A04007B
:107D8000492B0400892A040040320020D03400200E
:107D90003032002030B585B002F0E6FA98BB03F02F
:107DA0001BF8002834D100241C4B2046A3F8604067
:107DB00007F03EFF1A491B4A1B4BA1F82041948251
:107DC0009C8201222146684619F0A9F9174B2246E8
:107DD000214603206D46C3F808D0FEF7F9F9C8B96B
:107DE0004FF0FF324FF0FF3328460FF045FB02F013
:107DF000C1FA88B9FFF7F4FD0021012005B0BDE804
:107E00003040FFF7B5BC00DE02F0E6FF0028CAD024
:107E100000DEC8E700DEE3E700DEEBE7042B00202E
:107E200008310020F02F00206C2B0020500600208D
:107E300008B5FFF7AFFF08F08FFD00B108BDBDE842
:107E40000840FFF74FBB00BF2DE9F0432A4D2B4FF1
:107E500083B0804689460023C8F8003095F8614019
:107E6000D7E9000101AAFEF743F9064690B3019B4A
:107E700023491A784846FFF7E1FC80BB95F860304B
:107E80008DF8013095F8612004460DF101010DF1E6
:107E90000200FFF7D3FC44EA000212F0FF02F1D126
:107EA000019B1979012920D139467868FEF728F914
:107EB00014493046FEF7CCF8134A1388072B11D823
:107EC0000198124901331380FEF7C2F80120FFF731
:107ED00015FDC0E70A4922464846FFF7AFFC03B04C
:107EE000BDE8F08300DE1388EAE71046C8F80030EA
:107EF00003B0BDE8F08300BF042B0020842B0020DA
:107F0000642B0020982B0020942B0020042C0020B0
:107F100030B5354983B000234868019301AAFEF7C4
:107F2000EFF8002858D03149FEF792F8019A1379FA
:107F30002D2B19D8DFE803F0171818171818181880
:107F40001818181818181818181818181818181BAE
:107F500017171717171718181818181818181818A7
:107F600018181818181703B900DE03B030BD137FB6
:107F70003C2B1CD0537FC3B193681C68A06D20B10B
:107F800000231B49A365FEF763F894F85E3023F0E5
:107F9000010384F85E30002002F024FA10F0FF00A4
:107FA000E3D107F0C5FE03B030BD00DEF3E7936810
:107FB000D3E9004595B100225A60AB6F93B905F142
:107FC0006C0105F16800FEF77FF8034640B12868B0
:107FD000AB6702F057FCD8E700DEA4E700DEEAE773
:107FE00000DEF4E700DEEAE7842B0020982B002077
:107FF000042C0020F8B5046806460CB3324D204628
:10800000246803792D2B18D8DFE803F027171727EA
:1080100017171717171717171717171717171717F0
:10802000171717213327272727271717171717176A
:108030001717171717171717172700DE002CDED191
:1080400000233360BDE8F840FF20FFF757BC037FF3
:108050003C2B27D013B100DE037963B32B88072BA9
:1080600026D8013319492B80FDF7F2FF002CC6D129
:10807000E6E7C0880128E1D802F012FC0746E0B12B
:10808000D7F88830DBB907F17C0107F17800FEF7FB
:108090001BF8B0B1C7F88800384602F0F3FB002C9B
:1080A000ADD1CDE70949FDF7D3FF002CA7D1C7E734
:1080B00000DE2B88D5E700DED0E700DEE0E700DE5B
:1080C000E1E700DEE6E700BF942B0020042C00204F
:1080D0000148FDF7A7BF00BF982B00200149FDF71D
:1080E000B7BF00BF982B00200148FDF79BBF00BF22
:1080F000042C00200149FDF7ABBF00BF042C002079
:10810000034B044A93F861300B70FDF7E7BF00BFE3
:10811000042B0020882B002008B5064B064A93F854
:1081200061300B70FDF7DAFF044B1868BDE80840BA
:108130000FF06EB9042B0020882B00202C32002079
:108140000B490A7D4B7D9A420AD8A3EB020C5FFAD9
:108150008CFC604509D89A4207D051F8220070473C
:1081600005339B1ADBB29842F7D90020704700BF55
:108170006C2B0020074A117D537D8B4208D04B1C8D
:10818000DBB2052B08BF002352F82100137570479E
:10819000002070476C2B002000B50D4A92F861C09A
:1081A00092F860E00CF10103DBB20C2B08BF002356
:1081B0009E4509D022F83C0002EBCC0CCCF8041010
:1081C00082F861305DF804FB00DE00231B80FFDED7
:1081D000042B00200022052302700B70704700BFA3
:1081E000002208B51146044B0120FDF7F1FF00B94C
:1081F00008BD00DE08BD00BF40060020022810B503
:108200000C4602D00B68022B07D004484FF0FF3217
:108210004FF0FF330FF030F9206810BD30320020EE
:1082200004490A680AB110467047024608601046C1
:10823000704700BF002B0020044A136823B1984206
:1082400006BF00211160002318467047002B002054
:10825000014B1868704700BF002B002004490A68D2
:108260000AB110467047024608601046704700BFCA
:10827000682B0020044A136823B1984206BF0021EE
:108280001160002318467047682B0020014B1868C6
:10829000704700BF682B002070B505682B7884B04C
:1082A000EBB1044601220021684618F038FF0D4B5F
:1082B0006E46C5E902362B788BB10B4B0022114676
:1082C00003209C60FDF784FF38B94FF4004200237F
:1082D00030460FF0D1F804B070BD00DEF5E76FF066
:1082E0007700F8E73978030030060020F0B5244E17
:1082F000336885B00C461746002B36D0994215D10D
:108300000223039303AB0246009303211D4B00207D
:10831000FFF7A0F9022805460CD0039B022B09D1D8
:1083200095B133680BB19C4221D014B36FF02D008E
:1083300005B0F0BD14484FF0FF324FF0FF330FF09F
:108340009BF8039D002DECD13846FFF7A5FF33685D
:108350000BB19C4210D0002CE8D10028E8D010F1DD
:10836000780F08BF002005B0F0BD3160C8E70023DA
:1083700033606FF07700DBE735600028D8D0EEE798
:10838000002B00202D780300303200200B490A7D9D
:108390004B7D9A420AD8A3EB020C5FFA8CFC604535
:1083A00009D89A4207D051F82200704705339B1A2A
:1083B000DBB29842F7D90020704700BFF02F0020B1
:1083C000074A117D537D8B4208D04B1CDBB2052B35
:1083D00008BF002352F82100137570470020704732
:1083E000F02F002038B50C46054602F0F9FE20704B
:1083F00021462846024ABDE83840FDF76FBE00BF5F
:10840000902B00200122024B11460020FDF7E0BE18
:108410002006002070B50C46054602F0E1FE21461C
:108420002070064A2846FDF759FE0122BDE870403B
:10843000034B11460020FDF7CBBE00BF902B002060
:10844000200600202DE9F0431A4D9DF81C8095F878
:1084500021C10CF1010E5FFA8EFEBEF1090F9946A3
:1084600095F8203108BF4FF0000E73451DD014461B
:1084700005EB4C1CE36807460E461068516892688D
:1084800064460FC49CF81C30CCF8186008F0010852
:1084900023F0030343EA0803CCE904978CF81C306B
:1084A00085F821E16046BDE8F0834FF0000C60469E
:1084B000BDE8F08308310020054890F8203190F89D
:1084C00021219A4214BF00EB43100020704700BFE7
:1084D0000831002001460B480A7890F82131082A1B
:1084E00084BF90F820210A70934208D0531CDBB25D
:1084F000092B08BF002300EB42100B7070470020CF
:10850000704700BF083100202DE9F04F3D4E96F82E
:10851000203196F8212187B09A4202903ED04FF048
:108520000008CDE9048806EB43130B24CDF80C803A
:10853000C346C2461D7FD3F80090DF68C5F34002F2
:1085400005F00105002C4DD0013CE4B24AB396F889
:10855000211196F82031994220D00133DBB2092B4A
:1085600008BF0023994286F8203117D0590106EB45
:108570004313002ADED1D86805BBBAF1000F33D00F
:10858000BBF1000F36D01A7F9707D3D150457258F0
:1085900034D05845CED105998A42CBD107B0BDE839
:1085A000F08F194902988B600B4611460192FDF736
:1085B0000FFE019A0028CAD000DEC8E7039ABAB1BC
:1085C000B8F1000F08BFB8461A7F9507B2D4D2079A
:1085D000DCD5BBF1000FADD1039A8242DED08045DD
:1085E000A8D1DBE700DEAFE7BA46CDF81090EBE7A5
:1085F0000397E9E7BB46CDF81490E5E704998A4272
:10860000C7D1CBE70831002010060020054B1A7EA9
:10861000597E914204D053F8220010B10C307047BB
:1086200000207047EC30002070B5134A117E537E55
:108630008B421ED04B1CDBB252F82140062B08BFE8
:10864000002313769CB10223002526682371256040
:10865000A06002F0C5FD094A207021463046FDF7B2
:108660003DFD0122064B11462846FDF7B1FD20468F
:1086700070BD0024FBE700BFEC300020902B0020F1
:108680002006002010B582B00024049B93F80AC095
:108690002CF0020C83F80AC0CDE9004408F0CEFAB1
:1086A00002B010BD10B50346007F1A699969012414
:1086B00082B02040CDE90004586908F0BFFA08B93B
:1086C00002B010BD7730FBD000DEF9E710B4CB6804
:1086D00004691A78042A02D0236810BC18475B7812
:1086E000052BF9D1002010BC704700BF30B50B8AB4
:1086F00083B0002B3CD0054601F10C000C4613F072
:1087000053FD0128034615D0022807D01B4A1C48F8
:10871000012113F0B5F96FF0150009E001A9204619
:1087200000F030FF019911B12846FFF7CFFFC8B123
:1087300003B030BD002301A92046019300F092FA56
:10874000014678B12846FFF7C1FF0028F0D1019D0E
:1087500045B1284601F0EEFA03466B7109480199CC
:1087600018F0C4FC2046F3F78BFE002003B030BDA8
:10877000054A0348012113F07AF9CCE7D43B050000
:108780001032050024360020C03B050010B50469F6
:10879000FFF74EFB40B90548F3F730FB0448F3F709
:1087A0002DFB0020206010BD00DEF4E7B81900208A
:1087B000401A00202DE9F041076982B006464FF0CB
:1087C000000836484FF0FF324FF0FF330EF0EEFD59
:1087D0000028F6D043790190042B30D8002B45D0E7
:1087E000022B4BD04FF0FF324FF0FF330220F5F752
:1087F000CFF804460198002C4AD0214600F09AFF99
:10880000019B01A8C3F80080FFF7F4FB204613F09A
:1088100045FC05462146002013F066FC2B8A012BFF
:1088200004462946304606D93B6898470FF050FB6E
:10883000002CEBD1C5E72846F3F722FEF6E7052B1F
:1088400014D14FF0FF334FF0FF320820F5F7A0F8B6
:1088500004462146019800F045FF019B01A8C3F89A
:108860000080FFF7C7FB002CD0D1AAE700DE019BF8
:1088700001A8C3F80080FFF7BDFBA2E70022002398
:1088800001210020F5F79CF804460198002CB4D192
:10889000046001A8FFF7AEFB93E700BF2436002079
:1088A000F0B5064683B014E04FF0FF324FF0FF33CF
:1088B00000211320F5F784F8BDF802100546224682
:1088C00001F020FA29463046FFF700FF40BB0FF0C9
:1088D000FFFA0DF1020101A8FFF7B6FA04460028DD
:1088E000E2D1019BA3B1FFF713FB019F384601F0D2
:1088F00021FA019D78716B79032B02D12B79182B0A
:1089000010D01848294618F0F1FB019B002BE0D14C
:108910004FF0FF324FF0FF3313480EF0ADFDD8E7B4
:1089200000DED4E721464FF0FF324FF0FF33052041
:10893000EF88F5F745F839460446024605F11C0074
:1089400000F0A8FE384600F0C5FE3CB12146304696
:10895000FFF7BCFE20B92046F3F792FD019DD0E75A
:1089600000DEF8E72436002034360020F0B5054656
:10897000076989B00E46244818F089FB4FF0FF3292
:108980000021224818F0CBFB2048FFF79FF904464E
:1089900000282FD13E6001F0E3F9002600276FF098
:1089A0000903CDE90334CDE90667CDE90144184B4D
:1089B000184900954FF4E07217480FF08DF81749E9
:1089C000154818F0DEFC6FF00702CDE90324CDE96D
:1089D0000667CDE90144124B124900954FF46072CD
:1089E00011480FF079F811490F4818F0CAFC2046D9
:1089F00009B0F0BD0E4A0F482346012113F040F89C
:108A0000204609B0F0BD00BF2436002034360020D7
:108A1000A1880300C0650020B8190020083C0500AB
:108A2000B5870300C0670020401A0020183C0500ED
:108A3000E83B05001032050008B50FF003FA0548C1
:108A400018F02DFB034818F022FBBDE808400FF09A
:108A50000DBA00BF243600202DE9F0411A4C64689D
:108A6000A40004D51646194A1268120701D4BDE8BD
:108A7000F08103F10C0405460F462046022113F055
:108A80004AFB40F63E4303800121204613F043FB9E
:108A90000346042220461A700B2113F03CFB05709C
:108AA000A0F801603DB97B68BA68C0F80720C0F83B
:108AB0000330BDE8F0814FF00008C0F80380C0F833
:108AC0000780BDE8F08100BF40020020380200208E
:108AD000F0B5013887B0144611280AD8DFE800F055
:108AE000234056090968097A99AC09090909090955
:108AF000090D6FF0150007B0F0BDCB68DA789978F2
:108B0000188806F0D9FB554B06460121188814F049
:108B10007CFF012105460C3013F0FDFA067025603C
:108B2000002007B0F0BD4D4B0D21188814F06DFFEB
:108B30000D2120600C3013F0EEFA4FF48062002318
:108B40004FF002140421A0F8052001220370C0F8A0
:108B50000140C171037242728372C3720373DFE713
:108B60003E4B4121188814F050FF412120600C3009
:108B700013F0D1FA002104463E2200F8031B1AF03C
:108B800029F840F2A733A4F80130C9E7334B092193
:108B9000188814F03AFF092120600C3013F0BBFA5A
:108BA0000346002203F8012BC0F801205A60B7E702
:108BB000C9680020FEF7DCFD284B0121188814F05D
:108BC00024FF012105460C3013F0A5FA00230370A1
:108BD0002560A5E7224E214F0FCE01AD0FC53368AA
:108BE00038882B70122114F010FF122120600C30F5
:108BF00013F091FA0446002301AE04F8013B8446C9
:108C00000FCE2D78CCF801006160A260E36025747E
:108C100086E7124B1821188814F0F7FE18212060FF
:108C20000C3013F078FA00230446012100F8023BCF
:108C300009F03CF9607073E7084B2121188814F0A3
:108C4000E4FE212120600C3013F065FA0146002378
:108C500001F8113B013009F079F961E73E4D002040
:108C60004C3C05002DE9F041038A8CB00022022B18
:108C7000079240F22581054603210C3013F08CFA4F
:108C80002A8A83789A42C0F025810288D54EC2F3A1
:108C90008523082B32801FFA82FCC2F309040DD809
:108CA000D3B1013B072B17D8DFE813F0FD00160006
:108CB000DA00C0001600160016001D003F2B0BD175
:108CC000294607AA2046FFF703FF163018BF079D65
:108CD00040F0E580B6F800C0012160460CB0BDE868
:108CE000F04114F0A4BE621E4D2AF5D801A353F83A
:108CF00022F000BFFF9103007F9203003592030032
:108D0000D98C03002B9203000F920300F992030009
:108D1000ED920300E1920300D7920300D98C030087
:108D2000D98C0300D98C0300D98C0300B7920300BF
:108D3000B1920300A9920300A19203009F94030043
:108D4000D98C030075940300679403002D940300ED
:108D50000D940300D98C030003940300F3930300E4
:108D6000D3930300D98C0300D98C0300D98C030062
:108D7000B3930300999303006F9303003B930300A5
:108D80002F930300D98C0300D98C03002193030097
:108D900019930300139303007D910300499103008D
:108DA000159103000B910300FD900300B3900300A5
:108DB0009D9103007F90030033900300D98C030042
:108DC000D98C0300D98C0300D98C0300D98C030003
:108DD000D98C0300D98C0300D98C0300D98C0300F3
:108DE000D98C0300D98C0300D98C0300D98C0300E3
:108DF000D98C0300D98C0300D98C0300D98C0300D3
:108E0000D98C0300D98C0300D98C0300D98C0300C2
:108E1000D98C0300D98C0300D98C03001190030076
:108E2000D98C0300D98C0300F5910300621E082A37
:108E30003FF652AF01A353F822F000BF738F030037
:108E4000278F0300018F0300D98C0300D98C030006
:108E5000D98C0300D98C0300D98C0300E18E030068
:108E6000632C00F07A8300F22B83032C00F09680B1
:108E70002D2C00F05983012C7FF42EAFEA685A4B59
:108E8000116852681960604621465A6014F0BDFDB1
:108E9000012105460C3013F03EF9002303702846EB
:108EA0000CB0BDE8F081062C00F016831D2C7FF479
:108EB00013AFEB68188801F039FE014630880DE7E2
:108EC0004A4A4B48012112F0D2FD002528460CB039
:108ED000BDE8F081474A4648012112F0C8FDF4E799
:108EE0006046072114F091FD072105460C3013F070
:108EF00012F90146002001F8010BFEF763FCCEE7F2
:108F00000921604614F081FD092105460C3013F05B
:108F100002F90346002203F8012B6021C0F801206A
:108F20005A604171BBE76046412114F06EFD41215A
:108F300005460C3013F0EFF8002104463F2200F8FC
:108F4000021B19F047FE04232B4AE372E37520232A
:108F50002A49C4F81A20C0204FF4906263704FF47D
:108F60000A73A071C4F82110A4F82720A4F80F30C8
:108F700095E70921604614F048FD092105460C30AB
:108F800013F0C9F84FF4506100231D4A01800D21F0
:108F90008370C3700171C0F8052080E7124B194A35
:108FA0004FF0FF3041F6FF71C3E90001164B00207E
:108FB0000021C2E900011F200021C3E90001FEF7E2
:108FC000E9FE3088012114F020FD012105460C3016
:108FD00013F0A1F800230D4A03701360FFF72CFD76
:108FE0005DE700BF3E4D002040020020603C0500D0
:108FF00008320500783C0500F7C3F70E30F0F97F22
:10900000F105FFFFC81A0020380200204436002076
:109010006046032114F0F9FC032105460C3013F0DF
:109020007AF80146002301F8023B0130FEF79CFB71
:1090300035E7EA689478D1781088B2F8055013794A
:10904000E70744BF41F00301D170A40740F18882D3
:1090500043F00303137143EA0102032A40F08C82B8
:109060004F0700F0868215F003021CBF05F1FF35A3
:1090700005F0010201F006FE014630882EE6EB689D
:109080001A78D1074ABF07205878587092074ABF0C
:1090900007219978997001F0EBFD04460121308891
:1090A00014F0B3FC012105460C3013F034F80470C1
:1090B000F5E66046092114F0A8FC092105460C30AC
:1090C00013F029F808AB04460DF11A0206A90DF1B8
:1090D000160001F099FDBDF81620A4F80120BDF896
:1090E0001820A4F80320BDF81A20A4F80520BDF824
:1090F0002020A4F8072000232370D0E6EB6818880E
:1091000006F048FD30880121C0E6EB68187806F0CB
:109110002DFDC2E7EB68186808909A889B798DF856
:10912000263060460721ADF8242014F06EFC07219C
:1091300005460C3012F0EFFF08AE0446411C3046E5
:1091400006F0E2FC2070AAE6EB68186808909A889E
:109150009B798DF8263060460721ADF8242014F065
:1091600054FC072105460C3012F0D5FF08AE04462A
:10917000411C304606F08EFC207090E660460221CD
:1091800014F043FC022105460C3012F0C4FF0446E3
:1091900006F02CFB00236070237080E6EB686046CD
:1091A00005211E8814F031FC052105460C3012F013
:1091B000B2FFB7B20446021DE11C384601F034FD8F
:1091C000E37822792070002B93FAA3F3B3FA83F3A8
:1091D00008BF4FF0FF330133E370002A92FAA2F385
:1091E000B3FA83F308BF4FF0FF330133A4F80160F3
:1091F000237154E6E868C17906F0D6FC4DE7EA68C9
:10920000C64B116852681960604601213DE6EC6862
:10921000A57BA3796279217920880295657B0195E8
:109220000734009400F0CEFF37E7E9680120FEF72D
:109230009FFA32E76046092114F0E7FB0921054651
:109240000C3012F068FF0346002403F8014BC0F80D
:1092500001405C600646FEF771FA234661F307039E
:10926000C1F3072262F30F23090C61F31743090AC4
:1092700061F31F63C6F80100C6F805300FE604214C
:10928000604614F0C2FB042105460C3012F043FF87
:1092900000231B210322037041708370C270FEE51E
:1092A000E86806F037FAF8E6E86806F07FF9F4E6D1
:1092B00006F056F9F1E66046022114F0A6FB022101
:1092C00005460C3012F027FF00230370044606F019
:1092D00045F96070E3E5EB681878EEF79DFBDCE696
:1092E000E96811F8010B01F0A3F9D6E6E96811F875
:1092F000010B01F02FF9D0E60221604614F085FB46
:10930000022105460C3012F006FF00230370437063
:10931000C5E506F06DFAC0E6E86806F0A7FABCE617
:10932000E86800F11702C11D06F0AEFEB5E6EB6875
:109330005988188801F05EFCAFE66046052114F0FC
:1093400064FB052105460C3012F0E5FE08A9044631
:109350000DF11A0001F042FCBDF81A20A4F801201A
:10936000BDF82020A4F803200023237097E5EB68C4
:109370001F889A885988B8B201F0FCFB0446032183
:10938000308814F042FB032105460C3012F0C3FE76
:109390000470A0F8017082E5EA68178892780023CB
:1093A000CDE90233CDE900330221B8B201F0F2FA7F
:1093B000E4E7E96800220F884B880392088902904D
:1093C000C888019089880091B8B2022101F0E2FAC0
:1093D000D4E70921604614F018FB092105460C303A
:1093E00012F099FE4E494F4A016000234260037219
:1093F00055E5EB681F8800220621B8B205F04AFF48
:10940000BCE7EA68002132F8027BF6E760460921F2
:1094100014F0FBFA092105460C3012F07CFE002303
:1094200000F8013B082107F0A7FA38E5E8680023B7
:1094300008AA00F1100109F0D9FB3088112114F0BD
:10944000E4FA112105460C3012F065FE06460023B1
:1094500006F8013B08AC07460FCCC7F80100716065
:10946000B260F3601BE5EB68188801F039FB014638
:10947000308833E4EB68604608211E8814F0C5FA92
:10948000082105460C3012F046FEB7B20446C11C56
:10949000384601F0C7FAA4F801602070FFE4E968DB
:1094A00000224B88088803920C890294CC8801948E
:1094B00089880091114601F06DFA014630880DE46B
:1094C0007B2C12D07C2C7FF407ACEB681F8859886A
:1094D000B8B201F047FC51E7EB689978188801F0C1
:1094E000C7FA01463088FFF7F9BBEB681F8808A967
:1094F000B8B201F003FC05210446308814F085FA67
:10950000052105460C3012F006FE0470A0F801702B
:10951000BDF82030A0F80330C1E400BF38020020BD
:10952000008FCC30ECC00100EB68604604211E883F
:1095300093F8028014F069FA042105460C3012F009
:10954000EAFDB7B20446C31C424639460220FEF784
:10955000FBF8A4F801602070A1E4EA68084B50E62B
:1095600041EA0302032A07D84C0702D05A077FF4C6
:109570007AAD1221FFF7B1BB1121FFF7AEBB00BFDF
:10958000C81A00202DE9F04700230B60038A032B43
:109590002DD9054688460C30042112F0FDFD2B8A9A
:1095A0004688B0F80090B34232D31B2E2AD801F07F
:1095B00099F94FEA1937BA460446002837D05FEACE
:1095C0009A0A19D1E7B1012F16D12379667167F391
:1095D00001032371E9683246E01D19F0D4FA2146EF
:1095E000C9F30B0001F08AF9C0B9BDE8F087224A3F
:1095F0002248012112F03BFA6FF01500BDE8F08718
:109600000227E2E71E4A1D48012112F030FAF3E773
:109610001C4A1A48012112F02AFAEDE71A4A1748A3
:10962000012112F024FA204601F062F9E4E7174A1A
:109630001248012112F01BFA154B1B689B0117D52C
:109640004FF0FF324FF0FF330220F4F7A1F902216F
:10965000C8F800000C3012F05EFD4FF48D730380EB
:10966000D8F8000001210C3012F055FD01230370E1
:109670006FF06800B9E700BF983C050008320500AC
:10968000CC3C0500AC3C0500FC3C0500E83C05007A
:1096900040020020F8B50E4B1B68DB0600D4F8BD75
:1096A00002F10C0406460D462046022112F033FD5D
:1096B000034640F205421A802046042112F02BFD99
:1096C00000270770A0F801503278C270F8BD00BFC3
:1096D00040020020024A1368013B1360704700BF3C
:1096E00044360020037F03F00303013B012B01D923
:1096F00000DE704770B5044601F10C0528460421D0
:10970000E68812F008FD237F03F00303022B0CBF51
:1097100046F4005646F480560680637F4380617F9E
:10972000284612F0F8FC627F04F11F01BDE870408A
:1097300019F029BA2DE9F04385B090F804C0C68825
:10974000BCF1030F04AF04460D4600F11C080ED017
:10975000ACF1170CBCF1060F00F23181DFE81CF010
:1097600021008100B2008A00A000DE00FC00C37F5F
:10977000033B122B00F22381DFE813F032022101B8
:109780002101BF01D8012101E301210121012101B2
:10979000EA012101060221012A02210121012301FE
:1097A000230118F0010F40F09A8294F81C80B8F160
:1097B000000F00F03C82AC4B5B68980056D5AB4B79
:1097C0001B6803F4007913F0010340F0598159EA52
:1097D00003034BD0B8F1000F40F06682A44A13682F
:1097E00001330C3502211360284612F094FC41F637
:1097F0003E7303800121284612F08DFC0A2303707A
:109800001E21284612F087FC00230370A0F8016097
:10981000637FC370A37F0371D4F81F30C0F8053095
:10982000B4F82330A0F80930D4F82B30C0F80B304E
:10983000B4F82F30A0F80F30D4F82530C0F811302C
:10984000B4F82930A0F81530638EA0F81730A38E35
:10985000A0F81930E38EA0F81B3094F83830437725
:1098600004E00A4640463146FFF714FF0437BD4680
:10987000BDE8F0837C4B5B681B044FF00004F5D51A
:109880000C350221284612F046FC4FF44C7303803D
:109890000321284612F03FFC0470A0F80160E5E7C0
:1098A000744B1B681C02E1D50C350221284612F0CE
:1098B00032FC40F2572303800221284612F02BFC91
:1098C0000680D3E7684B5B689900CFD5674B1B6870
:1098D0005A07CBD50C350221284612F01CFC40F665
:1098E0003E2303800121284612F015FC0323037058
:1098F0000921284612F00FFC18F0010F40F0F18109
:10990000237F0370A0F80160E38BA0F80330238C61
:10991000A0F80530638CA0F80730A7E7524B5B68CE
:109920009800A3D5514B1B6819039FD50C35022114
:10993000284612F0F0FB40F23E4303800121284606
:1099400012F0E9FB142303700321284612F0E3FB15
:109950000680237F837089E7434B5B689A0003D5B9
:10996000424B1B681B0552D4627FA37F94F81CC036
:10997000002A92FAA2F2B2FA82F208BF4FF0FF3246
:10998000002B93FAA3F3B3FA83F36D4608BF4FF0AD
:10999000FF338AB0511C013304A8024643620624F7
:1099A000354B8661C0E907C1436142F8104F334827
:1099B00000234FF44251F1F787F8AD4656E700DE39
:1099C00054E7294B5B689A007FF550AF274B1B6823
:1099D0005B067FF54BAF0C350221284612F09BFB4E
:1099E00040F63E3303800121284612F094FB072302
:1099F00003700A21284612F08EFB0680A38C438058
:109A0000E38C8380238CC380638C03812EE70C3529
:109A10000221284612F07FFB40F23E6303800121C1
:109A2000284612F078FB0C2303700521284612F01B
:109A300072FB237F0370A0F80160627F002A92FA14
:109A4000A2F3B3FA83F308BF4FF0FF330133C370BF
:109A5000A27F92FAA2F3002AB3FA83F308BF4FF071
:109A6000FF330133037101E7400200203802002078
:109A700044360020C81A0020103D050008320500B9
:109A8000B8F1000F40F0E780984A13680133136083
:109A9000B9F1000F40F027810C350221284612F061
:109AA0003AFB41F23E3303800121284612F033FB9A
:109AB000012303701221284612F02DFB80F800804C
:109AC000A0F80160637FC370A37F03F001030371FB
:109AD000D4F81F30C0F80530B4F82330A0F80930AE
:109AE000638EA0F80B30A38EA0F80D30E38EA0F8A3
:109AF0000F3094F838304374B8E67D4B1B681A0673
:109B00004FF000047FF5B2AE0C350221284612F06A
:109B100002FB4FF4816303800421284612F0FBFA14
:109B200001230470A0F80160C3709FE690F8203014
:109B30000E2B00F0B2806F4A6F48022111F0A0FF97
:109B400094E60B46324641460020FEF785FF8DE63F
:109B5000674B1B681B067FF589AE0C350221284632
:109B600094F8204012F0D7FA4FF481630380042167
:109B7000284612F0D0FA002C08BF1F2400230470DE
:109B8000A0F80160C37071E6594B5B68980057D527
:109B90005A4B1B68990653D50C350221284612F002
:109BA000BAFA40F63E3303800121284612F0B3FA98
:109BB000062303700A21284612F0ADFA0680238C92
:109BC0004380638C8380A38CC380E38C03814DE648
:109BD00090F820304A4A4848022111F051FF45E6EA
:109BE000434B5B6898007FF541AE444B1B68D90638
:109BF0007FF53CAE0C350221284612F08CFA40F677
:109C00003E5303800121284612F085FA0523037094
:109C10000C21284612F07FFA034623F8026B216AD2
:109C2000626AC0F802105A60238D43811EE6A07F4D
:109C300004F12503FF2204F11F0105F0C3FEBAE57C
:109C40000023CDE90233CDE900331A220221304648
:109C500000F0A0FE0AE6B9F1000F25D10C35022173
:109C6000284612F058FA41F23E330380012128467B
:109C700012F051FA012303701221284612F04BFA18
:109C8000C0F80190C0F80590C0F80990C0F80D9098
:109C900080F8119080F80080E8E50B4632460021FC
:109CA0001A20FEF7D9FEE1E50C350221284612F014
:109CB00032FA41F63E7303800121284612F02BFA56
:109CC0000A2303701E21284612F025FA04461D229D
:109CD0000021601C18F07EFF84F80080C6E500DEDD
:109CE00063E500DE0CE60C3502217DE544360020FC
:109CF000400200203C3D05000832050038020020EB
:109D00004C3D050070B500F10C040E4620460221C2
:109D1000154612F000FA40F2135303800521204645
:109D200012F0F9F901230370A0F80160A0F80350C4
:109D300070BD00BF0379032B09D0172B05D0183B4A
:109D4000052B8CBF00200320704701207047037F44
:109D500003F00303032B14BF05200420704700BF4A
:109D60000B4B0C4A0C4930B44FF0FF3441F6FF75F1
:109D7000C3E9004500240025C2E900451F24002551
:109D8000C1E90045054B00221A6030BCFEF754BE05
:109D900040020020C81A002038020020443600206B
:109DA00000B583B00D4A05990D4B8A1A9208A3FBA2
:109DB0000232C2F3C7026AB902320091094BD2B231
:109DC00001210020FDF746FC10F0FD0F04D103B087
:109DD0005DF804FB00DEEFE700DEF8E76C360020FC
:109DE000F712DA4B7D9E030070B503685E6D054681
:109DF000C6B19C6D00225A65DCB10021996517231C
:109E000023714FF6FF73E38004F11C001E2218F04B
:109E1000E1FE3C232377A56021463046BDE8704033
:109E2000FEF77AB900DE9C6D5E6D00225A65002C4B
:109E3000E3D100DE9C6DE0E70E4A0F4B12781A70FA
:109E400000B9704710B54B7F01EB830382B01B6AEA
:109E500001911C78FEF7FCF90199814201D102B011
:109E600010BD14F00E0F02D14B69002BF7D000DEAD
:109E7000F5E700BFC34E0020C24E002000B170477E
:109E8000064B10B502460C46022001219C60FCF7EF
:109E90009FF900B910BD00DE10BD00BF8006002094
:109EA00003788BB110B50C4B00F1100199608268FA
:109EB0007AB90A4C084B0022C0E902411146012040
:109EC000FCF786F918B910BD1030FFF78DBF00DE22
:109ED00010BD00DE9968ECE770060020E99D0300E4
:109EE00038B5134C6569AB6FB3B905F16C0105F179
:109EF0006800FCF7E9F80346C0B1AB67286800F0DA
:109F0000C1FC0025A06D6561FEF7F4F8606DA565E4
:109F1000FEF7E4F8656538BD00DE05F16C0105F17A
:109F20006800FCF7D1F803460028E6D100DEE4E73C
:109F30006C36002030B5304C94F85E30D90785B0CF
:109F400037D5636953B193F82C2042F0020283F8AD
:109F50002C20636993F82C30DA0740D42648FEF7AA
:109F60005FF984423ED1237EDB0703AD24D4022275
:109F70000321224B009500200392FDF76BFB29463D
:109F8000FEF73CF930BB1E48FEF786F960BB1A4865
:109F9000FEF752F984422BD163690BB1FFF7A0FFA2
:109FA00094F85E30002023F0010384F85E3005F061
:109FB000BFFE002005B030BD022103910F4B00957C
:109FC000032101220020FDF745FB2946FEF716F983
:109FD0000028CCD00848FEF72FF984420AD10C2083
:109FE00005B030BD00DEBEE77830D0D000DECEE771
:109FF00000DED1E700DEF2E76C3600202D780300AA
:10A000007C36002000B50378497802F1FF3C10311E
:10A0100003F00F03C9001FFA8CFC062B13D8DFE8EE
:10A0200003F0042717121212040043781033DB00E8
:10A0300003F21B32881803F5B37313FB0CF31844B7
:10A0400080B25DF804FB40F253204FF4F373F4E761
:10A0500041780CEB8C03C3EB0310400001F11003BB
:10A06000DB0000F23B1003FB020290B25DF804FB40
:10A0700040F2E33040F21623DFE700BF30B54FF681
:10A08000FF718BB08B429DF838500F9C19D021780E
:10A090000131C9B2217000294DD02949C1E900021E
:10A0A0008A7A0B8165F30002264B8A7204F1100054
:10A0B0000022C860996001201146FCF789F8002849
:10A0C0003BD1207E10F0010505D11F4A1F4B1178AE
:10A0D0001B788B4201D00BB030BD0133042109A89D
:10A0E000137006F065FC099B194A0694A2FB032134
:10A0F000184A0095A21A184C9208A4FB02425C1A56
:10A1000001EB540140F2471C090AD2080CFB113341
:10A110000232124905910133CDE90355CDE90155CC
:10A120002846D2B201210993FDF77CFA10F0FD0F09
:10A13000D1D000DECFE700DEAFE700DEC1E700BF31
:10A14000D01A002060060020C34E0020C24E00201E
:10A1500021F1D4906C360020F712DA4B399E0300BF
:10A1600010B5174C204606F09BFF04F10C0006F0DA
:10A1700097FF34F8043C627823F4437304EB8202C3
:10A18000204623F0020394F8424052684FF0020C3C
:10A1900043F00E0320F8043C06216CF34204002334
:10A1A0004FF4006CA0F840C080F84240137051702A
:10A1B000437B00EB8300042203691A70597010BDC1
:10A1C000883600202DE9F04F604C9846604B94F89B
:10A1D0005E7084460E4693E8030083B017F00107D3
:10A1E0001546DDF830909DF834309DF83820009009
:10A1F0008DF804107AD1218B03F0070302F00302DB
:10A200005B0021F4437143EA022321F002010B4376
:10A210002383637F012E04EB83036E4408BF4FF05A
:10A22000000C32781E6AA4F85CC096F800A002F018
:10A230000E032AF01F0102F00F02B3FA83F35B0949
:10A240000A4363F34512327002F00F02012A0AF04A
:10A250000F0A43D094F85E3065F3420384F85E3011
:10A26000DAB25B070CD5134668F3C30384F85E309B
:10A27000D9F80030C4F85F30364BB9F804209A8022
:10A28000337803F00F02012A05F0010B33D0727806
:10A29000E2B1BAF1010F4AD033786BF3861323F0A1
:10A2A0008003337094F82930246104EB8304AD01FA
:10A2B000E36A05F040055A7845F004051D700AB9B7
:10A2C00006225A70384603B0BDE8F08F6BF3861350
:10A2D00062F3C713337006237370E3E7BAF1010F1B
:10A2E000B8D07278BAB984F83470B3E70C2738461E
:10A2F00003B0BDE8F08F32466BF3861368F3C713E3
:10A3000002F8083BD9F80010B160B9F80410918048
:10A310000C237370C6E7052A15D9063AD2B206F1A6
:10A3200008010D4884F8342018F02DFC92E794F8C9
:10A330003420094906F1080018F025FC94F834305F
:10A3400006337370A8E700DE7278E6E76C3600200B
:10A3500014340500CB360020A136002008B5FFF7E5
:10A36000FFFE002008BD00BF08B5FFF7E3FD002099
:10A3700008BD00BF08B5064806F0A2FE044B03F175
:10A380000C0006F09DFEFFF7EBFE002008BD00BFAD
:10A3900088360020044A054B801A8008A3FB003051
:10A3A000C0F3CF00704700BF6C360020F712DA4BC5
:10A3B000044A0068044B801A8008A3FB0030C0F3F5
:10A3C000CF0070476C360020F712DA4B30B90448E2
:10A3D00090F85E3013F0010300D070470020704702
:10A3E0006C36002028B9044B93F85E0000F00100A1
:10A3F00070470020704700BF6C36002048B9064BFC
:10A4000093F85E0010F0010004D0587E00F00300C5
:10A4100070470020704700BF6C36002070B50646BC
:10A42000807E0C4605F0AEFD05462078C0F3801016
:10A43000FDF7BAF90368C6F865308388A6F8693075
:10A440008DB1237843F04003237023782A68C4F841
:10A45000022003F00F03AA88E280012B04F1020519
:10A4600003D0284670BD0546EFE7B07E05F0A2FD9B
:10A470000028F6D02278234642F0800203F8082B09
:10A480000268A26082889A80284670BD1F2956D82B
:10A490002DE9F041437F00EB830382B01F6A3B78D4
:10A4A00003F00F03012B0E460546904649D00DF1EF
:10A4B00007011C3006F04EFE3A78037802F00F02D6
:10A4C00023F01F03134303703B780278C3F3401358
:10A4D00063F3451202703B78D2B2C3F3801339465E
:10A4E00063F38612027011F8023BD2B2DB0963F308
:10A4F000C712044600F8022B062218F052FB32461F
:10A50000414604F10800063618F03DFB667095F8E8
:10A510005E30DB0706D49DF807306B77002002B071
:10A52000BDE8F08195F8293005EB83032146DA6A0E
:10A530002846EDF749FC0028EDD00C20EFE712206B
:10A54000704780F834100A463530414618F01BFB3E
:10A55000E4E700BF03460A4601481946FFF796BFE5
:10A560006C3600201F295FD82DE9F04190F8293082
:10A5700000EB830382B0DE6A0F460446904600F18A
:10A580002805002E41D028460DF1070106F0E2FD16
:10A59000037823F03F03314643F00403037011F8BE
:10A5A000022BDBB2C2F3801203F03F0343EA8213B3
:10A5B0000370BB1D437005460622023018F0F1FA05
:10A5C0003A46414605F1080018F0DDFA94F85E308D
:10A5D000DA0707D49DF8073084F82930002002B04C
:10A5E000BDE8F081627F04EB82024123116A0A78A0
:10A5F00002F00F02D340DB07ECD52A462046EDF7E8
:10A60000E3FB0028E6D00C20E9E7284606F048FDE9
:10A61000C0B258B994F8293004EB8303DE6A0423EE
:10A62000337006237370AEE7122070470720D6E719
:10A6300003460A4601481946FFF794BF6C360020CE
:10A6400008B5054B0022986011460120FBF7C0FDBC
:10A6500000B908BD00DE08BD9006002083685A6876
:10A6600092F82730DB09014601D100DE704708313E
:10A67000EDF792BF2DE9F0410768244982B0054605
:10A680004FF4D8723846FBF7FBFC05F16806294603
:10A6900007F06AF8E86E01AA3146FBF731FD00B316
:10A6A0001B4C4FF6FF7894F8612094F86010531C0F
:10A6B000DBB20C2B08BF0023994223D004EBC2016C
:10A6C00024F83280019A4A6012680260019A106090
:10A6D000E86E84F8613001AA3146FBF711FD0028CD
:10A6E000E1D1D7F8680107F5B47138B10023C7F894
:10A6F0006831FDF78FFE02B0BDE8F08100DED7F8CB
:10A700006801F3E700DE00231B80FFDEE01A002073
:10A71000C837002010B50C4630B92046FDF7AAFD19
:10A72000844200D000DE10BD00DEF6E710B50C4616
:10A7300030B92046FDF792FD844200D000DE10BD06
:10A7400000DEF6E710B50C4640B9074B0246012182
:10A7500002209C60FBF73CFD20B910BDFDF778FDA1
:10A760008442FAD000DE10BDB006002000B9704768
:10A7700000B583B00191FDF789FD0199814202D1B5
:10A7800003B05DF804FBFDF763FD01998142F7D04A
:10A7900000DEF5E738B51A481A4B1B4D02224FF47C
:10A7A000D871FBF71BFC00224FF4D8711448FBF75B
:10A7B00063FC4FF6FF74848401224FF4D871104873
:10A7C000FBF75AFC114B84840322181D2421FBF74C
:10A7D00005FC0F4B0F4C181D0B220821FBF7FEFB4D
:10A7E00002F034F803230C482B7000250B490C4A67
:10A7F00025601B2404804FF4A4700880137038BDBA
:10A80000E01A0020F8360020C54E002058370020FE
:10A81000FC36002050380020424D0020404D0020E2
:10A82000C44E002010B5037883B1104B00F1100125
:10A8300099608268BAB90E4C0C4B0022C0E9024103
:10A8400011460120FBF7C4FC58B910BD03F0FF020C
:10A85000084B1030986011460120FBF7B9FC002826
:10A86000F3D000DE10BD00DE9968E4E7A00600200A
:10A8700041A60300900600200148FBF7D3BB00BFB0
:10A88000F83600200149FBF7E3BB00BFF836002093
:10A8900002494FF4D872FBF7F3BB00BFE01A002067
:10A8A0000128024604D803484FF4D871FBF7E4BBF3
:10A8B00000207047E01A002001280ED810B5044689
:10A8C000224607484FF4D871FBF7D6FB18B1838CAA
:10A8D000A34200D110BD002010BD0020704700BF72
:10A8E000E01A00200148FBF79DBB00BF583700204D
:10A8F0000149FBF7ADBB00BF5837002001283DD808
:10A9000070B504460E46204822464FF4D871FBF736
:10A91000B3FB0546F8B1838CA3421CD11B4A92F8C5
:10A9200021C092F820100CF10103DBB2042B08BF08
:10A930000023994225D022F83C4002EBCC0CCCF805
:10A94000046082F82130037843B995F93730002B41
:10A950000FDB002070BD6FF0150070BD0C4B0022A6
:10A96000986001210320FBF733FC95F93730002B69
:10A97000EFDA2146284604F067FCEAE76FF015009D
:10A9800070476FF0680070BDE01A00202C3800207E
:10A99000C00600202DE9F04F85B00128BDF83880B1
:10A9A000BDF83CB0BDF8409016D804460D461C4892
:10A9B00016464FF4D87122469A46FBF75DFB0746D0
:10A9C00050B1838C0393A34206D16DB1022D07D001
:10A9D000012005B0BDE8F08F022005B0BDE8F08F82
:10A9E000AEB902F07FF90EE0119B0193CDF8009013
:10A9F0005B464246514602F0FFF80028EDD197F938
:10AA00003730002B07DB002005B0BDE8F08F314662
:10AA100002F078F9F7E70399384604F015FCF2E7FD
:10AA2000E01A002001281FD870B504460D460F48D3
:10AA300022464FF4D871FBF71FFB064658B1838CB2
:10AA4000A34208D102F06AF838B103682B60037999
:10AA50002B71002070BD022070BDD6F832302B6003
:10AA600096F836302B71F4E702207047E01A002088
:10AA7000012870B502D90225284670BD04460D464E
:10AA8000154822464FF4D871FBF7F6FA064608B38C
:10AA9000838CA3421ED11A2D15D8042D17D90F4B24
:10AAA000EB40DB0713D52946304602F01DF805467A
:10AAB0000028E1D196F93730002BDDDA2146304607
:10AAC00004F0C2FBD8E7292DEDD03B2DEBD01225A9
:10AAD000284670BD0C25CFE7E01A0020200038047E
:10AAE000012870B516D8044622460F484FF4D87195
:10AAF000FBF7C2FA054668B1868CA6420AD101214D
:10AB000001F0A0FF044618B995F93730002B04DB9B
:10AB1000204670BD0224204670BD2846314604F010
:10AB200093FB204670BD00BFE01A0020012870B5DD
:10AB300015D8044622460E484FF4D871FBF79CFA0C
:10AB4000054660B1868CA64209D101F093FF044608
:10AB500018B995F93730002B04DB204670BD02246C
:10AB6000204670BD2846314604F06EFB204670BD7D
:10AB7000E01A002001282DE9F0411FD804460E46B6
:10AB800017464FF4D87102461348FBF775FA05468D
:10AB9000A0B1B0F82480A04510D1D0F840319B0678
:10ABA00010D53A46314601F0CBFF044618B995F965
:10ABB0003730002B0ADB2046BDE8F0810224204616
:10ABC000BDE8F0811A242046BDE8F08141462846C0
:10ABD00004F03AFBEFE700BFE01A0020034A044B01
:10ABE00012881B8802800B80704700BF424D0020F6
:10ABF000404D0020024A034B10801980002070470E
:10AC0000424D0020404D00204FF01B0CA0F800C02A
:10AC10004FF0450CA2F800C04FF4A4704FF4267218
:10AC200008801A80704700BF01281CD870B5044600
:10AC30000E4615464FF4D87102460C48FBF71CFA35
:10AC4000034670B1828CA2420BD190F87640C4F3D7
:10AC50000204347093F87730C3F302032B700020A2
:10AC600070BD022070BD0220704700BFE01A0020B6
:10AC7000024A034B1070197000207047C54E002027
:10AC8000C44E00202DE9F043012883B024D80446A7
:10AC9000884617464FF4D871024617481E46FBF700
:10ACA000EBF90546C0B1B0F82490A14514D1D0F815
:10ACB0004031DB0515D50124009433463A46414620
:10ACC00001F0EAFE044618B995F93730002B0DDB88
:10ACD000204603B0BDE8F0830224204603B0BDE85F
:10ACE000F0831A24204603B0BDE8F0834946284685
:10ACF00004F0AAFAECE700BFE01A002001282BD8E4
:10AD000038B505460C4615482A464FF4D871FBF76E
:10AD1000B3F9F8B1838CAB421CD1C28CB0F88C3142
:10AD20000F49052A0BD802FB03334FF4FA7202FBDA
:10AD300003F3A1FB03135B0B2380002038BD02FB50
:10AD400003F340F2E24202FB03F3A1FB03135B0BAC
:10AD50002380F2E7022038BD02207047E01A00206D
:10AD60005917B7D101282CD838B505460C461648D6
:10AD70002A464FF4D871FBF77FF900B3838CAB42BE
:10AD80001DD1C38C42F2107202FB04F1052B01F1BC
:10AD9000FF310AD84FF4FA7203FB02231944B1FBC6
:10ADA000F3F1A0F88C11002038BD40F2E24202FB22
:10ADB00003F31944B1FBF3F1A0F88C11F3E702207F
:10ADC00038BD0220704700BFE01A002008B5FFF729
:10ADD000E1FC002008BD00BFF8B500252F461C4847
:10ADE0002A464FF4D871FBF747F9044600B900DE54
:10ADF00004F110022146E81CFDF778FA0646B0B1CE
:10AE000010F1780F13D040F24D73124A12491348D3
:10AE10000FF0CFFD1248324629460FF0CAFD00233D
:10AE200083F31188BFF36F8F0323184602DF6B1C77
:10AE3000022BC4F888704FF00105D0D1094A0A4BA3
:10AE40001784A3F86070FFF7A5FC0020F8BD00BFD1
:10AE5000E01A0020703D0500B03D0500C83D05002A
:10AE6000E83D05002C380020C8370020014B187839
:10AE7000704700BFC54E0020014B1878704700BFD7
:10AE8000C44E00202DE9F04781468A461646984672
:10AE90000025AFB217483A464FF4D871FBF7ECF8EB
:10AEA000044640B1838CBB4205D190F8A271C7F330
:10AEB0004003B34207D06A1C022A4FF00105E8D1D3
:10AEC0000020BDE8F0870622414600F2A91017F0E5
:10AED00089FE0028EFD107F001074F45EBD104F2BE
:10AEE000A3100622514617F07DFE0028E3D1012071
:10AEF000E7E700BFE01A00200B46896818600A687F
:10AF0000107828B1916851B90849C2E90213704715
:10AF10004A6892F82710C90903D100DE704700DEA5
:10AF2000F2E703F108011846EDF736BB5DA6030012
:10AF3000F8B50B68DE88012E26D80C460746324647
:10AF400018484FF4D871FBF797F80546D8B1838CB1
:10AF5000B34218D101F012FF2268137F03F00303FC
:10AF6000032B08D101231371226839462846BDE816
:10AF7000F84001F017BF53B195F862319A0705D533
:10AF80003D2385F86431236801221A71F8BD95F8D4
:10AF900062319B0703D53D2385F864312268012384
:10AFA0001371F8BDE01A002010B5B0F824C00446B3
:10AFB0004FF6FF7084450CD0A4F824312046C4E934
:10AFC000471201F0D1FC94F8623113F0010002D174
:10AFD00010BD00DEF0E723F0010384F862316FF06A
:10AFE0008B0010BDF8B51D4C064694F821201CE0DE
:10AFF000FBF742F803467968E0302BB39B8CAB42F9
:10B0000022D101F083FA94F8201094F821204B1CEF
:10B010008A4206F1FF30DBB204D0042B08BF0023C4
:10B0200084F8203010F0FF0617D094F820300C4838
:10B0300093424FF4D87104EBC3070ED034F8335069
:10B04000012D2A46D4D979680B7923F003034FF6F2
:10B05000FF700B71FDF7A0F8D5E7F8BD2C38002084
:10B06000E01A0020F0B5314B1A68904208BF002268
:10B0700083B008BF1A60828CA0F86E21182380F874
:10B080006C31054680F88411012101F077FC05F14F
:10B09000E006284601F086FC304601F01FFA3046F3
:10B0A00001F054FA044628B3037903F00303032B99
:10B0B0000CBF0346002303601D4805F17C07FAF727
:10B0C000B1FFA8B121463A46FBF708F8304601F037
:10B0D0003DFA044670B1037903F00303032B0CBF60
:10B0E0000346002303601248FAF79CFF0028E9D1C9
:10B0F00000DEE7E7AA8C0F4B00950332D2B20121A4
:10B100000020FCF7A7FA10F0FD0F08D14FF6FF73EF
:10B11000FF20AB8403B0BDE8F040FFF763BFFDF74D
:10B1200097F88542F2D000DEF0E700BF50380020EB
:10B13000FC36002045A7030038B505460120FFF77F
:10B1400051FF05F1E00001F001FAA8B1037903F025
:10B1500003030446032B0CBF234600230748236048
:10B16000FAF760FF30B105F17C022146BDE83840B6
:10B17000FAF7B4BF00DEF6E738BD00BFFC360020AA
:10B1800021B3F8B54D1EEDB200F1E00700F17C06E9
:10B1900012E0237903F00303032B0CBF23460023A3
:10B1A0002360FAF73FFF78B1013D32462146EDB208
:10B1B000FAF794FFFF2D06D0384601F0C7F9044690
:10B1C0000348002CE5D1F8BD00DEEDE7704700BF75
:10B1D000FC3600200149FAF73BBF00BFFC360020D7
:10B1E000014B93F861007047C837002000B50A4B47
:10B1F00093F860C093F861E0F4450BD080F800E06C
:10B2000033F83C00088003EBCC035B6813601868DC
:10B210005DF804FB0020FBE7C8370020074B93F8DC
:10B2200060C0844508D003EBCC0033F83C300B8081
:10B23000436813601868704700207047C8370020C3
:10B24000094A92F8601092F861308B4209D04B1C89
:10B25000DBB20C2B08BF002352F8310082F86030BB
:10B2600070470020704700BFC837002000B50D4A66
:10B2700092F861C092F860E00CF10103DBB20C2B94
:10B2800008BF00239E4509D022F83C0002EBCC0CFD
:10B29000CCF8041082F861305DF804FB00DE002376
:10B2A0001B80FFDEC837002070B553791446054671
:10B2B0000E46002B36D0237903F00302032A0CD06C
:10B2C0004FF6FF72954204BF23F00303237121461A
:10B2D0002846BDE87040FCF75FBF4FF6FF739D4204
:10B2E00017D0012D10D817482A464FF4D871FAF715
:10B2F000C3FE28B3214601F023FD33689C4213D0DE
:10B30000002BE4D000DEE2E700DE0020214601F061
:10B3100017FD3368A342F3D100202146BDE87040F9
:10B3200001F0E6BA00DEC6E706482A464FF4D871B7
:10B33000FAF7A2FE0028EFD0838CAB42EDD0EBE70A
:10B3400000DED7E7E01A002090F86620B0F85C3005
:10B35000C2F30212022A14BFDB089B0890F87E2079
:10B36000B0F8580014BF0A3B0B3B9BB2D20644BF57
:10B37000043B9BB2984228BF18467047704700BFF5
:10B3800090F8623143F0020380F86231704700BFE9
:10B3900090F8623123F0020380F86231704700BFF9
:10B3A000B0F86031B0F82421981880B2704700BF1F
:10B3B0000278038E12B1581E80B27047418DB0F8EA
:10B3C00024215818104480B2704700BF10B50446BD
:10B3D0000B68C4F8323032300B7903710521FBF76A
:10B3E00011F894F8373060F3050384F8373010BD56
:10B3F0004FF426704FF4A47308801380704700BF89
:10B4000000B5B0F86020B0F85A1003468A4290F8B0
:10B410007700B3F85EC028BF0A4600F00700B3F813
:10B4200064101B2A38BF1B22042814BF4FF4A470D9
:10B430004FF42960614528BF61468142B3F86EC070
:10B4400038BF01468C45B3F86A0044D08242A3F865
:10B450006E1001D0A3F86A2093F8D12042F00202C6
:10B46000012083F8D120B3F858C0B3F8622093F8D4
:10B470007610B3F85CE0624528BF624601F0070130
:10B480001B2A38BF1B220429B3F8661014BF4FF4DF
:10B49000A47C4FF4296C714528BF71466145B3F80F
:10B4A0006CE038BF61468E45B3F868C017D062457E
:10B4B000A3F86C1001D0A3F8682093F8D12022F0F3
:10B4C000020283F8D12093F8D1200120024383F8AF
:10B4D000D1205DF804FB8242BCD10020C3E7624565
:10B4E000E9D193F8D11041EA510202F0010221F0B2
:10B4F00003010A4383F8D1200028E4D15DF804FB5E
:10B50000B0F86020B0F85A1003468A4290F87700ED
:10B51000B3F85EC028BF0A4600F00700B3F8641015
:10B520001B2A38BF1B22042814BF4FF4A4704FF409
:10B530002960614528BF61468142B3F86EC038BFBB
:10B5400001468C45B3F86A000DD09042A3F86E1006
:10B5500001D0A3F86A2093F8D12042F00202012022
:10B5600083F8D12070479042F3D10020704700BF8C
:10B57000B0F86220B0F8581003468A4290F876007E
:10B58000B3F85CC028BF0A4600F00700B3F86610A5
:10B590001B2A38BF1B22042814BF4FF4A4704FF499
:10B5A0002960614528BF61468142B3F86CC038BF4D
:10B5B00001468C45B3F8680014D08242A3F86C10A1
:10B5C00001D0A3F868204FF0010C93F8D110604629
:10B5D000C1F3400242EA0C0221F003010A4383F85E
:10B5E000D12070478242ECD193F8D110002001F0B5
:10B5F000010CEDE71B2928BF1B21B2F5A47F064BE8
:10B60000A0F8721028BF4FF4A472A0F87020C36590
:10B61000A0F85810704700BF48019802F8B5002202
:10B620008266C266A0F87420314A324D12882D8895
:10B630001B2A28BF1B22A0F87220B5F5A47FA0F812
:10B6400058204FF0450201F0030328BF4FF4A475C2
:10B65000A0F85A204FF01B120266A0F8705090F824
:10B66000772003F1280703F15205C1F34001FF00E1
:10B67000ED0002F0070290F8D130CF40CD40BEB2CD
:10B68000042AADB214BF4FF4A4724FF4296243F000
:10B690000203AE4280F8D130334628BF2B46934296
:10B6A00038BF1346A0F86E304FF4A4730446A0F8D8
:10B6B0005C301B23A0F86A30A0F85E50A0F86460EC
:10B6C000A0F86660FFF754FF94F8D130AE4243F023
:10B6D000010384F8D13003D0012384F87430F8BD1D
:10B6E000B7F5A47FF8D1A36DB3F11B1FF4D1F8BD5A
:10B6F000424D0020404D002008B50022D0E91E0137
:10B70000FAF7F6FCB0FA80F0400908BDF8B5064635
:10B710000C4600F0F9FF054688B32F1D384602F0AD
:10B72000FDFAEB7963732946304601F003F83046A1
:10B7300003F000FBAB68EA68C4F84720C4F8433064
:10B740002B69C6F8AC30A5690023A361ADB1032312
:10B750002F792B71B38CEB8005F11C01204602F090
:10B76000C5FA2E2F02D00423A372F8BD28682946FB
:10B77000FCF7D2FC0423A372F8BD00DEE7E700DE8D
:10B78000CBE700BF70B504460D4600F0B5FF10B919
:10B790000623AB7270BD04F18F063346002205F11B
:10B7A0003B0105F12B0007F021FAD4F89710C4F8FB
:10B7B000B810D4F8A810D4F88F00C4F8C910D4F881
:10B7C000AC10D4F89B20C4F8B000C4F8CD10002011
:10B7D0000021C4E93001D4F8933094F8C810C4F8BB
:10B7E000BC2094F8A720C4F8B430002363F3000110
:10B7F00084F89F3084F8A03084F8A13084F8A23017
:10B8000084F8A33084F8A43084F8A53084F8A630F6
:10B8100042F0010384F8C81084F8A7302946204676
:10B8200000F072FF0646A8B1301D02F08FFAF379DE
:10B830006B733146204600F07DFF204603F07AFA14
:10B840004FF4C1636B8194F88E3043F0080384F8A1
:10B850008E3070BD00DEE7E770B50C46897A82B0A5
:10B8600005460D2900F22E81DFE801F05F676A9B33
:10B870009F07070C1836393E5053002A00F0A78066
:10B8800002B070BD002AFBD12146284600F034FFEB
:10B89000002840F0F1800723A372F1E7022AEFD1DC
:10B8A000A0690023A361002800F02981032303710C
:10B8B000AB8CC380237A052B00F00981062B00F0A6
:10B8C000038100DE2146284600F016FF002840F0E4
:10B8D000AA800923A372D3E7002AD1D1F2E7002A74
:10B8E000CED10B23A372CBE7072AC9D12846012169
:10B8F00000F024FF2846FFF743FD2146284600F0CC
:10B90000FBFE002871D10C23A372B9E7002AB7D13E
:10B91000F3E7082AB4D140F20233638195F88E3000
:10B9200023F0100385F88E30AAE7002AA8D1237AE5
:10B93000062BD6D00223A372A2E7002AFAD09FE7F3
:10B94000012A9DD111462846019300F0F7FE2846B2
:10B95000FFF716FD284601F045FF019B5A689968DC
:10B96000C4F82510C4F821201A7B84F829205A7BBA
:10B9700084F82A20D3F80E20D3F81210C4F83F1010
:10B98000C4F83B20D3F81630C5F8A8302146284625
:10B9900000F0B2FE10BB204600F0F0FE0323A372BD
:10B9A0006EE7002A7FF46CAFF0E7032A0CD0042A7C
:10B9B0007FF466AF062140F20362072384F820106B
:10B9C000A4F84D20A3725BE70523A37258E7214634
:10B9D000284602B0BDE87040FFF7D4BE2146284695
:10B9E00002B0BDE87040FFF791BE2146284600F046
:10B9F0008BFE0646002800F08480301D02F0BAF964
:10BA0000F37963733146284600F094FE284603F02C
:10BA100091F940F60D33638195F88E3023F00803D9
:10BA200085F88E302CE72146284600F06DFE06464C
:10BA3000002868D0301D02F093F9F3796373314622
:10BA4000284600F077FE284603F074F9284603F0F4
:10BA5000C9FA0023A3720121284600F083FE28467C
:10BA6000FFF796FC284601F0C1FE95F88E3043F0B2
:10BA7000100385F88E3003E72146284600F044FE87
:10BA80000646002841D095F8303194F84E10301D0C
:10BA90001BB1D5F840315B071DD402F075F9F3797D
:10BAA00063733146284600F045FE284603F042F90C
:10BAB000284603F097FA94F82030062B11D0242B57
:10BAC0003FF4DEAE00DEDBE61A230371FAE61C303B
:10BAD00002F046F9F6E60A4694F84D1002F060F9D5
:10BAE000DDE70121A172284600F03CFE2846FFF761
:10BAF0004FFC284602B0BDE8704001F077BE00DE82
:10BB0000D4E600DE79E700DE94E700DEBBE700BFA5
:10BB100092F81FC0ACF1030C02F11C03BCF1080F3A
:10BB200006D8DFE80CF01205050F0505050C090025
:10BB30003D2380F8643170470822FFF78DBE07224D
:10BB4000FFF78ABE0222FFF787BE0122FFF784BEFD
:10BB50008B7A042B06D002D9053B082B00D87047FE
:10BB600000DEFCE705238B72704700BF8B7A042B45
:10BB700006D002D9053B082B00D8704700DEFCE751
:10BB8000062040F20362072381F82000A1F84D202F
:10BB90008B727047887AA0F10400B0FA80F04009F7
:10BBA000704700BF13460022FFF756BE70B591F8EC
:10BBB0002C30042B0C460ED991F82D20112184F83D
:10BBC00028100125134313F0070312D184F82830FD
:10BBD0000125284670BD032B07D091F82D20042A9B
:10BBE000ECD8032A01D00025ECE7112384F8283093
:10BBF0000125668DFFF7DCFB801B0304E9D42823B5
:10BC0000E4E700BFF0B50E4683B00DF1060201A9CE
:10BC1000B0F86C50B0F86E700446FFF7E9FB96F888
:10BC20002D201ABB96F82C30002B5CD1B4F86C3068
:10BC3000AB420ED3BDF806209A420AD3B4F86E3058
:10BC4000BB4206D3BDF804209A4202D3002003B0C1
:10BC5000F0BD94F8D130A4F86C5043F001030120FA
:10BC6000A4F86E7084F8D13003B0F0BD94F93700B9
:10BC7000002802DB96F82C30EBB194F8761094F89B
:10BC8000685001F003032B440D33DB00C1F3400186
:10BC9000CB409BB2BDF80650B3F5A47F38BF4FF43C
:10BCA000A4739D4228BF1D4612B3002803DA96F8FC
:10BCB0002C30002BBAD094F8772094F86A10BDF895
:10BCC000047002F003030B440D33DB00C2F34002A7
:10BCD000D3409BB2B3F5A47F38BF4FF4A4739F4207
:10BCE00028BF1F46A2E794F937000028C5DAE2E72B
:10BCF00096F82C30002B99D0002897DADBE700BFAC
:10BD000010B50C4689690023A36131B394F8213042
:10BD1000DB071DD50B792E2B1DD11D230B71838CB9
:10BD2000CB8094F828300B7790F87730C3F3020378
:10BD30008B7790F87630C3F302034B770868FCF7F3
:10BD4000EBF994F8213023F0010384F8213010BD81
:10BD500001230B71F2E700DEDFE700DED6E700BF6C
:10BD600038B591F821304D6A9B070C4603D4BDB11C
:10BD700001232B7108E0A5B103232B71838CEB8089
:10BD800005F11C0102F05CF928682946FCF7C4F9AA
:10BD900094F82130002223F00203626284F82130FB
:10BDA00038BD00DEE8E700BF70B50C46054600F080
:10BDB000BFFC6062C0B1637BE66966610022172B3D
:10BDC000E26109D000DE2846314600F0B3FC284687
:10BDD000BDE8704002F0AEBF311D284602F01AF8EF
:10BDE00041F603036381EEE700DEE4E770B5CB695B
:10BDF0000C460646002B4CD0637B162B2ED196F9B1
:10BE00003730002B2ADBE56965610023E36194F894
:10BE1000203096F89C21C3F3C20363F3C50286F871
:10BE20009C2194F8202096F89C3162F3020386F856
:10BE30009C3194F8203096F87620C3F3801363F396
:10BE4000C30286F87620291D204601F0BFFF02219B
:10BE5000304600F073FC0223A37211E000F060FC96
:10BE600010B90723A37270BD00F062FC606290B14C
:10BE7000637BE56965610022162BE261C7D000DEB5
:10BE80003046294600F056FC3046BDE8704001F0CF
:10BE9000B1BC00DEB0E700DEEAE700BF38B505461A
:10BEA0000C4601F097FC10B10123A37238BD28465F
:10BEB00002F02EFF0028F7D12146284600F01CFC96
:10BEC0000028F1D0284602F021FF0728ECD02846B0
:10BED000012102F015FF28460D2102F015FF16235F
:10BEE00021466373284600F00FFCE0612146284696
:10BEF000BDE83840FFF77ABF38B505460C4602F07A
:10BF000011FF10B10223A37238BD2146284600F06C
:10BF1000F3FB0028F6D0284602F0F8FE0728F1D0FF
:10BF20000D21284602F0F0FE1723637321462846B0
:10BF300000F0EAFBE06158B100F0F2FB10B9072312
:10BF4000A37238BD21462846BDE83840FFF72CBF14
:10BF500000DEF1E770B50C46897A82B006461546D8
:10BF6000092906D8DFE801F0080D454805056B8B67
:10BF700097B800DE02B070BD002DFBD10123A37283
:10BF8000F8E71946204601F037FF94F8202096F88C
:10BF90009C31C2F3C200C3F3C2010140C2F30200EC
:10BFA000034043EAC10322F03F02134384F82030E8
:10BFB00096F93730002B0BDB94F8203013F0380F54
:10BFC00040F09E8094F8203023F03F0384F8203026
:10BFD0000221304600F0B2FB012DCBD196F837306C
:10BFE000DB09C6D02146304602B0BDE87040FFF7FD
:10BFF00083BF002DBED1F5E7022DBBD190F93730BC
:10C00000002B80F2C380644B96F8762093E80300FF
:10C0100094F8203002AD134305E9030003F0070351
:10C020006B4402211B78304663F30612062386F820
:10C030007620A37202B0BDE8704000F093BB032DE0
:10C0400098D11946204601F0FBFE21463046FFF705
:10C05000ADFD0546204600F091FB002D5BD094F825
:10C06000283096F87620282B08BF86F864311346CE
:10C07000092162F3061386F87630A1727AE7002D63
:10C080007FF478AFE369002B74D000F049FBD8BB94
:10C090000723A3726EE7002D7FF46CAFFFF780F9E2
:10C0A000638DC01A03043FF565AF84F8285096F9F4
:10C0B0003730002B35DB002294F8213062F3000387
:10C0C00084F8213096F876201346092162F306138E
:10C0D00086F87630A1724DE7042D7FF44BAF2146F0
:10C0E000FFF70EFE21463046FFF73AFE304602F0DB
:10C0F00079FF0021304602F007FE0023A37239E7E2
:10C100005A077FF465AF5DE72146304602B0BDE8CF
:10C110007040FFF749BE304602F012FE0823A372BA
:10C1200028E794F82D1096F8772094F82C3011F029
:10C13000030102F007051FD096F87600844661F3EC
:10C14000020C13F0030386F876C000F007001FD03E
:10C1500063F30202884286F8772014D021463046E5
:10C16000FFF750FD94F8213060F34103012284F879
:10C170002130A1E700DE88E713F003039BD063F3CF
:10C18000020286F877209D42E8D194E700DE3AE784
:10C190008842E3D18FE700BF1C34050070B5D37F20
:10C1A000112B05460C4602F11C0625D0182B09D090
:10C1B000072B10D0242380F8643101F0C1FB002349
:10C1C000A37270BD8B7A062B3DD088BF073B022B34
:10C1D000F7D900DE70BD8B7A062BF6D1002102F074
:10C1E0008FFDD5F840311A2223F48073C5F8403111
:10C1F000204684F828200FE08B7A062BE5D13146C3
:10C20000204601F0DBFD94F84E3084F828302846B3
:10C21000002102F075FD204600F0B0FA94F82130BC
:10C2200043F0010384F8213095F87620134609265F
:10C2300062F3061385F87630A67228460221BDE81F
:10C24000704000F08FBA90F93730002B3FDA0221AE
:10C25000284602F055FD3146204601F0F1FD214609
:10C260002846FFF7A3FC0646204600F087FA9EB951
:10C2700094F82D302BB195F8762063F3061285F8EB
:10C280007620284601F0C0FA0823A372284602212E
:10C29000BDE8704000F066BA0021284602F030FD8B
:10C2A00094F828300BB185F8643194F8203094F874
:10C2B0002120DB0963F3000284F8212095F8761031
:10C2C0000A4661F30612092385F87620DDE700DED1
:10C2D000BDE700BF38B58B7A0C460546092B06D85A
:10C2E000DFE803F0070706050505060B0F0600DE6D
:10C2F00038BDBDE83840FFF7D1BDBDE83840FFF795
:10C3000075BDFFF74DF8638DC01A0304F0D495F99D
:10C310003730002B19DB0021284602F0F1FC94F89D
:10C320002030002284F82820DB0994F8212063F3D0
:10C33000000284F8212095F876201346092162F343
:10C34000061385F87630A17238BD94F82D1095F853
:10C35000772094F82C3011F0030102F0070C24D060
:10C3600095F87600864661F3020E13F0030385F814
:10C3700076E000F0070022D063F30202884285F8DD
:10C38000772019D021462846FFF73CFC94F821304D
:10C3900060F3410384F821300021284602F0B0FC0C
:10C3A0000022012384F82820BFE713F00303B2D052
:10C3B00063F3020285F877206345E3D1ABE7884257
:10C3C000E0D1A8E791F80AC0BCF1020F08D000D86C
:10C3D0007047ACF1060CBCF1030FF9D900DE7047D1
:10C3E0000B4690F83710C9090246F7D030B510490E
:10C3F00090F8764093F820E003C983B044EA0E0E2B
:10C4000002AD05E903000EF0070EEE4461469EF80A
:10C41000000041F6060C60F30614104682F87640E0
:10C42000A3F80AC003B0BDE8304000F09BB900BFDC
:10C430001C34050038B58B7A082B04D8033B022B3B
:10C4400000D800DE38BD092BFBD105460C46FFF7AE
:10C4500057FC21462846FFF783FC284601F070FA76
:10C460000021284602F050FC0023A37238BD00BF13
:10C4700010B592F81FE0BEF1160F02F11C0310D0A8
:10C48000BEF1180F08D024230C4680F8643102F066
:10C49000A9FD0023A37210BDBDE810400322FFF7E1
:10C4A00059BDBDE810400122FFF754BD13460022DC
:10C4B000FFF750BD13460222FFF74CBD00230422B4
:10C4C000FFF748BD0023C0E90133C0E9033303701F
:10C4D000704700BF037801330370704703785BB97E
:10C4E000C3687BB102691AB1816861B10B60826077
:10C4F0000023C0E903337047013BDBB20370002B1C
:10C50000EED0704770474360F1E700BF03783BB15E
:10C5100000230C300B60436843B1196041607047E1
:10C52000002304300B604368002BF6D1C0E90011F2
:10C53000704700BF00230B60836813B119608160EE
:10C540007047C0E901117047406870470346406872
:10C5500028B1996802685A60884208BF9A6070479B
:10C560004078A0F10C00B0FA80F04009704700BF9D
:10C570004078A0F10800B0FA80F04009704700BF91
:10C580004078A0F10200B0FA80F04009704700BF87
:10C590004078A0F11700B0FA80F04009704700BF62
:10C5A0004078A0F10100B0FA80F04009704700BF68
:10C5B0004078A0F10900B0FA80F04009704700BF50
:10C5C0004078A0F10600B0FA80F04009704700BF43
:10C5D0004078A0F11800B0FA80F04009704700BF21
:10C5E0004078A0F10300B0FA80F04009704700BF26
:10C5F0004078A0F10500B0FA80F04009704700BF14
:10C60000F8B5064608460D46F9F70CFD044680B11C
:10C610000027C0E90577456006722C223946203094
:10C6200016F0D8FA4FF47F43FF2262726381A38130
:10C63000A7732046F8BD00BF4078A0F10200B0FA11
:10C6400080F04009704700BF4078A0F10200B0FAC6
:10C6500080F04009704700BF4078A0F10200B0FAB6
:10C6600080F04009704700BF4078A0F10100B0FAA7
:10C6700080F04009704700BF4078A0F10100B0FA97
:10C6800080F04009704700BF4078A0F10100B0FA87
:10C6900080F04009704700BF4078A0F10900B0FA6F
:10C6A00080F04009704700BF4078A0F10900B0FA5F
:10C6B00080F04009704700BF4078A0F11800B0FA40
:10C6C00080F04009704700BF4078A0F10300B0FA45
:10C6D00080F04009704700BF4078A0F10300B0FA35
:10C6E00080F04009704700BF416809B1F9F7B0BC5C
:10C6F00000DE4168F9F7ACBC024B1868003818BF7F
:10C7000001207047E006002010B50448F9F78AFCC4
:10C7100004460430FEF732FE204610BDE00600203D
:10C7200008B50120FBF70CFD003818BF012008BD3B
:10C73000FBF720BDE030FFF7FDBE00BF38B590F835
:10C74000563105460C461BB11C4385F8564138BD91
:10C75000E030FFF7BFFE95F856311C4385F856418F
:10C7600038BD00BF90F8563123EA010180F8561118
:10C7700001B17047E030FFF7B1BE00BF836943B13C
:10C780001A792E2A04D02E221A71836902691A603E
:10C79000704700DE8369F3E783694BB11A792E2A6B
:10C7A00000D0704701221A7181690868FBF7B4BC98
:10C7B00000DE8369F2E700BF8B6913B11A792E2A74
:10C7C0000BD00B7A072B15D0CB692BB1D0F85C219D
:10C7D0001A60CB69C0F85C3170471B68D0F85821EB
:10C7E0005A608B6901221A718B69C0F858310B7A33
:10C7F000072BE9D14B6A002BE6D01B68D0F85821F3
:10C800005A604B6A01221A714B6AC0F85831DBE753
:10C8100070B505460C48F9F705FC044688B10A4B8B
:10C8200043600026C0E9056605722C22314620309F
:10C8300016F0D0F94FF47F43FF2262726381A38127
:10C84000A673204670BD00BFD006002010B50A4B6D
:10C85000062258685021F9F7C1FB084B022258689C
:10C860005021F9F7BBFB064BBDE810405868082281
:10C870002C21F9F7B3BB00BFD8060020D00600205A
:10C88000E006002038B50446002501F02DF82046CA
:10C89000C4E93E5584F8045102F086FBC4F82851DF
:10C8A000C4E9425584F81651A4F81451A4F818515B
:10C8B000C4F82B51A4F84851C4F83051C4F834518D
:10C8C000C4F83851C4F83C51C4F84051C4F844513C
:10C8D000FAF734FF94F88E3084F85651C4E95001C9
:10C8E000C4E9565523F0180384F88E30258638BDE8
:10C8F00008460149F9F7ACBBE006002010B5B0F8D6
:10C90000024182B0034624B1A1420FD2641AA0F8BA
:10C910000241B3F8120120B181420FD2401AA3F8AC
:10C92000120100231846137002B010BD019200F0EE
:10C9300003FF019A58B1037A0A2B03D022236FF028
:10C940007300F0E790F820306FF07300EBE700DE43
:10C95000F1E700BF034B0B44B3FBF1F3A0F8183130
:10C96000704700BFFF59620210B5044602F024FB75
:10C970002046BDE8104000F0BFBF00BF10B5044620
:10C9800049B1012900D010BD02F060FB2046BDE88E
:10C99000104001F007B802F045FB2046BDE810400A
:10C9A00000F0F2BF38B5D0F85841054634B12068E0
:10C9B00021464468FBF7A4FB002CF8D1D5F85C4174
:10C9C0000023C5F8583134B1204624680449F9F7EA
:10C9D0003FFB002CF8D10023C5F85C3138BD00BF07
:10C9E000E006002090F93730002B14DA70B50446C9
:10C9F0000E46032009491546FFF702FE014640B1E5
:10CA000080F8206080F82150204600F065FE00206C
:10CA100070BD0C2070BD0C20704700BFD8060020F0
:10CA200010B5074904460120FFF7EAFD28B1014689
:10CA3000204600F051FE002010BD0C2010BD00BFAC
:10CA4000D806002038B504460D4602200849FFF7F5
:10CA5000D7FD58B190F8203065F30003014680F807
:10CA60002030204600F038FE002038BD0C2038BDB4
:10CA7000D806002010B5074904460420FFF7C0FD82
:10CA800028B10146204600F027FE002010BD0C20F2
:10CA900010BD00BFD80600202DE9F04105468846AC
:10CAA000072010499DF8186017461C46FFF7A8FD9F
:10CAB000A8B1E30008F0070803F03803BF0143EA18
:10CAC000080307F040073B4343EAC613014680F8DA
:10CAD0002030284600F000FE0020BDE8F0810C2048
:10CAE000BDE8F081D806002038B504460D4600F0B8
:10CAF0009DFF204602F034FB07490A20FFF780FD26
:10CB000038B1014680F82050204600F0E5FD0020B5
:10CB100038BD0C2038BD00BFD806002008B590F9FC
:10CB20003730002B08DB00F007FE20B1037A0B2B17
:10CB30000CBF2230002008BD02F0F0F8F5E700BF7E
:10CB4000F8B5D0F840319B0601D40020F8BD04466A
:10CB50000D460C2008491646FFF752FD074648B11E
:10CB6000294620463246FEF745FD3946204600F06C
:10CB7000B3FDEAE70C20F8BDD806002070B50646E4
:10CB80000D4602F0CBF820B1037A053B012B044699
:10CB900001D90C2070BD01463046FEF7FBFF00288E
:10CBA000F7D029686A68AB68ED68C4F8375030463A
:10CBB000C4F82B10C4F82F20C4F833302146FEF7F8
:10CBC000C7FF002070BD00BF38B5054602F0A6F8CB
:10CBD00020B1037A053B012B044601D90C2038BD56
:10CBE00001462846FEF7D6FF0028F7D02846214602
:10CBF000FEF7BCFF002038BD2DE9F8430546D0F80C
:10CC00004001BDF820801E4683070F46914617D489
:10CC100095F93730002B1FDB2A490820FFF7F0FC7D
:10CC20000446002C42D0237A082B0FD0092B16D0B3
:10CC300000DE2846214600F04FFD0020BDE8F883C5
:10CC400020490920FFF7DCFC0446EAE7A4F8289015
:10CC50006685A4F82C80ECE71A20BDE8F883099BD0
:10CC6000E784A4F828906685A4F82C8003B31B8879
:10CC70002387099B5B886387099B9B88A387099B04
:10CC8000DB88E387099B1B89A4F84030099B5B89FB
:10CC9000A4F8423095F93730002BCADA2846FDF760
:10CCA000F7FD0146284602F0CFFAC2E70C20C5E79F
:10CCB000054A4FF0FF33C4E90E23A4F840304FF685
:10CCC000FF73E5E7D80600200000FFFF08B502F07B
:10CCD00025F828B1007AA0F10C00B0FA80F04009E4
:10CCE00008BD00BF10B5044602F018F810B1037A71
:10CCF000092B00D010BD01462046BDE8104001F0D0
:10CD0000D3BE00BF38B504460D4602F007F810B197
:10CD1000037A092B00D038BD80F820500146204608
:10CD2000BDE8384001F0C4BE08B501F0F7FF28B1F6
:10CD3000007AA0F10900B0FA80F0400908BD00BFF8
:10CD400038B505460C4600F0F7FC10B14369A34224
:10CD50000ED0284601F0E2FF10B14369A34200D093
:10CD600038BD224601462846BDE8384002F0F0B8FA
:10CD700001462246284600F081FDEAE710B5044648
:10CD800000F0DAFC18B10146204600F09BFD204679
:10CD900001F0C4FF014620B12046BDE8104002F07A
:10CDA000F1B810BD2DE9F041537F144605460E46FB
:10CDB000002B3AD0D37F1E2B24D9284600F0BCFC90
:10CDC0000746284601F0AAFF0146002F68D0FA7AEC
:10CDD000E37F002843D09342C07A52D03A7B002AA6
:10CDE0004FD1072B65D0112B74D00D2B40F08680CE
:10CDF0000D2802D00B7B002B3BD01F2385F864311C
:10CE0000BDE8F081474A52F8232022B104F11C000A
:10CE1000904760B1E37F022BCFD1012322463146F8
:10CE20002846BDE8F04102F02DB9FF23D37728460C
:10CE300000F082FC30B1E27FC37A9A42E0D0037BFB
:10CE4000002BDDD1284601F069FF002840D0E27FA9
:10CE5000C37A9A42D4D0037B002BD1D1DEE7934230
:10CE600007D03A7B2AB9072B3CD0112B3AD00D2B97
:10CE7000D3D12346324639462846BDE8F04100F07A
:10CE8000C7BC8342B9D00A7B002AB6D1072B2FD06A
:10CE9000112BEED14B7B94F820209A42E9D1ACE7DC
:10CEA0000028BAD0234632462846BDE8F04101F0BA
:10CEB000E9BF94F820307A7B9A4225D00728F1D038
:10CEC0000A7B002AEED14A7B9A42EBD0242395E7D5
:10CED0000346A3E794F820307A7B9A421FD01128AA
:10CEE000EED1DFE77A7B94F820309A4295D1C0E703
:10CEF0004A7B94F820309A42BBD17EE78342D1D05E
:10CF00000B7B002BCED1E1E707283FF476AF0B7BFC
:10CF1000002B7FF472AF4B7B9342AAD16DE71128AF
:10CF2000F5D16AE7083F0500F8B58D6900270C4682
:10CF300006468F617DB3012703232B71B38CEB80F1
:10CF4000237A042B05F11C0118D00C2B0BD0022BDB
:10CF500017D1637A072B16D0092B12D1304600F077
:10CF6000FDFD2FB1F8BD304601F06AF8002FF9D170
:10CF700028682946BDE8F840FBF7CEB8637A0C2B49
:10CF800005D000DEEDE7204600F094FDE9E73046ED
:10CF900000F086FEE5E7FFF7CBFB05460028CBD186
:10CFA00000DE0071FFDE00BF70B506460C46FFF7DD
:10CFB000ABFB0546002855D0237A013B291D0B2BDE
:10CFC00007D8DFE803F0151B212806060606062E03
:10CFD000063500DEEB79637329463046FFF7AAFB7E
:10CFE000237A0A2B2AD03046BDE8704000F002BCFC
:10CFF000084600F039FD1323E372EBE7304600F0FA
:10D0000067FD0923E372E5E7204600F015FEFF23E4
:10D010006561E372DEE7084600F030FE0C23E37240
:10D02000D8E7204600F01AFEFF236561E372D1E7DE
:10D03000304600F0D5FF1523E372CBE7F38CB6F84A
:10D04000921140F2E24202FB03F342F2107202FB41
:10D05000013101393046B1FBF3F1BDE8704089B2CE
:10D0600000F0CEBB00DEA7E72DE9F04107460C46F5
:10D07000164601F057FE28B10323A3720025284667
:10D08000BDE8F08121463846FFF736FB054600280B
:10D09000F2D021463846FFF737FB804600283CD0C7
:10D0A000237A013B08F104010B2B07D8DFE803F0DA
:10D0B0001B210627060606060606062D00DE98F842
:10D0C0000730637341463846FFF734FB384601F0BA
:10D0D00031FE0423A372002ED1D0384601F082FF26
:10D0E0000023A372CBE7084600F0C8FCFF23E372DD
:10D0F000E5E7384600F010FDFF23E372DFE708465E
:10D1000000F0BCFDFF23E372D9E7384600F080FF52
:10D11000FF23C4F81480E372D1E700DEC0E700BF4C
:10D1200038B50B7A013B0C4605460B2B0CD8DFE8D3
:10D1300003F006060B1B0B0B0B0B0B0D0B16BDE8C0
:10D1400038400122FFF790BF00DE38BD01F04AFFF2
:10D1500094F820300022A27285F8643138BDBDE811
:10D1600038400022FFF780BF90F8283143B90122F0
:10D17000FFF77AFF0028E8D0012385F8283138BD71
:10D1800001F030FF0023A37238BD00BF38B50B7A21
:10D19000013B0C4605460B2B15D8DFE803F00616BD
:10D1A0000E24141414141433143B4B7A072B04D09C
:10D1B000132B02D0242385F86431284600F0C0FBED
:10D1C0000023A37238BD00DE38BD4B7A072B01D097
:10D1D000092BEFD194F82030DB07EED52146284605
:10D1E000FFF7A2FEE9E74B7A0C2BE3D18B6993B3EF
:10D1F00021462846FFF798FE284600F0A1FB0023B1
:10D20000A37238BD00F09CFB00221623A27285F8A1
:10D21000643138BD4B7A152B16D0072BCAD1D0F804
:10D22000403123F02003C0F8403100F089FB002397
:10D23000A3722846FFF74AFD0028C3D128460421DF
:10D24000BDE83840FFF78EBAFEF7DAF868B928462D
:10D2500000F076FBEBE7FFF763FA0028C8D1284619
:10D2600000F0C8FA0423A37238BD21462846FFF710
:10D270005BFEECE770B50E7A731E0C4605460B2B71
:10D2800007D8DFE803F0080F233706060606065323
:10D29000066100DE70BD00F09DFA00287FD00123FA
:10D2A000A37270BD00F096FA0028F8D121462846F6
:10D2B000FFF722FA0028F2D021462846FFF774FE35
:10D2C0006369002B08BF0326A67270BD00F082FAC6
:10D2D0000028E4D121462846FFF70EFA0028DED0C8
:10D2E00021462846FFF760FE6369002B18BF02261F
:10D2F000A67270BD90F828319BBB00F06BFA002835
:10D30000CDD121462846FFF7F7F90028C7D021469E
:10D310002846FFF749FE6269002A4FF001030CBF5F
:10D3200003220222A27285F8283170BDFFF7E4F9CA
:10D330000028B4D021462846FFF736FE16220223E5
:10D3400084F82020A37270BDD0F840319B0602D52E
:10D35000FFF7BCFC68B1284600F0F2FA0023A37284
:10D3600070BD0C2200234A728B61BDE87040FFF74C
:10D370000DBF284600F02EFA002890D121462846FD
:10D38000FFF7BAF900288AD004212846FFF7D6F91A
:10D3900021462846FFF708FE0323A37270BD2146ED
:10D3A0002846FFF7A9F900283FF479AF214628461F
:10D3B000FFF7FAFD6369002B0CBF03230223A3725E
:10D3C00070BD00BF8B7A022B06D002D9033B012B24
:10D3D00000D8704700DE70470B7A032B01D00A2B70
:10D3E000F7D1FFF7D3BE00BF38B58B7A032B05D03A
:10D3F00001D9042B00D138BD00DE38BD0546D07FF1
:10D400000C46831E02F11C016072172B0DD8DFE859
:10D4100003F00C0C0C0C0C1F0C1B0C0C170D0C0C43
:10D420000C130C0D0C230C0C0C0D00DE21462846B1
:10D43000BDE83840FFF7AABE204600F0BFFCF5E784
:10D44000284600F043FCF1E7284600F0CFFBEDE76B
:10D45000204600F02BFBE9E7284600F031FEE5E727
:10D4600038B58B7A032B05D8012B0AD8BDE8384094
:10D47000FFF700BF042B03D10B7A042B0C4601D01D
:10D4800000DE38BD0546FFF74BF90028F9D02146EC
:10D490002846FFF749FD284600F052FA0023A37200
:10D4A00038BD00BF38B58B7A012B06D002D9023BBC
:10D4B000022B00D838BD00DE38BD0546D07F0C46B3
:10D4C000831E02F11C016072122B20D8DFE803F0EA
:10D4D000291F1F1F1F1F251F1F1F211F1F1F1F1F4A
:10D4E000191F0A00284600F0C3FD04212846FFF753
:10D4F00025F92846FEF704F884F820002046FFF7B7
:10D500003DF921462846BDE83840FFF709BE00DE58
:10D51000F7E7284600F0DAFBF3E7284600F03CFB8B
:10D52000EFE7204600F0A6FB08212846FFF706F9A2
:10D53000E7E700BFF8B58D7A032D00D8F8BD042DBC
:10D5400023D10B7A0C2B0C46F8D10646FEF710F8C7
:10D5500094F82030294640EA03073046FFF702F9E5
:10D56000A5690023FFB2A36105B32B792E2B0ED141
:10D570007FB901232B7128682946FAF7CDFD304683
:10D5800001F030FD0023A372F8BD00DEF8BD00DE1F
:10D59000EEE703232B71B38CEB80237A0C2B05F180
:10D5A0001C0105D1304600F04BFDE4E700DEDCE76E
:10D5B00000DEF7E710B58B7A82B00C46042B1ED83C
:10D5C000DFE803F01710031210000B7A0A2B14D1B6
:10D5D000019001F007FD019894F820300022A2721A
:10D5E00080F8643102B010BD02B0BDE81040FFF712
:10D5F00097BD01238B7202B010BD00DEE8E700DEAC
:10D60000F0E700BF70B5044605F03AFA58B1D4F817
:10D61000F85035B1D4F8FC202B68C4F8F830AA4291
:10D6200021D0284670BD05460121032005F0EEF902
:10D630002A46064601210320F8F796FDD4F8F85053
:10D6400045B1D4F8FC202B68C4F8F830954208BFE7
:10D65000C4F8FC30002EE4D0012211460320F8F774
:10D6600083FD284670BDC4F8FC30284670BD00BF5D
:10D67000F8B506460C4605F003FA68B1D6F8F8503E
:10D68000AC421FD1A3690BBB3046FFF7BBFF20465E
:10D69000BDE8F840FFF728B805460121032005F052
:10D6A000B5F92A46012107460320F8F75DFDD6F8B3
:10D6B000F850002FE4D0012211460320F8F754FD62
:10D6C000AC42DFD000DEA369002BDDD01B792E2B0E
:10D6D000DAD100DED8E700BFF8B505460C4605F004
:10D6E000CFF940B100232360D5F8FC30F3B11C60C2
:10D6F000C5F8FC40F8BD06460121032005F086F977
:10D700003246074601210320F8F72EFD2660D5F8A2
:10D71000FC3073B11C60C5F8FC40002FEAD0012238
:10D72000BDE8F84011460320F8F71EBDC5E93E44A8
:10D73000F8BDC5E93E44F0E770B5054605F0A0F92F
:10D7400018B1D5F8F840204670BD044601210320E9
:10D7500005F05CF92246064601210320F8F704FD96
:10D76000D5F8F840002EEED0012211460320F8F73C
:10D77000FBFC204670BD00BF38B50546FFF7DCFF57
:10D78000037A013B04460B2B1BD8DFE803F00606A7
:10D7900006061A1A1C1414061A0601460022284608
:10D7A000FFF75EFEA37B03B938BD21462846BDE8DE
:10D7B0003840FFF75DBF01460022284601F046F9D8
:10D7C000F0E700DEEEE7014600222846FEF782FD84
:10D7D000E8E700BF90F80401A0F10100B0FA80F082
:10D7E00040097047012380F804317047002380F816
:10D7F00004317047B0F81831A0F80231704700BF0B
:10D80000A0F80211704700BF0023A0F80231704752
:10D8100038B50C468969054610461A46F9B1217A91
:10D8200001390B2923D8DFE801F00606060622227B
:10D83000241D1D06220621462846FFF7D5FDA369B3
:10D8400023B11B792E2B1CBF0023A361A37B03B93B
:10D8500038BD21462846BDE83840FFF709BFA3611F
:10D860002061DCE72146284601F09AF8E7E700DE70
:10D87000E5E721462846FEF791FCE0E738B50B7A4C
:10D88000033B0C460546092B09D8DFE803F00508E1
:10D8900008080D08080508052146FFF793FDA37B3E
:10D8A0000022626143B938BD2146FEF78BFDA37BA0
:10D8B00000226261002BF6D021462846BDE83840A0
:10D8C000FFF7D6BE38B50B7A072B0C46054608D0B5
:10D8D000A37B03B938BD21462846BDE83840FFF791
:10D8E000C7BEFEF7A7FDF3E70222002380F8002160
:10D8F000A0F80231704700BF38B590F800310446F7
:10D90000032B1BD8DFE803F002111011FFF714FFFF
:10D91000034648B11D7A2046FFF72EFF0A2D14BF9B
:10D920000123032384F8003138BDFFF705FF0028E9
:10D93000FAD02046BDE83840FFF71EBF00DE38BDF4
:10D9400010B590F800310446032B1BD8DFE803F034
:10D950000D020C02FFF7F0FE90B100230122A4F8A3
:10D960000231827384F8003110BDFFF7E5FE28B163
:10D9700000220123A4F80221837310BD00DEF7E723
:10D9800000DEEAE700DE10BD90F80031022B05D082
:10D9900000D87047032BFCD000DE7047002380F8CE
:10D9A0000031704738B590F800310446032B3AD85F
:10D9B000DFE803F00926121320462946FEF7FCFE95
:10D9C0002846FEF791FE2046FFF71CFE054600287C
:10D9D000F2D1022384F8003138BDFFF713FE05466B
:10D9E0000028F6D029462046FEF7E6FE2846FEF738
:10D9F0007BFE2046FFF706FE05460028F2D1E8E749
:10DA0000FFF700FE05460028E3D029462046FEF732
:10DA1000D3FE2846FEF768FE2046FFF7F3FD0546D5
:10DA20000028F2D1D5E700DE38BD00BF38B5054685
:10DA3000FFF7E8FD68B1044621462846FEF7BCFE24
:10DA40002046FEF751FE2846FFF7DCFD044600287D
:10DA5000F2D10024A5F802412146284601F050F9F0
:10DA600085F8004138BD00BF03780121122243F040
:10DA7000030303704170C270704700BF0378012137
:10DA8000132243F0030303704170C270704700BF5C
:10DA90000B784FF0020C43F0030307220B7081F860
:10DAA00001C0CA7090F84C300B7170470B7980F848
:10DAB0004C3070470B784FF0020C43F00303072201
:10DAC0000B7081F801C0CA7090F84C300B71704730
:10DAD00010B50B780C460922082143F00303E170CE
:10DAE0006270237090F93730002BACBF0B460E23C9
:10DAF000E370F9F723FE002261F30702C1F3072C5C
:10DB00000B0C6CF30F2263F317421B0A63F31F62C3
:10DB10006060A26010BD00BF38B50C460546F9F73D
:10DB20000DFE237843F00303237009236370E37031
:10DB3000D5F84031217263F0FF031840020C0B0C42
:10DB4000C0F307252071C1F30721100AA2711A0A38
:10DB5000E07165716172A372E27238BD0B780922BF
:10DB600043F003030B704A70CA70D0E94E23100CC7
:10DB7000C2F3072C0A711A0C81F805C088714FEAAC
:10DB8000102C0B72C3F30720130A81F807C04872E8
:10DB90008A72CB72704700BF2DE9F0414A68124E7D
:10DBA0008968530F83EA1273164003F001034FF0A4
:10DBB0004052A3FB0232054601F0EF0786EA030458
:10DBC000F9F7BCFD04EA0003C5F8403163F0FF0338
:10DBD000B8463340C5E94E380F400122C5F84471BC
:10DBE00085F83021BDE8F0812FCF87F72DE9F0418E
:10DBF0004C68104F8A68630F83EA147303F00103C3
:10DC00004FF04051A3FB01312740054687EA03044A
:10DC100002F0EF08F9F792FDC5E94E78044008EAF2
:10DC200001010123C5F84041C5F8441185F83031A0
:10DC3000BDE8F0812FCF87F70B784FF0030C43F04E
:10DC4000030319220B7081F801C0CA7090F82030CC
:10DC50000B7190F821304B71704700BF0B78022296
:10DC600043F003030B704A70CA7090F820300B71B8
:10DC7000704700BF0B7980F8203070470378074A5F
:10DC8000C0F805204FF0060C43F0030340F60C519A
:10DC9000037080F801C0A0F803107047F105FFFF82
:10DCA0000B784FF0060C43F003030C220B7081F845
:10DCB00001C0CA7090F82A310B71B0F82B31A1F86D
:10DCC0000530B0F82D31A1F807307047012380F8F6
:10DCD00029310B7980F82A31B1F80530A0F82B31C1
:10DCE000B1F80730A0F82D31704700BF0B78032240
:10DCF00043F003034FF0170C0B7081F801C0CA709A
:10DD0000D0F82130D0F825208A604B6090F8293077
:10DD10000B7390F82A304B73704700BF10B503782F
:10DD20000D21042243F0030341700370C270841874
:10DD300004F0A6FE0C2120B12046BDE8104002F000
:10DD400025BE2046BDE8104002F016BE0378012132
:10DD5000052243F0030303704170C270704700BF97
:10DD600003780121062243F0030303704170C2705F
:10DD7000704700BF037801210B2243F003030370B7
:10DD80004170C270704700BF037801714FF0020C00
:10DD900043F003030D22037080F801C0C270704786
:10DDA0000378017143F003034FF0030C0370112358
:10DDB00080F801C0C3704271704700BF0B7980F8D2
:10DDC0004D304B7980F84E30704700BF0B784FF0E4
:10DDD000030C43F0030316220B7081F801C0CA70D4
:10DDE00090F82030C3F3C2034B7190F82030C3F396
:10DDF00002030B71704700BF0A7990F8203062F37C
:10DE0000C50380F820304A7962F3020380F820309D
:10DE1000704700BF0B784FF0030C43F00303172249
:10DE20000B7081F801C0CA7090F89C31C3F3C20333
:10DE30004B7190F89C31C3F302030B71704700BF24
:10DE4000CB8843850B7980F82C304B7980F82D30C6
:10DE5000704700BF0B784FF0180C43F003030F22FC
:10DE60000B7081F801C0CA70C38C8B80038DCB808E
:10DE7000438D0B81838D4B8190F834300B73C38EAF
:10DE8000A1F80D30038FA1F80F30438FA1F81130A6
:10DE9000838FA1F81330C38FA1F81530B0F840304C
:10DEA000A1F81730B0F84230A1F81930704700BF20
:10DEB0000B784FF0180C43F0030310220B7081F81D
:10DEC00001C0CA70C38C8B80038DCB80438D0B81C6
:10DED000838D4B8190F834300B73C38EA1F80D30D5
:10DEE000038FA1F80F30438FA1F81130838FA1F871
:10DEF0001330C38FA1F81530B0F84030A1F81730B7
:10DF0000B0F84230A1F81930704700BF8B88C38445
:10DF1000CB8803850B8943854B8983850B7B80F8F0
:10DF20003430B1F80D30C386B1F80F300387B1F843
:10DF300011304387B1F813308387B1F81530C387A8
:10DF4000B1F81730A0F84030B1F81930A0F84230DD
:10DF5000704700BF0B78002243F003034FF00C0C16
:10DF6000CA700B7081F801C090F823300B71036BFD
:10DF7000094AA2FB03239B0AA1F80530438DA1F8AF
:10DF80000930038DA1F80730838DA1F80B30838C05
:10DF9000A1F80D30704700BF5917B7D10B7980F841
:10DFA0002330B1F8053040F2E24202FB03F3036391
:10DFB000B1F809304385B1F807300385B1F80B306B
:10DFC0008385B1F80D308384704700BFB1F8093004
:10DFD00003844B68C0F822300B7A80F826307047F3
:10DFE0000B784FF0090C43F0030314220B7081F8F7
:10DFF00001C0CA70B0F85A308B80B0F858300B812D
:10E00000B0F85E30CB80B0F85C304B81704700BF19
:10E010000B784FF0090C43F0030315220B7081F8C5
:10E0200001C0CA70B0F85A308B80B0F858300B81FC
:10E03000B0F85E30CB80B0F85C304B81704700BFE9
:10E040000B784FF0090C43F0030315220B7081F895
:10E0500001C0CA70B0F86A308B80B0F868300B81AC
:10E06000B0F86E30CB80B0F86C304B81704700BF99
:10E070008B88A3F11B02E02A21D8B1F808C0ACF1CB
:10E080001B02E02A1BD830B5CD88A5F5A47244F256
:10E09000481E92B2724511D84A8900210C4662F39B
:10E0A0000F04A2F5A4726CF30F0192B263F31F4147
:10E0B00065F31F44724598BFC0E9181430BD70471E
:10E0C0008B88A3F11B02E02A21D8B1F808C0ACF17B
:10E0D0001B02E02A1BD830B5CD88A5F5A47244F206
:10E0E000481E92B2724511D84A8900210C4662F34B
:10E0F0000F04A2F5A4726CF30F0192B263F31F41F7
:10E1000065F31F44724598BFC0E9181430BD7047CD
:10E110008B6900228A610BB3192293F804C01A712B
:10E12000828CDA8091F820201A774AB90A8DDA8336
:10E130004A8D1A848A8D5A84BCF12E0F0AD07047FA
:10E14000C28CDA83028D1A84B0F892215A84BCF111
:10E150002E0FF4D118681946F9F7DEBF00DEDBE7B1
:10E1600030B5C38C0A8D4C8D8D8D934285B002D114
:10E17000038DA34214D0012381F8223002950B6B4A
:10E18000CDE900240C7A91F82320898C0391A4F125
:10E190000801B1FA81F14909EAF7CAF805B030BDC2
:10E1A000B0F892315B1B18BF0123E5E7F8B5CD69E4
:10E1B00000230C4607461646CB618DB3291D112E50
:10E1C0000AD8DFE806F0200909090909091C09092C
:10E1D000090909090909241400DEEB79637329464A
:10E1E0003846FEF7A7FA237A092B14D0F8BD084663
:10E1F00094F8202094F82110FFF7D2FDEDE7204697
:10E20000FFF746FCE9E72046FFF7A4FEE5E72046D6
:10E21000FFF74EFEE1E73846BDE8F84000F08ABD62
:10E22000FEF772FA05460028C8D100DEC6E700BF37
:10E2300038B58B690C46054683BBFEF779FA2E2369
:10E24000A061037194F834200121002384F8231085
:10E250002363218D4AB1B1FBF2F313FB02F3E28C8D
:10E260009BB29A429CBF23851946238F994204D3BF
:10E2700040F2E24202FB03F323632846FDF798F8DD
:10E28000298D034606310B44A384002228462146EB
:10E29000FFF78CFF4FF60B73638138BD00DECCE7D0
:10E2A00038B504460D4600F03DFD20B9294620460C
:10E2B000FEF722FA30B910212046FEF73FFA092373
:10E2C000AB7238BD04F1E000FEF73EF90028F2D150
:10E2D0002046FDF711FA0028EDD029462046FEF72A
:10E2E00013FAE861FEF71CFA10B90C23AB7238BDC3
:10E2F00029462046FFF79CFF20461021BDE8384004
:10E30000FEF730BA70B50C460646FFF729FF237AB0
:10E31000092B1DD094F82250ADB1002384F8203091
:10E3200021463046FFF7F4FE304600F05BFE237ACC
:10E33000092B05D10C4B1A68964204BF00221A60C3
:10E340000023A37270BD2046FEF726FAA561EBE715
:10E35000304600F0F5FC237A092BDBD194F820300D
:10E36000002BDAD1D6E700BF5038002070B5064642
:10E370000C4600F0D7FC10B10623A37270BD054611
:10E3800021463046FEF7B8F90028F5D01122214683
:10E390003046FFF70BFF304600F024FE237A092BAE
:10E3A00004D1044B1A68964208BF1D600023A37273
:10E3B00070BD00BF50380020F8B5294A13680646E2
:10E3C0000C468BB183420FD002238B7200F0AAFC63
:10E3D000054620B921463046FEF78EF968BB204637
:10E3E000BDE8F840FEF7CAB9218DF38C166099425A
:10E3F00012D0A5690023A36185B303232F792B7164
:10E40000B38CEB8005F11C012046FFF723FD2E2F76
:10E410001FD00423A372F8BD628D338D9A42E8D1D8
:10E42000A28DB6F892319A42E3D12046FEF7B4F9B4
:10E4300000220523A261A372F8BD4FF47263238406
:10E4400021463046FFF792FF2046FEF7A5F9A56169
:10E45000F8BD28682946F9F75FFEDAE700DECCE769
:10E4600050380020F0B50C46897A83B005460C2957
:10E4700000F2DE80DFE811F012001E004D005600B1
:10E4800062006C007900DC007C00D2008600C000D5
:10E490000D00002A00F0D18003B0F0BD002AFBD1AE
:10E4A000237A082B00F0DB80092B40F0C180012388
:10E4B000A372F1E7012AEFD119462046FFF726FDA6
:10E4C000E38C052B1BD9228DB2F5486F17D89342E8
:10E4D00015D8638DB3F5FA7F11D2A08DA0F10A0192
:10E4E00040F6764689B2B14209D8013313FB02F3F4
:10E4F000B3EB800F03D294F8343093420BD940F63B
:10E500001E7323842146284603B0BDE8F040FFF780
:10E510002DBF012AC0D82146284603B0BDE8F040EF
:10E52000FFF74ABF002AB7D10192FEF7F9F8019A26
:10E53000002840F0AF800323A372ADE7032A79D00F
:10E54000042AA9D10F22062384F82120A372A3E76D
:10E55000002AA1D195F93730002B7EDA94F82030CB
:10E5600043B10F2384F82130CCE7002A94D1C9E7C6
:10E57000002A91D1284600F0D5FB002872D008234C
:10E58000A37289E7022A87D195F83720C2F3C01118
:10E59000D20975D019462046FFF700FD228D931F42
:10E5A00040F67A419BB28B4200F28780638DB3F5CF
:10E5B000FA7F80F08280A08DA0F10A0140F67646B5
:10E5C00089B2B14279D803FB0222B2EB800F74D238
:10E5D0002846FCF7EDFEA38C1B1A47F6FE729BB291
:10E5E000934240F28880282385F86431284600F061
:10E5F000F9FC0023A3724FE7002A7FF44DAF2846B1
:10E60000FCF7CEFEA38CC01A03043FF545AF2146AC
:10E61000284603B0BDE8F040FFF774BE002A7FF43F
:10E620003BAF2146284603B0BDE8F040FFF738BEB7
:10E6300000DE31E70523A3722EE7FEF771F800280C
:10E640003FF42AAF21462846FFF7F2FD1021284665
:10E6500003B0BDE8F040FEF785B8A261E1E70A2308
:10E66000A37219E721462846FEF746F8002886D00F
:10E67000102221462846FFF799FD0A2363810BE704
:10E6800084F84C10284600F04DFB0646B8B10D2327
:10E69000A37201E7A669A261002E3AD0032337795D
:10E6A0003371AB8CF38006F11C012046FFF7D2FBDF
:10E6B0002E2F1BD00423A372EEE61E2394E72146DF
:10E6C0002846FEF719F80028E1D0072221462846FF
:10E6D000FFF76CFD284600F085FC237A092B88D1D2
:10E6E0000D4B1A68954284D11E6082E7306831462E
:10E6F000F9F712FDDEE72046FEF740F80B23A37280
:10E700002846FCF755FEA38CC31A1A043FF5C4AE85
:10E710007DE700DEC2E700BF503800202DE9F04160
:10E720002C4E336804460D462BB1834203D001239F
:10E73000AB72BDE8F0812046FFF74CF80028F6D117
:10E74000204600F0E5FA07460028F0D12946204689
:10E75000FDF7D2FF0028EAD02046FCF729FE012170
:10E760008046204600F0CCFAA5F83680D5F81C800B
:10E7700085F834703460EF61B8F1000F1BD008F1F8
:10E7800004012846FFF766FB98F807306B73414693
:10E790002046FDF7CFFF2B7A092B08D094F83730AD
:10E7A000DB0901D100DEC4E704236B81C1E7204609
:10E7B000FFF720F8F2E729462046FDF7A5FF80463F
:10E7C0000028DCD100DE04212846FFF743FB98F83F
:10E7D0000730FFDE50380020F8B50C46897A06462F
:10E7E0001546062909D8DFE801F004300808386426
:10E7F0000A001DB9237A092B29D000DEF8BD002DAF
:10E80000FCD1FCF7CDFDA38CC01A0304F6D4294635
:10E81000304600F075FA21463046FFF7A1FC237A16
:10E82000092B00F0968094F82250002D40F09D8036
:10E830002046FDF7B1FFA5613046FFF781F8237A46
:10E84000092B60D00023A372F8BD002DD6D121463C
:10E850003046BDE8F840FFF761BF032D6CD0042DB2
:10E860005CD0022DCAD119462046FFF797FB228DB6
:10E87000931F9BB240F67A418B4262D8638DB3F509
:10E88000FA7F5ED2A08DA0F10A0140F6764789B2E8
:10E89000B94256D803FB0222B2EB800F51D229466F
:10E8A000304600F02DFA2046FDF768FF0623A372DC
:10E8B000F8BD002DA2D1FEF78DFF10B10523A37284
:10E8C000F8BD21463046FDF717FF0028F6D029464F
:10E8D000304600F015FAE769E561002F4DD094F855
:10E8E000202094F82110381DFFF75AFAFB79637342
:10E8F00039463046FDF71EFF237A092B9CD130465E
:10E90000FEF778FF98E796F93730002B2FDB234B83
:10E910001A68964296D100221A6093E7D0F84031E7
:10E920001A2223F00203C0F84031214684F8202047
:10E930003046FFF7EDFB7FE75B7984F82030214616
:10E94000F6E70021304600F0DBF91E2386F864313B
:10E9500072E73046FEF758FF237A092B7FF463AF46
:10E9600094F82030002B3FF45EAF0023E5E73046FB
:10E97000FEF7DAF90028CAD064E721463046FDF7F1
:10E98000C3FE07460028AAD100DE042094F8202008
:10E9900094F82110FFF704FAEB79FFDE50380020DD
:10E9A00020B592F81FC082B0054602F11C03BCF1ED
:10E9B000110F0AD8DFE80CF02D0909090909092609
:10E9C00009090909090909091E17242380F8643176
:10E9D0000191FEF7B5FF01990B7A092B20D0002396
:10E9E0008B7202B020BD0322284602B0BDE8204051
:10E9F000FFF7F2BE8B7A012BF3D9043B022BF0D93F
:10EA000000DEEEE70422284602B0BDE82040FFF712
:10EA1000E3BE0222284602B0BDE82040FFF7DCBE7C
:10EA200095F93730002B06DB074B1A689542D6D193
:10EA300000221A60D3E728460191FEF775F9019983
:10EA40000028F1D0CBE700BF503800201346002249
:10EA5000FFF7C2BE70B5D57F02F11C03CDB10F2DFB
:10EA600012D024230E4680F86431044600F0BAFA2E
:10EA7000337A092B05D1094B1A68944204BF00224E
:10EA80001A600023B37270BDBDE870400122FFF729
:10EA9000E9BCBDE870400222FFF7E4BC503800201A
:10EAA00013460022FFF7DEBC00230322FFF7DABC87
:10EAB00000230422FFF7D6BCD37F012B70B5054697
:10EAC0000C4607D0242380F8643100F08BFA002331
:10EAD000A37270BD8B7A012B04D013F0FD0FF8D018
:10EAE00000DE70BD02F11C012046FFF76FFA2846D8
:10EAF000268CFCF75DFC361A47F6FE73B6B29E42D2
:10EB000002D80223A37270BD282385F864312846F9
:10EB100000F068FA0023A37270BD00BF38B58B7A8D
:10EB2000012B05D0022B0C4603D0A3B901238B7215
:10EB300038BD0546FCF734FC238CC01A0304F7D417
:10EB400004F122012846FCF741FC284600F04AFA6D
:10EB50000023A37238BD00DE38BD00BFD0F8082105
:10EB60008A42034608460DD18A69A2B90A46D3F8FB
:10EB70000CC11168C3F80811624508BFC3F80C1135
:10EB8000FDF7B2BD00DE8A692AB9D3F80821002A50
:10EB9000EDD1FDF7A9BD12792E2AF6D100DEF4E7FA
:10EBA00038B5D0F808512B7A013B04460B2B28D8F6
:10EBB000DFE803F00606060618181D1313062206E2
:10EBC00000222946FEF7F6FCAB7B2BB129462046F6
:10EBD000BDE83840FFF7C2BF38BD00222946FFF725
:10EBE0005FFFF1E700222946FCF7DCFFECE700229B
:10EBF0002946FDF75BFCE7E700222946FFF78EFF79
:10EC0000E2E700DEE0E700BF70B5D0F80851044647
:10EC10001DB394F81431012B03D1022384F8103171
:10EC200070BD29462046FDF767FD0028F5D029462E
:10EC30002046FDF769FD064688B1311D2846FEF7DE
:10EC400027FFF3796B7331462046FDF773FD0122F0
:10EC50000023AA7384F8103170BD00DED9E700DE0E
:10EC6000EBE700BFF8B5D0F808510446ADB394F80F
:10EC70001431012B03D1012384F81031F8BD29464A
:10EC80002046FDF739FD0028F5D029462046FDF73E
:10EC90003BFD064688B32046FEF74EFD2A7A037AEE
:10ECA000934206F104071AD0082B1AD02A2194F8AF
:10ECB00030311BB1D4F840315B0717D43846FFF729
:10ECC00063F8F3796B7331462046FDF733FD01227B
:10ECD0000023AA7384F81031F8BD00DEC7E72321B2
:10ECE000E5E7092A0CBF23212A21E0E70A46384636
:10ECF00094F81711FFF754F8E3E700DECBE700BF05
:10ED000080F81611704700BF704700BF00207047A1
:10ED100090F81501003818BF01207047D0F808019D
:10ED2000704700BF90F81401A0F10100B0FA80F024
:10ED300040097047B0F81831A0F81231704700BF91
:10ED40000023A0F81231704738B5D0F80841F4B16B
:10ED5000D0F80C212368C0F808319442054608BF5A
:10ED6000C0F80C319CB121462846FDF725FD204610
:10ED7000FDF7BAFCD5F808414CB1D5F80C21236851
:10ED8000C5F808319442EED1C5F80C31EBE738BD37
:10ED900070B505460C4639B1042900D070BDFFF7A7
:10EDA000D3FF85F8104170BDD0F80861002EF5D072
:10EDB000337A112B11D832494FF0010C0CFA03F0C1
:10EDC000014061B910F4386F07D00A2B13D0CBB1D2
:10EDD00095F81631F3B9644604E000DE337A0A2B65
:10EDE00009D07BB185F815412846FFF7D9FE0323EA
:10EDF00085F8103170BD2846FFF7D2FE052385F84F
:10EE0000103170BDD37F86F84C302846BDE8704085
:10EE1000FFF7FABE95F93710002910DB012B20D03F
:10EE2000022BBBD12846FEF787FC327A037A934245
:10EE300021D0082B1DD02A2385F8643170BD012B09
:10EE4000EED12846FEF778FC08B1FF23C3720123F8
:10EE500085F815312846FFF7A3FE032385F8103106
:10EE600070BDD37F85F817312846BDE87040FFF7A5
:10EE7000F9BE092ADFD1232385F8643170BD00BFB4
:10EE80007FF4030038B50C468969054610461A46DA
:10EE9000237AF1B10C2B57D8DFE803F00D070707F1
:10EEA000073C3C484242074E070021462846FEF7F1
:10EEB000F9FAA16921B10B792E2B1CBF0023A361A4
:10EEC000A37B2BB121462846BDE83840FFF746BE5C
:10EED00038BDA26120610C2B36D801A151F823F076
:10EEE00045EF0300ABEE0300ABEE0300ABEE030017
:10EEF000ABEE030015EF030015EF03002DEF030049
:10EF000021EF030021EF0300ABEE030039EF030014
:10EF1000ABEE030021462846FCF7FAFDA169C9E7DC
:10EF200021462846FFF796FDA169C3E721462846FA
:10EF3000FDF79EFAA169BDE721462846FFF7BCFD13
:10EF4000A169B7E71146B5E700DEA169B2E700BFE6
:10EF500038B50B7A072B0C4605460FD00C2B0AD080
:10EF6000A37B002262612BB121462846BDE83840D0
:10EF7000FFF7F4BD38BDFEF7DDFAF1E7FDF79AFAC9
:10EF8000EEE700BF38B50B7A072B0C46054608D0D4
:10EF9000A37B2BB121462846BDE83840FFF7DEBDF4
:10EFA00038BDFDF78BFAF3E70422002380F8102127
:10EFB000A0F81231704700BF90F81031052B0ED821
:10EFC000DFE803F0060907030603D0F8083123B988
:10EFD0007047FFF719BEFFF745BEFFF7E1BD00DE42
:10EFE000F6E700BF90F81031052B04D8DFE803F0F6
:10EFF00004151305040500DE7047D0F8082100232E
:10F0000080F815315AB100230121A0F81231917313
:10F0100080F810317047FFF7F7BDFFF723BE00DE21
:10F02000F1E700BF90F81031052B04D8DFE803F0BA
:10F0300004090B04050400DE7047002380F810313A
:10F040007047FFF70FBEFFF7DFBD00BF90F810312C
:10F0500010B50446052B12D8DFE803F0030D0903B1
:10F060000803FFF771FE042384F8103110BDBDE8DA
:10F070001040FFF7C9BDBDE81040FFF7F3BD00DE4B
:10F0800010BD00BFF0B5044683B00E46154673B1FF
:10F09000D27F1B2A37D8DFF8C4C090F837100CEBAA
:10F0A0004203C9095F7801238B403B4040D1184699
:10F0B000FDF7AEFB074620B300230360D4F80C3104
:10F0C0001BB31860C4F80C0194F81031052B42D81A
:10F0D000DFE803F01E27030606062046FFF794FD2F
:10F0E000BB7B1BB139462046FFF738FDD4F8081129
:10F0F00039B12B463246204603B0BDE8F040FFF759
:10F10000C1BE03B0F0BD0023D1E7C4E94200DBE794
:10F110002A4600212046FFF73BFEBB7B002BE5D0B3
:10F12000E0E72046FFF79EFDBB7B002BDED0D9E752
:10F130001CF812300A2BBAD10193FFF705FE00220A
:10F14000A4F8122184F8152184F810212046FEF736
:10F150006DFC019BABE700DEC2E700BF843F05000A
:10F1600010B50446FFF7F0FD0023A4F8123184F82F
:10F17000153184F8103110BD00B9704700DE7047BA
:10F1800030B991F8D43023F0010381F8D4307047BE
:10F1900000DE91F8D43023F0010381F8D4307047B9
:10F1A0002DE9F041079D9DF818700646A88C4FF692
:10F1B000FF7188422ED03146284690461C46FBF708
:10F1C000F3FE38BB2B780133DBB22B7033B3144B17
:10F1D000B5F860019A7A1C8167F300029A72114AAD
:10F1E000013405F11001936004440022D960C3E9A1
:10F1F000006811460B4BA5F860410120F6F7E8FFC7
:10F2000050B9FF20FBF7EEFE2846FF21BDE8F04194
:10F21000FBF7B6BFBDE8F08100DEF2E700DED6E71F
:10F22000401E0020E8060020012800D0704700B5ED
:10F2300083B00191F9F70CF80199814202D103B032
:10F240005DF804FB00DEFAE7C38D23B190F8D4200B
:10F2500012F0010300D0704710B542F0010288B0EF
:10F260000B4C80F8D42003310122CDE90232069004
:10F27000CAB2CDE90434CDE9003303211846F8F7CA
:10F28000D1F910F0FD0F01D108B010BD00DEFBE791
:10F2900081F1030038B50C461546FBF70DFB48B16C
:10F2A0001CB1BDE83840FDF78FBC2946BDE83840A9
:10F2B000FDF764BC022038BD38B50C461546FBF797
:10F2C000FBFA58B190F93730002B05DA2A4621466F
:10F2D000BDE83840FDF786BB0C2038BD022038BDA4
:10F2E000054B064A10B41F204FF0FF3425211C6047
:10F2F0001871117010BC70473C3C0020C64E0020B5
:10F3000010B5044600789DF808C002FB01111A4AA6
:10F31000014482FB01020A44521102EBC20002EBDB
:10F3200080028A1AD0B2C1082070595C02F007022C
:10F3300041FA02F212F001021DD1B0FBFCF10CFB0C
:10F3400011015C1EC9B20433104600F1080E14F816
:10F35000012F5FFA8EFE12F0010F00F1010C4FEA4F
:10F36000520202D039B10139C9B25FFA8CF0864538
:10F37000F1D19C42E9D110BDA7C867DD4288008861
:10F3800050407047F0B5304D304C48404FF0030CC2
:10F39000060A5FFA80FE0EEB8E2E06EB862004EA4C
:10F3A000401705EA400605EA4E0004EA4E1E3E43B9
:10F3B00040EA0E0000EB002706EB062E06EB0E26B9
:10F3C00000EB0720C6F30746C0F3074040EA0620DB
:10F3D00000EB00100CF1FF3C08441CF0FF0C80B265
:10F3E000D6D141401A48A0FB01400C1A00EB540052
:10F3F000400900EBC00400EB8400081AC0F3C40409
:10F4000000F00705145D2C41E407C0B21AD401FBDB
:10F4100003F3561EC3F307430432604600F10805A8
:10F4200016F8011FEDB211F0010F00F101044FEACF
:10F43000510102D033B1013BDBB2E0B2A842F2D1BC
:10F440009642EBD1F0BD00BF1021020040840800BD
:10F450004D91CFBA1A491B482DE9F0410023451EB2
:10F46000A1F1020C012606E00133082B01F106018F
:10F4700000F1280022D003EB830215F83220D407D4
:10F48000F2D59CF800409CF801E0D0F80080C2F36F
:10F49000801206FA03F79A4001333C434EEA020217
:10F4A00087888F80082B8CF800408CF8012001F1B0
:10F4B000060141F8068C00F12800DCD1BDE8F0819E
:10F4C0004A3C0020891E00202048214A2DE9F047AF
:10F4D000204FDFF884800023951EA0F1020C012646
:10F4E00015F83310C90706FA03F926D5397859B14A
:10F4F00012F8011C072901EB810405D818F8341013
:10F500004C0701D5C90618D515F833109CF801E051
:10F510009CF80040D2F800A0C1F3400199404EEAA7
:10F52000010144EA0904B2F804E08CF800408CF8C8
:10F530000110A0F804E0C0F800A00133082B00F18E
:10F54000060002F10802CBD1BDE8F087763D00202D
:10F55000363D0020C84E0020881E0020082070473D
:10F5600038B50020FAF74AFFC8B90E4C0E4D621E9E
:10F5700014F83030072B03EB830105D815F8313030
:10F5800023F0200305F8313012F8303023F0010366
:10F5900002F8303001300828EAD1002038BD0C20B4
:10F5A00038BD00BF353D0020881E00202DE9F04FFA
:10F5B000804683B00020FAF721FF002840F09880B1
:10F5C00098F80030FF2B054626D0504E08F1010B6D
:10F5D0004FF0FF090446B71E03F0010A09E0B9F134
:10F5E000FF0F04F101021BD00134082C06F10806BC
:10F5F00038D017F83420D207F1D517F83420C2F3E9
:10F6000040025245F0D1062259463046019313F08C
:10F61000E9FA019B0028E7D1002003B0BDE8F08F94
:10F62000072C5FFA84F904F102046BD017F832104A
:10F63000C8070ED4082C06F1100613D017F8342092
:10F64000D107D1D517F83420C2F340025245CBD1AF
:10F65000D9E71446083617F83420C2F34002524561
:10F66000C2D1D0E7B9F1070F48D817F83920284C94
:10F6700063F3410207F839204FEAC90A0AF102038D
:10F68000D8F80120FA503B44BBF804209A8098F83F
:10F690000030661E03F0010304E00135082D04F17B
:10F6A000280429D005EB85024FEAC20816F832205B
:10F6B000C2F38011D207F0D59942EED10622594605
:10F6C0002046019313F08EFA019B0028E5D116F82D
:10F6D000083043F0200306F80830EDB217F839304F
:10F6E000BA4443F0010307F839308AF8015093E730
:10F6F0000C2003B0BDE8F08FFF25EFE7072003B033
:10F70000BDE8F08F4FF00709AFE700BF363D00209E
:10F71000891E00202DE9F04106460020FAF76EFE12
:10F72000C8BB96F80080B8F1FF0F04462ED01B4DE1
:10F730000136AF1E08F0010804E00134082C05F181
:10F74000080525D017F83430C3F34002DB07F4D5A1
:10F750004245F2D106223146284613F043FA0028EA
:10F76000EBD107EBC4035B78072B08D80C4A03EBFB
:10F77000830312F8331060F3451102F8331017F8C1
:10F78000343023F0010307F834300020BDE8F08165
:10F790000220BDE8F0810C20BDE8F081363D00205C
:10F7A000881E0020072800B51AD80F4B00EB800EEA
:10F7B0004FEA800C13F83EE01EF0010F12D0844493
:10F7C0004FEACC0013F83CC00130CCF3801C81F828
:10F7D00000C01958116003449B8893805DF804FBB6
:10F7E00000DEE2E700DEEAE7881E0020082070471E
:10F7F00010B50020FAF7F6FD88BB1A4B1A4C1978A1
:10F8000093F82820207060F3000160F30002197063
:10F8100083F8282093F8501093F8782060F30001C3
:10F8200060F3000283F8501083F8782093F8A0105A
:10F8300093F8C82060F3000160F3000283F8A01081
:10F8400083F8C82093F8F01093F8182160F30001B2
:10F8500060F3000283F8F01083F8182110BD0C202B
:10F8600010BD00BF881E0020C74E00202DE9F04FBC
:10F8700083B083460020CDF800B0FAF7B3FD00282E
:10F8800056D11BF8012BDFF82481019202F001030D
:10F89000044608F1FF391E4604E00134082C08F143
:10F8A000280841D004EB840209EBC20519F8327034
:10F8B000F8074FEA840AC7F38012EED5B242ECD1C2
:10F8C00006225946404613F08DF90028E5D13E4600
:10F8D0007307019A07462FD4354D02F00108AE1E7A
:10F8E00004E00137082F05F1080512D016F837306B
:10F8F000D907C3F34002F4D54245F2D10622594656
:10F90000284613F06FF90028EBD106EBC706FF235A
:10F9100073705444002019F8343023F0010309F8BF
:10F92000343003B0BDE8F08F022003B0BDE8F08FA3
:10F930000C2003B0BDE8F08FDFF878C09CF80030F1
:10F940005E1E023B062BF6B203D895F81780B04531
:10F9500002D18CF80060BFE7174A02EB061302EBF6
:10F96000081296460FCB8EE80F00DFF850E03D46B8
:10F9700005EB850309EBC30219F83330D90705D528
:10F98000580703D59EF81730B34207D00135082D2C
:10F990000EF1280EECD1009B1A78DAE7009B82F872
:10F9A00017801A78064B03F80850D2E7891E00200A
:10F9B000363D0020C74E0020B43C0020881E0020A9
:10F9C000AC3C00202DE9F8431D465B7903F0C003F1
:10F9D000402B01D0BDE8F8830F46F9B1DFF8AC80C9
:10F9E000002400F0010608F1FF3904E00134082C7E
:10F9F00008F12808EED004EB840319F83330D90756
:10FA0000C3F38012F2D5B242F0D106223946404605
:10FA100013F0E8F80028E9D1E2B203E0072AD9D8C8
:10FA2000DFF86C9002EB8202D60019F83230DB0767
:10FA3000D0D506F11803286849F8030009EB03073D
:10FA4000AB88BB800020FAF737FF80B100F2A91421
:10FA500006223946204613F0C5F840B9013609EBB5
:10FA6000060359F8062022609B88A380B2E7012094
:10FA7000FAF722FF0028ADD000F2A9140622394679
:10FA8000204613F0AFF80028A4D1E7E7891E002034
:10FA9000881E00202DE9F84F82461A4D1AF8018B76
:10FAA0008946002408F001086E1E04E00134082C89
:10FAB00005F1280519D004EB8403DF0016F8333074
:10FAC000C3F38012DB07F1D54245EFD10622514640
:10FAD000284613F087F883460028E7D11837F41931
:10FAE00006212046F6F7E0FA10B90220BDE8F88FAB
:10FAF000F059C9F80000A388A9F804305846BDE8B9
:10FB0000F88F00BF891E00202DE9F0478246164D70
:10FB10001AF8018B8946002408F001086E1E04E0E3
:10FB20000134082C05F128051BD004EB840306EBF7
:10FB3000C30716F83330C3F38012DB07F0D5424514
:10FB4000EED106225146284613F04CF80028E7D1A2
:10FB50007B6A1A68C9F800209B88A9F80430BDE8C0
:10FB6000F0870220BDE8F087891E002010B504460A
:10FB70000020FAF737FC40B91CB1012C01D012204B
:10FB800010BD034B1C70002010BD0C2010BD00BF29
:10FB9000C84E0020034B4FF47A7202FB00F018604D
:10FBA000704700BF443C00202DE9F047824600200A
:10FBB0008846FAF717FC70BB1C4D1AF8019B0446E7
:10FBC00009F001096E1E04E00134082C05F1280536
:10FBD0001ED004EB8403DF0016F83330C3F3801229
:10FBE000DB07F1D54A45EFD106225146284612F0EF
:10FBF000F9FF0028E8D1B8F1000F12D0B8F1010FD9
:10FC00000CD1F35D43F01003F3550020BDE8F087FD
:10FC10000220BDE8F0870C20BDE8F0871220BDE887
:10FC2000F087F35D68F30413F355EEE7891E0020B7
:10FC3000D0B5314C3149002304F1FF3C14F8332096
:10FC4000072A02EB820E05D811F83E2022F020028E
:10FC500001F83E201CF8332022F001020CF833207A
:10FC60000133082BEAD1264A264C002313700A7868
:10FC700063F300020A7091F8282063F3000281F810
:10FC8000282091F8502063F3000281F8502091F869
:10FC9000782063F3000281F8782091F8A02063F3C4
:10FCA000000281F8A02091F8C82063F3000281F8D7
:10FCB000C82091F8F02063F3000281F8F02091F859
:10FCC000182163F3000281F818210F4A13700F4BBB
:10FCD0004FF0FF364FF0FF37C3E900670C4B23604E
:10FCE00028B1BDE8D0400B490B4811F0EDBABDE892
:10FCF000D040094811F0F4BA353D0020881E00209C
:10FD0000C84E0020443C0020C74E0020801E00202A
:10FD1000A0BB0D0049FF0300501E002008B9024897
:10FD200070470248704700BF483C0020743D0020E7
:10FD3000A8B110B50B4B1B684FF4004240F2E730FE
:10FD40000021E3FB02014FF47A720023E7F7D8F9B0
:10FD5000BDE8104002460B46034807F0CDBD0248FF
:10FD600011F0BEBA443C0020501E002008B5094BDB
:10FD700000221A8030B9084B084A1B7800211180F4
:10FD80001BB908BDFFF7A0FBF5E7BDE80840FFF78A
:10FD900061BB00BF743D0020C84E0020483C0020DD
:10FDA0002DE9F04F824687B011F08CFC4B014FEAF1
:10FDB000401BBBEB000B43EAD06363EB01039B00EA
:10FDC00043EA9B734FEA8B0B1BEB000B41EB0309E0
:10FDD0004FEAC90949EA5B794FEAD931CBF3103BC5
:10FDE0004BEA494B0191BAF1000F17D1514BD3E9BE
:10FDF0000023B3F1FF3F08BFB2F1FF3F0ED0BBEBD2
:10FE0000020261EB03034C4909688A4273F1000363
:10FE1000ACBF4FF001094FF0000901E04FF00109BC
:10FE2000464EDFF81C810024F71F04EB8403A50075
:10FE300017F83330DA0715D5B9F1000F01D198075B
:10FE400010D42B1917F83330590759D42B1917F838
:10FE500033301A0745D4254417F8353043F00203F0
:10FE600007F835300134082C08F1060806F1280699
:10FE7000DBD1B9F1000F04D02E4B019AC3F800B0CA
:10FE80005A60BAF1000F08D00020FAF79FFA044632
:10FE900018B194F85E305B0702D407B0BDE8F08F6C
:10FEA000A37E072BF9D8FF238DF80830637F04EB7E
:10FEB000830302A91E6A04F11C0001F04BF9727859
:10FEC00005463146023212F05EFE29462046FAF718
:10FED000A5FA9DF80830FF2BDFD0637707B0BDE8A7
:10FEE000F08F02A930460DF060FB02A9F8B98B88AB
:10FEF0000298A8F80430C6F81D80C8F80000AAE7E8
:10FF0000337C10490DF1170C01EB03110DF10703C0
:10FF100011F8010903F8010F6345F9D106F1170142
:10FF200002A80DF042FB002890D000DE8EE700DE34
:10FF3000DDE700BF801E0020443C00208F1E002013
:10FF40007C3C0020C33C002010B50120FFF728FFB7
:10FF50000A4B1B684FF4004240F2E7300021E3FBFC
:10FF600002014FF47A720023E7F7CAF8BDE81040A7
:10FF700002460B46024807F0BFBC00BF443C0020CD
:10FF8000501E002007280FD800EB8003084A12F803
:10FF900033100B074FEA800C06D58B0706D5844437
:10FFA00002EBCC02506A70470020704700DEF6E793
:10FFB000881E002007280CD800EB8000064911F8A5
:10FFC0003030C200C3F380005B0703D51E325018E7
:10FFD00070470020704700BF881E00202DE9F047C1
:10FFE000894617460AB1FF231370264D002400F0FE
:10FFF000010A6E1E04EB84035FFA84F816F83320BE
:020000024000BC
:10000000D2074FEA840313D4CFB13A78FF2A04F120
:10001000010426D0082C04EB840105F128055FFAC1
:1000200084F84FEA84030FD016F83110C907EDD5D4
:10003000234416F83330C3F38013534509D00134F9
:10004000082C05F12805D5D14FF0FF084046BDE842
:10005000F08706224946284612F0C4FD0028EED15A
:10006000F4E7082C87F8008005F128055FFA84F88A
:10007000EAD004EB840316F83320D0074FEA840358
:10008000D6D4C2E7891E00202DE9F04F074685B07F
:1000900000200E469046FAF7A5F9002875D1B9461A
:1000A000044619F8010B0DF10F024946FFF796FFC0
:1000B000072840F2B9809DF80FA0BAF1070F7CD84D
:1000C0000AEB8A024FEAC20B594DD7F801000BF137
:1000D00001014FEA8A0368502944B9F80400888076
:1000E000387815F80B10009360F3861105EB0B03BD
:1000F00005F80B10304610210193F5F7D5FF15F8E0
:100100000BC0102160F3820C404605F80BC0F5F7D8
:10011000CBFF15F80B1000F0010060F3C3014B0793
:1001200005F80B104DD4002864D10BF11802002102
:10013000A950009B3F4E2A44918003EB0A0215F818
:10014000321021F0120105F8321097F80080B71E26
:1001500008F0010804E00134082C06F1080618D064
:1001600017F8342012F0010BC2F34001F3D04145DF
:10017000F1D106224946304612F034FD0028EAD17A
:1001800007EBC40787F801A005E00C2005B0BDE827
:10019000F08F4FF0000B009B53449A4615F8333014
:1001A0004FEA4B1223F0210342F001021A430020D0
:1001B00005F83A2005B0BDE8F08F072005B0BDE88E
:1001C000F08F1D4B1D4A197805EB0B0C02F801A0AE
:1001D0001B4A8CF8171002EB011C0131197006F153
:1001E0000F01013E11F801E90CF801EFB142F9D11C
:1001F00000289AD0009BD8F804E0D8F808C00BF18A
:100200000706A81903EB0A0105EBC101D8F8003075
:10021000D8F80C80AB51C0F804E0C0F808C0C0F8B2
:100220000C800020486280E7122005B0BDE8F08F06
:10023000881E0020363D0020C74E0020AC3C002028
:10024000B33C0020072807D8044B00EB800013F8CC
:100250003000C0F3C000704700207047881E0020A7
:10026000024B1B7803700248704700BFC74E002046
:10027000B43C00200C4B1B7883420BD90B4B185C11
:1002800007280CD80A4B00EB800213F83230DB074A
:1002900007D5704700DE054B185C0728F2D900DE51
:1002A000F0E700DE704700BFC74E0020AC3C0020E6
:1002B000881E002007280DD8084900EB8002830023
:1002C00011F83220D20707D5034411F83300C0F3E8
:1002D000401070470020704700DEF5E7881E0020C0
:1002E0001378FF2B19D12DE9F047194D0446AE467E
:1002F000002303EB830C9E0015F83CC01CF00100AA
:1003000003D0CCF3801CA44509D00133082B0EF197
:10031000280EEED10120BDE8F0870120704701F1E1
:10032000FF3877464FF0000C17F801AF18F8019F1F
:10033000CA450CF1010CE8D1BCF1060FF4D11E4402
:10034000137015F836305A07E5D5C3F30010E2E70D
:10035000881E0020024B1878003818BF0120704713
:10036000C84E002000F008BB08B5002302F03EFC98
:10037000002008BD10B584B0079BD3E9002090474A
:10038000012812D004460DF10F010DF10E00F7F710
:1003900021FF0021064B00919DF80F209DF80E00D3
:1003A0000121F7F757F9034B1C6104B010BD00BFE2
:1003B000B9030400C81F002000B585B00DF10F017E
:1003C0000DF10E00F7F706FF9DF80F20064B9DF884
:1003D0000E00002101320091D2B20221F7F73AF962
:1003E00005B05DF804FB00BF79040400F0B58DB0E2
:1003F0000E4605460DF12F010DF12E001C46174645
:10040000F7F7E8FE9DF82FC006940CF1010C0024CC
:10041000CDE90744CDE90344CDE901449DF82E0020
:10042000059700962B465FFA8CF20121F7F788F8C2
:1004300010F0FD0F0AD006480094064B04619DF8A9
:100440002F209DF82E000121F7F704F90DB0F0BD23
:10045000C81F0020B903040070B5059D0446F7F7D6
:10046000BFFE2B462046034ABDE870400621FFF739
:10047000BDBF00BF75030400014806F0C9BF00BF3F
:10048000A83D002070B50446059DF7F751F92146B7
:10049000F7F750F9062800D970BD2B462046034ACD
:1004A000BDE870403121FFF7A1BF00BF590404002F
:1004B00008B501220021024810F031FE002008BDDD
:1004C000A83D0020024BA0F2A462C3E900207047BF
:1004D000C81F00200020F7F715B800BF08B5F7F7D0
:1004E00027F9014B986008BDC81F0020684620F01E
:1004F00007018D4601B501F093FDEBF76FFCBDE8F8
:1005000001408546704700BF08B50A4BD3F840212B
:100510003AB90120F5F7BEFEBDE808400220F5F724
:10052000B9BE0020C3F84001D3F84031F6F7F6FF1A
:10053000EFE700BF00B000400020F5F7ABBE00BF02
:1005400090B90E4B0E4A197810788842CBB20DD173
:100550000C480D4990F800C0013313700B786345C7
:1005600007D003780B70704700DEEAE700DE1378EF
:10057000EEE700DE03780B70704700BFC94E002025
:10058000CA4E0020CE4E0020CD4E00200B4A0C4B10
:10059000117893F800C08C450DD012781A70094A72
:1005A000094B18B911781878884202D012781A705D
:1005B000704700DEFAE700DEEFE700BFCC4E002018
:1005C000CB4E0020C94E0020CA4E002001F052BE82
:1005D00008B50B480B4B027819788A420CD00A4BAD
:1005E000017000220398986011460120F5F7F0FD94
:1005F00000B908BD00DE08BD00DE1978EFE700BFD6
:10060000C94E0020CA4E0020F80600202DE9F04116
:10061000304A314E127833789A428AB00C4605D16E
:100620002E4B2F4A1B7812789A4247D02768DFF862
:10063000B48007F12D0525F07F45D8F80010284635
:10064000F7F778F810F4000002D10AB0BDE8F081A5
:10065000254A264B11781A78914213D11F4A204916
:100660001278097891420DD01A780132D2B21A70FC
:1006700000221F4B009211461046F6F7EBFF10F0D8
:10068000FD0F24D11B4BE168C8F800500022CDE9D2
:100690000732194BCDE90322CDE90531CDE901221D
:1006A0002D23009334780134E4B23B4611461046C2
:1006B0003470F6F745FF0AB0BDE8F0810768DFF84F
:1006C000248007F12D05044625F07F45DAE700DE9A
:1006D00000DED7E7CD4E0020CE4E0020C94E0020D0
:1006E000CA4E0020C03D0020CB4E0020CC4E002042
:1006F0008D05040041050400D10504007A4A936881
:10070000002B00F096802DE9F04F136889B08146E8
:10071000002B46D04FF0FF338DF80A300DF10A0060
:10072000F7F7D8FE044600283BD0037F9907F5D1A0
:10073000857A15F00205F1D1C3684B4555D006689E
:10074000A8462F460DF10A00F7F7C4FE8346F0B124
:10075000027F9207F6D1827A9307F3D4C268B8F188
:10076000000F21D04A4558D0DBF800A03146504652
:10077000F6F7E0FF00F4000000280DF10A001CBFAE
:100780005F465646F7F7A6FE83460028E0D1002FC5
:1007900008BF274639463846FFF738FF30F00203D6
:1007A00039D109B0BDE8F08F91458046DCD1237F77
:1007B000E16843F0020323772046A3699847FF23AB
:1007C0008DF80A300DF10A00F7F784FE0446002880
:1007D000E7D0037F9F07F5D1837A9E07F2D4C368E1
:1007E0004B4502D000DED0F80C903F4A4846D2E993
:1007F000001303AA98470646002843D010F1100FB3
:1008000059D0394A002093681168984716F10B0FA8
:1008100010D08C36C5D000DEC3E7227FE16842F0FD
:10082000020222772046A2699047D8457FF472AF32
:10083000C5E770472C4A0023D2F80890D2E9004857
:1008400002261360FF278DF80B700DF10B00F7F7F0
:1008500041FE90B1037F9A07F7D40DB9DB07F4D4BA
:10086000C368A342F1D1037F826943F00203037797
:10087000214690478DF80B70E7E70125AE420AD07C
:100880002E46E0E7237FA269E16843F00203237765
:100890002046904785E70022CDE904220692039B7B
:1008A00000964946404604AA0794F7F7CBFD002876
:1008B0007FF477AFAFE7A37A43F00203A3720DF1A1
:1008C0000A00F7F707FE014600283FF46AAF037FEE
:1008D0009D07F4D1837A9C07F1D4FFF797FE30F09F
:1008E00002033FF45EAF96E7E01F002010B5174803
:1008F00010F04BFA30B3164B00249C6000F07EFAE7
:1009000000281EDB224621460120EBF7CFF92246C4
:1009100001210B20EBF7CAF9214622461820EBF7FC
:10092000C5F90C4B1022C3F804230120EBF78EF914
:100930000B20EBF78BF91820EBF788F901F08AFB15
:10094000204610BD6FF0120010BD00BF1C2E050028
:10095000E01F00200010004008B500F061FA0028F8
:1009600009DB0120EBF780F90B20EBF77DF918206C
:10097000EBF77AF9002008BD034603488AB219460E
:1009800083681B68184700BF1C2E050030B4074D54
:10099000AB685C6834B18AB2A4460146002328469D
:1009A00030BC60476FF0570030BC70471C2E05000C
:1009B00030B4074DAB685C6834B18AB2A4460146D6
:1009C0000023284630BC60476FF0570030BC7047AA
:1009D0001C2E05000020704770B5044682B0002828
:1009E00033D0204B1A68824229D0FF250DF1070031
:1009F0008DF80750F7F76EFD034640B91DE0A142A0
:100A00000CD00DF10700F7F765FD0346A8B11A7F7A
:100A10009207F6D4D9681846002CF0D11A7F9E6947
:100A200042F002021A77B0470DF107008DF8075027
:100A3000F7F750FD03460028E9D102B070BD9B686E
:100A40006BB1014600209847CFE7064A9368002B18
:100A5000CBD011680029C8D000209847C5E700DE38
:100A6000C3E700BFE01F00200020704710B5044618
:100A7000F7F722FD8CB90D4B9A68AAB11C680022C9
:100A80009A601A6004B124680020F7F73DFD204603
:100A9000F7F7CAFD28B1002010BD0028F3D100DE11
:100AA000F1E700DE002010BD00DEE7E7E01F0020D8
:100AB0002D20704710B51446F6F73AFE2146F6F79A
:100AC00039FE030204D40230092898BF002010BD6B
:100AD000002010BD262810B5044613D0272809D0C1
:100AE000252817D1022001F02BFB2046BDE810403D
:100AF00001F02CBB502001F023FB2046BDE8104044
:100B000001F024BB1A2001F01BFB2046BDE8104079
:100B100001F01CBB0A2807D927280AD900DE204685
:100B2000BDE8104001F012BB0230400001F008FBAC
:100B3000DBE70330400001F003FBD6E701F064BBC4
:100B400001F06ABB08B501F095FBBDE8084001F073
:100B5000F3BC00BF08B501F08DFB01F0EDFCBDE872
:100B6000084001F091BC00BF08B501F083FB01F023
:100B7000E3FC01F0C7FC01F0EBFEBDE8084001F02A
:100B800083BC00BF08B50146114801F059FA01F0D5
:100B90009DFB60B101F068FD01F092FA00F082F96E
:100BA00000280EDBBDE808400020FFF75FBF01F022
:100BB00041FB01F059FD01F083FA00F073F90028C0
:100BC000F0DA00DE0020BDE80840FFF74FBF00BFAD
:100BD000CD05040010B5044601F04CFB01F0ACFC5F
:100BE00001F090FC01F0B4FE01F04EFC2046BDE89F
:100BF0001040FFF7C7BF00BF10B5044601F03AFB35
:100C00000D48214601F01CFA01F060FB40B100F0F4
:100C100049F900280ADBBDE810400020FFF726BF95
:100C200001F008FB00F03EF90028F4DA00DE0020B5
:100C3000BDE81040FFF71ABFCD0504002DE9F04FC5
:100C400089B01F469DF848B0FF23804689469246EA
:100C50008DF81F300DF11F00F7F73CFC002846D03F
:100C6000037F9D07F6D1837A9C07F3D405683E681D
:100C70009DF81F300593044629463046F6F75AFD85
:100C8000BBF1000F53D0BC4208BF002426460DF133
:100C90001F00F7F71FFCD0B1027F9107F7D1827ACE
:100CA0009207F4D402680490294610460392F6F79E
:100CB00041FD039A049B00F4000000280DF11F0081
:100CC0001CBF15461E46F7F705FC0028E4D1059B1E
:100CD0008DF81F30314B9A68002A30D17EBB54B159
:100CE000BBF1000F48D1BC4205D000DE03E02B4B26
:100CF0009A68044612BBFA681A60C3E9018938464B
:100D0000D04704460DF11F00F7F7E4FB014650B150
:100D1000037F9A07F6D1837A9B07F3D4FFF776FC1B
:100D200030F0020333D1204609B0BDE8F08F000255
:100D3000A9D5FF23354605935C46A7E706464946F5
:100D4000CDF800B0534640463A46F7F77BFB0146E4
:100D500080B1BBF1000F0AD1BB7A980707D4C6B1A6
:100D60003046FFF753FC30F0020300D000DE6FF096
:100D70007604D8E700DEECE7CDF800B053463A46FB
:100D800049464046F7F75EFB0028F0D1EEE700DE6B
:100D9000C9E7002C14BF26460E46E1E7E01F0020FD
:100DA00001F1100006F034BB70B5054688B00C4662
:100DB0000122002104A810F0B2F90F4B0193002684
:100DC000032369462846039602930AF058F900283F
:100DD00010DB31464FF4004340F2E730E4FB0301FF
:100DE0004FF47A720023E6F78BF902460B4604A80B
:100DF00006F042FB08B070BDA10D040010B5012043
:100E0000064C03F0D1FA00230121A1606360E36086
:100E10002146BDE810400AF032B900BFC83D0020AD
:100E200010B5012003F0C0FA044904460AF096F90F
:100E30002046BDE810400AF06DB900BFC83D002053
:100E40000C4B1A780AB10020704710B501201870B9
:100E500003F0AAFA4FF47A710446FFF7A5FF38B9F8
:100E600020460AF057F902280CBF00206FF004005A
:100E700010BD00BFCF4E002008B5094BBFF35B8FFC
:100E800053E8002F511C43E800100028F8D1BFF3AD
:100E90005B8F002A01DC03F08FFA002008BD00BF41
:100EA000C43D002008B50E4BBFF35B8F1A68BFF33B
:100EB0005B8F002A10DDBFF35B8F53E8002F511EBC
:100EC00043E800100028F8D1BFF35B8F012A01DC52
:100ED00003F088FA002008BD6FF0770008BD00BF5E
:100EE000C43D002032207047014B33F8100070479A
:100EF000BC3F050010B50446FFF736FE01F0F8FAD6
:100F00002046BDE81040FFF73DBE00BF30B583B0BE
:100F1000044601F0D9F9FFF715FE962001F01CFBFD
:100F2000002318461A46194601F040FA0120F7F747
:100F30002DFA78B31C3001F05BF901F0B1F938BB40
:100F40001548214601F07CF8FFF704FAA8B901F032
:100F5000DFFB00210446084601F060F90021054648
:100F6000084601F057F92C44CB34201A01F088FBD5
:100F700003B0BDE8304001F0BDBB0DF10700FFF745
:100F80006FF9002201469DF8070001F09FFCDEE7A3
:100F900000DED5E700DECDE7DD14040010B5044621
:100FA000FFF7E2FD01F0A4FA2046FFF7EBFD054B49
:100FB0000021012208469C60F5F70AF900B910BD2E
:100FC00000DE10BD08070020814208B50ED00B7A64
:100FD000DB0702D46FF08B0008BD0C4B1360FFF7EA
:100FE0004BFF00280FDB6FF00A0008BD0B7B01EB05
:100FF00083010B691B7803F00F03012B0CBF00204A
:101000006FF08B0008BD00DEEDE700BF2D1304007C
:1010100010B548B10C46FFF745FF00280BDB204612
:10102000BDE81040FFF722BD044801F009F8BDE813
:10103000104001F0FFB800DEF1E700BFF50E04003C
:10104000084B042210B598182821F4F7C7FF064B67
:1010500000249C8102222146044810F060F82046BA
:1010600010BD00BF003E0020F03D0020E03D00200C
:10107000084B042210B598182821F4F7AFFF064B4F
:1010800000249C8102222146044810F048F82046A2
:1010900010BD00BF003E0020F03D0020E03D0020DC
:1010A00010B504460548F4F7BDFF20B10346002003
:1010B0005870636010BD6FF00B0010BD003E002043
:1010C00003460020187058709860704738B51E4D60
:1010D0002B7B6A7B9A4202D055F8234034B91B48D7
:1010E000F4F7A0FF044680B1204638BD184806F04A
:1010F000E9F92B7B6A7B9A42F6D00133DBB2032BF2
:1011000008BF00232B73204638BD11484FF420320E
:10111000002306F0B1F9A0B90D4806F0D3F92A7BF7
:101120006B7B93420BD0531CDBB255F82220032B70
:1011300008BF00232B7312B11446204638BD00DED1
:10114000D2E700DEE8E700BFF03D0020003E0020CF
:10115000E03D002010B5027843789A4214D0D4B212
:1011600044700278944204D05A1C4370D3B2022BCC
:101170000ED01A4600EB82040B70606800B110BDFF
:10118000FFF7A4FF606010BD0133DBB2022BF0D18A
:1011900000221346EEE700BFF8B502784378934289
:1011A000044625D0D5B2154A507B92F80CC0431C9A
:1011B000DBB2032B04EB850708BF00239C450E46DA
:1011C000796806D042F8201053730D4806F020F9D4
:1011D00000216B1CDBB2022B0ABF00221A46134609
:1011E00079602370012104EB820431706068F8BDDE
:1011F0001A4604EB82046068F8BD00BFF03D002091
:10120000E03D002030B5037AC3F302130446002BFF
:1012100093FAA3F0B0FA80F008BF4FF0FF3083B02C
:1012200000F1010044D0217A5A1E134063F30611E5
:1012300021722430FFF74EFC00230DF1070104F169
:101240000C008DF80730FFF7A7FF054670B328465E
:1012500000F0D4FF2B7803F00F03022B1DD00DF10B
:10126000070104F11800FFF797FF30B39DF807302E
:1012700063B92146124800F0E3FE962001F06CF9B4
:10128000002003B0BDE8304001F048B8D5F8023086
:10129000C0F80230EB88C380EBE70A48214600F033
:1012A000CFFE03B0BDE8304001F0E0B800DECEE78D
:1012B00000DE237AC3F30213B5E700DED6E700BFF2
:1012C0000D0F04001913040010B50446FFF74CFC81
:1012D000237A03F07102012A05D1C3F3420262F3BB
:1012E00006132372DBB213F0700F05D0636853B19D
:1012F00093F82C309B0706D501F0FAF82046BDE89C
:101300001040FFF73FBC2046FFF77CFF00F08CFF4A
:10131000BDE8104001F0EEB910B5044600F0D4FF6E
:101320002046BDE81040FFF7CFBF00BF70B5C368CF
:1013300004461E68F6F7FCF905463046FFF7B8FB91
:1013400000232D1AC4E9005323812046BDE87040D4
:10135000E7F71ABC10B582B00446FFF78DFD0028F0
:1013600009DB084A0849094800940023F7F78AF97D
:1013700018B902B010BD00DEF3E77730F9D000DE17
:10138000F7E700BF898B020011100400C90F0400A9
:101390002DE9F0410D46417A9DF818801746CA079D
:1013A0001E4609D5B8F1000F17D02B78B7EBD31F25
:1013B0001AD00020BDE8F0812946044611F8020B3E
:1013C000079AC0F38010FEF78BFF0028EDD1637AF7
:1013D000DB07EED5B8F1000FE7D1079B1878FEF7D1
:1013E00069FF0028E1D1E4E7062205F10801304653
:1013F00011F0F8FBB0FA80F04009BDE8F08100BFC1
:101400002DE9F84F1F460B9B9DF828909DF8305012
:1014100006460C4692466BB9437A03F00303012B50
:101420002CD9002D3AD02378BAEBD31F4AD0002014
:10143000BDE8F88F88460D9A18F8020BC0F38010AB
:101440004146FEF74DFF0028F2D094F800B0BAEB09
:10145000DB1FECD104F108013846062211F0C2FB73
:101460000028E4D10D9B1B78FF2B1ED0B27AFF2AF7
:101470001BD0981AB0FA80F04009D9E711F8020B96
:101480000D9AC0F38010FEF72BFF0028CBD1737AA2
:1014900003F00303012BCAD9002DC4D10D9B18788A
:1014A000FEF708FF0028BED1C1E7CBF3801BCB4578
:1014B000BDD10B980622414611F094FBB0FA80F0A2
:1014C0004009B5E7062204F10801384611F08AFB0D
:1014D000B0FA80F04009BDE8F88F00BF2DE9F04375
:1014E0008BB0044600F0E6FEC0B2002800F0988001
:1014F00000F002FF054601F00FF8814601F016F8F2
:1015000001F03EFA064601F01DFAEDB2804600F009
:10151000C5FFFFF729FB45B95F48214600F090FD64
:101520000BB0BDE8F04300F085BE16F0FF067AD19F
:10153000FF2301208DF82730F6F728FF0546002805
:1015400000F09480237B04EB830305F11C011F69E9
:101550003B465FFA89F913F8020B00F00F0CBCF15F
:10156000010F08BF07F10808C0F380124FEAD01737
:10157000287F00F00F0018BF4FF0000803285AD052
:101580000528C9D1687F2228C6D160680028C3D049
:1015900090F82C008007BFD40DF127000390CDE90F
:1015A000018900972046FFF72BFF0028B4D00420C4
:1015B000F6F7ECFE0028AFD03848214600F040FD99
:1015C00000F038FE00F06CFE002851D1626892F8FD
:1015D0002C3043F0010382F82C30F6F7F1FE17228D
:1015E0004FF6FF730271C3808460054601F036F840
:1015F000286101F087F800210446084600F00EFE3D
:10160000241A6C61AEB19DF827306B76F6F7D8FEE0
:101610002946E8602868F6F7FDFE0BB0BDE8F083C8
:10162000FFF7A2FA78E75FFA88F0FEF723FE034699
:101630007FE7FF23E9E7687F0C287FF46DAFB8F1FF
:10164000000F7FF469AF0DF127000190CDF80090F5
:101650002046CDE906230591FFF79AFE50B9287F71
:10166000079BDDE9051200F00F0089E700DE69E75E
:1016700000DEABE70A48214600F0E2FC00F0F6FE8F
:10168000237E04EB8303D86900F0B8FD00F008FE68
:101690000028C2D000DEC0E7C91204009D0F04007C
:1016A00019130400F8B50546FFF75EFAF6F7AEFF2A
:1016B000044600283FD0214B214A1B781178A2799B
:1016C00020485B0001F0010103F002030B4322F00C
:1016D000030213431C4A01881278A1800120207064
:1016E000A371227219B195F92730002B04DB28462B
:1016F000BDE8F840FFF746BA95F82C30C3F3021363
:10170000022B16D0042B0CBF4FF4BC77282700F017
:10171000E5FF064600F0E8FF361AE660EA6BC4E92A
:1017200004270023EB636B642846BDE8F840FFF70D
:1017300029BA1827EBE700DEBDE700BFD24E002034
:10174000D34E0020444D0020D04E002008B500F0BC
:10175000DDFD02780346012161F301021A700020C9
:1017600008BD00BF00207047704700BF30B4084973
:10177000084A094D094C0A4800230B801370094997
:10178000094A2B80237003700B70137030BC7047B4
:10179000444D0020D44E0020464D0020D34E002062
:1017A000D24E0020D14E0020D04E0020814207D0E2
:1017B00091F82C305B070BD50B4B188840B970475C
:1017C000094A0A4B128819781AB941B100DE03E0C0
:1017D000064B1B78002BF9D16FF08B00704701226C
:1017E0001A706FF00F007047464D0020D14E002058
:1017F00038B50D4678B30446FFF754FB002847DBA5
:10180000E2682389518B938301330B4492F92710AB
:101810005383002913DBF6F7F9FE002836D08379CD
:1018200023F00303002243F00203012101708280B0
:10183000837102722846BDE83840FFF717B9208946
:10184000136B916B00FB03330B44516B8B4228BF2E
:101850000B469363DFE791F92730002B0ADB0D4835
:10186000294600F0EDFB00F0E5FC95F87E301B0703
:1018700008D438BD084B1B88002BF0D1074B012240
:101880001A70ECE7BDE8384001F016B800DEC6E794
:1018900000DEB5E7A5160400464D0020D24E00201C
:1018A000F8B505460120F6F771FD024658B3002150
:1018B000517795F86760B5F85A7006F0070630461C
:1018C00002F11C0400F0FEFB95F87E30B2001B070D
:1018D000F9B242F001020ED50431C9B2082000F07D
:1018E0005DFC2246314605F17F0000F017FFBDE8A0
:1018F000F84000F07DBC082000F050FC2046BDE818
:10190000F84000F075BC00DED1E700BF38B50446F2
:10191000FFF718F9244AA08913880133138000F0D7
:101920001BFE94F8662094F86700C2F3C00300F031
:10193000070002F00702002100F038FD2046FFF703
:10194000AFFF00F0ADFC60BB00F0E2FE258A03466D
:1019500094F8670001210D3500F007001D4400F0E8
:101960005DFC94F8673003F00703022B054416D0A2
:10197000042B0CBF4FF4BC73282394F86600C0F30B
:10198000C00100F007001D4400F044FC281A00F0DC
:1019900077FE21460548BDE8384000F051BB1823CA
:1019A000EBE700DED0E700BF464D0020C51A04007B
:1019B000F8B50F4690F86610B0F8586001F00704CB
:1019C0000546C1F3C001204600F07CFB95F87E304F
:1019D000A200DB0642F00102F1B20DD50431C9B21A
:1019E000082000F0DBFB394605F1A00000F0EEFE18
:1019F000BDE8F84000F002BC082000F0CFFB3846FC
:101A0000BDE8F84000F0FABBF0B5054683B001AA86
:101A1000806E0F46E96EF4F76BFB95F87E305A073F
:101A2000064638D448B3019C95F87D3095F87C2063
:101A300004341C4412B9627885F87C2033B12378D1
:101A4000012262F30103237095F87D3095F87C2024
:101A5000D31A63702846F9F777FC637883422AD952
:101A600060700122237803F00F03002143EA021380
:101A70002370A1703C6003B0F0BD43F0040385F80F
:101A80007E3000F043FC0446237823F010032370DB
:101A90003C6003B0F0BD43F0040385F87E3000F0F5
:101AA00035FC0446002EEFD0037843F0100303709A
:101AB0003C6003B0F0BD3268EB6ED21A18BF012251
:101AC000D0E700BF2DE9F04383B0044600F0F2FBFD
:101AD000C0B2002879D000F00FFC5FFA80F800F067
:101AE000DDFCFFF737F8A84A138801200344138070
:101AF000F6F74CFC0546002800F0EB80B8F1000F2B
:101B000018D1A24B1F78002F6AD1012201A92046CB
:101B10001A70FFF779FF94F92730002B80F2F980D3
:101B2000676CB946002F00F0CF804FF00009019E8E
:101B3000474660E094F87E302A7F03F00101C2F34B
:101B40008000884200F0A28094F9272081F00101F2
:101B500061F30003002A84F87E3005DA94F82C3013
:101B600043F0080384F82C3094F87E305E0700F1CF
:101B7000C780D4E91A0101AAF4F7BAFA0646F0B10F
:101B800094F87D20019B1344597971B194F87E300B
:101B9000D8060AD5D4F8B0300133C4F8B030D4F840
:101BA000B43043F10003C4F8B43094F87C300A44F4
:101BB000D2B29A42C0F0B58000F0D28000DE94F834
:101BC0007E302A7F4FF0000962E0FEF7C3FF7048C5
:101BD000214600F035FA03B0BDE8F04300F02ABB1F
:101BE000013FFFB201A920461F70FFF70DFF002F34
:101BF00091D1019EC1466648214600F021FA00F0CD
:101C000035FC94F87E20337862F3C303337094F884
:101C10007E303278C3F3400363F382023270314680
:101C20002046FFF7C5FE00F03BFB00286FD100F017
:101C300055FD88B1B9F1000F15D0A08A4FF6FF739A
:101C4000984200F085804946F9F710FB7FB903B050
:101C5000BDE8F043F6F7D6BB00F034FD00F038FDE8
:101C6000B9F1000FE9D117B903B0BDE8F083F6F779
:101C7000A7FB03232B71A38A2868EB802946F6F77C
:101C8000B1FB03B0BDE8F043F6F7BCBB4FF0000971
:101C9000C2F3C002C3F340039A4245D000273B4A37
:101CA0003C4B002111702046012201A91A70FFF758
:101CB000ABFE94F92730002B4DDB2B7FDA0603D4E3
:101CC000019E3378DB0627D5334B1B783BB1019E51
:101CD00091E700DEB8F1000F3FF413AF2AE7E08987
:101CE00000F03AFC94F8670000F0070000F016FBE3
:101CF0002A48214600F0A4F900F0FCFC019E80E790
:101D000023F0040384F87E3000F000FB57E700DE88
:101D10008DE70027B946D7E77378002B3FF46BAF08
:101D2000D2E784F87D204AE70320F6F72FFB00284E
:101D3000B4D094F87E3083F0020384F87E306B7F59
:101D4000002BABD094F87E30190729D40127A6E7E1
:101D500000DEA08A77E7636C002BAED0B846E6E6DB
:101D60000022A4F87C20E06E04F16801F4F7C8F9C1
:101D7000019B1B683360019B1E60DDF8049094F8A2
:101D80007E302A7F84E700BF444D0020D44E0020DF
:101D9000A5160400D34E0020D14E00200D190400DA
:101DA00000F058FD00285DD000F07CFD002849D1EE
:101DB000D4F88F30D4F89320134304D12B7F03F051
:101DC0000303032B28D0284B2848022221461A70EF
:101DD00000F036F900F02EFA00F062FAB8B900F01F
:101DE0007DFC60B1B9F1000F3FF43EAFA08A4FF621
:101DF000FF7398420DD04946F9F738FA27E700F00B
:101E000061FC00F065FCB9F1000FEFD12CE700DEBA
:101E1000E5E700DEA08AEEE700F07CFA4278272AA8
:101E20000146D0D8033205F11C0010F0ACFED4F806
:101E30008F30D4F89320013BC4F88F3042F1FF3348
:101E4000C4F89330D4F88F30074A0133C4F88F3088
:101E5000D4F8933004F18F0143F100034B60012368
:101E6000137073E700DE9FE7D04E0020A516040034
:101E700010B582B00446FEF7FFFF002809DB084AD0
:101E80000849094800940023F6F7FCFB18B902B092
:101E900010BD00DEF3E77730F9D000DEF7E700BFD2
:101EA000E18C0200F1170400AD1704004FF08053DD
:101EB0000246D3F8A410013107D04FF08051D1F879
:101EC000A00010F0010009D17047D3F8A8304FF6F8
:101ED000FF719BB28B42F0D100207047D1F8A43043
:101EE0001360D1F8A8301371C3F3072363F03F03E5
:101EF0005371D1F8903001331CD0D1F894300133B4
:101F000018D0D1F89830013314D0D1F89C30013377
:101F100010D0D1F89030C2F80630D1F89430C2F821
:101F20000A30D1F89830C2F80E30D1F89C30C2F89F
:101F3000123008E00023C2F80630C2F80A30C2F8B6
:101F40000E30C2F812300120704700BF00234FF05E
:101F50008052036043608360C360D2F880300133F5
:101F600018D0D2F88430013314D0D2F8883001333D
:101F700010D0D2F88C3001330CD0D2F880300B6006
:101F8000D2F884304B60D2F888308B60D2F88C3035
:101F9000CB60704700230B604B608B60CB60704759
:101FA000054B4FF480320021C3F80815C3F84423D1
:101FB000C3F80423704700BF00B00040054B1878F9
:101FC000421C1A7018B9044B01221A607047012094
:101FD000704700BFD54E002000B00040074B187876
:101FE00048B10138C0B2187018B9054B01225A60C7
:101FF00070470120704700DE1878F2E7D54E0020C8
:1020000000B00040014BD3F80405704700B0004019
:10201000024B00F5A87043F82010704700B0004054
:10202000044BD3F8103123B1034A044B10681B68EA
:102030001847704700100040BC410020C0410020FC
:10204000024A034B11601860704700BFBC4100207A
:10205000C04100204FF080434FF0FF320021C3F811
:10206000002EC3F8042EC3F8081EC3F80C2EC3F8C4
:10207000101EC3F8142EC3F8182EC3F81C2EC3F874
:10208000202EC3F8242EC3F8282EC3F82C2EC3F814
:10209000302EC3F8342E7047074B084810B44FF465
:1020A000905100244FF41052C0F81845C3F800189E
:1020B000C3F8042810BC704700F001400010004035
:1020C000704700BF054B02280CBF0421032140F2DA
:1020D0000122C3F81015C3F85026704700100040C5
:1020E000072819DC831EDBB2052B11D9002818DA6A
:1020F000031D1BDA10F1080F1ADA10F10C0F19DAB0
:1021000010F1100F18DA10F1150FCCBFEC20D82009
:102110000A4BC3F80C057047084B0820C3F80C05A0
:102120007047064B0020C3F80C057047FC20EFE712
:10213000F820EDE7F420EBE7F020E9E7001000409D
:10214000014BC3F80805704700100040084B00F031
:102150007F00C3F85405D3F8182522F00072C3F8A5
:102160001825D3F8182542F00072C3F818257047D7
:1021700000100040084A00210123C2F82C15C2F8C3
:102180003035C378C2F824358178038843EA0143A7
:102190001B02C2F81C3570470010004002F01C03FF
:1021A000A3F1080302F00302B3FA83F3013A5B09D7
:1021B0001B06022A98BF43F4801300F00F000A4A5E
:1021C000184340F48070C2F81405D2F81805074B84
:1021D0000340C2F81835D2F81835194341F440319C
:1021E000C2F81815704700BF001000400000F8FE4C
:1021F000014BC3F80405704700100040014BC3F8C1
:10220000040570470010004002280CBF2820292038
:10221000704700BF012070472920704702280CBF7B
:1022200005200A20704700BF014B01221A60704749
:10223000001000400B4B0C480C4910B44FF41064D4
:10224000C3F8084501224FF480245A60DA60C0F8D0
:102250004843074CC3F808450020C1F800020A6152
:1022600010BC704700F0014000B00040001000407A
:10227000C001700E094B0022C3F80021D3F80011F1
:10228000C3F80421D3F80411C3F80C21D3F80C11BE
:10229000C3F81021D3F81031704700BF0010004080
:1022A000034BD3F80001003818BF0120704700BF6E
:1022B00000100040034BD3F80C01003818BF012078
:1022C000704700BF0010004001207047034BD3F857
:1022D0005005B0FA80F04009704700BF0010004080
:1022E000044B40F20312C3F83425C3F83805C3F891
:1022F0003C15704700100040034BD3F80004003831
:1023000018BF0120704700BF001000400048704710
:10231000BC40002000487047B83F0020F0B41D4B7F
:102320001D4D1E4E1E4C1F4F0322C3F800222A785B
:10233000C6F8687502F10C03DBB2D000DB00910037
:1023400003F1804300F1804003F5F83300F5F830E5
:1023500001F18041C6F86C0501F5104104EB8204DF
:102360001148C3F81045C3F81405D1F840352D2B9A
:102370008ABFD1F8403501232D3BC1F840350132E9
:10238000064B4FF4106102F00102C3F804152A70E5
:10239000F0BC704700100040D64E002000F0014015
:1023A000409100400C110040041000402DE9F04124
:1023B000284E294C294FDFF8A8E0DFF8A880032336
:1023C000C6F800322178CEF8688501F10C03DBB243
:1023D000DB00CD0003F1804303F5F83305F18045C0
:1023E00007EB810705F5F835CEF86C554FEA810CFF
:1023F000C3F8107549F63465C3F814654AF2B8138A
:10240000022A18BF1D460CF1804C42F2B84241F23C
:102410008833022818BF13460CF5104C124A2B447F
:10242000A2FB0323DCF84025B2EB931F85BF98097C
:10243000DCF8403501231B1ACCF840350131084B3C
:102440004FF4106201F00101C3F804252170BDE8CA
:10245000F08100BF00100040D64E002040910040A7
:1024600000F001400C110040D34D62100449054BAF
:1024700003204FF41062C1F80002C3F8082570472A
:102480000010004000F00140034B0022C3F81C2163
:10249000D3F81C31704700BF00100040034BD3F845
:1024A0001C01003818BF0120704700BF0010004019
:1024B00010B44FF0000C4FEA8C0303F1804303F596
:1024C00080531468C3F800460CF1010C9488C3F8DB
:1024D0002046BCF1080F02F10602ECD1034B40EAA2
:1024E0000120C3F8400610BC704700BF0010004038
:1024F000034AD2F8403623F0FF03C2F84036704753
:1025000000100040034B0022C3F81421D3F814310B
:10251000704700BF00100040034BD3F8140100388F
:1025200018BF0120704700BF00100040014BD3F8D6
:1025300010047047001000400449054B054A4FF451
:102540008020C1F84803C3F80825704700B0004058
:1025500000F00140C001700E034B044A1B7803F5E4
:10256000A87342F823007047D64E00200090004028
:10257000F0B4A2F574232F4DA3F51073AB420446BB
:1025800006D902F1E87202F5D432013902F5A572DA
:10259000294B2A482A4D2B4E0127DF600027C3F81C
:1025A0000475A0FB02020427C3F81075900C0227E3
:1025B000C3F80875244AC3F84005C5F848154FF418
:1025C0008021C5F844134021C2F84065C2F8443563
:1025D000C2F8041544B34FF48013C2F804351B4A03
:1025E000194B1B4D0124D46000210424C2F80415AA
:1025F000C2F81045C2F80815C3F828290C32C3F8F0
:102600005055C3F8542502F5AF32124CC3F8584563
:1026100002F5FC72C3F85C250F49C3F86015083257
:10262000C3F86425F0BC70474FF40013C2F80435BA
:10263000D5E700BFBFBDF07F0080004083DE1B43B5
:1026400000B0004048B1004000F001400090004060
:102650000C1100404091004044910040014BD3F8E0
:102660004805704700B000400349044A01234B600D
:102670000B61536013617047008000400090004080
:102680000449054BC1F844054FF08862C3F804259E
:10269000704700BF0080004000F00140054B064835
:1026A0000649074AC3F84805C3F84C15C3F8042582
:1026B000704700BF00F00140001100404080004022
:1026C00080000004014BD3F84405704700800040AF
:1026D000014B1860704700BFB43F0020014B1868E1
:1026E000704700BFB43F0020014BD3F8400570474E
:1026F00000800040024B4FF00062C3F80425704791
:1027000000F00140014BD3F84805704700800040BD
:10271000014BD3F84805704700800040244B30B48B
:102720000024C3F800450224A142C3F80045054631
:1027300034D003F580334FF000711E4CC3F80415FC
:102740001B491D4BC1F80445D3F81835DBB21F2BCC
:1027500003D9FF2B29D0191F00E01B21144B174868
:10276000C3F8181500241649C3F80855C3F80C051A
:10277000C3F81025C3F81415C3F80042C3F800418C
:10278000D3F80021C3F80441D3F80421C3F8084169
:102790000122D3F808111A6030BC7047094B0A4C6B
:1027A0004FF00071C3F80415CAE7FB21D6E700BF5C
:1027B00000F000400100000100100040B83F002080
:1027C000A83E002000F001400100010130B41C4B84
:1027D0001C4C1D4A0025C3F8005505460220C3F8CD
:1027E0000005C3F80445D2F81835DBB21F2B03D916
:1027F000FF2B22D01A1F00E01B22114B1348C3F8F5
:1028000018250024C3F808550122114DC3F80C15F2
:10281000C3F81005C3F81455C3F80022C3F80041EB
:10282000D3F80011C3F80441D3F80411C3F80841E8
:10283000D3F808111A6030BC7047FB22DDE700BFF7
:1028400000F000400000010100100040B83F0020EF
:10285000A83E002038B5114C0223C4F80433D4F844
:10286000043163B92025EFF3118085F31288BFF39B
:102870006F8F09F0B4FBD4F80431002BF3D0074B71
:10288000074A02204FF40041C3F80803C2F8801140
:10289000D3F80801B0FA80F0400938BD00F00040DC
:1028A00000E100E0034BD3F80004003818BF01201A
:1028B000704700BF00F00040034B012100229960E7
:1028C000C3F80025704700BF00F00040F0B4194A7B
:1028D000194BD2F80455194E0024013D0327C3F8C3
:1028E0000075C3F80405C3F80815C3F81055C3F8FC
:1028F0001465C3F80041D3F80011C3F80441D3F8BC
:102900000411C3F808414021D3F80831C2F860151A
:10291000D2F800320A4943F04003C2F80032C2F84C
:1029200028414FF40003D2F82821C1F80435F0BC47
:10293000704700BF0010004000F00040A43E00209F
:1029400000F00140014BD3F80004704700F0004054
:1029500010B4084A084C09490023C2F828314FF442
:102960000000D2F82821C4F80035C1F8080510BCD1
:10297000704700BF0010004000F0004000F0014030
:10298000194BD3F828310BB90020704770B5174D9B
:102990000123C5F80433D5F8003183B9C8242026B3
:1029A00001E0013C0BD0EFF3118086F31288BFF3F6
:1029B0006F8F09F014FBD5F80031002BF1D00B4BD1
:1029C0000B4A01204FF40041C3F80803C2F88011FC
:1029D000D3F804212AB1D3F80801B0FA80F04009F5
:1029E00070BD002070BD00BF0010004000F000402E
:1029F00000E100E00139012905D80B200AB1E9F70F
:102A000025B9E9F731B900DE704700BF29B10139B6
:102A1000012905D80B20E9F73BB91820E9F738B9A7
:102A200000DE0020704700BF88420BD0012803D091
:102A3000022809D000207047A1F10200B0FA80F00E
:102A40004009704701207047A1F10100B0FA80F001
:102A500040097047012908D0022906D059B9074B0F
:102A60004FF08072C3F800217047044B4FF40062AE
:102A7000C3F80021704700DE704700BF00E100E0AE
:102A800008B50EF078FC08BD032803D8054B185C88
:102A900028B1704700DE034B185C0028F9D100DE36
:102AA000704700BFE43F0500013810B41C460428FD
:102AB00006D8DFE800F008111A23030004292FD0FC
:102AC00000DE10BC70470429FAD1194B9C6010BC81
:102AD00002210020F3F77CBB0329F1D1154B012122
:102AE0009C6010BC0846F3F773BB0429E8D1124B75
:102AF0009C6010BC02210120F3F76ABB032908D0B7
:102B00000429DDD10D4B02219C6010BC0846F3F76F
:102B10005FBB0B4B9C6010BC01210220F3F758BB3C
:102B2000084B9C6010BC02210320F3F751BB00BF8F
:102B300068070020580700204807002028070020C9
:102B4000380700201807002001460020FFF760BA70
:102B5000124B30B40121044600205960C3F80445EB
:102B6000C3F80001C3F80401196005E0D3F804219B
:102B700032B9D3F804251AB1D3F80021002AF5D0D0
:102B80005960D3F80421002AE7D1D3F80455002D69
:102B9000E3D0C3F8042530BC704700BF00E000401C
:102BA00070B5114C0126D4F8045566600E20E9F783
:102BB0005BF8D4F8040140B10021C4F80411D5E950
:102BC0000E323046BDE870401847D4F8003143B1AA
:102BD000C4F80001D5E90E3205F12001BDE87040CE
:102BE000184700DE70BD00BF00E0004070B58CB03B
:102BF0000E4615460146102268461C46F3F746FA73
:102C000010220DEB02003146F3F740FA6846FFF759
:102C10009FFF25B1102208A92846F3F737FA2CB1F7
:102C200008AD0FCD20606160A260E3600CB070BDA4
:102C300010B5094C0A44914200D110BD11F8013B76
:102C4000584003090001E35CC0B2434018091B016E
:102C5000205CDBB25840EEE702800500F8B503695E
:102C600000AF0C4603F1A005BFF35B8FD3F8A03093
:102C7000BFF35B8FC3F38003994218D1184A194BF5
:102C80006E4688B0002918BF13466A461649CDE93A
:102C900005134FF40073ADF81C30144B42F8103F8D
:102CA000134800234FF4E451E7F70EFFB546BFF396
:102CB0005B8F5CB155E8003F43F0040345E8003208
:102CC000002AF7D1BFF35B8FBD46F8BD55E8003F42
:102CD00023F0040345E80032002AF3D0F6E700BFF2
:102CE000D4780500977705009E7705000300000162
:102CF000203305002DE9F0470546D0F808A08946A5
:102D000090461F460CF0B1FD0446C0B1067DF307A6
:102D100009D5037E1648174A012108F0B1FE6FF06D
:102D20007700BDE8F0873B46424649460CF057FD28
:102D300040B9237E104A0E48012108F0A1FE6FF031
:102D40001200EEE79DF8203084F8198026F0060680
:102D5000678323772675DAF8183021462846984786
:102D6000227DB0FA80F35B0963F300022275D8E795
:102D700020330500B0770500CA77050070B5054619
:102D800086680CF072FD0446D0B1037DDB0708D4E1
:102D9000037E0D480D4A012108F072FE6FF07700A6
:102DA00070BD0146F3692846984738B1237D03F08A
:102DB0000103227D63F300022275F1E70346F8E781
:102DC0006FF01200ECE700BF20330500EC77050040
:102DD000F8B587680546FB6B0C46984728690CF0E8
:102DE00032FDD0B1214628460CF03FFD0646B8B171
:102DF000037D9B0705D0037E0B4A0C48032108F096
:102E00003FFE346824B1BB683146284698470446E3
:102E100028463B6C98472046F8BD4FF0FF34F7E753
:102E20006FF01204F4E700BF0778050020330500B7
:102E30002DE9F341D0F808801746D8F83C30054614
:102E40000E4698470C48002200233946E9F79AFAC3
:102E5000044670B9094A0A4800963B46012108F029
:102E600019FE2846D8F840309847204602B0BDE801
:102E7000F0810676F5E700BF640B00202878050096
:102E80002033050010F0080F0B4B42B20CD100F0BC
:102E90000F00002A4FF0140202FB0033B4BFD3F836
:102EA0000806D3F808077047002AB4BFD3F8A8066D
:102EB000D3F8A807704700BF00700240F8B502467B
:102EC000EFF31181202383F31288BFF36F8F00F09B
:102ED00008050CF0E6FF0124844057066FEA04065B
:102EE0001BD0D5B9174F3B6823FA00F0C00714D5A3
:102EF00033403B6053B2DB4322F08000DB0F00F233
:102F0000DA301B0103EB40030F48C0F80038D0F85B
:102F1000043843F00203C0F804380C480368334017
:102F2000036035B90A480368120654BF334023438F
:102F30000360054BC3F86C4481F31188BFF36F8FB6
:102F4000F8BD00BF4C4200200070024050420020FB
:102F500054420020EFF31180202383F31288BFF343
:102F60006F8F0A4BD3F8001C032261B949F2753107
:102F7000C3F8001CC3F8142DC3F8001C80F311889B
:102F8000BFF36F8F7047C3F8142DF7E700E00640DA
:102F9000EFF31180202383F31288BFF36F8F0A4B66
:102FA000D3F8001C61B949F27532C3F8002CC3F89C
:102FB000141DC3F8002C80F31188BFF36F8F704786
:102FC0000022C3F8142DF6E700E0064070B5024673
:102FD0000CF067FFEFF31185202383F31288BFF312
:102FE0006F8F531E0124062B04FA00F40FD80E4EE7
:102FF0000E4B31681B680B43C34013F0010306D12D
:103000000B4802F59472214340F822303160094A9E
:10301000136823431360084B8022C3F8042185F30F
:103020001188BFF36F8F70BD4C42002054420020C6
:10303000007002405042002000E100E0F8B50306B5
:10304000044623D410F0080720D100F00F029200AC
:1030500002F1804202F51C32D2F84434B3B1EFF3EE
:103060001186202383F31288BFF36F8F0CF019FFB2
:10307000084DC2F8A074012303FA00F12B6823EA7B
:1030800001032B6086F31188BFF36F8F024BC3F8E7
:103090001845F8BD544200200070024010B591F967
:1030A0001800154B0A7E0028B4BFD3F81045D3F89A
:1030B000144502F00F020123934023420DD10E4A22
:1030C0000028B5BFD2F81005D2F814050343034316
:1030D000B4BFC2F81035C2F814350B7E1A0709D4F4
:1030E000054AC2F80C3543F48073C2F80C35087EEB
:1030F000FFF7A4FF002010BD007002400B7E064ABF
:1031000013F07F0F0BBF012343F480735365C2F8A4
:1031100018350020704700BF0070024070B50646A9
:103120000D460CF0A2FB04460CF0A8FB28BB204681
:103130000CF0C7FB08B3802D16D1437E9A0744BF1D
:103140000E4A15705B070FD50D4B1B7813B90D4B4D
:1031500001221A6520460CF0B0FB002201463046E1
:10316000BDE870400CF0C6BB2846FFF72FFF204695
:103170000121BDE870400CF085BB70BDD94E002028
:10318000DE4E00200070024070B506460C460CF082
:103190006CFB05460CF072FB20BB28460CF091FB43
:1031A0000146F8B1ACB9437ED8071BD49A0704D5C1
:1031B0000D4B1C700D4B0122DA644B7E5B0708D56A
:1031C0000B4B1B7873B130460022BDE870400CF009
:1031D00091BB2046FFF7FAFE28460121BDE870406A
:1031E0000CF050BB70BD00BFD94E002000700240F3
:1031F000DF4E002008B5054A054803210CF059FEB2
:103200000DF087FD03F070F9002008BD5678050029
:103210002833050010B54468206801F0C5F8104B4C
:103220001860104B1B782BB10F4B00221868114609
:103230000CF054FB002201212720E8F737FD201D68
:1032400003F020F904F1080003F05AF90DF05AFDDB
:10325000064A074803210CF02CFE002010BD00BFD9
:1032600004420020DB4E0020584200205F78050019
:1032700028330500012810B503461AD002280AD0C9
:1032800000BB144B0246014618680CF027FB124B9A
:1032900001221A700CE0114B114C00221A70114BD4
:1032A000C4F800332720E8F7D1FC0123C4F8043523
:1032B00010BD084B0022014618680CF00FFB064BAE
:1032C0000022E6E7084A0948BDE81040012108F05D
:1032D000D7BB00BF58420020DB4E0020DA4E002052
:1032E00000700240FDFFDF016B7805002833050008
:1032F000014601480EF09CBA440A002008B5054B6F
:103300001970054B1B7813B10420FFF7F1FF002063
:1033100008BD00BFDC4E0020DD4E002010B5046962
:10332000087E0D4A0CF0BDFD012303FA00F013687E
:103330000343136004F086FD4020FFF7D9FF4FF0F0
:10334000FF324FF0FF3304F18401044804F048FBDE
:1033500004F08CFD002010BD48420020600A0020CF
:103360002DE9F043064689B007694D4A4D480321CF
:103370000CF09FFD4C4B1E6007F184000DF0FFFD2B
:1033800000220023CDE9062300246FF00703CDE9D6
:103390000334CDE90144454B454900964FF4007292
:1033A000444804F099FBDFF81081444941480DF08E
:1033B000E8FFD8F81020424B134043F4820343F057
:1033C0004003C8F81030C14688F8184041463046DE
:1033D0000CF05DFA3B4B3C4A054678B13B4A31481C
:1033E00001210CF066FD284609B0BDE8F0830169B3
:1033F00019401143016108F12008E5E70134092C67
:1034000010D009EB4410082C817C41F040018174FC
:10341000EDD1D9F810112E4808402E490143C9F8C2
:103420001011E8E72C4C2D4B2269134043F4041390
:1034300043F0400323618046A14668F07F01217676
:10344000304621460CF023FA1E4B1F4A0546002841
:10345000C4D108F10108B8F1090F17D009EB4810E1
:10346000B8F1080F817C41F02001817408D1D9F8AE
:1034700010111748084017490143C9F8101103E01B
:1034800001691940114301612034D6E797F8803073
:1034900023F0720343F0720387F88030A3E700BF84
:1034A0008278050028330500584200208935040041
:1034B000806B0020F01F00207C4300208A780500EC
:1034C0000000BEFF0000F9FF4000060093780500F1
:1034D0000000F7FFFF0108005C4200200000DEFF53
:1034E00010B50C46204611460CF0EDF9207E0CF08C
:1034F000D8FC014603480CF0DEFC0120FFF7F8FE83
:10350000002010BDA044002008B5064A0B7EC2F87A
:103510000C3543F48073C2F80C35087EFFF78EFD3E
:10352000002008BD0070024010B50C7E4FF0FF3245
:103530004FF0FF33114803F09FFF2046FFF7BEFC1A
:1035400004F00F02012393400D4A14F0800F14BFC2
:10355000D2F81015D2F814156FEA030315BF0B400B
:103560000B40C2F81035C2F81435044803F050FF80
:10357000044B8022C3F80421002010BD140A00204F
:103580000070024000E100E02DE9F04FBF4D85B032
:1035900004464FF0FF384FF0FF390022CDE9008993
:1035A0004FF0FF31BA480EF04AF9B9484FF0FF31F9
:1035B0000EF041F90746380733D5B64AB64803211D
:1035C0000CF077FCB54842464B4603F055FFEFF34D
:1035D0001182202383F31288BFF36F8FB04B1B78C7
:1035E0007BB1D5F8003413F400730AD10121C5F87A
:1035F0002C15D5F82C15D5F80014890548BFC5F849
:103600002C3582F31188BFF36F8FA44803F000FFBD
:1036100001212046FFF722FB0022032120460CF067
:103620005DF9FE060DD59F4A9B4803210CF041FC35
:1036300000212046FFF712FB0022022120460CF059
:103640004DF9B8060DD5984A934803210CF031FC8A
:1036500000212046FFF702FB0022022120460CF049
:103660003DF9B90761D4FA0710D5BFF35B8F8F4BD3
:10367000002253E8008F43E800210029F9D1BFF36D
:103680005B8F0126B8F1000F40F0C080790734D578
:10369000874B4FF0000C83F800C0D5F88004C0B20F
:1036A0008DF80800D5F88414C9B28DF80910D5F842
:1036B0008834D5F88C2443EA02239BB2ADF80A3053
:1036C000D5F89024D5F8946442EA0622ADF80C208F
:1036D000D5F89824D5F89C6442EA062292B2754E39
:1036E000ADF80E20002840F0AA80052940F0A78000
:1036F00001213170002A00F0AE807B067FF549AFD2
:10370000206984304FF0FF324FF0FF3303F08CFD1F
:10371000694E3168002940F0DD80684804F026F9E0
:103720002069843003F0F2FD33E7654BBFF35B8F14
:10373000002253E8008F43E800210029F9D1BFF3AC
:103740005B8F4FF0010AB8F1000F8CD098FAA8F304
:10375000B3FA83F30F2B1E46C6BFA3F11006F6B2D1
:1037600046F080060AFA03F328EA030833063146D6
:1037700020462FD50CF079F883460CF09EF8814650
:1037800050B9504A44483346012108F079F931468E
:103790002046FFF7C3FCD6E7002158460CF072F82C
:1037A0000022494620460CF0A5F8802EEFD1404B70
:1037B000002183F800A02046C5F850A00CF055F871
:1037C0000CF07BF801460028E1D0002220460CF0E6
:1037D00091F8DCE70CF049F883460CF06EF881466E
:1037E00050B9394A2C483346012108F049F931468D
:1037F0002046FFF7C9FCA6E7584600210CF042F826
:103800000022494620460CF075F8F0E798FAA8F334
:10381000B3FA83F30F2B1946C6BFA3F11001C9B247
:1038200041F0800106FA03F30A0628EA030820465D
:1038300002D5FFF773FC25E7FFF7A6FC22E7234A32
:1038400086F800C0D5F8703412789A420AD1204B1D
:1038500000221A7014E003F07F03ADF80A30ADF8CF
:103860000C20F4E71A4A0123137033704FF4A0635D
:10387000ADF80830D5F87034ADF80A30CDF80CC08A
:1038800002A920460CF05DF837E700BF0070024047
:10389000440A0020AF78050028330500140A0020F0
:1038A000DA4E0020C6780500DC780500A044002030
:1038B000DF4E0020DE4E002048420020600A00203B
:1038C0009C440020F47805000D790500DC4E0020B2
:1038D000DD4E002091FAA1F7B7FA87F70F2F39468E
:1038E000C6BFA7F11001C9B241F0800120460BF01C
:1038F000BCFF804690F818904FF0FF324FF0FF3336
:10390000134803F0B9FD4846FFF7D8FA104803F012
:103910007FFD104B8022C3F80421414620460CF065
:1039200001F8002140460BF0ADFFBFF35B8F012390
:10393000BB40094ADB4352E8000F184042E800014F
:103940000029F8D1BFF35B8F326813403360E0E6A3
:10395000140A002000E100E09C4400204FF0805356
:10396000D3F83031082B02BF024B0022C3F81C2CC5
:10397000704700BF007002402DE9F04105464FF04E
:10398000FF324FF0FF33414803F076FD404B802279
:10399000C3F884212720E8F77BF9A8B13D4F3E4BBF
:1039A0003C681B686FF30F041C434FF00108002CA8
:1039B00037D13A4E40F2FF133B602720C6F804454A
:1039C000E8F752F9C6F80043354A13788BB1334B08
:1039D0000021C3F808110121C3F80026C3F804161A
:1039E0005960D3F808110029FBD00021C3F8081151
:1039F00011702A4B0024C3F80045FFF7AFFF23489E
:103A000003F006FD21462846FFF7B8F9F0B1254A34
:103A1000254801210CF04DFA6FF004052846BDE859
:103A2000F08194FAA4F6B6FA86F60F2E3346C6BF96
:103A3000A6F11003D8B243F08000030701D4FFF7CA
:103A40003DFA08FA06F624EA0604B0E72846802183
:103A5000FFF794F905460028D9D1144B14491E6884
:103A6000304607F07BFB10F1780F044603D1304657
:103A700007F050FB0446002CD0DA0E4A0A482346D1
:103A8000012107F0FDFF2546C8E700BF140A00200A
:103A900000E100E05442002050420020007002404B
:103AA000D74E00202A790500283305000442002063
:103AB000F44100204D7905002DE9F04FAD4BDFF8C2
:103AC000B8A2D3F85421AD4F87B00AB30022C3F88F
:103AD0005421D3F8042391021AD5D3F8C034002B13
:103AE00014BF4FF001224FF48072A54B9B683BB985
:103AF0009AF800000CF0D5F90123834022EA030272
:103B00003B6813439F4A3B60136823F00123136013
:103B1000984BD3F8604134B10022C3F86021D3F848
:103B20006C44C3F86C44D3F828214AB10022C3F88E
:103B30002821954B18780CF0B4F9012383401C43DD
:103B40009AF800509AF900802A0700F10B81B8F129
:103B5000000FB4BF8D4B8E4B05F00F029200134443
:103B60001A684AB300221A602846FFF78BF9894B7E
:103B70001A7800F0010050401870FFF7EFFE864BF6
:103B800028461A680CF08DF9C240D307064600F1AA
:103B90002381B8F1000F80F20F81882D00F00C8195
:103BA000784A01231168B3400B43136081238AF8DC
:103BB0000030734803F02CFC8CB13B68714ADFF88D
:103BC000DC9124F001210B433B60136823EA0103DD
:103BD0001360A4B24FF00108002C40F00381654B44
:103BE000D3F800217AB10024C3F800416C4B1C705B
:103BF0006C4A6D4803210CF05CF9684B224618684A
:103C000004210BF06BFE5B4BD3F858212AB3002242
:103C1000C3F85821D3F80044C3F80044E00505D5A3
:103C20005F4B012208201A70FFF762FBA10505D542
:103C30005B4B002210201A70FFF75AFB62050CD56F
:103C4000574B1A784AB100221A704A4B0122C3F826
:103C5000082520209A65FFF74BFB464BDFF838B16B
:103C6000D3F85C31F3B1464B9B681BB99AF800302E
:103C70005B0617D03F4B0022C3F85C21DBF8003015
:103C8000404A23F00113CBF800303B6823F4803323
:103C900043F001033B601368042023F00113136019
:103CA000FFF726FBDBF800403B681C4000F0338147
:103CB000304BD3F82C95B9F1000F40F02C813048EF
:103CC0000022002303F0D8FB002840F0248114F0E8
:103CD00001230CBF94FAA4F393FAA3F3B3FA83F38A
:103CE0000293029B9DF808400F2BC8BF103C2B4B42
:103CF000CCBFE4B244F08004186821460BF0B5FD57
:103D000003900BF0DEFD63B2049304F00803059307
:103D100063B2002B064680F29C80039B058A5B8B76
:103D2000D0F80C80C3F30A039D4240F28C801D46FC
:103D3000002608F06043B3F1005F06D041461B48FF
:103D4000DFF868802A460EF01EFF002E00F0B380D8
:103D5000029B01229A40DBF8003023EA0203CBF8F1
:103D60000030A8E0124B134A33EA280328BF134659
:103D7000F6E600BF00700240D84E002054420020FA
:103D8000140A00204C420020D94E00200871024045
:103D900030710240D74E002050420020584200208F
:103DA000DA4E00206479050028330500084200201F
:103DB000507102402C710240634831460CF07BF890
:103DC0000220FFF795FAB8F1000FFFF6E9AE013DCA
:103DD000062D7FF6E5AEE9E6002DF4D15B4B01221E
:103DE000DA64E3E694FAA4F5B5FA85F508FA05F382
:103DF00045F080052946D9F8000024EA03040BF0B9
:103E000034FD0BF05EFD06462846FFF73BF8014601
:103E100006F10C0008F0B8F9338A002B7FF4DCAE11
:103E200030460BF052FD18B130460BF052FDD3E690
:103E300028460CF036F8014643480CF03CF80220C6
:103E4000FFF756FAC8E60BF040FD80F00106F6B227
:103E50006FE704F008023D4B002A5FD0D3F8C0346E
:103E600013F4803F08BF9946328AF368758A03EBE2
:103E70000208AD1A72699B1AED1A4D4553D2344AA5
:103E8000344800954B46012107F004FE294606F10F
:103E90000C0008F040F9039B5B8BC3F30A034B450E
:103EA0007FF456AFF2687169738A521A9B1A328A8C
:103EB00093423FF44DAF4FF080530121D3F830319E
:103EC000082B02BF214B8222C3F81C2C029B3A68AC
:103ED0008AF8004001FA03F322EA03023A6004F090
:103EE00008021A4B0ABB049A04F00F04002A4FF090
:103EF000140202FB0432A9BF0A3403EB8403C2F8A4
:103F00000087C2F80457AFBF43F82410C2F80086F8
:103F1000C2F80456596007B0BDE8F08F04F59472FA
:103F200053F82290A0E74D46B0E7049A002AB5BFA7
:103F3000C3F8A086C3F8A087C3F8A456C3F8A45753
:103F4000B4BF59629964E6E79C44002000700240C7
:103F50006A7905002833050010B5EFF3118420239A
:103F600083F31288BFF36F8F164B1B7803F0FF02A9
:103F7000CBB11549D1F82C3513B30023C1F82C353A
:103F80004FF08053D3F83031082B0CD10F4BD3F8BE
:103F9000000CC02188B949F27530C3F8000CC3F891
:103FA000141CC3F8000C84F31188BFF36F8F002A30
:103FB0000CBF6FF00A00002010BDC3F8141CF2E71C
:103FC0001A46F0E7DA4E00200070024000E006409A
:103FD00073B500220092114640230446FEF78AFE84
:103FE000024648B1604A614801210BF062FF6FF060
:103FF0000404204602B070BD00904023204680217A
:10400000FEF778FE04460028ECD15949594B486028
:10401000C860012618688E6007F031F8051E07DABF
:10402000554A52482B46314607F02AFD2C46E0E718
:10403000EFF31185202383F31288BFF36F8F4F4B6B
:104040004FF40062C3F800240BF01DFF08B1FEF727
:1040500081FF4FF08053D3F83031082B18D1EFF3A4
:104060001180202383F31288BFF36F8F444BD3F862
:10407000001CC022002970D149F27531C3F8001C20
:10408000C3F8142CC3F8001C80F31188BFF36F8FA2
:104090003A4B0122C3F80025D3F800241205FBD5C2
:1040A0004FF40062C3F800244FF08053D3F830314E
:1040B000082B17D1EFF31180202383F31288BFF36D
:1040C0006F8F2F4BD3F8001C002949D149F275326C
:1040D000C3F8002CC3F8141CC3F8002C80F311881B
:1040E000BFF36F8F0BF0CFFE30B1FEF751FF0BF037
:1040F000CAFE08B1FEF72EFF4FF08053D3F83031DF
:10410000082B1E4B0AD140F2E372C3F8002840226C
:10411000C3F80428BFF36F8FBFF34F8F8022C3F81B
:104120001C250122C3F83025164B40F2FF121A60FD
:10413000154B00211960154B1960154B1970FFF7CD
:104140000DFC144B19700BF09EFE08B1FEF720FF1A
:1041500085F31188BFF36F8F4BE7C3F8142C93E7F7
:104160000022C3F8142CB9E789790500283305002B
:10417000F441002004420020AB79050000700240A9
:1041800000E0064054420020504200204C420020F3
:10419000D74E0020D94E0020084B70B5C31A0D46EB
:1041A00007499B1004465943064840220BF0C9FEBC
:1041B0002B4601462046BDE870401847B844002011
:1041C000B76DDBB6AC2D050073B50C4C0C4A402323
:1041D000041B00930D460B460A49A4106143064692
:1041E00009480BF0DAFE014628B130462B4602B0F2
:1041F000BDE87040184702B070BD00BFB844002051
:1042000007000500B76DDBB6AC2D05000022F8B540
:10421000012105461046E7F749FD104801F04CFE24
:104220000446B8B901F068FE2F690D49384606F01A
:1042300013FF031E09DB01263E642D69084905F1C1
:104240001C0006F009FF031E02DA1C462046F8BDDA
:10425000EE64FBE76FF00404F8E700BF8D43040051
:10426000544005001FB500220123CDE902236C460E
:10427000074A6B46CDE900440BF0BEFE28B94FF467
:1042800080420023684603F0F7F804B010BD00BF79
:104290001900050010B5EFF31184202383F3128871
:1042A000BFF36F8F074A136823F00201DB07116029
:1042B00002D401200CF012FA84F31188BFF36F8F3F
:1042C00010BD00BF0845002030B4104B0C2202FB8B
:1042D000003301460020D3E90E529863EFF31180BA
:1042E000202484F31288BFF36F8F1C6C04F0C00489
:1042F00044F002041C6480F31188BFF36F8F1DB17A
:104300002B46034830BC184730BC7047B8440020E7
:10431000AC2D050010B4EFF31180202282F3128837
:10432000BFF36F8F17490B6843F0020413F00103CA
:104330000C601AD04FF08043D3F80C14D3F80C342F
:1043400013F0010311D0EFF3118182F31288BFF350
:104350006F8F0D4A136C03F0C00343F00203136424
:1043600081F31188BFF36F8F012380F31188BFF3AE
:104370006F8F1BB110BC0020FFF7A6BF10BC01203F
:104380000CF0A4B908450020B844002010B1012861
:1043900004D07047034B1B6C5B0701D1FFF794BF40
:1043A000704700BFB8440020024AC3B21C2000FB83
:1043B00003207047B8440020094BBFF35B8F53E8DC
:1043C000002F42F0010143E800100028F7D1BFF3AD
:1043D0005B8F930702D401200CF078B9704700BFBF
:1043E0000845002010B5EFF31184202383F31288D1
:1043F000BFF36F8F074A136823F001019B07116019
:1044000002D401200CF06AF984F31188BFF36F8F96
:1044100010BD00BF084500202DE9F0413849BFF329
:104420005B8F8046012251E8003F41E800200028D0
:10443000F9D1BFF35B8F33B9324933484B60CB605E
:104440008A6006F01CFE08F1FF33012B4BD8B8F14F
:10445000010F07D14FF08043D3F81C3403F003035E
:10446000012B40D00CF087FF054658B1EFF31186C1
:10447000202383F31288BFF36F8F0125234F4FF062
:1044800080441EE0224B1B78002BEFD04FF080437E
:104490000222C3F808230646F0E735B3304607F09A
:1044A0009EFDD4F8183563B9D4F804214AB1C4F894
:1044B0000431D4F804310123C4F81835C7F8803129
:1044C000A360D4F81824D4F81834D203E5D503F047
:1044D0000303012B02D0B8F1010FDED155B186F3F1
:1044E0001188BFF36F8FBDE8F081002121200DF00E
:1044F00009F8D6E74FF080430222C3F80423F2E71D
:10450000B4440020A4440020D444002000E100E092
:10451000054F002008B507480CF037FC38B10648B5
:10452000E7F77AFE0448E5F7B7FB002008BD6FF017
:104530001200FBE7002E05003D4504000A2838B5AF
:10454000074D044604D1AB680D215B6828469847A7
:10455000AB6803485B68E1B29847204638BD00BFAE
:10456000002E0500EFF31182202383F31288BFF39E
:104570006F8F0A4BD3F8001161B10021D3F8080501
:10458000C3F80011D3F80031C0B282F31188BFF331
:104590006F8F70476FF00A00F7E700BF00D0004050
:1045A000F0B503468478C678EFF3118E202080F3AF
:1045B0001288BFF36F8F1D7893F801C0641B3440DD
:1045C000A24288BFA2B2AF18374028461F708EF3B0
:1045D0001188BFF36F8F8F188F4218D165450CD1AA
:1045E000EFF31181202080F31288BFF36F8F1878CA
:1045F000587081F31188BFF36F8F1B79A41AA342FF
:1046000028BF074B90B224BF01221A60F0BD03EB14
:10461000000E01309EF805E001F801EB3040DBE7C9
:1046200000D00040DB432DE9F04713F001050F46B1
:10463000144604D02448FFF7B3FFBDE8F087B2B3B7
:10464000EFF31186202383F31288BFF36F8F0D20C1
:10465000E7F71EFB80460D20E7F706FB86F311887F
:10466000BFF36F8FDFF864A0194ECAF80051DAF873
:1046700000314FF400590123CAF800302546C6F82E
:104680008091DAF80031A3B1FFF76CFF031EA4BFDD
:1046900005F1FF35ADB2C6F88091A8BF7B55002D5E
:1046A000EFD1B8F1000F02D00D20E7F7CFFA204686
:1046B000C3E7EFF31180202383F31288BFF36F8FDA
:1046C00007F08DFCDDE700BF2C45002000D0004046
:1046D00000E100E070B50D4614460CB9204670BDEF
:1046E0004FF0FF334FF0FF320C4802F0C5FE224678
:1046F00029460B48FFF754FF0646084802F088FE9B
:104700003EB94FF0FF324FF0FF33064802F0B4FEDF
:10471000E6E7A41BA4B23544DFE700BF0C45002048
:10472000414500201C45002038B50122114617489C
:104730000CF0F5FC154D0122002105F110000CF0E4
:10474000EEFC40F207432B874FF070632B620C2383
:1047500085F8243000240E4B85F83540EC86D3F8DC
:10476000042542F00102C3F804250121C3F80041E9
:10477000D3F80021C3F80413224619600D20E7F78F
:1047800095FA0D20E7F762FA204638BD0C45002067
:1047900000D0004010B5FFF7E5FE002820DB174BE6
:1047A00093F8222093F8214093F82310141B31EA48
:1047B0000404C0B20DD193F8372093F8364093F833
:1047C0003810141B31EA04040BD10D4B01225A603E
:1047D0000EE09C180132114084F8250083F8221065
:1047E00010BD9C180132114084F83A0083F837104C
:1047F0000448BDE8104002F00BBE00BF0C4500208D
:1048000000D000401C450020024B0B6001231360C8
:10481000704700BFE440050000487047784005003D
:1048200030B50D4685B0A8B14168B9B1D1E90013E2
:104830008468ACB1D4E900249CB193B19C4209D105
:104840005C1C092C03780FD9104A114800940221EE
:1048500007F020F96FF0150005B030BD0B46E7E713
:10486000224601331C44ECE78DF8083040F2011376
:10487000ADF80A3002A800238DF809408DF80C30FD
:104880008DF80D5002F0E6F8E6E700BF227A050049
:10489000F83205002DE9F04F8DB0436800AF5E6B34
:1048A00007F1240581462A46002130460BF031FDF0
:1048B000041EC0F298807B6A32681979186800F08B
:1048C0001BFE041EC0F28F80002201212920E7F781
:1048D000EDF9D9F804A0D9F810209149504602F01A
:1048E0009BF8041E7ADB00237B62C5E901338D4C03
:1048F000AB2387F82430D4F82415C9B27960D4F8F2
:104900002825D2B2BA60D4F83035DBB2FB60D4F8D7
:1049100034055FFA80FBD4F83805D4F83C655FFABB
:1049200080F84FF0FF30C4F82405C4F82805C4F817
:104930003005C4F83405C4F83805C4F83C05012036
:1049400002F0DCF87968FF2908BF4FF0FF31C4F8A6
:104950002415BA68FF2A08BF4FF0FF32C4F8282593
:10496000FB68FF2B08BF4FF0FF33BBF1FF0FF6B220
:1049700008BF4FF0FF3BB8F1FF0F08BF4FF0FF3803
:10498000FF2E08BF4FF0FF36C4F83035C4F834B5F9
:10499000C4F83885C4F83C65064648BB014628463D
:1049A000FFF73EFF041E19DB08200CF0D2F90322AA
:1049B000C7E908269F236E6007F1180B07F11C0852
:1049C00031462846C7F81CB087F82430C7F82C8039
:1049D000FFF726FF041E4FF003020CDA02F0AAF8DC
:1049E00008B102F097F820463437BD46BDE8F08F95
:1049F0006FF00404F2E759460AF130000EF0F2F8C5
:104A000018B36C468CB097F818E097F819C0BD7EC3
:104A10009AF830009AF831109AF832306A46DFF886
:104A200008810B930823CDE9058ECDE907C5CDE9B3
:104A3000090142F8103F3D48334644F24001E6F791
:104A400043F8A5466FF01204C8E7D9F80420537F55
:104A5000023B012B12D9167F023E022E8CBF00268C
:104A6000012602200BF084FB041EB14608DA304A0E
:104A70002E482346012107F003F8AFE70126F0E7AF
:104A8000E3B2C4F34004B44201D10024A6E783F0AA
:104A9000020300260120BE827B750BF069FB041E19
:104AA00021DA244A21482346012106F0E9FF224A5F
:104AB000224B6D468AB0B9F1000F18BF13466A4603
:104AC0001F490794CDE905134FF40073ADF820306A
:104AD0001C4B42F8103F154800234FF41151E5F7E5
:104AE000F3FFAD467AE707F11403FB610223C7E940
:104AF00008360121AE6028463C7587F82410C7F8B7
:104B00002880FFF78DFE041E07D101200BF030FB3B
:104B1000041ECCDBE307F8D4B7E7BFF65FAFC6E708
:104B2000F7000500009002404B7A0500F8320500BE
:104B30007D7A05008D7A05005C680500457A0500E0
:104B4000A67A0500040000012DE9F04F824687B0E7
:104B50000E461C46904672B17BB1002904DB4268C8
:104B6000D26A0B4493420CD93F4A404800943346E2
:104B7000012106F08FFF6FF01504204607B0BDE855
:104B8000F08F754205F003050BF0DEFAA54228BF51
:104B90002546D8F1000303F0030308F0030758BFCC
:104BA0005F427F4207F00307A74228BF2746631BE7
:104BB000E41B24F0030423F00309A145C8BFA14668
:104BC00003F0030BC8BFA3EB040BB9F1000F17D020
:104BD00008EB070349467219184603930CF0AAF82C
:104BE00004460146DAF810000BF08BFAACBBBD426C
:104BF00006D0039B4A46194608EB05000DF0D1FF8D
:104C0000A5B104ABC5F104070421F21B18460CF052
:104C100091F804460146DAF810000BF072FAE4B994
:104C200004AB2A46D91940460DF0ADFFBBF1000F89
:104C300017D0721908214A4404A80CF07BF80446E6
:104C40000146DAF810000BF05CFA34B909EB050004
:104C50005A4604A940440DF096FF50460BF05AFA0C
:104C60008BE75C46F9E700BFB77A0500F83205002C
:104C70002DE9F0430E4685B0416807461D46904633
:104C8000A2B19BB1042B01D9AB070FD116F00304DD
:104C90000CD1002E03DBCA6AAB1993420CD9334AFC
:104CA000334800953346012106F0F4FE6FF01505F8
:104CB000284605B0BDE8F08338460BF045FA20469B
:104CC0000BF074FA00284DD1032D1AD80421324676
:104CD00003A80CF02FF80446014638690BF011FACE
:104CE0008CBB2A46414603A80DF04DFF32460421F5
:104CF00003A80CF01CF80446014638690BF001FAD1
:104D000021E008F06043B3F1005F02D118F0030F17
:104D100024D0042DA94628BF4FF004094A46414635
:104D200003A80DF030FF4946324603A80BF0FFFF01
:104D30000446014638690BF0E4F924B9B5EB0905DE
:104D4000C8444E44E5D101200BF030FA0546384600
:104D50000BF0E0F9002C18BF2546A9E7324629469A
:104D60004046C6E76FF00404EDE700BF007B050096
:104D7000F83205002DE9F7430B46D0F804C007468A
:104D8000C1F30B01154622B1C2F30B0252EA010432
:104D900005D06FF01505284603B0BDE8F0831E1E50
:104DA00004DBDCF82C10AA198A4206D9374A3848A5
:104DB0000095012106F06EFEEBE70BF0C5F92046E9
:104DC000D7F804800BF0F2F900285CD1D8F82C3029
:104DD000AB4226D10BF0B1FFA94604463869214603
:104DE0000BF08FF9002C4AD14E44A5EB09050021A8
:104DF0004FF4A4700CF086FB01200BF0B9F9041EEF
:104E000035DB14F00104F2D1002DDFD101200BF0CD
:104E1000CDF9002C14BF2546054638460BF07AF92B
:104E2000B9E7B5F5803F09D3B3B253B93146012094
:104E300001F08AFE4FF480390446CFE7B5F5805F74
:104E400009D3C6F30B0030B9314601F07DFE4FF4B3
:104E500080590446C2E70F4A0D48009533460121A8
:104E600006F018FE4FF000096FF01504B6E70A4A85
:104E7000009533460648012106F00CFEC6E7074AB6
:104E800000953346F6E76FF00405C6E74A7B050058
:104E9000F8320500947B0500B27B0500CF7B05004E
:104EA000024B0B6001231360704700BF5045002088
:104EB00000487047EC40050007B50346054A0091DD
:104EC0000548012106F0E6FD6FF0150003B05DF81E
:104ED00004FB00BF007C05009832050010B50122DC
:104EE00011460748074C0CF01AF9FBF7E1FA0BF0F2
:104EF000F9FE20600BF0F2FE6060002010BD00BFE4
:104F000058450020504500204FF08042D2F810153F
:104F1000D2F8103501F01E0123F01F030B4343F0BC
:104F20000103C2F81035024B00221A70704700BF0F
:104F3000E04E00204FF08053D3F83031082B20D1C1
:104F40004FF08042D2F81015CB071AD5D2F81035A1
:104F500001F01E0123F01F030B43C2F81035D2F8F5
:104F600008315BB1D2F8103523F01F030B4343F037
:104F70000103C2F810356FF08B007047024B01221D
:104F80001A700020704700BFE04E0020F8B50446BC
:104F90000BF0A4FE237B05460BB1FBF79FFA134FE2
:104FA0000026FFF7C7FFE8B9606801F041FAA3687F
:104FB0005B1BA36063682B4463603B780BB1FFF716
:104FC000A3FF237B01363BB9A368002BE9D1A0687E
:104FD000003818BF0120F8BD3046E3F7B1FD0028C6
:104FE000F2D0F4E76FF08B00F5E700BFE04E002051
:104FF00070B5037B04460BB1FBF770FA194E01251F
:10500000A368032B06D8184AD2F80034DB07FBD577
:10501000002070BDFFF78EFF08BB23686068196829
:1050200001F022FA33780BB1FFF76EFF63680433A7
:105030006360236804332360A368043BA360237B7D
:105040000135002BDCD02846E3F77AFD0028D7D0C5
:10505000054AD2F80034D907FBD50120D9E76FF013
:105060008B00D6E7E04E002000E00140F0B589B0AB
:105070000E4615460BF032FE2946074630460BF029
:10508000B3F860B3B6FBF7F307FB136323B9B5FBC3
:10509000F7F407FB14545CB11F4A009533461F48D0
:1050A000012106F0F7FC6FF01504204609B0F0BDB1
:1050B000BD42FAD34FF0FF334FF0FF32184802F0F1
:1050C000DBF9FBF707FA04AB014660B9102218467A
:1050D0000DF080FDCDE90565FFF758FF16E0114A98
:1050E00000953346DBE71022214618460DF072FD8D
:1050F00001228DF81C200C4ACDE902200B48CDE995
:105100000565FBF7DFF902A8E3F77AFC04460448DB
:1051100002F07EF9C9E700BF1D7C0500983205004A
:1051200058450020007C05008D4F0400645E01009E
:1051300070B50D4688B01946284616461C460BF039
:1051400053F858B91D4A00942B461D48012106F01A
:10515000A1FC6FF01504204608B070BD45EA0403B9
:105160009B0703D0174A00942B46EEE7002CF2D0A1
:105170004FF0FF334FF0FF32134802F07DF9FBF799
:10518000A9F90346CDE9046504A806948BB101236F
:105190008DF81C300D4BCDE9023041F64C50FBF739
:1051A00091F902A8E3F72CFC0446074802F030F915
:1051B000D1E78DF81C30FFF71BFFF5E7007C0500F9
:1051C000983205003C7C050058450020F14F040052
:1051D0002DE9F043476840F20636D0063B7C87B0A5
:1051E00002EA060654BFC2F3401C4FF0030C01F064
:1051F0001F05B6F5837F144645EA43158DF803C0B5
:1052000044D00DD8062E16D005D8A6B1022E3FD018
:105210006FF0150037E0B6F5807FF9D101260AE07E
:1052200040F20222964235D0B6F5407F34D0B6F532
:10523000007FEDD10226220330D57A6801238B400E
:10524000C2F80835B868A0BB05F01F036D092DD062
:10525000012D77D13E4A02EB8302C4F30043D2F81A
:10526000001783F00103C4F3404444EA430421F4EB
:10527000E16144EA8C0421F0070144EA06230B4370
:10528000C2F80037002007B0BDE8F0830726D2E758
:105290000426D0E70526CEE70326CCE7630341BF0B
:1052A00001237A688B40C2F80C35CBE74FF0A0425F
:1052B000D1E70DF1020229460BF080FC14F4403FC7
:1052C00080460CD1B86829460BF0ADFCB8F1000F50
:1052D000D8D19DF80210B86800F0A6FFD2E74FF0D1
:1052E000000901ABCDE90199CDE90439CDF80C9065
:1052F000B86803AA29460BF036FB4845C2DB14F414
:10530000003314D0C4F300449DF803308DF80E3000
:1053100084F001048DF80C608DF80D40B8684B46A0
:1053200003AA29460BF0D2FB0028CFDAAAE7CDE981
:1053300004330DF103030393B86803AA29460BF065
:1053400012FBF1E703F5E07350F82330FFDE00BFF6
:1053500000030050420970B5034602D0012A17D05D
:1053600070BD0D4E326951680029F9D003F01F035A
:1053700001250C689D400029F2D08A682A4002D09D
:105380004B68304698472CB1236821461C46F2E70B
:10539000024EE7E72346F8E7E42D0500C82D050097
:1053A00038B54568A86890B10BF037FC014670B974
:1053B000A8680BF016FC044658B902460649A868CE
:1053C0000BF0F9FB224605210620E6F76FFC0020D2
:1053D00038BD6FF00400FBE755530400F0B5456895
:1053E0001646A8682A7C01F01F0487B044EA4214DC
:1053F000002869D0B6F5001F04D121460BF066FCE9
:10540000002052E001AA0020B6F5800F0190506004
:1054100037D1B3F1007F14BF052304238DF8043086
:105420000023CDE904230393EB6823FA01F111F083
:1054300001010DF103073AD1B6F1A07F37D104F095
:105440001F03620903F5E07326D0012A3FD1214AE8
:1054500052F82330DB072AD4A8683A4621460BF0DD
:10546000ADFB16301BD00297A86803AA21460BF0AB
:105470007AFA002819DBA868012221460BF0D5FB37
:10548000BEE7B3F1C06F05D0B3F1007F14BF0123B5
:105490000223C3E70323C1E74FF0A042D8E7A8687F
:1054A000394600F0C7FE0028DDDA07B0F0BDA86875
:1054B0003A4621460BF082FB0028D5D19DF8031017
:1054C000A86800F0B1FECFE76FF08500EDE751F876
:1054D0002330FFDE00030050036803F01F025B0966
:1054E000026004D0012B034818BF002070474FF022
:1054F000A0407047000300502DE9F04F00EB8109F8
:10550000614985B01546834640F2FF1AD94503D15B
:10551000002005B0BDE8F08FDBF80020C2F3C728FB
:1055200018F00808C2F3C320C2F3080440F0A680B4
:10553000564B120E1E5C544508BF4FF0FF34222A12
:1055400000F29F80DFE802F012222633292F339DDC
:105550009D9D9D36409D9D9D9D9D9D9D9D9D437EB8
:1055600081849D9D9D878B8E91949700C5F80C45F5
:10557000621C64D003A80394FFF7AEFF039A0127CF
:1055800007FA02F2C0F80825384636E0C5F8144597
:10559000002715E0C5F80845EAE7C5F808450027E3
:1055A000601C1FD14BE0C5F80C450127F8E7C5F892
:1055B0001045EDE7C5F80845002EE9D1002706267D
:1055C000631C3CD0002018E0C5F80C45F4E7C5F892
:1055D0006045BBF80220671C02F001022FD0002AB0
:1055E000C8D1012703A80394FFF776FF039A8446E6
:1055F000012000FA02F2CCF80C25DBF80020019221
:1056000002F4004CBCF1000F08BF804603A818BF8D
:1056100001270394FFF760FF039C019A00EB8400CD
:10562000C2F3412CD0F80047320242EA8C0242EA2F
:1056300008020C40224342EA4702C0F800270BF15F
:10564000040B63E7C5F86445C3E7C5F86845C0E7E0
:10565000C5F86C45BDE7C5F824450127B0E7C5F896
:10566000284585E7C5F83045F7E7C5F83445F4E740
:10567000C5F83845F1E7C5F83C4579E76FF0150006
:1056800047E76FF0850044E7F0F8FCFF1280050063
:105690002DE9F041044647680D460BF06CFE88B1D9
:1056A0004FF02008EFF31186314688F31288BFF3DC
:1056B0006F8F60680AF0EDFE50BB86F31188BFF370
:1056C0006F8FEFE71F4B1B78002BE9D04FF02008BE
:1056D000642660680AF0DDFE70B901200AF0A5FFBB
:1056E000013EF6D1002121200BF00CFFF0E786F3FC
:1056F0001188BFF36F8FF5E7EFF31186314688F31A
:105700001288BFF36F8F60680AF0C3FE0028EED0E6
:10571000BB691D706368BA691B680020C3F8442523
:105720000122C3F84825C3F82001D3F82041C3F86B
:105730005801D3F858019A6081F31188BFF36F8F35
:10574000BDE8F081054F00202DE9F041002205461B
:1057500001210220E6F7AAFA0220E6F777FA6C6840
:105760000121E0680AF0E9FE6B681A682369C2F853
:105770002435617D237D0B43A17D0B43C2F86C353D
:105780006F68D7E9004313F0010318D0D5F81080F3
:1057900004F10C0108F10C0204F590700AF082FF8C
:1057A000061E07DA224A2348012106F060F9304636
:1057B000BDE8F08198F80C0000F06AFB0123082294
:1057C000C4F80025BA69C4F8442501210022C4F8B0
:1057D0004825A1606BB9D4F82031002BFBD0C4F868
:1057E0002021D4F820310123E3604FF48073C4F802
:1057F0000433D4F85831002BFBD00021C4F8001535
:105800006D682C68E8680AF098FE0823C4F8003533
:105810002A7A52B9EB69C4F834350123C4F8383513
:10582000C4F81021D4F8102123600026BFE700BF80
:105830009A7C05001833050070B5012383400F4A98
:10584000BFF35B8FDC4352E8001F01EA040542E826
:105850000056002EF7D1BFF35B8F4FF480328240A9
:105860000748C0F80823BFF35F8FBFF36F8F03EAC9
:105870000100003818BF012070BD00BF8445002022
:105880000010014070B41249D1E90034D01AC31895
:1058900044F1000422F07F46C1E90034A6F500136C
:1058A000B3F5400F09D20B4B1B681A0A1B069C1953
:1058B000094B42F10005C3E90045EFF311812023B4
:1058C00083F31288BFF36F8F70BC02F073BD00BF0B
:1058D00088200020884500209020002011B3BFF3CD
:1058E0005B8F0123104A834052E800CF4CEA030C3F
:1058F00042E800C10029F7D1BFF35B8F0B4A4FF498
:1059000080338340C2F80433094BBFF35B8F1B68BD
:10591000BFF35B8FC340DB0742BF064B4FF400323F
:10592000C3F80021704700BF8445002000100140EB
:105930008045002000E100E00D4B1868010A0006D8
:10594000BFF35F8F0B4BD3F80435181841F10001FA
:10595000B3F5801F0AD2084BD3E90023904271EBC4
:10596000030303D210F1807041F10001704700BFC2
:105970008845002000100140902000202DE9F04FC4
:1059800085B016461F469DF840A00446FFF754FF19
:105990000190FFF7D1FFB04271EB07035ED23E4B9F
:1059A000301A67EB0101984271F1000109D36FF0E1
:1059B000150520460199FFF791FF284605B0BDE87F
:1059C000F08F364B03EB0413D3E902239F4208BF49
:1059D000964254D032494FF4803804F1500508FA09
:1059E00004F8AD00C1F848832046ADB20AF0FDFDD1
:1059F00026F07F4B05F1804504F5A87305F5883541
:105A0000DC464FF003090293029A2CF07F4341F8E1
:105A10002230C1F84483D1F80435224A6FF00200E5
:105A2000C01A604420F07F40904228D9286868B1AD
:105A3000D1F804350393A3EB0B0020F07F40B0F5C1
:105A4000000F1CD920460AF0D0FD039BBAF1000FCD
:105A5000ADD109EB030C09F10109D5E7BAF1000F4B
:105A6000A5D10123104ABFF35B8FA34052E8000F7A
:105A7000184342E800010029F8D1BFF35B8F0749C2
:105A80000E98230101EB0412C8500F9B5360C2E92A
:105A9000026700258DE700BF01008000782000200C
:105AA00000100140FDFF7F00804500207FB51C4CA9
:105AB0001C4BC4F80833C4F848331B4B00254FF087
:105AC000FF304FF0FF31C4F80855C3E902014FF42D
:105AD0008033C4F80433154B02264FF40032012101
:105AE000C4F804631120C3F880212A46E6F7DEF8E3
:105AF0001120E6F7ABF80E4A0123A3602360136080
:105B00000C4B0D4A0093CDE9015500232846FFF7C1
:105B100035FF3046FEF780FC284604B070BD00BF5C
:105B20000010014003000F007820002000E100E099
:105B30008445002085580400FFFF7F002DE9F743CE
:105B40002E4CD4F8043399070BD5D4F8043143B163
:105B50002B4A0023C4F80431D4F80431136801330C
:105B60001360D4F80433DA0343D5BFF35B8F254BBE
:105B700053E8002F22F0010143E800100028F7D17C
:105B8000BFF35B8FD30702D4D4F840318BB3002529
:105B9000C4F84051D4F84031FFF7CEFEEFF3118244
:105BA000202383F31288BFF36F8F174BD3E902676B
:105BB000B042B94120D34FF0FF304FF0FF31C3E97D
:105BC0000201D3E900981D604FF48033C4F84833D4
:105BD000C4F84051D4F8403182F31188BFF36F8F7D
:105BE000B9F1000F05D0CDF8008032463B460020C9
:105BF000C84703B0BDE8F083A946EDE700100140B7
:105C000088450020804500207820002030B5431CC6
:105C1000124C85B005D08442A8BF0446012CB8BF01
:105C20000124FFF789FE0E4B0C4DD3E90013401AF7
:105C3000B0F5000F10D22218AA4228BF2A465218E7
:105C40004FF0000007490091CDE9010043F1000346
:105C5000FFF794FE05B030BD2A46F0E7FFFF7F0056
:105C6000882000208558040008B5FFF765FE024B28
:105C70001B68C01A08BD00BF8820002010B5084C62
:105C8000012363601120E5F7EFFF064BC4F80833EA
:105C9000C4F84833044B4FF40032C3F8802110BDE0
:105CA0000010014003000F0000E100E0024AD2F8BA
:105CB0000034002BFBD0704700E0014010B54FF0DE
:105CC0008053D3F83021082A4ED14FF08042002172
:105CD000C2F80C11C2F81011C2F8381502F5404292
:105CE000D3F80414C2F82015D3F80814C2F8241508
:105CF000D3F80C14C2F82815D3F81014C2F82C15D8
:105D0000D3F81414C2F83015D3F81814C2F83415A7
:105D1000D3F81C14C2F84015D3F82014C2F8441567
:105D2000D3F82414C2F84815D3F82814C2F84C1537
:105D3000D3F82C14C2F85015D3F83014C2F8541507
:105D4000D3F83414C2F86015D3F83814C2F86415C7
:105D5000D3F83C14C2F86815D3F84014C2F86C1597
:105D6000D3F84434C2F870350AF04FFC18B1374B01
:105D7000374AC3F88C260AF048FC18B1354BFB2291
:105D8000C3F818250AF041FC58B14FF080424FF09B
:105D90008051D2F8E43ED1F8581261F30303C2F8FF
:105DA000E43E0AF032FC20B12B4B4FF40072C3F8F2
:105DB00040264FF08053D3F83031082B17D14FF0E5
:105DC0008043D3F80024D20744BF6FF00102C3F828
:105DD00000244FF08053D3F83431042B81BF4FF0AF
:105DE0001023D3F808224FF08043C3F858254FF012
:105DF0001023D3F80022002A03DBD3F80432002B4F
:105E000022DA164901234FF01020C1F8043512247C
:105E1000FFF74CFFC0F80042FFF748FFC0F804420C
:105E2000FFF744FF0023C1F80435FFF73FFFBFF33E
:105E30004F8F0B490B4BCA6802F4E0621343CB60EF
:105E4000BFF34F8F00BFFDE710BD00BF0050004003
:105E50004881030000F000400090024000E0014053
:105E600000ED00E00400FA05014B1860704700BF28
:105E70008C45002010B5054B186814460AF0D7FB76
:105E80000028A4BF2070002010BD00BF8C4500205A
:105E9000024A01238340C2F80435704700F00140F4
:105EA000014B00201B68184790450020014B1B68E0
:105EB000184700BF9045002010B50C4C237993B9CA
:105EC000012323710A4B2060002818BF184600F0F8
:105ED0004BF850B923680748002BBDE8104008BFB5
:105EE000184600F091B86FF0770010BD9045002083
:105EF000A15E0400AD5E040008B5064B1B682BB123
:105F00000020E5F7C5FE08B9E5F7A0FE024B012227
:105F10001A7008BD90450020034F002038B54FF09F
:105F200080440123C4F8083363600023C4F80031BF
:105F3000D4F8003142F21075D4F80C24D4F80C34A3
:105F4000D20307D5DB0705D501200AF06EFB013D22
:105F5000F2D138BD0AF0D1FB0028FAD0014B002263
:105F60005A71F6E79845002010B508490C794CB9EC
:105F7000012308600B710AF0C0FB08B9002010BDB6
:105F80004C71FBE76FF07700F9E700BF9845002000
:105F90004FF080430022C3F80021D3F800210949C3
:105FA00001221A60096811B1C3F804237047D3F8BD
:105FB0000021002AFBD00022C3F80021D3F80031D1
:105FC000704700BF9845002010B54FF08043D3F8CC
:105FD0000423D20715D5D3F8002192B10022C3F8CB
:105FE00000210121D3F80021C3F808130AF085FB32
:105FF000044B10B15A7922B95971BDE810401B68A1
:10600000184710BD98450020074A137943B901216C
:10601000106011714FF080421846C2F81835704771
:106020006FF07700704700BFA045002010B54FF01B
:1060300080431D4CD3F81814D3F8182411F4803F72
:106040001AD002F00302012A01D092B900224FF0C7
:106050008043C3F818250022C3F80421D3F8042193
:1060600001229A6022688AB9D3F80421002AFBD061
:1060700014E00AF053FBE9E7D3F81424D107E5D57F
:10608000D3F81C249207F4D422681AB10222C3F870
:10609000042310BDD3F80421002AFBD00022C3F84A
:1060A0000421D3F80431F4E7A0450020F8B54FF0FF
:1060B0008043194FD3F80443012504F01A04002645
:1060C00004B9F8BDB4FA84F0C0F11F00830003F5F1
:1060D00080739BB203F1804305FA00F2196892B213
:1060E00024EA02040029EBD01E601B684FF08043B5
:1060F000022AC3F808230BD1D3F81814D3F81814C4
:10610000890705D1C3F81855C3F804239D60D7E764
:106110003B68C0B29847D3E7A0450020036803F06E
:106120001F025B09026004D0012B034818BF002046
:1061300070474FF0A040704700030050034A4309E6
:1061400000F01F00D35C1844C0B270471A800500ED
:10615000024611F0010030B515D18B07C1F34000A4
:1061600022D51249D1F8200550604FF08052C1F875
:106170002005D2F83021082A08BFD1F820250038A0
:1061800018BF012010E04FF0A0444FF08055D4F824
:1061900020351360C4F82035D5F83051082D08BFDC
:1061A000D4F82045002BD8D030BD00BF00030050EC
:1061B000F7B504460846FFF7C1FF04EB40060D465D
:1061C000B38ADB072AD520460AF0ABFB29462046D6
:1061D0000AF017FB50B120460AF029FB276807EBAD
:1061E00080000023C0F81035C0F81035294620463D
:1061F0000AF046FB0021B18201A80195FFF78EFF4E
:10620000019B00EB8300074BD0F80027134043F0BD
:106210000203C0F80037084603B0F0BD6FF0150068
:10622000FAE700BFF0F8FCFF01480AF01EBA00BF11
:106230007C08002010B504480C460AF0F8F9002844
:10624000A4BF2070002010BD7C0800202DE9F04F75
:10625000074689B057F8049BD9F80413C9B283469E
:10626000082241F0004148460AF033FB051E2FDAB0
:106270000023032106A8CDE90633FFF769FF634B2E
:1062800001930DF118084FF0000A019A604912F8C5
:10629000013B0192DA0803F007038A5C22FA03F358
:1062A000DB071CD40AF10103022B08F104084FF0AC
:1062B000010AEAD14FF00041002248460AF009FBEA
:1062C000032106A8FFF744FF0028D8D125F0004598
:1062D0000124002D40F0848009B0BDE8F08F4D4BC3
:1062E00053440293D8F80060002EDBD0029B96FA4C
:1062F000A6F61C78B6FA86F646EA44142046FFF75E
:106300001DFF0BEB4000F208818A18F8020005948B
:10631000C1F382030393009306F00706012303FAF7
:1063200006F620EA060008F8020005A8FFF7F6FEC8
:10633000059A039B02F5E07211F0100F50F82260ED
:10634000C6F3014633D0009A384621460AF079FA5E
:1063500005A80594FFF7E2FE059B03F5E073F6B28E
:1063600050F82330C3F301439E4207D10021204659
:106370000AF038FA314620460AF034FA05A80594A6
:10638000FFF7CCFE059B012202FA03F3C0F820358B
:106390004FF08053D3F83031082B01BFD0F82035AF
:1063A000D0F82035D0F82035D0F820359AE7022EE5
:1063B00014BF02210321204603930AF013FA039B22
:1063C000032B03D0022E07D1012BD7D1009A2146EF
:1063D00038460AF036FAD1E7032ECFD1022BF4E784
:1063E00095FAA5F3B3FA83F304FA03F225EA02055A
:1063F00003F5A2720BEB430359F82220B3F87C108B
:10640000C2F3014238460AF01CFA62E72A8005000E
:106410005C4105002A800500044AD2F80034DB07FD
:10642000FBD50160BFF35F8F704700BF00E0014004
:106430004FF080531A69B0FBF2F302FB13036BB900
:10644000084B0222C3F80425C3F80805D3F800243A
:10645000D207FBD50020C3F8040570476FF00C008D
:10646000704700BF00E0014010B5054C0123C4F89F
:106470000435FFF7D1FF0023C4F8043510BD00BF79
:1064800000E0014010B5174C23783BBB0278C2F303
:10649000400392070FD54FF08053D3F83021082ADC
:1064A00008D1D3F83431022B02BF4FF080430122D0
:1064B000C3F8382601234FF08042C2F880350378B4
:1064C00003F00103C2F878350020E5F7E1FB08B9D5
:1064D000E5F7BCFB01232370002010BD6FF07700AF
:1064E000FBE700BF044F00204FF080434FF4607281
:1064F000C3F80823014B00221A607047A84500200A
:1065000008B5FFF7F1FF03680BB1014A136008BD3E
:10651000A845002010B54FF08043D3F8044362072C
:1065200007D54FF484700AF0E1FB10B11E4B1B68D5
:106530009847A30608D54FF48A700AF0D7FB18B124
:106540001A4B00201B689847600608D54FF48C70E2
:106550000AF0CCFB18B1154B01201B6898472106A7
:1065600008D54FF48E700AF0C1FB18B1104B002013
:106570001B689847E20508D54FF490700AF0B6FB07
:1065800018B10B4B01201B689847A3050AD54FF49F
:1065900092700AF0ABFB28B1054BBDE810401B68B8
:1065A0000220184710BD00BFB0450020AC450020B8
:1065B000A845002070B5114D6C6BA4B14FF47A73EF
:1065C0005C430A23B4FBF3F40D4ED6F800316BB9EB
:1065D00095F8393053B90A200AF027F8013CF4D174
:1065E0006FF0730008E04CF25034EDE795F8393065
:1065F00003F0FF00002BF3D170BD00BFB4450020B5
:10660000009002400A4B10B500220124C3F8004557
:10661000C3F800211C6028B1FFF7CCFF20B9054B5F
:1066200083F83840002010BD6FF07300FBE700BF17
:1066300000900240B445002070B500F06044B4F111
:10664000005F5DD184075BD1304C94F83050012D50
:1066500005D09D4257D194F83850002D53D02C4D81
:10666000022B0BBFC5F81025C5F80425C5F8140585
:10667000C5F808050CBFC5F81815C5F80C154FF07E
:10668000000684F8396026680CBF08250425BEB9C9
:1066900094F838306BB11E4B05F1804505F5243573
:1066A0000022C3F8002101232B60BDE87040FFF7F2
:1066B00081BF0120FFF7A6FF10F1740FEBD170BD71
:1066C000A66826B1E0606161E2610020F7E7A2619F
:1066D0000F4A84F830300123A0602161C2F80061C4
:1066E000C2F8043394F8382002F0FF0012B9FFF723
:1066F00089FFEAE705F1804505F524352B60E4E7DD
:106700006FF00C00DBE76FF00F00D8E7B445002016
:1067100000900240084B9A685A621A699A629A6914
:10672000DA62DA689A6032B15A691A61DA699A6192
:106730000022DA6070477047B445002000F01F0364
:1067400040090FD0012810D10B4A02EB83020B4BFA
:10675000D2F80007034043EA012343F00203C2F8E2
:10676000003770474FF0A042EFE7002203F5E073D7
:1067700052F82330FFDE00BF00030050F0F8FCFFAA
:1067800010B50E4B0238D3F83C26D3F8383607281C
:1067900013D8DFE800F0110F0D0B0A080604100EE5
:1067A000C871100C8871100A48710A711A0ECA70EB
:1067B0001A0C8A701A0A4A700B7010BD00900240C1
:1067C000023807281FD8DFE800F0292725112321E8
:1067D0001F04CB791B068A7943EA02434A7943EACC
:1067E00002230A7913430E4AC2F83C36CB781B06C3
:1067F0008A7843EA02434A7843EA02230A78134339
:10680000074AC2F8383670470023E4E70023E5E77B
:106810000023E6E70023EBE70023ECE70023EDE7A6
:10682000009002400268154BFF2A08BF4FF0FF326C
:10683000C3F824254268FF2A08BF4FF0FF32C3F88F
:1068400028258268FF2A08BF4FF0FF32C3F83025A1
:10685000C268FF2A08BF4FF0FF32C3F8342502692F
:10686000FF2A08BF4FF0FF32C3F838254269FF2ADC
:1068700008BF4FF0FF32C3F83C257047009002403C
:1068800030B5194D0FCD8DB006AC0FC495E803009F
:1068900084E803001549D1F82435DBB20093D1F820
:1068A0002835DBB20193D1F83035DBB20293D1F851
:1068B0003435DBB20393D1F83835DBB20493D1F829
:1068C0003C3506A8DBB20593FFF7ACFF0023C1F807
:1068D000003101230B60D1F80031002BFBD068465A
:1068E000FFF7A0FF0DB030BD24340500009002403A
:1068F00070B590F82930044613B190F82A204ABBAD
:106900006068FF2867D0A268FF2A64D0E268FF2A87
:1069100061D02269FF2A5ED0B3B90321FFF70EFFD1
:10692000A068FFF70BFFE068FFF708FF2069FFF79B
:1069300005FF6069FF2801D0FFF700FFA069FF286D
:1069400002D00321FFF7FAFE94F82A3013B9201D74
:10695000FFF768FF214E636A736394F8293086F865
:106960003A304FF080531E4DD3F83031082B04D10C
:106970000123C5F80833FFF783FF2368C5F84035C6
:10698000A37F617F227F9B0143EAC1031343E27F20
:1069900043EAC213C5F84435D5F8002694F82030F0
:1069A00022F07F4222F0FF02134394F8212043EAB1
:1069B000026394F8222043EA426394F8232043EAD6
:1069C0000273C5F8003633680BB9002070BD29206A
:1069D000E5F73CF9F9E76FF01500F7E7B44500205B
:1069E000009002400A4B002283F83820094B012115
:1069F0004FF08050C3F808131961D0F8300108280F
:106A000008BF5965C3F80025C3F80021704700BFCF
:106A1000B44500200090024038B50D4C94F8305039
:106A200095B9C4E9001240B90020C4E9020001236D
:106A300084F8303084F8380038BDFFF759FF00285B
:106A4000F2D06FF01500F7E76FF07700F4E700BFC2
:106A5000B44500202DE9F041DFF89880064698F80B
:106A6000300001280F46144640D198F8383083B3DF
:106A7000214D0123C5F808334FF08053D3F830314E
:106A8000082B01D1FFF7FCFE1FB170783946FFF7E4
:106A900097FE002788F83970C5F80071B3787278CE
:106AA0001B0343EA022332781343F27843EA42336A
:106AB000327943EA8233727943EAC233C5F8343615
:106AC000FFF778FD743008D0C5F800714CB900208C
:106AD00005E0FFF797FD7430CAD16FF07300BDE891
:106AE000F08170782146FFF74BFEF0E76FF00F0062
:106AF000F5E700BFB445002000900240044B93F836
:106B000038300BB9FFF77EBD6FF07700704700BFDC
:106B1000B445002008B5064B93F83030012B03D163
:106B2000FFF760FF002008BD6FF00F00FBE700BF1C
:106B3000B4450020034B93F83000003818BF012003
:106B4000704700BFB445002038B58B0735D11E4BC8
:106B50001D681DB193F83020012A31D11B4C002251
:106B6000C4F81C15C4F8200583F8392095B993F8AA
:106B7000383043B10023C4F800310123E360BDE89D
:106B80003840FFF717BD0120FFF73CFD10F1740FEF
:106B9000F0D138BD042183F83010C4F8002101225F
:106BA000C4F8042393F8383003F0FF001BB9FFF753
:106BB00029FD0020EDE7E260FBE76FF00C00E8E75D
:106BC0006FF00F00E5E700BFB445002000900240E1
:106BD00010B5224BD3F8002192B1214C0022C3F80A
:106BE000002194F8381094F8302071B90121032A5B
:106BF00084F8381005D0042A05D0022A00D1996003
:106C000010BD5960FCE7D960FAE7032A19D0042ABD
:106C100019D0022A04D1012384F82030FFF77AFD2D
:106C2000A36813B9012384F8303094F8393003F0A5
:106C3000FF0013B9D4E900319847002384F82030CD
:106C4000DEE70223E8E7032284F82020D3F81C259E
:106C50006262D3F8203584F82830E1E700900240E2
:106C6000B4450020F8B50F4614461D46084E304680
:106C70000AF08BF810B96FF08300F8BDB368A2B2C8
:106C80001B683946304698470028F4D12C60F4E759
:106C90001C2E050010B50446E3F748FE0348044ADD
:106CA000012104F0E4FE20460AF07AF8E8320500FB
:106CB000D77C05002DE9F843044600AF0D46EFF3FD
:106CC0001188202383F31288BFF36F8F04282A4A88
:106CD00098BF2A4B9668117C94BF53F82030284BFC
:106CE000E9468AB06A462748CDE9073140F20133C8
:106CF000ADF82430244BCDE9050442F8103F234879
:106D000000234FF43151E3F7DFFECD4645B1EB6987
:106D1000C3F3080323B11E4A1C48012104F0A7FE57
:106D20002EB130460AF030FB08B1037803B9194898
:106D3000E9468AB06A46184B0790CDE9053640F21D
:106D40000133ADF82030154B42F8103F00230F48B7
:106D50004FF41151E3F7B8FE2946CD462046FFF720
:106D600099FF88F31188BFF36F8F3046E5F746F837
:106D7000BD46BDE8F88300BFF04500206041050036
:106D8000E67C0500F47C050005000001E832050002
:106D90001C7D0500C65D05003D7D05000400000169
:106DA00038B50A4B53F82040013053F82050A54223
:106DB00000D838BD606830B1037EDB0701D409F02C
:106DC000CCFF0834F3E723689847FAE774410500DD
:106DD00070B52A4B2A4C2B4D86B0012203201A7025
:106DE000FFF7DEFF01F09CFC0420FFF7D9FF2646E9
:106DF000AE4204F130040FD301F024F8204CAC4231
:106E000026D301F033F8E2F7BFF91F4A938923F044
:106E10000103938106B070BD54F80C3C059354F8FF
:106E2000103C049354F8143C039354F8183C029318
:106E300054F81C3C019354F8203C009354E90A2375
:106E400054E90C0100F0FCFD54F8303C5E65CEE7DF
:106E5000D4E90A23B3F1FF3F08BFB2F1FF3F05D0E9
:106E600052EA0301206803D10AF065FB3034C6E71B
:106E70000649183001F00EFAF8E700BF054F002070
:106E80004430050044300500202100206514050031
:106E900070B5164E164D1749882386B003FB006661
:106EA00001220023CDE904230F22CDE90232019310
:106EB000142303FB005504464FF4C07000FB04117B
:106EC0000D4B00954FF4A072304600F0B9FD337CB5
:106ED0000A4AEE6023F0040333744FF4046304FBA6
:106EE000033313442C746B6006B070BD98200020EF
:106EF000F045002000760020310F0500C06D002015
:106F00007FB50020FFF74CFF294B83F30888294CFD
:106F1000636943F4007363610025E02384F8223041
:106F2000E57725766576A57684F82050636A43F484
:106F3000E023636284F82350E4F744FEE4F748FF5B
:106F40004FF0FF33A362E362E5F778F8E4F7C0FFA0
:106F5000E3F746FC1848194C00F0EAFD0120FFF762
:106F60001FFF0220FFF71CFF00F0AAFF144B15497A
:106F70005C61154B059301234FF48052CDE9035317
:106F8000CDE90155114B0095204600F059FD237CB9
:106F9000064623F00403204623740AF02FFA2846FD
:106FA000FFF776FF094A31462046E4F7F3FE00BFBB
:106FB0000076002000ED00E050220020202100207B
:106FC000F0450020807700201B4F0500D16D0400A4
:106FD00038B5064C064DAC4201D3002038BDD4E98B
:106FE0000112204609F026FF1434F4E7C4090020FA
:106FF000D809002030B585B0DDE90845034B029380
:10700000CDE9004509F0D4FE05B030BD91A70400DC
:1070100038B5074C074DAC4201D3002038BD20469F
:1070200009F02CFF08B91C34F5E76FF01500F5E7FF
:1070300054090020C409002073B50C46EFF31181F8
:10704000202585F31288BFF36F8FC5685DB1256079
:107050002B68C360836901338361002081F3118849
:10706000BFF36F8F11E052EA030603D125606FF082
:107070000B00F3E7CDE900230246083000F040FEA4
:1070800018B9034B9B685B69236002B070BD00BFF9
:10709000F0450020F7B50D4604469DF82010EFF3AB
:1070A0001187202080F31288BFF36F8F266AE06873
:1070B000864240D22668B4421AD0CEB1304609F09A
:1070C00042FF06F118000AF0C4FA54F8082F70695C
:1070D000294600250BF057FD3046C6F880500AF0CF
:1070E0008DF9204639460AF0E3F9284603B0F0BD91
:1070F000A268A9B1E06929460BF045FDE369A268E1
:1071000013446269E361934201D12369E361236A15
:1071100001332362002087F31188BFF36F8FE5E707
:10712000A0692369984208BF6069801AA061294656
:107130000BF029FDEBE752EA03010BD00749896800
:1071400004F108004D61CDE900233946224600F0E4
:10715000D7FDCBE76FF02200DDE700BFF045002050
:10716000F7B504460846EFF31186202181F3128813
:10717000BFF36F8F216A00293BD0A268A1690BF091
:1071800002FDA369A268256813446269A361934262
:1071900004BF2369A361236AAC4203F1FF33236276
:1071A00036D02846002D34D009F0CDFE05F1180068
:1071B0000AF04FFA6969A268E0690BF0E4FCE36940
:1071C000A26813446269E361934204BF2369E361E7
:1071D000236A0027013323622846C5F880700AF02D
:1071E0000DF904F1080031460AF062F9384603B09F
:1071F000F0BD52EA030111D00A4989684861CDE91E
:1072000000233146224604F1080000F079FDEEE744
:10721000002086F31188BFF36F8FE8E76FF022003C
:10722000F7E700BFF04500202DE9F341044617467B
:107230001E46EFF31188202383F31288BFF36F8F6C
:10724000304BC2689B6872B18068984217D057EA89
:10725000060216D188F31188BFF36F8F6FF00F000D
:1072600002B0BDE8F08193F90E1021610132C4E94A
:10727000023288F31188BFF36F8F0020F0E7216995
:10728000F3E793F90E1090F90E30994230DA9942F3
:10729000A8BF194609F06BFE0546CDE900761A48ED
:1072A0002246414600F02CFD0028E6D0EFF311867F
:1072B000202383F31288BFF36F8FA068D0B12368B7
:1072C00021699C420AD04BB193F90E309942A8BF74
:1072D00019466FF07F039942B8BF194609F047FE7F
:1072E00040B1094831460AF0E3F86FF00A00B7E709
:1072F0000025D2E7002DF4D186F31188BFF36F8FFC
:10730000F3E700BFF0450020064F0020F8B5836882
:107310000546002B40D0234A926893423FD1C36870
:10732000012B03D9013BC3600020F8BDEFF31187A7
:10733000202383F31288BFF36F8F0169806809F0FF
:1073400016FE2C68A54207D10023C5E9023387F356
:107350001188BFF36F8FE7E7002CF5D0D4E9003236
:1073600013605A60237C002623F002032374C4E9CF
:107370000066A66004F118000AF06BF9AC6094F99D
:107380000E302B612046C4F880600AF037F80648BA
:1073900039460AF08DF8C7E76FF01500C5E74FF0E2
:1073A000FF30C2E7F0450020064F002037B51146F8
:1073B000EFF31185202282F31288BFF36F8F0468E8
:1073C0009CB12368426823F003039442036008BF22
:1073D00043600121204609F04EFE044685F31188E2
:1073E000BFF36F8F204603B030BD51EA0302F5D0E2
:1073F00000F10802CDE900131046294600F080FC98
:107400000028EFD1014B9B685C69EBE7F045002059
:1074100070B5EFF31186202383F31288BFF36F8FCB
:107420000468A0421BD0D4B1D4E9003213605A6082
:10743000237C002523F002032374C4E90055A560D2
:1074400004F118000AF005F92046C4F8805009F04C
:10745000D5FF31460748BDE870400AF029B8D0E9A9
:1074600002329A4218BF0133836086F31188BFF35A
:107470006F8F70BD064F002013B5EFF311812024EC
:1074800084F31288BFF36F8F846844B1013C846039
:1074900081F31188BFF36F8F002002B010BD52EA54
:1074A000030406D181F31188BFF36F8F6FF00F00D3
:1074B000F3E7CDE900230246014800F021FCECE7A8
:1074C000064F002070B50546EFF31186202383F3A5
:1074D0001288BFF36F8F00232C68A54219D0C4B166
:1074E000D4E9003213605A60227C002322F00202A9
:1074F000C4E900332274A36004F118000AF0A9F86B
:107500006FF00A03C4F88030204609F077FF0123AA
:10751000E2E70022AA6023B986F31188BFF36F8FD8
:1075200070BD31460248BDE8704009F0C1BF00BFE0
:10753000064F002007B5074B0093074907484FF057
:10754000FF334FF4006200F06DF9002003B05DF8E6
:1075500004FB00BF8C410500C0870020A82100204B
:107560002DE9FF41544E04462027EFF3118887F39D
:107570001288BFF36F8FD4F88C50F5B9022104F153
:10758000A40009F0D8FD002870D004F19C05002269
:107590000121284609F0EFFF0028F8D100230293CB
:1075A0004FF0FF324FF0FF33CDE90023414604F1A5
:1075B0009402424800F0AEFDD7E7D4F890202B6843
:1075C000C4F88C30954208BFC4F89030D4F8A43089
:1075D00043F00203C4F8A430EB6823F0040343F043
:1075E0000103EB606B6888F31188BFF36F8F284647
:1075F0009847EFF3118887F31288BFF36F8FEB681A
:10760000D80623F001023ED4EA60EB689A0717D54A
:10761000306823F00203EB6090B10368002178B179
:10762000426895423DD10368002934D172683360C5
:10763000904200D17360002340F8083BFFF7E8FE5A
:10764000D4F8A43023F00203C4F8A430DB0530D40E
:10765000D4F88C30003B18BF012388F31188BFF3A6
:107660006F8F002B81D000F033FC7EE7D4F8A4307C
:10767000D90693D5C4F8A40088F31188BFF36F8F9F
:1076800004B0BDE8F08123F01103EB6005F11000B8
:10769000FFF7BEFEB9E70B607368984208BF7160E0
:1076A000C9E701461BB11A6818461346B7E71A46E0
:1076B000FAE70023D1E700BF10460020064F002064
:1076C00070B5C368C3F340069B0705460C460DD54D
:1076D0000122002104F1080009F021FD00232360AC
:1076E000054B65605A681AB9C3E90044304670BD5D
:1076F00014605C60FAE700BF10460020F8B5C3686C
:107700009A0704460E46C3F3400542D45F0742D4AD
:107710000B680BB983680B60E368D80744BFA368A4
:10772000336037684CBF0225012557B31B4B9A685D
:10773000D7F888309A421ED109F01DFE80F0010072
:10774000C0B2D7F8A430D907C3F380021CD5F2B178
:10775000F8B100232360D7F8903073B9C7E9234408
:10776000384609F003FDE36843F00403E36033683F
:10777000A3602846F8BD0020E3E71C60C7F89040EE
:10778000EEE76FF0150506E06FF0120503E01B074A
:10779000DFD56FF00F0500233360EAE7F0450020E6
:1077A000F8B5C36803F00503002B06460C4614BF6A
:1077B000012700271CD085680122002104F1100058
:1077C00009F0ADFC1349204609F031FDE36843F0B0
:1077D0001003E360F3685B0712D5336823606BB96D
:1077E000D5F8903033B9C5E92344284609F0BEFCEA
:1077F0003846F8BD1C60C5F89040F6E73460F4E701
:10780000D5F88C302360D5F89030C5F88C40002B2B
:10781000EBD1F0E74D1105000146014809F023BD09
:10782000A8210020F0B589B004460020C4E9230057
:107830000E9D04F19400C4E9250004F19C00C4E904
:10784000270055B32879002840F2011008BF012015
:10785000C4F8A40000204FF0FF364FF0FF37CDE909
:107860000330CDE90100CDE906670D4B00942046B9
:1078700000F032F955B1296811B1204609F081FDB7
:107880006B791BB1A38943F00103A381204609F062
:1078900052FEC4F8884009B0F0BD0120D8E700BF0F
:1078A0006175040037B501900846EFF3118420217B
:1078B00081F31288BFF36F8FC16811F01E0F16D1CC
:1078C00053EA020508D101A9FFF718FF84F31188D4
:1078D000BFF36F8F03B030BD41F00801C160019963
:1078E00081620449103000F0D5FC0120EEE7002051
:1078F000ECE700BFE111050001460148FFF7D2BFE8
:10790000A8210020F7B50C46019016461D46EFF35E
:107910001187202383F31288BFF36F8F084609F085
:1079200016FC55EA060309D101A92046FFF7E6FE39
:1079300087F31188BFF36F8F03B0F0BDE368074989
:1079400043F00803E360019BA36232462B4604F137
:10795000100000F09FFC0120EAE700BFE1110500E4
:1079600001460148FFF7CEBFA82100202DE9F041D4
:107970000546EFF31187202383F31288BFF36F8F3F
:107980000468A0421CD0DCB1204609F0E7FC04F1F9
:10799000180009F05EFE0026B046C4F8808020463C
:1079A00009F02CFD2C68A54206F1010610D07CB12F
:1079B000204609F0D3FC04F1180009F04AFEECE778
:1079C00087F31188BFF36F8F00263046BDE8F08142
:1079D0000248394609F06CFDF7E700BF064F00206A
:1079E0002DE9F3411C4652EA040307460D461646AC
:1079F00008D10846FFF78AFC6FF00A04204602B05F
:107A0000BDE8F081EFF31188202383F31288BFF3E0
:107A10006F8F0846FFF77AFCCDE9006407483A46C5
:107A2000414600F06DF904460028E7D14FF0FF32DF
:107A30004FF0FF332846FFF7F7FBDFE7064F002044
:107A40002DE9F043073285B022F007020E461F46AB
:107A50001099818100F158037F32C0E91633044642
:107A6000002322F03F020421836001743F2A0F9813
:107A7000A073C4E90633E37306F14009A2F140089C
:107A800005D883F31188BFF36F8F084602DFB5185E
:107A900029462046E3F74AFE07300E9B20F00700F8
:107AA0002067C4E91A9802930D9B01932D1A0C9B31
:107AB00000932A463B4631462046E4F739F9002335
:107AC0006365044B9B6803B15B6F6367284605B031
:107AD000BDE8F083F0450020F0B587B0002505959E
:107AE000109D04950F9D03950E9D0295DDE912767C
:107AF0000D9D01950C9D00950446FFF7A1FFB6F181
:107B0000FF3F08BFB7F1FF3F05D056EA070305D195
:107B1000204609F010FD204607B0F0BD3A46334636
:107B200004F11800014900F0B5FBF4E76514050005
:107B30000123037483810023C0E91A334367014B97
:107B400098607047F04500200A4A93686FF00A0178
:107B5000C3F880100849D8674B6843F080534B60E6
:107B6000002383F31188BFF36F8F9368D3F88000ED
:107B7000704700BFF045002000ED00E070B590F9BF
:107B80001020037C002A2FDBD9062DD11A4C63F07C
:107B90007F032246037452F8183FE169934207D1EC
:107BA000C0E900210860E0610FE09942F8D01B684D
:107BB000002BF5D093F90E6090F90E50AE42F4DD33
:107BC0005968C0E9003108605860A569954200D045
:107BD00005B9E568A3681A7CD20606D1DA897F2A3E
:107BE00003D9AA690AB9636170BDAB4202D02846C5
:107BF00000F0D2FA6561F7E7F045002038B590F95A
:107C00001020037C002A014604DA03F07F0303748A
:107C100009F0BCFB0D4D2A46AB6852F8184F944250
:107C200000D004B9EC688B4207D01A7CD20604D18C
:107C3000DA897F2A01D9A2692AB1A34202D020465B
:107C400000F0AAFA23466B6138BD00BFF045002062
:107C5000B3F1FF3F08BFB2F1FF3F03D00249183034
:107C600000F018BB704700BF65140500034648B913
:107C7000EFF3058232B9064A51699268914201D008
:107C8000FFF762BF83F31188BFF36F8F704700BFA8
:107C9000F045002038B5184CA168E0690B688142B6
:107CA00014BF1A46002249680B605960A368E16955
:107CB0002AB9124AC3E900210B60E3610AE092F994
:107CC0000E5093F90E00854212DD5168C3E9002180
:107CD0000B605360A569094B9D4200D005B9E5686A
:107CE000A3689D4202D0284600F056FA656138BD6F
:107CF0008A42DED01268DBE7F0450020084600200B
:107D0000F8B50E4B0C4611460D4A98681060DDE937
:107D10000667EFF31182202282F31288BFF36F8F80
:107D20009D68284609F044FB284632463B46FFF74B
:107D30008FFF2046BDE8F840FFF706BFF045002062
:107D400018460020F8B50446EFF31187202383F38B
:107D50001288BFF36F8F037C03F01F02002A0CBF51
:107D60000126002649B235D103F07F03037409F0E0
:107D70000DFB294D037C817363F07F032A46037456
:107D800052F8183FE869934207D1C4E90020046023
:107D9000EC610DE09842F8D01B68002BF5D093F908
:107DA0000EC08C45F6DD5968C4E900310C605C609A
:107DB000AC69944200D004B9EC68AB689C4202D034
:107DC000204600F0E9F96C6187F31188BFF36F8FEB
:107DD0003046F8BD9B071CD5856809F0D7FA81733A
:107DE0002B689D4209D16B68C4E900531C606C602C
:107DF000EAE76A689A42F6D01B68002BF3D093F941
:107E00000E208A42F5DD5A68C4E9003214605C60D5
:107E1000DAE78173D8E700BFF0450020034648B990
:107E2000EFF3058232B9064A51699268914201D056
:107E3000FFF78ABE83F31188BFF36F8F704700BFCF
:107E4000F0450020EFF31181202383F31288BFF364
:107E50006F8F054B9A68D37B013BD37381F31188F5
:107E6000BFF36F8F704700BFF045002070B5EFF390
:107E70001186202383F31288BFF36F8F0F4DAB68F9
:107E8000DA7B0132DA732A4652F8184F944200D056
:107E900004B9EC681A7CD20604D1DA897F2A01D9A8
:107EA000A2692AB19C4202D0204600F075F923460F
:107EB0006B613046BDE87040FFF7D8BEF04500204A
:107EC000024B03F11802C3E906227047F045002077
:107ED00070B5EFF31186202383F31288BFF36F8F01
:107EE0001A4CA168E0690B68814214BF1A4600224F
:107EF00049680B605960A368E1692AB9144AC3E96B
:107F000000210B60E3610AE092F90E5093F90E0034
:107F1000854216DD5168C3E900210B605360A569F5
:107F20000B4B9D4200D005B9E568A3689D4202D085
:107F3000284600F031F965613046BDE87040FFF732
:107F400003BE8A42DAD01268D7E700BFF0450020AE
:107F500008460020F8B550EA010306460C4603D156
:107F6000FFF7B6FF0020F8BDEFF31187202383F35E
:107F70001288BFF36F8F124D124BA8681860FFF77D
:107F80003DFEA868104923463246183000F082F9B9
:107F9000AA68137C43F00403137404463846FFF7C1
:107FA000D3FDAB68D3E90A23B3F1004F08BF002A21
:107FB000D8D109F083FB201A20EAE070D3E700BF94
:107FC000F04500201846002065140500014B986814
:107FD000704700BFF04500202DE9F843044687892B
:107FE000EFF31186202383F31288BFF36F8F037C96
:107FF000190705D586F31188BFF36F8FBDE8F883A5
:10800000D90943F008026FD10274A36813B1204666
:1080100009F0C4F904F1180009F01BFBA56D04F187
:108020005808A84511D04FF0000975B1284609F04D
:10803000B5F905F1180009F00CFBC5F88090284649
:10804000FFF79CFDA56DA845EFD1DFF8BC80D8F8FF
:1080500008309C4250D1EFF30589B9F1000918BFEF
:108060004FF00109D8F81850284A954200D00DB9B0
:10807000D8F80C50AB4202D0284600F08DF82046CC
:10808000C8F8145003F094FFB9F1000F02D0204853
:10809000FFF74EFDD8F808309C4230D1EFF305834E
:1080A0006BBBA289D20711D586F31188BFF36F8FFE
:1080B00083F31188BFF36F8F0423184602DFEFF3B9
:1080C0001186202383F31288BFF36F8F3046FFF7AA
:1080D0003BFDFB0792D5002383F31188BFF36F8F1D
:1080E0000423184602DF89E703F07F0343F0080307
:1080F000037409F04BF988E74FF00009B2E786F303
:108100001188BFF36F8FE4E7F04500200846002098
:1081100050220020D3B5DDE90667089CCDE9006751
:10812000FFF7EEFD1CB1034B9B685B69236002B057
:10813000D0BD00BFF0450020027C12F01F020346B4
:1081400010D10A4988420DD00949086868B1D98917
:108150007F2909D893F90E20064B1B689A42B8BFB5
:10816000002070470020704710467047982000207C
:10817000800800201C460020044BC01A044BC0108D
:108180005843044B01221A54704700BFD8220020E4
:10819000ABAAAAAA064F002070B50C4B0C4D1E7C52
:1081A000FFF7CAFF182303FB06550446284609F0CB
:1081B00050FA084B00229A553CB1621E28460649E7
:1081C000BDE87040D31700F065B870BDF0450020E1
:1081D000D8220020064F00207981040038B5EFF343
:1081E0001185202383F31288BFF36F8F0F4B104A42
:1081F0009C681068A04206D1FFF7CEFF85F3118876
:10820000BFF36F8F38BD00211B7C1160094AD35C1E
:10821000002BF3D02046FFF78FFF0028EED0237C01
:10822000DB0601D1FFF736FD2046E5E7F0450020EB
:1082300018460020064F0020024B1868984208BFDD
:108240000020704784080020034B1B680BB9FDF722
:108250000BBD0020704700BF2046002030B570B134
:108260000B4B5B6898420AD0036843B1D3E9042101
:10827000D0E90445121941EB0501C3E90421D0E915
:10828000003213605A600023C0E9003330BD00BFE4
:1082900084080020B3F1FF3F08BFB2F1FF3F2DE992
:1082A000F84F0446994615461F467AD08160EFF391
:1082B0001188202383F31288BFF36F8FB9F1000F69
:1082C000DFF8E4A020DBFFF7BFFFDAE90027013584
:1082D00049F100092D1849EBE073C4E90453AD18C6
:1082E000064643EB07074FF00109FFF7A5FFDFF84C
:1082F000BCE0DEF804A00346EBB9C4E900EACAF822
:108300000040CEF8044028E0DAE900126FF00103E3
:108310005B1A4FF0FF3161EB02025B1B62EB09025B
:10832000012B72F10001BCBF01230022C0E904321D
:108330004FF00009D9E7D3E9041CD4E904208A42AC
:1083400070EB0C0B24DA891A5A686CEB0000C3E955
:108350000410C4E9003214605C60FFF76DFF8442D2
:108360000ED1134B1B685BB9B9F1000F02D1FFF7B7
:108370006BFF0646304609F055F90021FDF746FC33
:1083800088F31188BFF36F8F28463946BDE8F88F10
:10839000521A60EB0C005345C4E90420ADD01B68B1
:1083A000AAE700252F46EFE7F022002084080020EE
:1083B000204600202DE9F047DFF8A890DFF8A880DC
:1083C000C9F800000246FFF737FF0D4600260027D8
:1083D000D8E900134FEAE27E50B1D0E9044CA24242
:1083E0007EEB0C0A1BDAA41A6CEB0E06C0E90446FD
:1083F00052184FF0000443EB0E032046C8E9002357
:10840000C9F8004009F00EF92146FDF7FFFB85F39E
:108410001188BFF36F8FBDE8F047FFF7DFBE61182B
:1084200043EBE473C0E90467C8E90013FFF716FFE4
:1084300001224FF00043C0E9042385F31188BFF304
:108440006F8F83689847EFF31185202383F3128899
:10845000BFF36F8FD9F80020121BC9F80020FFF777
:10846000EBFEB5E720460020F022002010B5EFF328
:108470001184202383F31288BFF36F8FFFF7E4FE8C
:10848000054A0346D2E90001181841EBE37184F371
:108490001188BFF36F8F10BDF0220020F8B504469D
:1084A000EFF31187202383F31288BFF36F8FD0E996
:1084B0000423B3F1004F08BF012A04D087F31188C9
:1084C000BFF36F8FF8BDD0E90A566A1C46F100036E
:1084D000022A73F1000334D3013D46F1FF36002E2A
:1084E000BCBF00252E4609F0EDF8013041F1000136
:1084F000401946EB0101012871F1000148DB09F048
:10850000E1F8013041F100016FF00203401946EB40
:10851000010183426FF000438B413EDB09F0D2F84A
:10852000013041F100016FF00102401946EB0103F7
:10853000121A4FF0FF3161EB03031A492046FFF78F
:10854000A9FE236B01332363236A63B187F3118888
:10855000BFF36F8F20469847EFF31187202383F3F3
:108560001288BFF36F8F54F8185FA542A6D0002D74
:10857000A4D0284608F051FF0023C5F8803087F3C7
:108580001188BFF36F8F2846BDE8F84008F036BF6A
:108590006FF001024FF0FF33CFE700224FF00043AE
:1085A000CBE700BF9D8404002DE9F04105461C4641
:1085B00090461F46EFF31186202383F31288BFF302
:1085C0006F8FB4F1FF3F08BFB2F1FF3F05D186F3D3
:1085D0001188BFF36F8FBDE8F081002C09DB012A01
:1085E00074F10003BCBF0122002412F1FF3844F1F2
:1085F000FF37284609F02DF8DDE906010023C5E91B
:108600000A012B6342463B4628460249FFF742FED9
:10861000DDE700BF9D84040070B50546EFF31184CB
:10862000202686F31288BFF36F8F09F012F820B16D
:1086300084F31188BFF36F8F70BD6B6A63B184F3ED
:108640001188BFF36F8F6B6A28469847EFF3118448
:1086500086F31288BFF36F8F05F1180008F012FF40
:108660000028E5D008F0CAFE21460248BDE8704067
:1086700008F01EBF074F002073B50446EFF31186C4
:10868000202383F31288BFF36F8F8368594003EA76
:1086900002050A405340009300226B4608490192AC
:1086A00008F08CFFDDE9003223EA020304F10C003C
:1086B000A360314608F0FCFE284602B070BD00BF42
:1086C000F3170500F8B507460C46164608F053FEAA
:1086D00008B10020F8BD0D4B9B685D6F002DF8D0F0
:1086E000221DF6D2EFF31184202383F31288BFF307
:1086F0006F8F47F004012846B04784F31188BFF319
:108700006F8F0028E5D040F8045BE3E7F0450020D8
:108710000146024A0020FFF7D5BF00BF8BA7040027
:10872000014802F039B900BFAB7D0500054B5A780E
:10873000022A04D11878C31F5842584170470020BC
:10874000704700BF244600200E4B0340B3F1607F0A
:1087500006D1B1F5885F0CBF00206FF0860070472E
:10876000B3F1707F0BD101F4E043B3F5005F06D1A4
:1087700011F4E06F14BF00206FF0860070476FF0B7
:10878000860070470000C07F8A42F8B506460D4655
:1087900000F0D2806C4B22F4FF7121F0010199426C
:1087A00022F0FF070FD003F588539F420BD022F42D
:1087B0007F7121F00301A3F57063994203D003F5A3
:1087C000A0639F4227D1604B25F4FF7121F0010186
:1087D000994210D05D4925F0FF038B420BD025F460
:1087E0007F7020F00300A1F57061884203D001F58D
:1087F000A0618B420FD115F0FF000BD0544B40F01D
:108800000070984240F09A8082EA0500FF288CBFF1
:1088100000200120F8BD05F0FE43B3F1A06F11D197
:1088200002F0FE43B3F1A06F71D182EA050333F485
:108830007E136CD12C046AD5C5F30540C2F3054202
:108840009042E4E7B3F1407F61D102F0FE43B3F11F
:10885000407F5CD182EA050030F47E1457D1314666
:108860002846FFF771FF002868D13A4912F47C10BE
:1088700001EA020116D0B1F1607FC2F3054335D1A0
:10888000D1B241F0007101F17E410339102901D8C4
:10889000314C645C15F47C1F2ED19C4214BF002027
:1088A0000120B7E7B1F1607F0AD1D3B243F0007382
:1088B00003F17E43033B102B44D82849CB5CDFE710
:1088C000B1F1707F16D106F4E043B3F5005F37D104
:1088D000C6F3022101238B4006F4E041B1F5005FAD
:1088E000D8D1C6F302260124B440D3E7B1F1707F9A
:1088F000D0D1F1E70346CDE718B9C5F30541A14250
:108900001AD0290403D5C5F3054098427FE725F422
:108910007F03B3F1106F0AD102F0FE43B3F1106F81
:108920000CD10F48104040F01060A842B6E70D4B44
:108930009D4203D1AF42B1E701206BE7002069E718
:108940000346C9E703469BE7000200060013000642
:10895000FF0000020000C07F2C8005002C80050075
:108960000000FFF60001000A37B505460C46FFF788
:10897000DDFE78B1002301930A46084801AB294681
:10898000FEF770F920B9019BA34218BF6FF0930066
:1089900003B030BD6FF08800FAE700BF2846002022
:1089A000F0B50446084624F47F01B1F1106F87B09A
:1089B00026D145682D0A00F1200121D1068806F450
:1089C0004F45B5F5824F1BD10F4D104F254045F057
:1089D0001065BD4214D1F6B2122E11D14588B5F5FD
:1089E000807F0DD10E9D04950D9D03950C9D0092E9
:1089F000CDE901352346426E09F00CFD07B0F0BD0C
:108A00006FF08500FAE700BF0000FFF600000209E2
:108A10002DE9F843884617461C4600F0D5F905466F
:108A2000002844D1D8F80060B6F8009009F4E0437B
:108A3000B3F5804FB36808BF27F0010737EA030397
:108A40002DD1A4B3244B24F4FF7222F001029A42E8
:108A500010D0224A24F0FF0393420BD024F47F71FC
:108A600021F00301A2F57062914203D002F5A062E9
:108A700093421FD114F0FF0304D0194A43F000734E
:108A800093421ED0F16822464846FFF77DFE074616
:108A900068B9316922464846FFF776FED0B96FF0D3
:108AA00084050023C8F80030304609F0ADFB2846A5
:108AB000BDE8F88304F0FE43B3F1407F04D1230402
:108AC000E0D56FF08605ECE7B3F1A06FF7D0044B6B
:108AD0009C42D6E73D46EAE7000200060013000686
:108AE000FF00000238B500F0FE43B3F1407F0446BA
:108AF0000D4602D06FF0860038BDFFF725FE002836
:108B0000F8D114F47C1F18D0C4F30543032B137061
:108B100022D9224A2240B2F1607F31D1E4B244F03E
:108B2000007404F17E44033C102CE3D81C4A125D0F
:108B30009342DFD8202BDFD90EE0184B2340B3F14E
:108B4000607F0FD1E3B243F0007303F17E43033B38
:108B5000102B04D9002313706FF08500CCE7114966
:108B6000CB5CD3E7B3F1707FF4D101F4E043B3F50C
:108B7000005FEFD1C1F3022101238B40DBB2C5E7D7
:108B8000B2F1707FB6D105F4E042B2F5005FB1D129
:108B9000C5F302250122AA40CAE700BF0000C07F3A
:108BA0002C8005002C80050007B5002300911A4693
:108BB000024909F04AFA03B05DF804FB9841050048
:108BC00010B5114C2378580744BF03F0FB03237002
:108BD000990705D500F096F8237823F00203237057
:108BE00063781BB1094A0023636053600023074880
:108BF0006370082100F0F8FB2378DA0744BF23F004
:108C00000103237010BD00BF244600202846002029
:108C100038B5FFF78BFDD8B9124C2378DA075CBF63
:108C200043F0010323709D0707D400F063F8237815
:108C300043F002032370054688B9627832B9D90738
:108C400004D5094962604A6002226270580702D561
:108C50000025284638BD43F004032370F8E7FFF7EA
:108C6000AFFFF6E7244600202846002000F14042EE
:108C70000F2A30B50CD81E4B682404FB02331A7E31
:108C8000022A02D15A69824226D06FF08B001CE082
:108C9000421E6FF040439A420ED2154A00241346FA
:108CA000157E022D02D15569854212D00134102C57
:108CB00002F16802F4D1E8E700F1004303F58033E4
:108CC000B3F5704FE9D36FF0870030BD6FF09600B9
:108CD000FBE7682202FB04331A7E022AF6D1DA6926
:108CE000501CF3D00132DA6100200B60EDE700BFC9
:108CF00030460020024B012283F880260020704776
:108D0000304600202DE9F0410A4C002526464FF060
:108D100001080327C4F81C8027762046013508F097
:108D2000F5FE102D04F16804F4D1002386F8803696
:108D3000BDE8F08130460020F8B5214D95F8803629
:108D400006460F46002B34D000242B462246197EBF
:108D5000F9B13CB9022905D1D96919B919790029A4
:108D600018BF1C460132102A03F16803EFD114B971
:108D70006FF08C000BE0237E022B04D1E3695A1CB8
:108D80001CBF0133E361204608F0C0FE10B100248F
:108D90000DE01C46237E7BB90123237636B1094BB7
:108DA000651BED105D4305F18045356000203C609A
:108DB000F8BD6FF08800EAE76FF09600E7E700BFC4
:108DC00030460020C54EECC438B5094B00250D6077
:108DD00093F8803643B1FFF749FF10F18C0F02D1B1
:108DE0000D606FF0870038BD6FF08800FBE700BFB3
:108DF0003046002010B500F0FE44B4F1A06F07D05B
:108E0000B4F1806F01D0094C00E0094CA04202D0BF
:108E10006FF0850010BD0120B1F5105F1070F7D123
:108E20000BB90020F6E702221A70FAE70002C0032D
:108E3000004440047FB5036816460E4A23F47E13AF
:108E400093420D4613D16946043009F0BBFD044638
:108E500020B932466946284609F095FE6846102139
:108E600000F0C2FA204608F0AFFD04B070BD6FF00C
:108E70008800FAE70002C00310B5036804464BB14E
:108E8000094A23F47E13934206D1043000F0D6FA47
:108E900000232360002010BD4022002109F09AFE2B
:108EA0006FF08800F7E700BF0002C0032DE9F84328
:108EB000D0F8009005460E461746B9F1000F30D1A4
:108EC00023F47E140360184B9C420FD100F1040878
:108ED000404609F0ADFC318872884B46204609F0C7
:108EE000C3F9014658B96FF0850416E0402249469F
:108EF00009F070FE6FF085042046BDE8F883404617
:108F000000F0B8FA20B972883946404609F0AFFC43
:108F100008F05AFD04460028EED02846FFF7ACFFC3
:108F2000EAE76FF08804E7E70002C00310B50368C2
:108F30005BB1074C23F47E13A34206D1043009F041
:108F4000BCFCBDE8104008F03FBD6FF0880010BDCC
:108F50000002C003043004289ABF034B33F9100009
:108F60006FF08300704700BF024C0500014B09F011
:108F70002CBB00BF4042050070B5144688B00646C1
:108F80000D46204621460C4A09F07DFB224621462B
:108F90006846FFF7EBFF6A4631463046FFF7E6FFCB
:108FA000224669466846FFF7E1FF6A462946284699
:108FB000FFF7DCFF08B070BD4042050030B5044645
:108FC00089B009F0C7FA0C4A2146684609F05AFAF6
:108FD00001210546684609F039FA6A462146684685
:108FE00009F050FA2DB1003818BF0120404209B0F5
:108FF00030BD4FF0FF30FAE7FC41050030B589B0D5
:10900000044609F03FFA21460546054A684609F03C
:1090100023FA2A466946204609F04BFA09B030BDCA
:109020004042050070B5044690B00D461146164604
:1090300009F090FA234A214608A809F023FA0128EA
:1090400003D04FF0FF3010B070BD1146204609F03C
:10905000F9FA06F12001284609F07CFA194A294656
:1090600008A809F00FFA0128EBD11146284609F0AB
:10907000E9FA2A4629466846FFF778FF2246214644
:1090800008A8FFF773FF08A922460846FFF76EFFFE
:1090900008A922460846FFF7B1FF08A9224608465C
:1090A000FFF7ACFF08A922460846FFF7A7FF08A96B
:1090B0000846044B044A09F073FA08A9684609F007
:1090C00009FAC0E740420500DC41050070B598B0E0
:1090D00004460D4608A811461646FFF747FF344BD5
:1090E00008AA2146684609F05BFA08AA214610A89A
:1090F000FFF784FF10AA694608A8FFF737FF08AA00
:10910000114668462A4B09F04BFA294B08AA6946D2
:10911000684609F045FA2A46294610A8FFF726FFB7
:1091200010AA234B1146104609F03AFA10AA21461C
:1091300008A8FFF71BFF08AA1D4B1146104609F0AF
:109140002FFA10AA11461046FFF710FF10AA184B6D
:109150001146104609F024FA6A4669462046FFF790
:1091600005FF08AA21462046FFF748FF08AA214626
:109170002046FFF743FF324629463046FFF7F6FE0A
:109180000B4B32463146304609F00AFA224608A90E
:109190002846FFF733FF6A4629462846FFF7E6FED2
:1091A00010AA29462846FFF729FF18B070BD00BF56
:1091B000404205002DE9F04FA3B00C462C9E3149EA
:1091C0000546924602A83246994609F05BF9D6F860
:1091D00000B031460BF0010202A80DF1480809F079
:1091E00068F90021404609F031F94A4641460AA88B
:1091F000FFF704FF01225146284609F05AF90122DF
:109200004946204609F055F91F4A01211AA809F0DC
:109210002FFA6FEA0B0202F001020AA9204609F0B8
:1092200048F9FF277B0922AA02EB830307F01F02FC
:1092300053F8806CD64086EA0B06F24302F0010236
:109240004946404609F035F906F001020AA94046B0
:1092500009F02FF91AAA21462846FFF737FFCDF863
:10926000008053461AAA2146284609F04EFA013FCB
:10927000D8D11AAA21462846FFF77EFE23B0BDE8C2
:10928000F08F00BFFC410500404205002DE9F74387
:1092900006460D46174698464FF0040920213046F1
:1092A00009F094FA80B931462846FFF787FE044654
:1092B00038B9084B084A009541463846FFF77AFF0F
:1092C00004E0B9F10109E9D14FF0FF34204603B0C1
:1092D000BDE8F0839C410500BC41050030B599B064
:1092E0000D4610AB694608AAFFF7D0FF20210446BF
:1092F000684600F079F86CB9084A08A9284609F0D0
:10930000F2F9064A10A905F1200009F0ECF920460F
:1093100019B030BD4FF0FF34F9E700BF40420500FF
:1093200070B5AAB002AD064628461446FFF746FEC1
:10933000C8B9224612A90AA8FFF774FE0446A8B9C4
:109340000AAA22A91AA8009512ABFFF733FF094A0F
:109350001AA9304609F0C7F92846202100F044F840
:1093600020462AB070BD6FF00204F5E76FF00104EB
:10937000F2E700BF4042050070B59AB002AE054664
:109380003046FFF71BFE0446C0B90E4B0E4A00964E
:1093900012A90AA8FFF70EFF2021304600F024F89A
:1093A0000A4A0AA9284609F09EF9084A12A905F1B5
:1093B000200009F098F920461AB070BD6FF0020441
:1093C000F9E700BF9C410500BC4105004042050093
:1093D000014B1B68184700BF90080020014B1B6819
:1093E000184700BF8C08002010B50A46044619B182
:1093F000024B00211B68984710BD00BF8442050046
:10940000F0B50C4B0C4E0446586800B9F0BDC57958
:10941000C5F3840556F825502D78A54208D1457925
:1094200005F00F07B1EB871F02D1B2EB151FEDD08E
:109430000833E9E78C4205008842050010B5044670
:10944000A8B1806B10B1242109F0E8F9606B40B13C
:109450002368074ADB79C3F3840352F823305B693E
:10946000984720463C21BDE81040FFF7BDBF10BD26
:109470008842050038B505460C46A9B13C220021BA
:1094800009F0A8FBE3790A4AC3F3840352F82330B6
:109490001B6913B92C60002038BD98476863002809
:1094A000F8D16FF08C00F7E76FF08600F4E700BFAB
:1094B0008842050070B4DCB2012C25D804681CB3C6
:1094C000E57905F00305012D05D8657905F00F054F
:1094D000B2EB851F18D142600372E5790C4E406BE8
:1094E000C5F38405012B56F8255008D0637903F0A5
:1094F000F004302C03D003F0E003402B02D1AB6822
:1095000070BC1847EB68FBE76FF0860070BC7047D3
:1095100088420500F0B40468049F1CB96FF086000F
:10952000F0BC704700243C6006683EB3347914F008
:109530001F0423D0767906F0F006102E11D1A24236
:109540001ED13A6002680F4CD279C2F3840254F8FB
:10955000222054680A46A44690F90810406BF0BCDB
:109560006047994208D1C369002BD7D1B2FBF4F30D
:1095700004FB1322002AD1D10348D1E70348CFE7E7
:109580000348CDE788420500809FFFFF809CFFFFD6
:10959000809DFFFF70B50C230024CD5822462EBAC3
:1095A00042EA460212BAC250043B1A1DC5F3C01467
:1095B000F3D1084B1A680B7882EAD31253085B4246
:1095C00052421343DB17C27B03F087035340C3733C
:1095D000002070BDB44C0020C02AF0B544D0B2F5D4
:1095E000807F43D0802A40F0BA800A23036003467C
:1095F0000024520943F8044F01EB820251F8044B56
:1096000043F8044F8A42F9D103680C2B30D00E2B5B
:109610005ED00A2B26D1534D534900F1A006426972
:1096200055F8044B8768C2F307237C40CB5C63404A
:10963000140E10300C5D83EA0443D4B20C5D83EA4F
:109640000463C2F307440C5D83EA042350F8044C1E
:10965000836063400468C36063405A4003614261B1
:109660008642DCD10020F0BD0C23BFE70E23BDE70E
:109670003C4C3D4900F1C005C26954F8046B876851
:10968000C2F307237E40CB5C7340160E18308E5D0C
:1096900083EA0643D6B28E5D83EA0663C2F30746C9
:1096A0008E5D83EA062350F80C6C8360734050F89B
:1096B000086CC360734050F8046C03617340066823
:1096C000436173405A408361C2618542D4D1C9E786
:1096D000244D254900F1E006446A55F8042B8768BB
:1096E000C4F307237A40CB5C87695340220E2030B5
:1096F0008A5C83EA0243E2B28A5C83EA0263C4F3CF
:1097000007428A5C83EA022350F8142C836053409A
:1097100050F8102CC360534050F80C2C0361534098
:10972000DAB243618A5C7A401F0ECF5D82EA07623B
:10973000C3F30727C3F30743CF5DCB5C82EA07225D
:1097400082EA034350F8042C836153400268C361EA
:1097500053405C40036244628642BDD182E76FF0B1
:109760001F0080E7DC4205003D8105002DE9F04F38
:10977000C9B002AD044628460E46174609F0F8F96E
:109780000023314663603A462846FFF725FF064628
:10979000002835D1029F039B3448DFF8D4C02760EE
:1097A00004A903EB870301EB830251F82330A36084
:1097B0005368E36093682361D368636104F1180E12
:1097C000103A7B1E984671469146B8F1000F20DC96
:1097D000002F4FEA0313C8BF1C46C3F10003D8BFD4
:1097E000002302EB0300D8BF00240EEB0401D35882
:1097F0004EF8043043684B6083688B60C368CB606D
:1098000002A84FF48C71FFF7EFFD304649B0BDE878
:10981000F08F01F11004A9F1040B01945BF8044FDF
:10982000250E1CF8055050F825A0E5B21CF805508F
:1098300050F8255085EA3A2AC4F30725C4F30744B3
:109840001CF805501CF8044050F8255050F82440EE
:109850008AEA356585EA344541F8045B019CA142FA
:10986000DCD108F1FF38A9F11009AEE70443050087
:109870003D8105002DE9F04F012993B08C469E46AD
:1098800000F274834368176856689568D46850F886
:10989000082B4FEA6208990008F1FF38BCF1000F6D
:1098A00040F0BC81421850F8233087EA030A53681D
:1098B0007340029393686B400393D3686340DDE980
:1098C000020404931E46D34B3032554652E9069BA0
:1098D000CDF814B052F810BCCDF818B052F80CBC4A
:1098E000CDF81CB052E9081752F808BCCDF820B0EA
:1098F000B8F1000F52F804BCCDF824B002F12002F8
:1099000000F3CA80BCF1000F03D1DDE90204049E1C
:1099100055465FFA85FC020E53F82CC053F82220FE
:1099200081EA0C0181EA3221C6F307225FFA80FC4A
:1099300053F8222053F82CC081EA3261C4F3074265
:1099400087EA0C0753F8222081EA3241220E5FFA9F
:1099500084FC53F8222053F82CC00E9187EA32275A
:10996000C5F3072289EA0C0953F8222087EA3267F7
:10997000C6F30742C4F3072453F8222053F82440C7
:1099800087EA3247320EF6B253F8222053F82660A7
:109990000F9789EA3229C0F30722C0F3074053F832
:1099A000222053F8200089EA3269C5F307422D0EC0
:1099B00053F8222053F82550974B89EA3248059AEC
:1099C000CDF84080724082EA352585EA346484EA25
:1099D00030403C0E069A1D5D1190CCB21C5D544087
:1099E00084EA0564C0F30725079A5D5D84EA0524CF
:1099F000C8F307455D5D84EA05444FEA18650A949B
:109A00005E5DFDB25D5D554085EA0665C1F30726E2
:109A10009E5D85EA0625C0F307469E5D85EA0645FC
:109A2000060E0B9513F806C0089ACEF800405FFAB0
:109A300088F6C0B29E5D564086EA0C66C7F3072CD6
:109A4000099A13F80CC086EA0C26C1F3074C090EDC
:109A500013F80CC086EA0C4613F801C0195C0C968A
:109A60005140C8F30722C7F307479A5CDB5D81EAE0
:109A70000C6181EA022282EA03430D930AA8CEF820
:109A80000450CEF80860CEF80C302021FFF7ACFC73
:109A9000002013B0BDE8F08F4FEA106C08F1FF38DA
:109AA00053F82CB05FFA85FC53F82CC081EA0C0CFB
:109AB000C6F307218CEA3B2C53F821108CEA316C59
:109AC000C4F3074153F821108CEA314C210E53F8AE
:109AD00021B0C1B253F821107940C5F3072781EABC
:109AE0003B2153F8277081EA3761C6F3074753F8E3
:109AF000277081EA3741370EF6B253F827B001914B
:109B0000E7B253F8266053F82770059989EA0707EA
:109B1000C0F3072987EA3B2753F8299087EA396978
:109B2000C5F307472D0EC4F3072453F8255053F807
:109B3000244053F82770C0F30740714053F82000C9
:109B400081EA3526019986EA34665FFA8CF486EA62
:109B50003046080E53F82450069953F82000694007
:109B600081EA3025C6F3072089EA374753F82000F9
:109B7000079985EA3065C7F3074053F8200085EA66
:109B80003045380E53F820409DF8040053F820006B
:109B9000414081EA3420CCF3072453F8244080EA82
:109BA0003460C6F3074453F8244080EA3440340E4E
:109BB000F6B253F82490FCB2C7F3072753F82440B9
:109BC000089953F8266053F82770614081EA3924D8
:109BD0000199C1F30729099953F8299084EA396456
:109BE000CCF307494FEA1C6C714053F82CC053F872
:109BF000299081EA3C260199C1F3074186EA37663C
:109C000053F8211084EA394486EA31464FF0010CBA
:109C10005CE600BF044305003D80050050F823309A
:109C2000D44A01447B4002934B68734003938B6892
:109C30006B400493CB68DDE903056340029C059308
:109C400030311E464FF0000C51F810BCCDF818B062
:109C500051F80CBCCDF81CB051E9083751F808BCDC
:109C6000CDF820B051E906A9B8F1000F51F804BCB5
:109C7000CDF824B001F1200100F3BA80BCF1000F4F
:109C800003D1DDE90305059E029C5FFA84FC310ED9
:109C900052F82CC052F8211083EA0C0383EA3123D6
:109CA000C0F307215FFA80FC52F8211052F82CC053
:109CB00083EA3163C5F3074187EA0C0752F82110A4
:109CC00083EA3143210E0E9352F8211087EA31279F
:109CD000C5F3072152F8211087EA3167C6F307411F
:109CE00052F8211087EA3147E9B22D0E52F82110BF
:109CF00052F825500F978AEA010C010EC0F3074075
:109D000052F8211052F820008CEA312CC6F30721BA
:109D1000F6B252F8211052F826608CEA316CC4F386
:109D20000741C4F3072489EA060652F8244052F892
:109D30002110914A86EA352585EA346484EA304068
:109D4000040E069E155D1190DCB28CEA3141145D63
:109D50001091744084EA0564C7F30725555D84EAD1
:109D60000524C1F30745555D84EA05481D0E079C8F
:109D7000565DCDF82880FDB2555D654085EA0665E3
:109D8000C1F30726965D85EA0625C0F30746965D72
:109D900085EA06453E0E0B9512F806C0089CCEF8E3
:109DA0000080CEB2090E965D664086EA0C66C0F36E
:109DB000072CC0B212F80CC086EA0C26C3F3074C7D
:109DC000C3F3072312F80CC0D35C86EA0C4612F8E2
:109DD00001C0115C09980C96C7F307474140D25D5A
:109DE00081EA0C6181EA032383EA02430D9345E68D
:109DF0004FEA166C08F1FF3852F82CB05FFA84FC79
:109E000052F82CC083EA0C0CC0F307238CEA3B2CDD
:109E100052F823308CEA336CC5F3074352F82330F1
:109E20008CEA334CC3B252F823305F40230E52F811
:109E3000233087EA3327C5F3072352F8233087EA14
:109E40003367C6F3074352F8233087EA334301935D
:109E5000030EC0F3074052F823B052F82000079FCA
:109E6000EBB22D0E52F8233052F825508AEA030344
:109E7000C6F3072AF6B252F82AA052F8266083EAFF
:109E80003B2383EA3A6AC4F30743C4F3072489EA0D
:109E9000060652F8244052F8233086EA352686EA30
:109EA000346686EA30465FFA8CF08AEA334352F829
:109EB0002040069860400446300E52F8200084EAA4
:109EC00030240198C0F3072052F8200084EA30645F
:109ED000C3F3074052F8200084EA30444FEA1C6084
:109EE00052F820509DF8040052F82000474087EABD
:109EF0003520C3F3072552F8255080EA3560C6F3B4
:109F0000074552F8255080EA3540019D2D0E52F844
:109F10002590DDB21B0E52F82550089F52F82330D1
:109F20006F4087EA3925C6F30729F6B252F829901F
:109F300052F82660099F85EA3965CCF30749CCF3CE
:109F4000072C774087EA332652F82C3052F82990B4
:109F500086EA3366019BC3F3074785EA394552F821
:109F600027304FF0010C86EA33466DE66FF086002D
:109F70008FE500BF044705003D8105000CB430B5F6
:109F80008BB004460D462022002102A808F022FED4
:109F900002238DF80A30002D0C4B0393069412DB3C
:109FA00001D06B1E1C440FAA0E99079402A80192BF
:109FB00000F074F815B1069B00221A700BB0BDE8D2
:109FC000304002B070470024EDE700BFCB2C050005
:109FD000242AF0B5044601D8012A40D1E1F772FFE6
:109FE0002D4B16221A5001B10C600020F0BD2F46F7
:109FF0003D4615F8010B2028F9D0A0F10906042EE2
:10A000000346F4D92B282CD02D282CD101262B78CF
:10A01000BD1C302B2DD1287840F02000782824D189
:10A0200032F0100021D16B782C461022023500202E
:10A03000392B82BF03F1FF3343F02003263B303B33
:10A040009A421AD9A0FB02040CB9C01801D346F0F9
:10A0500002062F462C4617F8013B3D46E8E7074627
:10A06000C6E70026D3E70026D3E7002A08BF082268
:10A07000DDE7002A08BF0A22D9E701B10C60F20728
:10A0800048BF4042B307B1D5E1F71CFF024B222283
:10A090001A504FF0FF30A9E70C0000002DE9F04FF7
:10A0A0008BB04368009383789C078046924640F1CA
:10A0B000F98000250878002800F0F68025280AD0CD
:10A0C0004B1C019301354146009B98470028C0F284
:10A0D000E3800199EEE74E788B1C252E0193F1D099
:10A0E0000027B9463C460A221F2C22D8A6F120039D
:10A0F000102B20D8DFE803F0141F1F1A1F1F1F0B9F
:10A100001F1F1F121F171F1F090044F00104019B8E
:10A1100013F8016B0193002EE6D13AE044F00204FB
:10A1200044F00404F3E744F00804F0E744F01004BA
:10A13000EDE77F2C24D8A6F13003092B08D8600660
:10A140004EBF02FB073702FB093944F02004DEE76B
:10A150002A2E0DD161065AF8043B53D4002BA7BF19
:10A1600044F020049946C3F1000944F02804CEE7E6
:10A170002E2E05D1630600F1978044F04004C6E717
:10A180006C2E2ED028D8682E32D06A2E37D04C2E86
:10A1900035D0002F46F02003B8BF24F04004A3F1CF
:10A1A0006502BCBFA4B20027022A01D9612B2BD1C2
:10A1B0000AF1070A2AF0070A9C4E0AF1080A072743
:10A1C000210760D506EB070B34465C455DD1AE1B1D
:10A1D000A219A9EB070959E1742E98D07A2E96D0CE
:10A1E000D7E7260648BF44F4007444F080048EE7A5
:10A1F000E00548BF44F4007444F4807487E744F4F5
:10A20000207484E71F4682E7A6F16302122A00F257
:10A21000D880DFE812F013004D00D600D600D6003B
:10A22000D6004D00D600D600D600D600D600E800F5
:10A23000D100D600D6001A00D600A0005AF8043B80
:10A240008DF81030012704AEBAE75AF8046B784B4A
:10A25000002E08BF1E4614F0400F14BF39464FF0C1
:10A26000FF31304608F0CEFC0746A9E7009B414687
:10A270002020984700280FDB013CA742F6D34D442D
:10A280002D1BA1469EE74C46F7E714F8010B009BF7
:10A2900041469847002898DA98F8023043F00403C2
:10A2A00088F802304FF0FF3528460BB0BDE8F08F3C
:10A2B000220630D5A3052AD50AF1070A2AF007039A
:10A2C0009A4659685AF8080B24F0100B00291FFA17
:10A2D0008BFB2FDA404261EB41014BF4806B04AC05
:10A2E0000A23224608F09AFC1BF0400FA0EB040260
:10A2F00000F08E802BF001049742A4B240F38F80CF
:10A30000002E40F08E802BF01104A4B21DE05AF80C
:10A31000040BC117D8E7E0055AF8041B01D408461E
:10A32000F7E7A2054BBF48B208B241F3C01141F3B1
:10A33000C031C9E750EA0103D1D16306CFD5002F60
:10A34000CDD124F01104A4B23A463B4640F2064176
:10A350000C4262D124E024F01004A4B20A2314F0C9
:10A36000800243D014F400711FBF0AF1070A2AF0DB
:10A3700007029246516814BF5AF8080B5AF8040BAA
:10A3800050EA01023ED124F0160B62061FFA8BFB45
:10A390003CD5002F3AD124F01704A4B23A463B46EC
:10A3A00021075AD4E10705D5994572DDA9EB0303CE
:10A3B0009F184B469B464AE044F010041023782631
:10A3C000CDE7782B04D1C6F1780343F01003C6E73C
:10A3D000009B4146252098470028FFF65DAF0235D7
:10A3E0004146304670E608230026B8E714F4807131
:10A3F0005AF8040BC4D014F400711ABFC0B211464D
:10A4000080B2BDE724F006041FFA84FB04AC68E7C1
:10A4100013465C46E10699D52EB90133C0E71346D1
:10A42000F8E73B46F6E70233BAE700BFFE7D0500DA
:10A43000F77D0500CDE902324146009B2020984778
:10A440000028FFF629AFDDE902320BF1010BD945F7
:10A45000F0DCEB1A03EB0B055B46E10627D5CDE9F3
:10A4600002324146009B302098470028FFF614AF87
:10A47000DDE902327EB901352F44791B8A4229DB9E
:10A48000144604AE9CBB2A44A9EB0309154691442B
:10A4900042E017468EE7CDE90232023541463046AA
:10A4A000009B98470028DDE90232E5DAF4E640F245
:10A4B00006410C42E0D014F0020F14BF2B202020E4
:10A4C00014F4806FCDE9023205F10105414618BF51
:10A4D0002D20E5E7CDE902324146009B3020984728
:10A4E0000028DDE9023205F10105C6DAD4E6013CB7
:10A4F000CDE90232305D009B414698470028DDE9F6
:10A500000232BFDAC8E6009B414620209847002867
:10A5100005F10105FFF6C0AEA9EB0503002BF2DC47
:10A52000D7E500BF7047F0B41346DA0287680669C2
:10A5300007D513F4402F1EBF43F3000202F440225C
:10A540005340346801258D4023F48012DB074CBF53
:10A550002C43AC4334603B68F0BC184738B50C461C
:10A56000BDF81000E5681C46C318012B114605DC38
:10A570002246284408F007FB204638BD6FF0060449
:10A58000FAE730B4BDF808409DF80C50CDE902451B
:10A5900030BCFFF7E3BF1FB502240294CC680194DE
:10A5A000BDF81840009404F079FB04B010BD00EB36
:10A5B000C100408840087047F8B50346FFF7F7FF31
:10A5C000B0FA80F0C0F11F0003EB800CCA00DCF889
:10A5D0001060171D0C4606328DB256B9012101FAE2
:10A5E00000F0D9680143D960CCF81040DD539D528A
:10A5F000F8BDF1000431585AD85303EBC0009E5205
:10A60000C5805D52F4E710B500EBC104E3888B42CE
:10A6100002F104010AD1012303FA02F2C36823EA1A
:10A620000203C360002340F8213010BDA28840F827
:10A63000213000EBC20100EBC300CB808280F4E745
:10A6400008B50346FFF7B3FFB0FA80F2C2F11F026C
:10A650001846BDE80840FFF7D6BF2DE9F843B1FA28
:10A6600081F3C3F11F0200EB82090646D9F810708E
:10A670000D4687B9C3F120034FF0FF349C40F368C7
:10A680001C4014D094FAA4F2B2FA82F2131D56F8C8
:10A690002340214608E03C464FF00308214630465F
:10A6A000FFF785FF854205D83046FFF7ACFF20460F
:10A6B000BDE8F88306EBC404B8F10108E488C9F8E2
:10A6C0001040D7D0BC42E9D1D4E738B50446FFF7F3
:10A6D0006EFF0D46034611462046FFF768FF034410
:10A6E0009BB204EBC5055A006A802046FFF75FFF66
:10A6F000014424F8313038BD70B50446FFF757FFE8
:10A700000B4604EBC305511A9B1A89B203444E0051
:10A710009BB204EBC2006E805D00458024F83210CD
:10A7200020461146FFF743FF014424F8313070BD45
:10A7300070B509B9002070BD056801F007030B333F
:10A74000CC0804EBD304AB689C4228BF1C462146CE
:10A750002846FFF782FF06460028EBD00146284630
:10A76000FFF725FFA04207D932192846FFF7C4FF9B
:10A7700011462846FFF720FF05EBC6021046538816
:10A7800043F0010353800430D5E71146FFF7D0BFF3
:10A790002DE9F84314464A4202EA010931EA02026D
:10A7A00003460BD04A46042A4F4628BF0422A1EB99
:10A7B00009096CB900252846BDE8F883042904D8A6
:10A7C0002146BDE8F843FFF7B3BF00270422F0E7B6
:10A7D0001E68A9EB020204F0070302F007010B3325
:10A7E0000B44E10801EBD20101EBD301B3689942BC
:10A7F00028BF19463046FFF730FF80460028D9D0E1
:10A800003D1D05EBC00509F1FF3335441D44B5FB83
:10A81000F9F509FB05F5ED1B2C442B1F07349B1B99
:10A8200024F00704A41BB0EBD30F4FEAD3074FEA81
:10A83000E40408D201463A463046FFF75DFF414640
:10A840003046FFF7B9FE39463046FFF7B0FE3844D0
:10A85000844207D230462246FFF74EFF214630465B
:10A86000FFF7AAFE06EBC706738843F00103738067
:10A87000A1E7043A2DE9F843CC1D114424F0070464
:10A8800021F00706A6EB04084FEAD807B7FA87F2CB
:10A89000C2F12405AD004FF000090735C2F12002D6
:10A8A000ED0804604946A760C4F80C90920004F1DA
:10A8B000100008F08FF9AAB2530043F0010363803F
:10A8C0007B1B9BB204EBC5015800A4F800904880A4
:10A8D00024F83520A6F8029024F8083004EBC703CA
:10A8E00029465A8842F001025A802046BDE8F843C2
:10A8F000FFF762BE2DE9F04706460D46174698461B
:10A900002BB398F8004093F80190DB78A40004EB97
:10A91000430498F802301C4444444FF0000ACA45EE
:10A9200009D3D8F8042008F1080339463046AC466C
:10A93000BDE8F047604714F8013B48F82340204643
:10A94000DCF70AFC013004440AF1010AE7E76FF082
:10A950001500BDE8F08730B502460024002012F84B
:10A96000013B43B178B18C4207D1702B04D0A3F1E5
:10A9700040053A2D07D8002030BDA3F140053A2DFF
:10A9800001D80134EAE7252B08BF80F00100E6E793
:10A990000020704700F0E8BF0FB407B504A951F8D4
:10A9A000040B019100F0E0FF03B05DF804EB04B08C
:10A9B00070470FB407B504A951F8040B0191FFF7D4
:10A9C000E9FF03B05DF804EB04B0704710B503690C
:10A9D000024613F0080009D11368D4689C4297BF5F
:10A9E000126AE31AD31A01200B6010BD0023184627
:10A9F000FAE713B501A90446FFF7E8FF20B1019B70
:10AA0000E268013B13440193206A019BC01A01389C
:10AA100002B010BD10B5044650182269236AD2074F
:10AA200002D5013B184010BD984228BFC01AFAE772
:10AA300010B504460A46C168FFF7ECFF2369E060E1
:10AA400023F00803236110BD38B50D46C2698B00A1
:10AA5000016843F0020342F82130044601682A46A7
:10AA6000FFF7D8FFE36861682060984202BF23695E
:10AA700043F0080323612A462046FFF7CBFF6060BE
:10AA800038BD2DE9F74FD0F80CB0C669009216F822
:10AA90002B2002F00302022A08BF56F82B209A4608
:10AAA00006EB8B030F4601934FF00001009B0CBF98
:10AAB000C2F39D09894619600446CAF80010B9F12D
:10AAC000000F07D04946FFF7B3FFE368A3604FF0DC
:10AAD000010804E001698A0705D44FF000084046E8
:10AAE00003B0BDE8F08F816906EB8B00884716F84C
:10AAF0002B1011F001080546EFD08B071DD51FB1B3
:10AB000039462046FFF7A0FF61682A462046FFF736
:10AB100081FFD4E902138B42606007D12A462046A8
:10AB2000FFF778FF4FF000080146A060236921601D
:10AB300043F00803E1602361D1E701462046FFF7B7
:10AB400077FFE168A1601FB12068E16941F82090BA
:10AB5000EA19CAF8002021682046FFF75BFF226946
:10AB6000206042F00802226116F82B2022F0010238
:10AB700006F82B20DDE900321A60A8E770B504461C
:10AB80001546FFF747FF2368834205D123692160FB
:10AB900023F00803236170BDE269AB0043F00203B8
:10ABA00042F82130204661682A46FFF733FF606093
:10ABB000F1E738B503695B07044606D5456AFFF738
:10ABC00018FF85422CBF6562606238BD38B50D46FE
:10ABD00004461C22002107F0FDFFEB68A361AB686F
:10ABE00063612B68E3616B682362002262622A69F9
:10ABF00023B1591E194208BF42F00102226101220D
:10AC000004F128000021BDE8384006F088BA2DE99B
:10AC1000F04F9846036A87B000258B4204460E46E3
:10AC2000934603950595AA4638D3EFF3118920235F
:10AC300083F31288BFF36F8F059A2AB12946204605
:10AC4000FFF79CFF0023059304A92046FFF7BEFEF3
:10AC50000499B14207462AD32268E36913F8221007
:10AC600021F0030103F8221003EB820A2168324627
:10AC70002046FFF7CFFEE3682060984212D00027FD
:10AC800089F31188BFF36F8F039929B162690AB103
:10AC90002046904700230393002FC6D1504607B0AB
:10ACA000BDE8F08F236943F008032361E7E718B19B
:10ACB0002046FFF7C9FEE3E75BEA08031CD00191D9
:10ACC00006F059FB0199B8B9B9F1000F14D189F315
:10ACD0001188BFF36F8F5A46434604F12800FCF7F2
:10ACE000CBFBEFF31189202383F31288BFF36F8F1F
:10ACF000B0FA80F77F09C3E705AB03AA20462568B1
:10AD0000FFF7BFFE0746BBE770B5044683690846F8
:10AD10000D4698470246EFF31186202383F31288ED
:10AD2000BFF36F8F2B7843F001032B7061682046CF
:10AD3000FFF770FE60602046FFF73BFF86F3118847
:10AD4000BFF36F8F70BD2DE9F8430446002720261E
:10AD5000EFF3118586F31288BFF36F8F2369A26822
:10AD6000190702D46368934200D2236A9B1A002B0E
:10AD700042D0E06910F8221011F0030300EB8209C1
:10AD80003AD0022B04D150F822305FEA930805D163
:10AD9000CB0720D4A369484698478046A16842461D
:10ADA0002046FFF737FE0127A06041462046FFF707
:10ADB0003FFE3B4685F31188BFF36F8F002BC7D151
:10ADC00037B1B9F1000F03D104F12800FCF720FBE3
:10ADD0004846BDE8F88341F0020100F822104846D9
:10ADE000A369D4F808809847414602462046FFF7F9
:10ADF00011FE0023A060DDE79946DBE7F8B50446C5
:10AE0000836908460D4698470646EFF311872023CD
:10AE100083F31288BFF36F8F2B7823F001032B701D
:10AE200023699B0705D5E268E36903EB82039D4232
:10AE30001AD12B7823F002032B70D4E90231994206
:10AE400004D132462046FFF7E5FDA060314620469A
:10AE5000FFF7EEFD87F31188BFF36F8F04F1280031
:10AE6000BDE8F840FCF7D4BA2B6860F39F032B6071
:10AE7000F0E7EFF31181202383F31288BFF36F8F84
:10AE800002698368120702D442689A4200D2026AB9
:10AE9000D31A81F31188BFF36F8F181E18BF0120DA
:10AEA0007047F0B564230446042500204FF00A0CD7
:10AEB00011B1013D01D12570F0BD9A42B2FBF3F70B
:10AEC000FEB202D2012B00D030B130360139013050
:10AED00004F8016BC9B2C0B203FB1722D2B2B3FBB4
:10AEE000FCF3E5E7A0F13003DBB2092B02D80B70CD
:10AEF00000207047A0F16103052B02D85738087075
:10AF0000F6E7A0F14103052B01D83738F7E76FF0DA
:10AF100015007047F7B5054601F0010000EB51063A
:10AF20009E424FEA510703D90026304603B0F0BDD8
:10AF300058B128780DF10701FFF7D4FF0028F3D1AD
:10AF40009DF8073002F8013B013501351744BA423C
:10AF5000EBD015F8010C0DF10701FFF7C3FF002836
:10AF6000E2D19DF807402401E4B2147015F8020BF9
:10AF7000FFF7B8FF0028D7D19DF807301C4402F82E
:10AF8000014BE4E7036800220BB9184670478B4277
:10AF900010D10B6842B942680360914200D143600E
:10AFA00000230B600120704713604368994208BF7B
:10AFB0004260F5E71A461B68E6E7038B13F00703C8
:10AFC00006D10368002B18BF032008BF002070477C
:10AFD000022B05D1408BB0FA80F040098000704709
:10AFE000012B04D10368002B18BF0520EDE70020DA
:10AFF000704710B50C4600B111B96FF0150010BDC7
:10B00000081D00F0C6F80028F9D1A368032BF6D973
:10B01000F3E72DE9F0410D4607461946281D9046F5
:10B020001E4600F0C7F8044638B13346424629466A
:10B030003846A446BDE8F0416047BDE8F08110B451
:10B04000EFF31182202484F31288BFF36F8F4161E4
:10B0500010BC0121DEF756BE38B50C46054658B186
:10B0600051B10B6843B14B6833B11C22002107F08A
:10B07000B1FD2C61002038BD6FF01500FBE7F8B57D
:10B0800004460E46FFF7B5FF051E3BDBEFF31182CA
:10B09000202383F31288BFF36F8F638B278B4FF6C8
:10B0A000FF718B4207F007072ED0062F2FD8DFE85D
:10B0B00007F0182E082E180418006FF085050023DD
:10B0C00003E0013363830225012382F31188BFF378
:10B0D0006F8FBBB100233A4631462046FFF799FFF8
:10B0E00010E000233360636823B9C4E9006627B128
:10B0F0003D46E4E71E606660F9E702212046DEF780
:10B1000001FE3D462846F8BD6FF00A05D7E76FF00F
:10B110000405D4E710B5EFF31182202383F31288DE
:10B12000BFF36F8F048B04F00704022C0AD0012CAC
:10B130000CBF6FF004006FF0850082F31188BFF33D
:10B140006F8F08E0438B013B9BB2438323B92146B9
:10B15000DEF7D8FD204610BD2046EEE738B5A8B191
:10B16000A1B1EFF31185202282F31288BFF36F8F14
:10B17000048BFFF707FF30B104F0070085F3118857
:10B18000BFF36F8F38BD6FF07700F7E76FF01500F2
:10B19000F8E7034658B1426802F00302012A03D0DF
:10B1A000032A04D1026812B10020986070476FF042
:10B1B000150070474268816002F00302032A4FF0D5
:10B1C000000203460CBF006810465A60704770B515
:10B1D0000C8806468888241A3069A4B2844285B255
:10B1E00024BF641BA4B22D1BA8B2984228BF1846E6
:10B1F0003368234413600B8803440B8070BD70B424
:10B20000838985880669ED1AADB2731B934228BF06
:10B21000134670BC0A46011DFFF7D9BF70B40E4635
:10B220000146C58831F80A3FEC1AA3B2934228BF01
:10B230001346324670BCFFF7CABF10B54B880C8866
:10B24000E41AA4B294420ED31A4492B28B884A8074
:10B250000A800069D21A92B2824201D2002010BD47
:10B2600003448B80FAE76FF01500F8E72DE9F3410E
:10B2700006460F4615464FF000082A4601A93046FB
:10B28000FFF7BDFF044640B102463946019807F07A
:10B290007AFC2D1BA0442744EFD14246311D304695
:10B2A000FFF7CBFF404602B0BDE8F0812DE9F34146
:10B2B00007460E4615464FF000082A4601A93846B3
:10B2C000FFF7ACFF044648B12EB102460199304663
:10B2D00007F059FC26442D1BA044EED1424607F14D
:10B2E0000A013846FFF7A9FF404602B0BDE8F081E9
:10B2F000704710B484686468A44610BC604770B49A
:10B30000C6680468806A0D0C06FB054414FA81F1D6
:10B3100084682468A44670BC60472DE9F0431C464D
:10B32000C36A1D686D4289B006468846174605F017
:10B3300020051CB9204609B0BDE8F083AC42A14607
:10B3400028BFA9464B466A4641463046FFF7D7FF1D
:10B350000028F0D16B46484502D1241A8044E8E722
:10B3600013F8012BBA4201D10130F4E70120E2E7E2
:10B370000B6803F580330B60008A1A0CB0EB134F97
:10B3800004BFA3EB02430B60704700F070BB38B5FD
:10B39000C26803680D0C090C04462D04806A02FB88
:10B3A000013100F0DAFD50B9E26AE36852792946CA
:10B3B0002046FFF7B2FF002818BF6FF0050038BD28
:10B3C00010B5014604460722FF20F7F731FCE07173
:10B3D00010BD2DE9F04F07465368D068034450690B
:10B3E000C34293B003D1002013B0BDE8F08FFC68D6
:10B3F0003B68D7F82CB0080C04FB003313FA81F536
:10B4000092E8030004AB83E80300D2E9020106AB33
:10B4100083E80300D2E90401DBF8008008AB83E88D
:10B4200003000024C8F10003A146019312AB03EB13
:10B43000C90A4FEAC9015AF8346CAEB909F10109D9
:10B44000B9F1030FF2D1002CCDD00AAE9BF8051054
:10B45000A8EB0402301907F0BDFBB86A4346324638
:10B460002946FFF746FFBFE7B4B9019B334013D02D
:10B470005AF8382CB86A2946CDE90223FFF739FF7C
:10B480000028B1D1DDE902231A44F61A4AF8382C13
:10B490004AF8346C1D44C9E7A8EB0402B24228BF45
:10B4A0003246A2B101F148030DEB030A0AAB5AF888
:10B4B000381C1819CDE9021207F065FBDDE902120C
:10B4C0001144B61A4AF8381C4AF8346C14444445FE
:10B4D000ACD1B86A23460AAA2946FFF70AFF00281A
:10B4E00082D125440446A1E7F8B507220D46064659
:10B4F000FF204C888F88F7F79BFBEB79834205D1BF
:10B500003C44B4428CBF00200120F8BD0020FCE781
:10B510000368012B81BFC91801F1FF315B4219405B
:10B520000846704738B50D460A4681680446FFF75D
:10B5300050FFEB68696819446B6902461944E06A78
:10B54000FFF7E6FFA3680344A360104638BD70B55B
:10B5500086B0466804460D4618220021684607F06A
:10B5600039FB02956A460825314620460395FFF7C8
:10B5700030FF29460246E06AFFF7CAFF63681B1ADC
:10B580001046636006B070BD13B54FF6FF7300221E
:10B590000446ADF800308DF806308368ADF804201D
:10B5A0006846ADF80230FFF70BFF69462046FFF70B
:10B5B000CEFF02B010BD70B506460C46C06A082129
:10B5C000FFF7A6FF0546F068401B214680B2FFF753
:10B5D0008BFF80B1A08878B922884FF6FF739A421A
:10B5E00009D16288F3689B1AB3FBF5F205FB1230B0
:10B5F000B0FA80F0400970BD0020FCE7F7B50446C2
:10B600000D46C06A0821FFF783FF29680746082313
:10B610002046FFF774FE0646002836D12B683B44CF
:10B620002B60E26899B2D21B91422ED11A0C03BF53
:10B63000228A02F1FF3203EB0241A3F58031296037
:10B6400008236A462046FFF75AFEE8B9E36A5A79AA
:10B650006B4613F8011B8A420CD101300828F8D13F
:10B66000636805E02B68BDF802206FF30F031344F5
:10B670002B600AE069462046FFF79DFF0028F1D1C4
:10B6800029462046DEF75EFC0646304603B0F0BD94
:10B690002DE9F04F0446A1B024220D4617A8002141
:10B6A00007F098FAE06A0821FFF732FF63688146E5
:10B6B0006FF30F0306A920460693FFF759FE069B7A
:10B6C000E66801931E44A6EB0906082309AA314641
:10B6D00020460796FFF713FE0028C0F21681E36AA2
:10B6E00009AA5979002312F8010B814240F0FC802D
:10B6F0000133082BF7D1A36862684B449A4280F06B
:10B70000EC8001992046FFF742FEFEE0BDF82630AE
:10B710006FF30F061E4407960BAA07A92046DDF813
:10B720001CA0FFF76BFF002840F0EF800BA91FFA69
:10B730008AF0FFF7D9FE48BB039B9A45ECD1102253
:10B74000002113A807F046FA1F9E129617AB11931B
:10B7500095B1D4F82C8008214046FFF7D9FE2F89F7
:10B760000246F1194046FFF7D3FEA1686368024420
:10B770000A44934280F09280002EBCD011A920464A
:10B78000FFF7D0FE002840F0C080B4E76668089656
:10B790000DAA08A92046FFF731FF002840F0B58028
:10B7A000BDF83420BDF82C309A4245D0089B626821
:10B7B0009A423FD15645BFD1BDF83060002EBBD074
:10B7C0003DB12A88BDF82C309A4202D12B89B34270
:10B7D000B2D9BDF82E801F9A4FEA1A431B04984431
:10B7E000E36A1B68591E5B4203F020030493A368BD
:10B7F000164401EA06001344009026EA0106ADF85B
:10B800002E3006BB009B5BB11F9A17A99B1A2046DE
:10B810000A444146FFF773FD002876D1009B1F9331
:10B820000BA8FFF7CDFD0BA92046FFF790FE0028DF
:10B8300082D06AE01E46ABE70DA9B0B2FFF754FE16
:10B840000028B3D0B6E7049B1F9FB34228BF3346FE
:10B85000A3EB070B17AA02933A445B4641462046E6
:10B86000FFF74DFD002850D11F9B01465B44182275
:10B8700011A8059307F0AEF917AB139311A9059B17
:10B8800014932046FFF74EFE00283ED11F9B1F90C9
:10B89000FF1A029B3744FE1AD844B2E731446B6862
:10B8A000ADF83E10204611A9CDE91337FFF73AFE57
:10B8B00058BB2B88ADF83C302B89ADF840300FA831
:10B8C000FF238DF84230FFF77BFD0FA92046FFF7DD
:10B8D0003EFED0B90123AB720DE72046FFF754FEC0
:10B8E00000283FF40EAF10E0A6EB090309A920469B
:10B8F0000393FFF760FE00287FF408AF07A92046F6
:10B90000DEF720FB00283FF407AF21B0BDE8F08F41
:10B9100000231A46DEF7F2BC13B500240094DEF7CC
:10B92000D1FD02B010BD03785B075FBF036842889A
:10B93000C3F34A2303EB12105DBF173020F007005A
:10B940008008002070470020704704F05ABE03466C
:10B95000BFF35B8F53E8000F421C43E8002100292E
:10B96000F8D1BFF35B8F70471FB50023CDE902010B
:10B97000CDE900331A4619461846DFF725F905B018
:10B980005DF804FB0120DEF7D1BE0020704743685C
:10B99000DA7143681960436801225A71DEF7B8BE54
:10B9A00070B515460C4669B1D2E901369B1B994228
:10B9B0000AD813680A460146981907F0E4F8AB68FC
:10B9C0002344AB60204670BD6FF01B00FBE770B5F1
:10B9D0000E4615461946044618B9BDE87040DEF714
:10B9E000A5BE33B1C2F34A231030120D184407F03C
:10B9F000CAF8C4E900562046BDE87040DFF744B8F5
:10BA00002DE9F3415F1C4FEA8708064608F117004D
:10BA100020F0070080080C461546DEF709FF0023DA
:10BA2000ADF805308DF807308DF8047068B1034625
:10BA3000019A43F8102FA8F104012A46294452F82C
:10BA4000045B43F8045F8A42F9D1A20102F4E07278
:10BA500042EA482222F07F4222F47002002322F0C0
:10BA60003F02314602B0BDE8F041FFF7B0BF07B575
:10BA70000123019201AAFFF7C3FF03B05DF804FBA5
:10BA800007B5CDE9002302236A46FFF7B9FF03B0EB
:10BA90005DF804FB1FB5CDE90123069B039301AAC2
:10BAA0000323FFF7ADFF05B05DF804FBF8B50646CC
:10BAB0000D4614461F4604B9F8BD214628463A46AD
:10BAC000B047241A0544F6E710B542688168044679
:10BAD000D2E900230068FFF7E9FF636800221A60DB
:10BAE00010BD38B54B681A68CB689A4205460C46BB
:10BAF00002D10846FFF7E8FF6368BFF35B8F53E8A6
:10BB0000002F511C43E800100028F8D1BFF35B8FD1
:10BB1000A3689D54002038BD0A2838B504460D4658
:10BB200002D10D20FFF7DDFF29462046FFF7D9FFA0
:10BB3000002038BD2DE9F043054689B008460E883F
:10BB400091F80090D1F808800C461746DFF78EF880
:10BB5000011EC6F38216C9F3C2091FDB4846DEF791
:10BB6000A5FF03462146608851F8102B0296C2F3C8
:10BB70004A22002A01EB0204C0F30B1008BF002187
:10BB80000022CDE90507CDE90314CDE900224146A5
:10BB90002846DFF797F809B0BDE8F0830023E1E716
:10BBA00043681B685B6800201961704743681B6825
:10BBB0001A685268536070472DE9F04143681B686A
:10BBC0005A68012111751D68D5E90136D3E900488D
:10BBD0002F681CB96B681C60BDE8F08121463046B7
:10BBE0004246B847241A0644F3E743681B681868BE
:10BBF000DFF79EB970B543681D686B6818690C461D
:10BC0000DEF770FD214603460F222868BDE870402C
:10BC10001847002908DB8068884205D9401A9042FD
:10BC200034BF00200120704700207047704710B5D6
:10BC30000B460446FFF7EDFF40B16168E068194428
:10BC400083689B682BB1BDE8104018476FF0150062
:10BC500010BD6FF05700FBE730B54C680368A34296
:10BC600001D2012030BD8A682244934201D30020D2
:10BC7000F8E7D1E90452954203D36FF00B038B61CF
:10BC8000F5E7CA681B1B42F835304368086902EBC8
:10BC9000C00253600B6901330B61E2E737B50C4614
:10BCA000C0B201A91546DFF79DF900280CDB019809
:10BCB00050B121462A46DFF7BBF904460198FFF749
:10BCC000B5FF204603B030BD6FF01504F9E72DE94C
:10BCD000FF41D1F80C80054640461F460C461646EB
:10BCE000DBF73AFABDF82830009380B2CDE9018045
:10BCF0003B4632462146284602F0D0FF04B0BDE85C
:10BD0000F081F0B587B01F4604460D46164601F097
:10BD1000F7FD022302930DF116030193BDF83030B5
:10BD2000ADF81600009332463B462946204602F005
:10BD3000B5FF07B0F0BD2DE9FF411F460D46164681
:10BD40000446E2F713FD8046DBF706FABDF828301B
:10BD5000009380B2CDE901803B4632462946204619
:10BD600002F09CFF04B0BDE8F08100207047002085
:10BD7000DFF74EBA00221146DFF718BA034610B5B6
:10BD800008460AB10021116053B1D0B1411E11F82B
:10BD9000010F80B113F8014BA04201D13D28F6D12B
:10BDA00000200EE0013313600AE03D2808D0B0FA0D
:10BDB00080F0400905E018782F28F6D1002AF1D14B
:10BDC000012010BD10B509B100230B6058B1034626
:10BDD0001A781C4601332AB13D2A03D02F2AF7D105
:10BDE00001B10B60201A10BD0830704710B5134622
:10BDF00014460A4681880068FFF78EFDA042A8BF5E
:10BE0000204610BD2DE9F04F97B0044601929A46A6
:10BE1000894600297AD0DAB1BAFA8AF67609258FEE
:10BE20000135ADB2A84604F1080B6F1EBFB2B7F5DD
:10BE3000004F39D04A2303AA39465846FFF76CFD14
:10BE4000002807DA10F1020F08BFB8463D46ECE7BC
:10BE50000126E4E700F158030DEB0300002300F88E
:10BE60004C3C03A94846DBF765F90028EED106BB38
:10BE7000B846B8F5404F4CD0238F434504F1080530
:10BE800038D308F58041019A534689B22846DEF737
:10BE900035FA00280ADB46B14846DBF75DF94A4629
:10BEA0000346414628461EE016B3002017B0BDE801
:10BEB000F08F39465846FFF72BFD0028F6DB05F5D5
:10BEC0007F513F3189B25846FFF722FD0028EDDB54
:10BED000238FBB42E9D12246013B22F8383F4FF481
:10BEE000004102235846DEF709FA00EAE070DDE778
:10BEF0000126BEE72246022322F8388F4FF4004184
:10BF00002846DEF7FBF90028BBDACFE76FF0150013
:10BF1000CCE76FF00B00C9E773B5C36B036304464E
:10BF2000C3B100F108063046DEF73EF8054670B9A9
:10BF300002230DF106024FF400413046FFF7ECFCFE
:10BF40000028ACBFBDF806304FF4004323872846D5
:10BF500002B070BD6FF01205F9E72DE9F041876876
:10BF6000FB6804460D4616469847BB682BB132461F
:10BF700029462046BDE8F04118476FF05700BDE85C
:10BF8000F08106F027BE06F0FEBD01460068DFF72F
:10BF90006DBB08B5DFF7C6FBBDE80840DFF71EBF85
:10BFA0000A460121FFF763BD00210120DFF75EBBD8
:10BFB0006FF08500704761B662B680F31188BFF3F9
:10BFC0006F8F704772B6002383F31188BFF36F8FB2
:10BFD000BFF34F8F30BF62B6BFF36F8F704772B63B
:10BFE000002383F31188BFF36F8FBFF34F8F20BF00
:10BFF00080F31188BFF36F8F62B67047202809D98C
:10C00000B0F1004F08D80138B0FA80F0C0F11F003D
:10C0100040007047082070473E20704708B5D1E9BE
:10C0200004319847002008BD08B5E0F7EDF800207E
:10C0300008BD7047002303824369C3607047C1692C
:10C040008968E0F79FB9EFF31182202383F3128808
:10C05000BFF36F8F00230B60436833B9C0E9001151
:10C0600082F31188BFF36F8F704719604160F7E763
:10C0700010B50346EFF31181202282F31288BFF33B
:10C080006F8F006828B15C6802681A60A04208BF20
:10C090005A6081F31188BFF36F8F10BD027A0132AD
:10C0A00002727047034618465B68002BFBD170474D
:10C0B000426810B52AB10B461C465B68002BFBD1C9
:10C0C0006260416010BD10B5044620B90B7A01339F
:10C0D0000B72084610BD034618465B68002BFBD167
:10C0E000FFF7E6FF2046F5E710B508B14B6843605F
:10C0F0004C68002308464B60E0F7C2F9204610BDAB
:10C1000083680B440360704703680B6043684B60AF
:10C1100083688B6070478388026819448180D018D7
:10C12000704730B484880568A3188380281930BC10
:10C1300006F029BD10B5838802685C1C8480D15448
:10C14000D01810BD30B5838802689D1CD418858036
:10C15000D154090A617030BD83885B1A9BB2838019
:10C16000006818447047034600689A88401A1144D2
:10C170001860998070470268531E036083880133FA
:10C18000838002F8011C70478288521A034682801D
:10C190000068084418607047034600689A88521A7D
:10C1A00001449A801960704710B503681C7801211A
:10C1B000FFF7EAFF204610BD10B503681C88022176
:10C1C000FFF7E2FF204610BD4FF0FF324FF0FF3384
:10C1D0000430FBF729B8FBF799B890F86C00C0F36E
:10C1E00041107047F8B504461E460D461746FFF746
:10C1F000EBFF94F86C309B0715D425B1012D10D0BE
:10C200006FF0150508E0216F0029F9D09DF818306E
:10C210000F714E718B710025201DFFF7DCFF284642
:10C22000F8BD616FF0E76FF07705F5E790F86C0007
:10C23000C0F38000704738B50446FBF703FE204684
:10C24000FFF7C2FFA06940B96FF01205201DFFF78C
:10C25000C2FFFBF70BFE284638BD94F86C30DB07B5
:10C2600016D404F092FD0028EED02046E0F7A6FF99
:10C2700005460028EAD10146242204F1280006F0F0
:10C28000A9FC94F86C3043F0010384F86C30DDE7CE
:10C290006FF07705DAE770B50446FBF7D3FD20466B
:10C2A000FFF792FF94F86C30DA0731D5C3F3400101
:10C2B0009B0730D4A06903F0C9FC0646A06903F0CF
:10C2C00034FD0546B0B9A36F4BB13146204600F0AE
:10C2D0008DF90546A8B1A06903F053FD0AE0A069F5
:10C2E00003F0CBFCA0670028EFD1A06903F049FD63
:10C2F0006FF00B05201DFFF76EFFFBF7B7FD28461B
:10C3000070BD94F86C3043F0020384F86C30F1E7B0
:10C310004FF0FF35EEE76FF07705EBE70246034697
:10C3200052F8640F90420BD100207047027A8A4283
:10C33000FBD09A6E8242F7D000680028F6D1704791
:10C340000028F3D1704738B504460D46FFF73CFF8F
:10C3500094F86C30DB0718D42B690BB9EB68BBB1D0
:10C36000636E1BB904F16403C4E919332B6893B9F4
:10C37000A26E04F16401C5E900121560A5661D46B0
:10C38000201DFFF728FF284638BD4FF0FF35F7E79F
:10C390006FF01505F4E76FF07705F1E710B5044687
:10C3A000034654F84C0FA0420DD100200DE0447D0F
:10C3B0008C4204D1032909D1047A944205D01C6D22
:10C3C0008442F2D000680028F1D110BD0F29F5E7B2
:10C3D0002DE9F04105460C46061D4FF0FF324FF0A7
:10C3E000FF333046FAF720FF2F6F002F6DD095F8FE
:10C3F0006C30DB0769D4EB6C1BB905F14C03C5E964
:10C4000013332368002B63D1637D0F2B09D1237A6B
:10C41000012B0CD02B6D05F14C02C4E900231C60EC
:10C420002C65637D032B0FD04FF0000806E0E16818
:10C430002846FFF788FF80460028EBD03046FAF701
:10C4400065FF4046BDE8F081EA6C05F14C00904282
:10C450001ED1002329E091F815C0BCF1030F10D0C4
:10C46000013323724B68C4E900131C604C60637A8B
:10C47000022B24D0032B25D0012BD5D1237ABB73DB
:10C48000D2E791F808C00CF1FF3C6345E8D112688F
:10C49000002ADED0517D2B6D03290DD19A42137AEB
:10C4A00002D011680029D6D1013323722B6DC4E963
:10C4B00000031C602C65DAE79342E8D1C9E7237AD0
:10C4C000FB73B1E7237A3B74AEE74FF0FF38B5E773
:10C4D0006FF07708B2E70346006800B1187A70473A
:10C4E0008388C2888168D21A03685B1AD01A7047A1
:10C4F0000346C08808B11878C009704770B50C466B
:10C50000154600F0ECFA40B1406883681B6823B11F
:10C510002A462146BDE87040184770BD38B58021D5
:10C520000446806903F0CCFB054650B10146204625
:10C5300000F07BFC044610B12846DFF7A1FF20463F
:10C5400038BD6FF00B04FAE738B50446806FFFF78B
:10C55000A5FD0546FFF76EFD2046294600F065FC67
:10C56000044610B12846DFF78BFF204638BDF8B5EA
:10C570000446866803690D461746BFF35B8FD3F800
:10C58000A030BFF35B8F9B070ED5B36A7BB1F36B13
:10C590009847B36A29463A4620469847336C054681
:10C5A000204698472846F8BD4FF0FF35FAE76FF070
:10C5B0008505F7E770B50446866803690D46BFF345
:10C5C0005B8FD3F8A030BFF35B8F9B070BD5F36B6A
:10C5D0009847736A294620469847336C054620469B
:10C5E0009847284670BD4FF0FF35FAE710B504466E
:10C5F00019B9002084F8300010BDFFF7A5FF00280E
:10C60000F7D0F9E738B590F83030022B0D4604D159
:10C6100000F060F908B1C46804B938BD2B78032B69
:10C6200005D0052B0ED0022B08D02468F4E76068F3
:10C6300083685B69002BF8D09847F6E760688368E9
:10C640009B69F7E760688368DB69F3E7012270B5EF
:10C6500015460B685BB302F07F04103423FA04F62E
:10C66000F60710D5036823FA04F6F60702D46FF034
:10C67000150070BD05FA04F423EA040303600B6897
:10C6800023EA04030B60D340DE070DD5036823FAC9
:10C6900002F4E407EBD505FA02F423EA040303608D
:10C6A0000B6823EA04030B600132102AD1D1002069
:10C6B000DFE72DE9F04F8369026F1B6993F8803043
:10C6C000C3F34113022B8FB081460ED0032B0ED043
:10C6D000012B0CBF10230823D371D9F854800026F6
:10C6E000B8F1000F05D14046AEE02023F4E7402327
:10C6F000F2E7D8F80430D8F80C4003930C9604966F
:10C700007CB9049B039A09339BB293701B0AD370C4
:10C710001671D8F80C40002C40F0B080D8F800809A
:10C72000DDE7606883681B6B00250D95002B00F02A
:10C73000A38029469847002800F09E80C4E903554D
:10C74000A0F1040B35465BF8043F0BB11A7822B90F
:10C75000B5427CD86FF0150076E05A780B2A08BFF6
:10C760009D70DBF800305A78042A10D1E2680D99E8
:10C770000A43E260DA78002A57D19D7023690122CA
:10C78000AA40134301352361EDB200230D93DBF87A
:10C7900000707B78052BD6D1D9F8183008936FF04C
:10C7A00012004FF0010A7A793B7943EA0223ADF88F
:10C7B0002E300C9B069397F90230069A002B5FFAF5
:10C7C0008AF1BBBF41F080014BB24FFA8AF3079365
:10C7D000B9BF21F08003103307935346DA40D207E4
:10C7E0002AD40D9A059222FA03F3DB0724D4BB79ED
:10C7F000FA78089800930DF12E03099103F0FBF8E5
:10C800000999C8B9079BB970002BBCBF21F0800102
:10C81000103101238B4006980599BDF82E20BA806F
:10C8200019430343CDE90C318DE76A1E9A700DA9B7
:10C830000CA8FFF70BFFA8E70AF1010ABAF1100FE5
:10C84000B1D100283FF47FAF0FB0BDE8F08FE368AF
:10C850000D9A1343E360606883689B6AD3B198477D
:10C860000028F1D10146606800F000F9049B2468BB
:10C87000034404932E4643E73546ECE7E368A360A0
:10C8800004F10C010CA8FFF7E1FE00287FF462AF71
:10C89000246840E76FF08500D6E74FF0FF324FF095
:10C8A000FF330430FAF7C0BCFAF730BD21B10129DB
:10C8B0000DD000231B68FFDE5430006848B1436888
:10C8C0005B79934205D000680028F8D170475C304E
:10C8D000F3E7704710B590F83030022B044609D1C9
:10C8E000FFF77BFC94F8382001462046BDE8104055
:10C8F000FFF7DCBF002010BD08B5FFF7D7FF0038F9
:10C9000018BF012008BD2DE9F04104460E46FFF78F
:10C9100064FC94F838308046CBB9002E3BD03246C8
:10C9200041462046FFF7C2FF0746A8B1024620460F
:10C9300000F0D1F9054688B984F83860FC6864B322
:10C94000606883681B6A03B198472468F7E720464C
:10C95000FFF7C0FF074620B96FF03C052846BDE849
:10C96000F0810146204600F08CF910220546002196
:10C9700004F13A0006F02EF9002384F83830FF68FD
:10C9800017B9002DC9D0E9E7786883685B6A03B1FD
:10C9900098473F68F4E784F838600025DEE7F8B58B
:10C9A00004460E4657681546FFF777FF94F86C303B
:10C9B000D9074BD4012E4CD0FB799A0605D5A36933
:10C9C0001B6993F880309B0743D5002E41D1E36D5E
:10C9D00053B9626D62B9236F6A685B7C0133DBB265
:10C9E0005371226F53740EE09D4235D01B68EFE700
:10C9F000954225D12A68EBB9A36D62659D4200D1AD
:10CA0000A26500232B60A96841B12046FFF7E0FC36
:10CA1000064650B9A868FFF75EFDB87100232B6089
:10CA2000A36D83B9C4E915550026201DFFF73CFF0F
:10CA30003046F8BD1A60A26D954208BFA365E0E7D5
:10CA400013461268C6E71D60A565EDE76FF00F0697
:10CA5000EBE76FF08506E8E76FF01506E5E74FF0C6
:10CA6000FF324FF0FF330430FAF7DEBB08B58368BE
:10CA70001B6B0BB198470346002023B153F8042BDE
:10CA80000AB1127802B908BD1044F6E710B51C4689
:10CA9000FFF70CFF48B10122C06802FA04F320B18D
:10CAA0000269134201D10068F9E710BD10B50C46C8
:10CAB000FFF710FF48B10123C06803FA04F120B169
:10CAC0000369194201D10068F9E710BDD1F81A00D5
:10CAD00083681B6903B118476FF08500704770B514
:10CAE00001F07F0311F0800F18BF103301259D4026
:10CAF00090F83030022B044601D0002070BD90F831
:10CB00003860FFF76AFB324601462046FFF7CEFE4B
:10CB10000028F2D0C0680028EFD083681D42EDD114
:10CB20000068F8E738B50C46FFF7D4FE80B1C0685E
:10CB300070B14368DA681AB111790023994201DCB7
:10CB40000068F5E71568ED5CA54201D00133F5E713
:10CB500038BD2DE9F04105461E460846002A42D15F
:10CB6000E0F744FB044600283DD02846FFF777FF56
:10CB700095F86C30DA0707D56FF00F04281DFAF727
:10CB8000C5FB2046BDE8F081676804F11408BFF3D7
:10CB90005B8F6369BFF35B8FDB07EDD47B680BB101
:10CBA000AB42E9D1324600212846FFF77FFEB8B1FB
:10CBB00000232360036983B9C0E90344BFF35B8F9B
:10CBC00058E8003F43F0010348E80032002AF7D15B
:10CBD000BFF35B8F00247D60D0E71C600461EDE74C
:10CBE0006FF03C04CAE76FF01204CAE72DE9F8437E
:10CBF0004C689DF820900D46984606461746FFF76C
:10CC0000ECFAA3681B6B01461BB96FF01500BDE879
:10CC1000F883204698470028F7D0041F0C350020E1
:10CC200054F8041F09B10B782BB9002814BF002059
:10CC30006FF03C00EBE74B78042B0BD1F8B98B7805
:10CC40004345EDD1CB784B45EAD10B79002BDED0B3
:10CC50000120E5E7052BE3D10028E1D0012F07D023
:10CC6000022FF5D18978B0692A4600F0C3F803E0B5
:10CC7000B0692A4600F0A2F80028E9D0C7E70020F2
:10CC8000C5E7F8B5CC6806460CB9204622E004F1A9
:10CC90000C070125E268AAB165F07F03D9B203F061
:10CCA0007F031033DA40D2070ED4E368EB40DB0792
:10CCB00005D5B0693A46E9B200F09CF850B90135A3
:10CCC000102DE7D12468DFE7B0693A4600F092F80A
:10CCD0000028EAD0F8BD2DE9F3475768002497F8FB
:10CCE000058005460E46A1463B79A34203DC0020A1
:10CCF00002B0BDE8F0875FFA84FA314653464246F7
:10CD00002846FFF7C3FE014650B1CDF800905346C8
:10CD100001222846FFF76AFF0028E9D10134E3E742
:10CD20006FF03C00E4E72DE9F74380460D461746D7
:10CD3000FFF7BCFE064628B96FF00104204603B099
:10CD4000BDE8F0830F2DF7D808EB0509014699F8E7
:10CD50003A4000972B4600224046FFF747FF002845
:10CD6000EAD100942B46022231464046FFF73EFFAF
:10CD700004460028E2D100972B4601223146404666
:10CD8000FFF734FF04460028D8D1706883685B68D9
:10CD900013B13A462946984789F83A70CEE711F020
:10CDA000800F18BF21F0800102684FF0010318BF07
:10CDB00010318B4022EA03030360704737B58B794B
:10CDC00000938B880C461546CA78897802F059FE84
:10CDD00070B994F90230A1782A68002BB8BF21F00D
:10CDE00080014FF00103B8BF10318B4013432B601B
:10CDF00003B030BDF8B506460D46174602F06AFE90
:10CE0000044658B929463846FFF7C9FF2946304637
:10CE1000F5F7DEFF044608B9FBF75AF82046F8BDDF
:10CE20000A468069802102F037BF2DE9F0410B7E70
:10CE30000C46590605462ED123B3FFF7F7F970BB10
:10CE40002846D5F87080268AEF8DFFF7C6F9F8B12D
:10CE5000421E534253419B01228A9AB1BE42E98D40
:10CE6000324628BF3A4691420CD9B2FBF3F103FB9C
:10CE700011223AB994F91830002BBEBF637E43F0FB
:10CE800008036376A8692146BDE8F04102F098BE28
:10CE900098F80730E0E76FF01500BDE8F0814FF03B
:10CEA000FF30FAE743689869F5F7C2BF70B591F9AA
:10CEB00018304668002B05460C4607DBC4F81A50AC
:10CEC000B0692146BDE8704002F07ABE3046FFF7F7
:10CED000ADF90028F2D04FF0FF3070BD806902F04C
:10CEE00000BF38B5054680690C4602F00FFE60B9F8
:10CEF00014F0800F18BF24F080046A6B4FF0010318
:10CF000018BF1034A34013436B6338BD70B505469A
:10CF100080690E4602F024FE044620B9314605F130
:10CF20003400FFF73CFF204670BD0B0648BF21F0E0
:10CF30008001406B48BF1031C84000F001007047CD
:10CF400082B0C3698DF8001001922BB102AB13E9D6
:10CF5000060002B0E0F7A4B902B0704782B0C3691E
:10CF60008DF8001001922BB102AB13E9060002B05C
:10CF7000E0F796B902B07047704703695B68D868FC
:10CF8000704743680361037A63B1012B0CBF02232E
:10CF900003234375437A5A1E032A05D8DFE802F0BB
:10CFA000050505050123F4E700230375837A062BA5
:10CFB00009D0072B09D0052B0CBF00230323837551
:10CFC000837EC37570470123F9E70223F7E70369FE
:10CFD00093F8400030B1DA6B9388918910695B1A3D
:10CFE0009BB2C01A7047036993F838007047036911
:10CFF00093F8402012B993F8380070470120704729
:10D000000369C3E907127047BFF35B8F0068BFF382
:10D010005B8F084100F00100704703691B69BFF393
:10D020005B8F883353E8001F41F0020143E8001290
:10D03000002AF7D1BFF35B8F704710B50469606BAE
:10D04000FEF734F910B1012384F8393010BD10B562
:10D050000469606B4289C3889A4202D14FF0FF3065
:10D0600010BD0122FEF722F90028F7D004F1780064
:10D07000FAF7D2FB0020F3E738B50469EFF3118526
:10D08000202383F31288BFF36F8FE06BFEF7EEF877
:10D0900085F31188BFF36F8F10B1012384F84130FD
:10D0A00038BD38B5034640681B695D68AC68A37A33
:10D0B00084F8223094F82D3084F82330696841B127
:10D0C000237C33B9FFF784F918B96868FFF703FACE
:10D0D0002074002038BD01238B40DB43BFF35B8FFE
:10D0E00050E8002F1A4040E800210029F8D1BFF392
:10D0F0005B8F7047006902218830FFF7ECBF006941
:10D1000003218830FFF7E7BF08B5036918690021DC
:10D110008830FFF7E0FFBDE808400121FFF7DBBFE3
:10D120000369186901218830FFF7D5BF2DE9F04761
:10D1300050F8483C00F140045B6806460021204658
:10D14000D3F80090FFF760FF002850D0012120465F
:10D15000FFF75AFF0746002849D1BFF35B8F54E819
:10D16000003F43F0200244E800210029F7D1BFF33B
:10D170005B8F9B063BD4D9F810305B689B684022DC
:10D1800093F836104846FFF78DFE054650B9204605
:10D190000521FFF7A0FF30462122BDE8F04700231C
:10D1A000FAF7AABB8246428A5AF80C1F56F80C0CB2
:10D1B000FEF77CF8804601465046FEF7ACFFB8F11A
:10D1C000000F04D008F03F08B8FA88F77F0906F886
:10D1D0002D7C29464846FFF769FE40B12846DFF717
:10D1E0004FF920460521BDE8F047FFF774BFBDE8C1
:10D1F000F087F8B50D46016947680C6949682B7ED0
:10D200008968064691F83D102AB3994204D1042159
:10D2100004F18800FFF75FFF33692A7E5B689B6833
:10D2200093F836309A4204D1052104F18800FFF7C3
:10D2300052FF33692A7E5B689B6893F826309A42D6
:10D2400003D104F18C00FAF73DF929463846BDE8D0
:10D25000F840FFF743BE994214D12A8AE968606B0F
:10D26000FEF704F828B1E3691BB104F12400FAF7D2
:10D27000D3FA04F188000421FFF72DFF04F17800B0
:10D28000FAF7CAFA33692A7E5B689B6893F83630EE
:10D290009A4215D1E3691BB104F12400FAF7BCFAF4
:10D2A000052104F18800FFF716FFE36B5A89DB883C
:10D2B0009A4205D00022002304F14800FAF71CFB33
:10D2C00033692A7E5B689B6893F826309A42BCD10A
:10D2D00004F18C00FAF79CF8B7E738B550F8783CC1
:10D2E0005B681D6800F11003024600211846FFF735
:10D2F0008BFE002836D001211846FFF785FE88BB3B
:10D3000052F8441C8A8888890969121A92B28A1ACA
:10D310003F2A27D9BFF35B8F53E8002F42F010015B
:10D3200043E800100028F7D1BFF35B8FD30619D470
:10D330002B695B689B68402293F83D102846FFF7F5
:10D34000B1FD044670B1438A402B28BF402343827D
:10D3500001462846FFF7AAFD20B12046BDE8384027
:10D36000DFF78EB838BD38B550F8083C0446002BBE
:10D370004FD050F8243C5B6800F164051A68002324
:10D380008382838302212846FFF73EFEB8B154E929
:10D39000023110699847637D1BB104F15400FAF71C
:10D3A0003BFA05212846FFF72FFE98B9637F6BB142
:10D3B0000022002304F12400FAF79EFA0AE0032178
:10D3C0002846FFF721FE0028E1D1E4E714F8093CE4
:10D3D000002BEDD102212846FFF716FE38B1236954
:10D3E0005A89DB889A4202D02046FAF715FA0321BF
:10D3F0002846FFF709FE60B1A269938891891269F6
:10D400005B1A9BB29A4204D02046BDE83840FAF736
:10D4100003BA38BD08B5036903F18802022110463A
:10D42000FFF7F2FD28B1596B4889C988401A18BF27
:10D43000012083F8380003211046FFF7E5FD40B1D5
:10D44000DA6B908891891269401A80B2801A18BFED
:10D45000012083F84000012008BD0069BFF35B8F05
:10D4600000F1880353E8001F41F0080143E800126F
:10D47000002AF7D1BFF35B8FC26B93889189126941
:10D480005B1A9BB29A4202D02430FAF7C5B97047B2
:10D4900038B50469BFF35B8F04F1880555E8003F98
:10D4A00043F0040345E80032002AF7D1BFF35B8F55
:10D4B000636B5A89DB889A4203D004F12400FAF79F
:10D4C000ABF904212846FFF79FFD28B904F1780045
:10D4D000BDE83840FAF7A0B938BD70B503691C69DA
:10D4E000BFF35B8F04F1880555E8002F42F001027D
:10D4F00045E800210029F7D1BFF35B8F02212846C0
:10D50000FFF782FD10B11846FFF7C2FFE3691BB9B0
:10D5100004F17800FAF780F9E36B5A89DB889A42C4
:10D520000AD103212846FFF76FFD68B104F12400FA
:10D53000BDE87040FAF770B904F148000022BDE878
:10D5400070400023FAF7D8B970BD7FB514460A8839
:10D550008B78ADF8002006460D2200210DF1030066
:10D560008DF8023005F036FB6A4669463046F2F720
:10D57000FBFE28B9BDF800209DF802302280A37080
:10D5800004B070BD13B50C4601AA0331FFF7DDFFEF
:10D5900048B9032201A9204605F024FBB0FA80F027
:10D5A000400902B010BD0020FBE770B5CE1C054657
:10D5B0000C4630460321F2F7D5FE60B9637903F0DB
:10D5C0003F0343F040036371224631462846BDE8DD
:10D5D0007040FFF7BABF70BD70B50D46002104461C
:10D5E000FEF7F0FB0D2818D1237B302B13D100233D
:10D5F00005F8063B04F10C062A46204601230221C9
:10D600000234FDF787FCB44205F1FF35F4D1002068
:10D6100070BD0123ECE7312BFBD06FF01500F7E76D
:10D620000020704710B50C46017822788A4288B0F5
:10D630000ED06946E0F75EF904A92046E0F75AF9F2
:10D6400010220DEB0201684605F0CCFA08B010BDBF
:10D65000012A06D0022A07D072B940886388C01A0E
:10D66000F4E740686368FAE71022611C013008B0F3
:10D67000BDE8104005F0B6BA6FF01500E6E7042AE1
:10D680000AD0102A0DD0022A4FF0000315D10370E2
:10D690000B88438001207047012303700B684360AF
:10D6A000F8E7022300F8013B01F1100351F8042BC5
:10D6B00040F8042B9942F9D1ECE718467047012352
:10D6C00010B50621044600F8013BF2F74BFE18B9ED
:10D6D000A37963F03F03A37110BD0B6803608B88CF
:10D6E00083808B798371037823F002030370704782
:10D6F0000078C0F34000704738B50446807ADEF702
:10D7000017FE6169054649B1637ADB0704D4C36932
:10D710001B6820469B689847002363612146284682
:10D72000BDE8384003F0EDBC2DE9F0410C4601F1B5
:10D730000C08054600F10C01404617461E46FEF750
:10D74000E3FC6269E3682F829B1A13FA87F36B820A
:10D7500001236B7239464046FEF716FDE36873609D
:10D76000628A0023E3607281638234602846BDE8E8
:10D77000F08138B5D1E90032DA600B684A895A8203
:10D780000C4605460868DEF77BFE20461022002185
:10D7900005F020FA2846BDE83840FFF7ADBF438AC0
:10D7A00023B9C068B0FA80F0400970470020704784
:10D7B000D0F8A43083B15A7CD1070DD5D2060DD54F
:10D7C0001B7C102B0CBF042303234372807A9842E6
:10D7D0008CBF0020012070470223F6E70323F4E703
:10D7E0000F2806D80D280BD8052814BF02200320C7
:10D7F0007047132804D01A2814BF02200120704754
:10D8000001207047FEF733B910B50346BFF35B8FB5
:10D8100053E8000F40EA010243E80024002CF7D14E
:10D82000BFF35B8F10BDFEF72BB90023DDF74CB9BA
:10D83000BFF35B8F50E8003F0B4040E80032002A06
:10D84000F8D1BFF35B8F704710B5E2F743F86FF480
:10D85000807104461030FFF7EBFF2046BDE8104012
:10D8600000F030BAC368DB78012B01D1FFF7ECBFC1
:10D870007047C0F307231070000E5370D070002360
:10D88000C1F30720090E9370137150719371D17118
:10D890007047C368DB78012B01D1FFF7D5BF704714
:10D8A00038B504460D46E0F765FA5F3005D12946E4
:10D8B0002046BDE83840E0F793B938BD01207047F5
:10D8C00010B5028843889A4218D8052A16D9B3F5AC
:10D8D000486F13D88488B4F5FA7F0FD2C188A1F1BC
:10D8E0000A0292B240F67640824207D804FB033324
:10D8F000B3EB810F34BF0120002010BD0020FCE7F6
:10D900000020704708B5E8F74FF918B1408A003891
:10D9100018BF012008BD70B506460D464FF0FF3018
:10D920004FF0FF31E0F76AFD044668B103210C3087
:10D93000FEF7F1FB0680857021460022BDE87040AD
:10D9400040F20640E0F770BF6FF0680070BDC3683A
:10D95000187808B1E0F7EABC1846E1F74BB838B5DB
:10D960004FF0FF3105464FF0FF30E0F747FD04462A
:10D9700068B102210C30FEF7CEFB2B8803802146D4
:10D980000022BDE8384042F21600E0F74DBF6FF0CC
:10D99000680038BDF8B507460E464FF0FF304FF02F
:10D9A000FF311546E0F72AFD044678B106210C3018
:10D9B000FEF7B1FB3B88038046808580214600222C
:10D9C000BDE8F84042F22200E0F72EBF6FF0680099
:10D9D000F8BD70B506460D464FF0FF304FF0FF31F1
:10D9E000E0F70CFD044618B9BDE87040E0F7EEB86A
:10D9F00003210C30FEF78FFB06808570214642F232
:10DA00002100BDE87040E0F7BDBE033138B5C9B2B2
:10DA100005460E20E1F70AFB032104460C30FEF711
:10DA20007AFB01230370A0F80150204638BD70B581
:10DA300005460E460F200421E1F7F8FA04210446BA
:10DA40000C30FEF768FB01220670427045802046CC
:10DA500070BD08B5072205F0C5F8B0FA80F040099E
:10DA600008BDFEF704B80B6803608B8883808B7950
:10DA700083717047BFF35B8F0068BFF35B8F7047A4
:10DA80000328F8B50F46144627D84FF0FF304FF063
:10DA9000FF31E0F7B3FC054610B327210C30FEF749
:10DAA0003AFB3946FFF7DFFF06462246C31D04F165
:10DAB000100152F8040B43F8040B8A42F9D11022EA
:10DAC000002106F1170005F085F829460022BDE87F
:10DAD000F84042F22700E0F7A7BE6FF01500F8BD4E
:10DAE0006FF06800FBE7037A5B07024605D5014645
:10DAF0002E3211F8010BFFF7C3BF704738B54FF056
:10DB0000FF3105464FF0FF30E0F778FC044658B18E
:10DB100029460C30FEF70EFB21460022BDE83840B6
:10DB200042F22D00E0F780BE6FF0680038BD10B4FF
:10DB300000F11003BFF35B8F53E8002F22F4005174
:10DB400043E80014002CF7D1BFF35B8F930403D597
:10DB500010BC012100F0B4B810BC70472DE9F041B1
:10DB6000D1F8048086B004460D46B8F1000F1DD1EF
:10DB7000037A5B071AD50E68411C701CFFF769FF1A
:10DB80002E36162241460746684605F023F8102235
:10DB90006946304605F026F858B137B9102204F12D
:10DBA0002E01304605F01EF800B96C6006B0BDE8E5
:10DBB000F081002FF9D1F9E700F1100208B5034612
:10DBC0001046FFF757FFC10511D5BFF35B8F52E831
:10DBD000000F40F4005042E800010029F7D1BFF3E4
:10DBE0005B8F18460021BDE8084000F069B808BD09
:10DBF000032810B50C4606D819B1E7F781FF00B12C
:10DC0000441C204610BD0024FBE718B111B10846A2
:10DC1000E1F784BA6FF01500704713B5044680B180
:10DC200006216846F2F79EFB48B99DF80530694623
:10DC300003F03F0320468DF80530FFF7E6FF02B002
:10DC400010BD6FF01500FAE7003818BF01207047CB
:10DC5000037AD90704D523F001030372E1F7EEBB81
:10DC6000990704D523F002030372E1F701BC704762
:10DC70000020704770B5064686B00D464FF0FF3065
:10DC80004FF0FF31E0F7BAFB0446B0B10C3095B16C
:10DC90000121FEF74FFA06F1100203A92046009574
:10DCA0000823E0F799FB0022214642F20A00E0F740
:10DCB000BBFD06B070BD2946EBE76FF06800F8E7E2
:10DCC000FFF7D8BF183003F00BBB01F12003013878
:10DCD00013F8012D00F8012F8B42F9D17047002372
:10DCE0000B60436813B9C0E90011704719604160C7
:10DCF0007047D0F8B400003818BF012070470846BC
:10DD000089691160C2691A60C27A0021183004F072
:10DD100061BFFDF7B5BE10B50346BFF35B8F53E897
:10DD2000000F40EA010243E80024002CF7D1BFF3C2
:10DD30005B8F10BD437B072B01D1E2F75DBA7047C3
:10DD40002438E2F7D3BA036800220BB918467047AB
:10DD50008B4210D10B6842B942680360914200D1F6
:10DD6000436000230B6001207047136043689942B1
:10DD700008BF4260F5E71A461B68E6E710B504469F
:10DD8000006918B1DEF77CFB0023236110BD10B5DC
:10DD900000F1C802BFF35B8FD0F8C830BFF35B8FD0
:10DDA0007BB1BFF35B8F591C52E8004F9C4204D1FA
:10DDB00042E8001CBCF1000FF6D1BFF35B8FE7D146
:10DDC00010BD1846FCE710B5437B023B0446062B0A
:10DDD00016D8DFE803F009041515150B09000173C7
:10DDE00000212046E2F7DCFB002010BD0088FFF791
:10DDF00092FD0028F9D1637B072BF5D10821F0E7CC
:10DE00006FF07F00F1E710B50446D0F8A40028B900
:10DE1000207A04F17001E7F7C7FE38B1E278438A4F
:10DE20002AB903F02100003818BF012010BD03F00B
:10DE30002400F8E738B58378012B044627D1437BCB
:10DE4000072B27D10B0601F07F050CD54FF40041BD
:10DE50000430FFF760FFA5722046E7F703F808B12A
:10DE6000637AA37238BD437AAB4216D2837AAB424F
:10DE700013D2BFF35B8F031D53E8001F21F4004151
:10DE800043E80012002AF7D1BFF35B8FE3E76FF09E
:10DE90001500E7E76FF07F00E4E70020E2E7837812
:10DEA000012B0CBF407A0020704738B5037A8B42B3
:10DEB0000446154615D100F170010722284604F0EA
:10DEC00091FE80B1E378072243B904F17E01284630
:10DED00004F088FEB0FA80F0400938BD04F1770103
:10DEE000F5E70020F9E70120F7E78378012B0CBF65
:10DEF000703000207047F8B507460D464FF0FF30F0
:10DF00004FF0FF31E0F77AFA0646D0B10E210C301F
:10DF1000FEF701F90E220446002104F05BFE3B8867
:10DF200023802B8863806B88A380AB88E380EB8899
:10DF3000238131460022BDE8F84042F21300E0F7A9
:10DF400073BC6FF06800F8BD704710B50446F9F770
:10DF500079FF234653F8402BD2F8B41061B92164FD
:10DF6000D2F8B81061B9C2E92D33F9F77FFF206804
:10DF7000BDE81040E2F7F0BA8B42F6D00968EDE751
:10DF80000B60C2F8B830F0E703682BB141681A683B
:10DF900002608B4208BF4260704770472DE9F8432A
:10DFA000446B2CB154F8085905B1083D00270CB951
:10DFB000BDE8F883D4E900682EB3F9F743FFD6F83B
:10DFC000B43004F14001002263B1994233D1236C93
:10DFD0004ABBD6F8B820C6F8B430914201D1C6F891
:10DFE000B8302764F9F742FF04F13009002200231A
:10DFF0004846F9F7DBF9064600BBD8F804300BB108
:10E00000204698472760E3680BB120469847D8F828
:10E0100020300BB120469847DDB1AB6803B1083B17
:10E020002C461D46C3E71360D6F8B830994208BFA6
:10E03000C6F8B820D5E71A461B68C5E7B36923B10F
:10E04000F16920686FF06D0298473046DEF718FAE4
:10E05000CCE72B46E4E738B5406B0D4620B150F8CD
:10E06000084904B1083C00B938BD43689B680BB14E
:10E07000294698472CB1A36803B1083B20461C46AB
:10E08000F1E72346FAE7F8B50F46002105461646A4
:10E0900000234FF480320846E3F760F8044620B9C5
:10E0A0002846E3F71DF82046F8BD04210C30FEF7A2
:10E0B00032F8057047704680F5E7406B30B1838BCE
:10E0C0008B42A0F1080001D08068F7E7704710B5D7
:10E0D0004AB989B2FFF7F1FF28B143689B6913B1D0
:10E0E000BDE81040184710BD38B50D460521FFF7B3
:10E0F000E4FF00231A462946E3F74AF8044610B124
:10E100002846DEF7BDF9204638BD406B30B1838923
:10E110008B42A0F1080001D08068F7E77047704794
:10E120000346006828B1596802681A60884208BF2F
:10E130005A6070470346002003B970471A8A5B682B
:10E140001044F9E710B5D4682378023113B921706F
:10E15000012010BD8B42FBD0038A023B03820020CA
:10E160001061F6E7FDF783BC2DE9F04104468868AD
:10E17000FFF7E0FF638D628B934228BF1346834213
:10E180000D461DD32165D1F8088000278F60F9F76F
:10E1900059FE41462046E3F7F1F9064638B1C5F885
:10E1A00008802765F9F762FE3046BDE8F081618D91
:10E1B000638B994228BF1946284600F0FFFEF1E71D
:10E1C0006FF07906F0E773B51446014605464FF443
:10E1D0009572206800F047FE207530B92068294606
:10E1E00000F0EFFE20B908232375002002B070BDB7
:10E1F000237AB3B1A3F11802534253419B00019318
:10E20000638A0093AE68238AE26820682946B04793
:10E21000002808DB238A98420CD1002323750120B3
:10E22000E4E70223EBE710F1FF0F03D34042C0B253
:10E230002075DAE70E20FBE738B504460D46E3F714
:10E240009DF930B1294604F15400BDE8384002F090
:10E250004DBF38BDF8B59368166805460F4614469D
:10E2600063B9506801210C30FDF755FFA0602B68A1
:10E270001B78002B14BF022301230370A3681B78B3
:10E28000012B03D0022B1FD000201CE02B681B7831
:10E29000002BF9D1606804210C30FDF73CFFE060F1
:10E2A00007802A68E36852885A806168728D738B90
:10E2B000088A9A4294BFC0EB0200C0EB0300042816
:10E2C00094BF00200120F8BD2B681B78022BDBD106
:10E2D000606812210C30FDF71EFFE06007802B689C
:10E2E000E268591C0232113351F8040B42F8040B56
:10E2F0009942F9D16168728D738B088A9A4294BFF2
:10E30000C0EB0200C0EB03001228D9E770B4066826
:10E31000F2695AB3144654F8983903B1983B002275
:10E3200011467CB9438D408B8B4201D890421FD956
:10E33000824238BF02469942306838BF194670BCE5
:10E34000E5F7B2BD844207D0658D648BA94238BF22
:10E350002946A24238BF224633B1D3F8985005B1BE
:10E36000983D1C462B46DCE71D46FAE71146D9E7E7
:10E3700070BC7047D0680378043113B90170012074
:10E3800070478B42FBD091680B8A0020043B0B82C4
:10E39000106170471FB5CDE90123002300931A4691
:10E3A000E4F7E6FF05B05DF804FB0368002203B95B
:10E3B00070478B420FD10B683AB9426803609142B3
:10E3C00000D1436000230B6070471360436899429B
:10E3D00008BF4260F6E71A461B68E8E7BFF35B8FA9
:10E3E00050E8003F43F0080240E800210029F7D13F
:10E3F000BFF35B8FC3F3C00070472DE9F0410646C1
:10E4000090461F460D46B9B104220121E3F786F973
:10E41000044618B9BDE8F041E3F756B904210C30C1
:10E42000FDF779FE0570A0F80180C77021463046DF
:10E43000BDE8F041FFF700BFBDE8F08137B50C46FD
:10E44000054601F10C00FDF7B7FE228A0192E26851
:10E4500000920346132212212846E3F7B7F903B0CE
:10E4600030BD37B50C46054601F10C00FDF7A4FEA2
:10E47000228A0192E2680092002203461146284651
:10E48000E3F7A4F903B030BD70B504460E46002290
:10E4900000230846F8F78AFF054658B10146204692
:10E4A000E3F76CF8044618B12946304602F029FE1D
:10E4B000204670BD6FF00104FAE707B5CA681388FB
:10E4C000528800920C210D22E3F786FB03B05DF821
:10E4D00004FB07B5CB6800221B8800920A210B229F
:10E4E000E3F77AFB03B05DF804FB2DE9F041CB685C
:10E4F0001F88BBB2162B05461BD90321E3F730FA60
:10E500000646C0B102210C30FDF705FE00244FF095
:10E51000410880F80080447031462846FFF78CFEA1
:10E520002846A5F81A806F85FFF7F0FE2046BDE863
:10E53000F0810420FBE70E20F9E72DE9F04F0646B5
:10E5400085B0104690469946FFF7F4FD738B728DA7
:10E55000934228BF134683428B4675D97368039351
:10E560004046FDF79FFD4FF0000A04464046FFF786
:10E57000E1FDE168228A658A6369778BCB1AAD1A5F
:10E58000ED1A738D9F4294BFC0EB0700C0EB0300F0
:10E59000854228BF054625BB98F80A00DDF7C8FE6E
:10E5A00000220023FDF74BFD044608B9574627E03B
:10E5B00001464046FDF787FD4046FFF7BBFDE16899
:10E5C000228A658A6369778DCB1AAD1AED1A738B2F
:10E5D0009F4294BFC0EB0700C0EB0300854228BFF9
:10E5E0000546CDF80090DBF8047003980A44ABB2FE
:10E5F0005946B847071E07DABAF1000F18BF574649
:10E60000384605B0BDE8F08F0E9BABB9394604F132
:10E610000C00FDF780FD4046FFF78CFD738D728B7B
:10E62000934228BF1346B9448342BA441FFA89F97A
:10E63000BCD9AF429AD0B9E70F9A0E9B3946204613
:10E6400098470028E2D1B1E70027D9E72DE9F34147
:10E650001768D7F804800023144613730146064652
:10E660009522404600F0FFFB0546207330B9314645
:10E67000404600F0A4FC28B908232373002002B010
:10E68000BDE8F081A068798D7A8B038A914294BFAE
:10E69000C3EB0103C3EB0203012BEFDD02210C30BE
:10E6A000FDF739FDCDE900558046A388A2683146C3
:10E6B0003846FFF742FF031E06DA13F1FF0F26BFAD
:10E6C0005B42DBB20E23D8E7A8F800300120D6E782
:10E6D0002DE9F3411768D7F804800023144613731B
:10E6E000014606469522404600F0BDFB05462073D4
:10E6F00030B93146404600F062FC28B90823237344
:10E70000002002B0BDE8F081CDE900553146A38874
:10E71000A2683846FFF711FF002807DA10F1FF0F53
:10E7200026BF4042C0B20E202073E9E70120E8E78F
:10E73000F8B50546071F00F1480350F8044CBFF335
:10E740005B8F53E8001F21F0040143E80012002A08
:10E75000F7D1BFF35B8FFCB1EB6C83B9636873B126
:10E76000201DFFF7DDFC064601463846FFF7FCFC9E
:10E7700090B163683360A368666003B9A66005F171
:10E7800050013846FFF780FE30B104F10C013846E5
:10E79000BDE8F840FFF778BEF8BD2DE9F041C46947
:10E7A000074644B154F8986906B1983E00221546D0
:10E7B00007F104080CB9BDE8F081236D9BB905B9D8
:10E7C0008AB94046FFF7ACFC054658B101462046E1
:10E7D000FFF7CAFC0028EED07B682B60BB687D6029
:10E7E00003B9BD60224636B1D6F8983003B1983BE4
:10E7F00034461E46DEE73346FAE738B50546BFF332
:10E800005B8F0B68BFF35B8FDB0716D550F8040CEA
:10E8100098B1EB6C8BB90430FFF782FC044660B111
:10E820000146281FFFF7A0FC38B155F8043C5A6890
:10E8300022609A685C6002B99C6038BDE4F730BD24
:10E8400008B500230A8AC968E3F794FE002008BDD2
:10E8500070B50D46E3F726FD044628B92846DDF7D6
:10E860000FFE6FF07F0070BD00F10C0629463046A8
:10E8700002F03CFCE469C4B154F8985905B1983DE4
:10E880000022104607E022467DB1D5F8983003B14A
:10E89000983B2C461D46831C01D1002AF4D13146F9
:10E8A0002046FFF7F1FD0028EDD10020DBE738B569
:10E8B00005460C46F9F7C6FA2846E3F7F3FC20B9FB
:10E8C000F9F7D4FA6FF07F0038BD00232360836826
:10E8D0003BB9C0E90144FFF760FFF9F7C7FA002030
:10E8E000F2E71C608460F6E70120704708B5E3F7A3
:10E8F000D9FC98B1C3698BB1BFF35B8F983B03F12F
:10E900004C0252E8000F20F0080042E80001002904
:10E91000F7D1BFF35B8FD3F89830ECE708BD08B5AB
:10E920000421FFF7F2FB30B1BFF35B8F806CBFF3C4
:10E930005B8FC0F3C00008BD10B5029CA36833B163
:10E94000B1F5807F28BF0E21CAB221469847A37D2A
:10E95000E268013BDBB2A37522B11BB92046BDE8DA
:10E960001040104710BD10609180002070470020BB
:10E970007047FDF785B8F0B507683D7889B0064661
:10E980001446DDB97B88B3F5245F04D010D8A3F515
:10E990002053032B12D8ADF80A1002220DF10A0100
:10E9A0002046E3F723FF68B16FF01503E36406E048
:10E9B00003F55643FF339BB2042B1FD9012528468C
:10E9C00009B0F0BD7B88ADF80A3002220DF10A01D2
:10E9D0002046E3F70BFF0028E6D1009003AA7768F2
:10E9E00013233146B847021E01DAE264E7E703A9C0
:10E9F0002046E3F7FBFE0028E0D0D5E7ADF80A108B
:10EA000002220DF10A012046E3F7F0FE0028CBD1E7
:10EA10007B88ADF80A3002220DF10A01E8E708B55B
:10EA2000072204F0DFF8B0FA80F0400908BD70B5A5
:10EA30000378934204460E46154603D10130FFF792
:10EA4000EEFF70B9A37AAB420DD1314604F10B0051
:10EA5000FFF7E5FF20B101235B4203F00A03E01852
:10EA600070BD0023F8E70020FAE710B50346BFF3B6
:10EA70005B8F53E8000F40EA010243E80024002CBA
:10EA8000F7D1BFF35B8F10BD10B50346BFF35B8FAB
:10EA900053E8000F00EA010243E80024002CF7D1FC
:10EAA000BFF35B8F10BD0B6803608B8883808B790D
:10EAB00083717047BFF35B8F0068BFF35B8F704754
:10EAC000FCF7D5BF70B50D46064611F8010BE2F70D
:10EAD0007FF9044610B12C89E1F712FDA87A05F1FF
:10EAE0000B01E2F775F928B16B8A9C4238BF1C46CE
:10EAF000E1F706FDAB8AA34207D0AB69AC8223B134
:10EB000021463046BDE87040184770BD38B5BDF8A5
:10EB10001040A24215460CD84CB16BB1A41A8C42DD
:10EB2000A8BF0C46A4B22246591904F02CF820467E
:10EB300038BD6FF00604FAE76FF00D04F7E730B563
:10EB400085B0C96814461D46E3F748FF00B1008947
:10EB5000ADF80E0002230093BDF820200DF10E0346
:10EB600029462046FFF7D2FF05B030BD1FB50C4641
:10EB70001946E3681C781046BDF818203CB11024F3
:10EB80000133069404B0BDE81040FFF7BFBF5B88B7
:10EB9000ADF80E30022300930DF10E03FFF7B6FF20
:10EBA00004B010BD30B585B01D46002314468DF865
:10EBB0000C30E3F7F5FE10B1037A8DF80C30012329
:10EBC0000093BDF8202003AB29462046FFF79EFFA7
:10EBD00005B030BD10600020704770B500F17006C0
:10EBE00005463146007AFEF78DFE04463146287A06
:10EBF0001CB1BDE87040E4F76BB8E3F759FE10B103
:10EC000004604460846070BD022A10B508D10023FE
:10EC100000F170011A46007AE3F758FF022010BD98
:10EC2000FFF7DBFFFAE708B50C3029B10121FFF748
:10EC30001CFFC043084008BD6FF00101FFF724FF2F
:10EC400000F00100F7E710B50446FFF7ECFF38B11C
:10EC500021460122BDE8104011F8010BE3F7E2BEA6
:10EC600010BD38B504461546FFF73EFE48B12046B4
:10EC7000E3F796FE28B1037ADB0702D50121FFF7FF
:10EC8000E2FF55B9207A04F17001E3F711FE20B1DB
:10EC90008560BDE83840E3F701BF38BD38B5BDF841
:10ECA0001010BDF81840059DA14210460CD84CB17B
:10ECB0006DB1641A9C42A8BF1C46A4B222462944E6
:10ECC00003F061FF204638BD6FF00604FAE76FF0ED
:10ECD0000D04F7E713B5044610B9002002B010BDCB
:10ECE00000238DF80430006842F6030301A9ADF853
:10ECF0000630FEF797FC0028EFD1E36898880028DB
:10ED0000ECD12046E4F704FB013080B2E6E770B5B1
:10ED1000CC6888B008461E46A3798DF80C3015469D
:10ED2000FFF7D8FFADF80D00246823786BB963882E
:10ED3000ADF80F3005230093BDF8302003AB31460A
:10ED40002846FFF7E3FE08B070BD631C0DF10F020B
:10ED5000113453F8041B42F8041BA342F9D11323C6
:10ED6000E9E71FB5CDE90123002300931A46E4F734
:10ED7000FFFA05B05DF804FBE4F73EBC38B5044685
:10ED800059B100F170052946007AE4F705FD207AB3
:10ED90002946BDE83840E3F7B5BF38BDF8B50646AB
:10EDA0000F46E3F769FD394604463046FEF7AAFDF3
:10EDB00068B364B304F108056FF001012846FFF75A
:10EDC00063FEC20703D539463046E4F7E5FC6FF031
:10EDD00002012846FFF758FE830703D5394630461F
:10EDE000E3F790FF2846FFF765FE80B9234603F856
:10EDF000010BC4F80100C3F80300BFF35B8F55E8B3
:10EE0000003F45E80002002AF9D1BFF35B8FF8BD4F
:10EE100038B5A0F17705441C15F8010C29460C35CE
:10EE2000FFF7BCFFA542F7D138BD1FB50C46194608
:10EE3000E36810461A788DF8082093F901208DF8C0
:10EE400009205A88ADF80A201A79DB88ADF80D3010
:10EE500007238DF80C200093BDF8182002ABFFF7B4
:10EE600055FE04B010BD38B54C8AD3070546C4F32F
:10EE70000E0404D514F0950F2AD04B6843B39007C5
:10EE800004D514F4957F25D08B681BB3144014F47B
:10EE9000DE7F0DD0EB7A2BB92846FEF7B4FFD8B948
:10EEA000052038BD14F0300F04D114F4C07F07D111
:10EEB0000020F6E72846FEF7F2FF0228F5D8EFE734
:10EEC000D5F8A430002BEBD05B7CDB06E8D5EFE770
:10EED0000220E6E70320E4E70F20E2E7F8B5144656
:10EEE0000F46942261680646FFF7BDFF20BB6168AC
:10EEF00001223046E4F7BAFC08B3A2891B21023292
:10EF00003046E3F7C9FA0546E0B1A1890C30023179
:10EF1000FDF701F920F8027BA289A16803F033FE16
:10EF2000D4E9041228460123E3F74EFC2946304673
:10EF3000BDE8F840FFF78CBC4FF0FF30F8BD6FF034
:10EF40001500FBE76FF00B00F8E72DE9F0410546EF
:10EF50008846E3F725FD0446E0B1037ADB0719D5BF
:10EF600000F10C073846FFF7A5FD10F0010611D19E
:10EF7000B8F1000F0FD06FF002013846FFF784FDA3
:10EF800010F0020F284609D0FFF7B0FC01212046FF
:10EF9000FFF759FE01263046BDE8F081FFF7A4FCDB
:10EFA0000028F8D02846FFF7BAFC0028F3D06FF00D
:10EFB00002013846FFF768FD2846E5E77047012063
:10EFC00070470120704713B5C068144668B100232C
:10EFD0008DF8043001A94FF4C053ADF80630FEF7A8
:10EFE00021FB10B9236801332360012002B010BD5A
:10EFF00007207047FCF73BBDBFF35B8F0068BFF392
:10F000005B8F084100F00100704738B50A4603469F
:10F0100009B9012038BD488A10F0240FF9D0197DB4
:10F020005D7B147CA94228BF29468C4201D900206F
:10F03000F0E7800607D4517CC9070BD4187A003852
:10F0400018BF0120E6E70521181DFFF7D5FF0028AE
:10F05000F1D1ECE7197A0029E9D00521181DFFF755
:10F06000CBFF18B9197A01390129E0D9527CD207AE
:10F07000CFD4E3E701238B40DB43BFF35B8F50E842
:10F08000002F1A4040E800210029F8D1BFF35B8F20
:10F090007047FCF7F5BC10B50621FFF736F80446BB
:10F0A00018B9E4F7F5FF204610BDA0F1EC04FAE72B
:10F0B0004FF47022002300F59C70F8F751BC072034
:10F0C000704701238B40BFF35B8F50E8002F1A433A
:10F0D00040E800210029F8D1BFF35B8F704708B5E5
:10F0E0000E21FFF7EEFF002008BD70B5051D0E468E
:10F0F00028460421FFF780FF68B100220021002389
:10F100000846E2F72BF8044640B904212846FFF7E9
:10F11000D8FF204670BD4FF47022EFE701210C307C
:10F12000FCF7F9FF0670F4E738B502210446FFF753
:10F13000DCFF054680B106210C30FCF7ECFFD4F86B
:10F1400011300360B4F81530838000222046294630
:10F15000E4F7B4FF002038BD0820FCE738B50421EF
:10F160000446FFF7C2FF0546A0B110210C30FCF7A2
:10F17000D2FF04F1270304F1370253F8041B40F8CF
:10F18000041B9342F9D1204600222946E4F796FF5A
:10F19000002038BD0820FCE770B5D0F8EC30DB78F3
:10F1A000012B044619D1CD68061D10213046FFF70A
:10F1B00061FF2B4604F1B70205F1100153F8040B6F
:10F1C00042F8040B8B42F9D107213046FFF714FFB8
:10F1D00028B109213046FFF774FF002070BD0A21D5
:10F1E0003046FFF709FF0028F3D12046BDE8704004
:10F1F000E5F71AB90720704730B5012303FA01F18A
:10F20000CA43BFF35B8F50E8003F03EA020440E8C3
:10F210000045002DF7D1BFF35B8F01EA03000038F2
:10F2200018BF012030BD38B50446031D0025BFF3CB
:10F230005B8F53E8002F43E800510029F9D1BFF359
:10F240005B8F04F59C7002F04BF82572BFF35B8F67
:10F2500054E8003F44E80052002AF9D1BFF35B8F25
:10F2600020460121BDE83840FFF72BBFF0B589B03B
:10F27000DDE90E67054630788DF8000038788DF8A6
:10F2800001001068CDF8020090889279109C8DF8EA
:10F2900008201A68CDF809209A889B79ADF80600F5
:10F2A000ADF80D208DF80F3001F1100C22466846A4
:10F2B00011F8013B10F801EB614583EA0E0302F8F7
:10F2C000013BF5D1224621462846F1F74DF8034689
:10F2D00028BBB7F80520ADF81420D6F80120D7F8E0
:10F2E0000100CDF81620B6F8052004900793ADF87C
:10F2F0001A2004F11000234604A913F8016B11F839
:10F30000012B984282EA060203F8012CF5D122462D
:10F310002146284609B0BDE8F040F1F725B809B00C
:10F32000F0BDF0B5071D85B004460A213846FFF749
:10F3300063FE88BB04212046FFF7C3FE0321D4F8F7
:10F34000EC60FFF7D2FE0546C0B110210C30FCF78F
:10F35000E2FE06F17E03773602900193009604F1F7
:10F36000100304F1090204F1270104F14700FFF73B
:10F370007DFF064628B12846DDF782F8082005B053
:10F38000F0BD024629462046E4F798FE314638464D
:10F39000FFF770FE0020F2E700213846FFF791FEEC
:10F3A000F8E770B500F1700605460C4607220968BB
:10F3B000304603F017FCB8B963681A682A679A8860
:10F3C000A5F874209B7985F87630D5F8A4305BB128
:10F3D000A268934208D062681168C3F8011091884E
:10F3E000A3F805109279DA7170BD2DE9F3470B9FF0
:10F3F000CDE900230546FFF74EFE0646002800F043
:10F400008580BDF8289000F10408B9F1000F28D1DB
:10F41000DDE90032134324D103214046FFF7ECFD20
:10F42000F8B101214046FFF7E7FDD0B1347D737B91
:10F430009C4228BF1C46224606F14701384603F08D
:10F44000A2FB0F2C05D8C4F110024946381903F06D
:10F45000C1FB40460121FFF734FE012002B0BDE8A8
:10F46000F087D5F8A440002C52D105F1700A297A12
:10F4700052462020E6F71EFB0446C5F8A4000028EB
:10F4800046D1297A52460120E6F714FB0446C5F816
:10F49000A400B9F1000F15D1DDE90032134311D1F9
:10F4A0003CB3638A9A060ED5257C04F11E012A46D8
:10F4B000384603F068FB0F2DCBD8C5F110020021B0
:10F4C0007819C4E7ACB1638ADB0712D50822694614
:10F4D00004F1440003F086FB58B902220AA904F1A2
:10F4E0004C0003F07FFB20B9257C04F14E012A4635
:10F4F000DEE70F214046FFF77FFD20B10222062103
:10F500002846E1F711FC3046FFF78DFE0020A5E705
:10F51000B9F1000FC0D0D6E76FF08500704770B525
:10F5200004460820E4F758FD0546E0B1061D082111
:10F530003046FFF79FFDBCB30721FFF79BFD234635
:10F5400005F1970204F1200153F8040B42F8040B73
:10F550008B42F9D10A213046FFF74EFD70B10921E7
:10F560003046FFF7AEFD0720E4F736FD0446E8B16C
:10F57000E4F7C2FDD0B10821204612E01021304648
:10F58000FFF73AFD09210028EAD13046FFF734FDA4
:10F590000028E8D02846E4F747FF01460028E2D0DB
:10F5A0002846E5F7B3FDDEE70B21F9E770BD70B53E
:10F5B0000446A0F1EC0650F84C3BE83CD3F8A450CC
:10F5C00001F08EFE03212046FFF716FDA0B10821B1
:10F5D0003046E5F709FD3DB16B8A13B16B7C9B07A3
:10F5E00002D5284600F043F830464FF4B872BDE823
:10F5F0007040002103F0EEBA01212046FFF7FCFC29
:10F600000028E4D10F212046FFF7F6FC0028DED1C8
:10F61000E1E708B59AB98378012B10D10621FEF7EE
:10F620004CFD10F8043C23F0010300F8043C30F8D2
:10F63000041C21B9BDE80840EC38E5F7D5BC08BD8D
:10F640000121DFF7A7BD70B504460D461646E6F763
:10F6500031FA38B931462846E6F7C4F910B1438A81
:10F660001C43448270BD438A19434182704710B5E0
:10F67000037A5B07044601D5DFF7FAFE214611F84D
:10F68000010BDEF707F920466022BDE8104000219B
:10F6900003F0A0BA531E1944024411F8013900F8CE
:10F6A000013B9042F9D1704710B5431E00F11002A2
:10F6B000073013F8011F12F8014D1C7083421170BE
:10F6C000F7D110BDF0B597B014460E462022014682
:10F6D00005A81D461C9FFFF7DDFF202231460DA81F
:10F6E000FFF7D8FF2146102201A88DF85450FFF7EC
:10F6F000D1FF3B46412205A901A8E6F727FC0446B5
:10F7000010B93846FFF7D0FF204617B0F0BD2DE9FD
:10F71000F04397B00446164605A810221D46DDE9C1
:10F720001F98219FFFF7B6FF1022314609A8FFF767
:10F73000B1FF102229460DA8FFF7ACFF1E99032246
:10F7400011A8FFF7A7FF4946D9F8010011F8013BBE
:10F750008DF8473012908B88ADF84C30062212A8F5
:10F76000FFF798FF4146062211F8013B8DF84E3015
:10F77000D8F80130CDF84F300DF14F008B88ADF83F
:10F780005330FFF787FF2146102201A8FFF782FFC1
:10F790003B46412205A901A8E6F7D8FB044610B96B
:10F7A0003846FFF781FF204617B0BDE8F08338B533
:10F7B0000446807ADCF7BCFD6169054649B1637A8D
:10F7C000DB0704D4C3691B6820469B689847002365
:10F7D000636121462846BDE8384001F092BC30B54F
:10F7E0000906847C054614D414F0400016D0298AFA
:10F7F000C3F30A00C1F30A01884222D802F00300D1
:10F80000022809D003280AD0012811D004F00100F1
:10F8100004E014F02000E9E7C4F3800030BD14F0E8
:10F820000200FBD013F4C05F09D0C4F30010F5E769
:10F8300014F0080205D013F4C05FEFD0F5E7012003
:10F84000ECE70020EAE7BFF35B8FD0F8A000BFF33E
:10F850005B8F00F001007047BFF35B8FD0F8A00012
:10F86000BFF35B8FC0F34000704701F00F03090640
:10F87000026948BF103352F823007047007DC0F37F
:10F8800000107047037D61F304130375704708B5DA
:10F8900002691046FFF7D7FF60B9087E00F00F033A
:10F8A000000648BF103342F82310084601F0EFFB72
:10F8B000002008BD6FF00C00FBE700220023F7F7E3
:10F8C00075BD01F028BC01F011BC407EC0F3C00042
:10F8D0007047437E23F00803437670471FB50469E1
:10F8E0008DF80410CDE90220D4F8983001A998478A
:10F8F00004B010BD1FB50469034606208DF804004E
:10F900002046CDE90213FFF79EFF40B1C1F81E204B
:10F91000D4F8982001A91846904704B010BD4FF0C4
:10F92000FF30FAE738B505460C462046FFF7C5FF1D
:10F93000014600B938BD6FF070022846FFF7DAFFC4
:10F94000F3E72DE9F84306690746D6F80090D6F8A4
:10F9500040800D464FF0FF324FF0FF3306F1840038
:10F96000F7F762FC4046FFF7A8FF014618BB484680
:10F97000FFF7A3FF044620BB99F8143023F01003CF
:10F9800089F8143098F8143023F0100388F81430F4
:10F9900024BB012286F8B020EDB12B68C6F8A83050
:10F9A0006B68C6F8AC3086F8B12038698430BDE8A1
:10F9B000F843F7F7ABBC6FF067023846FFF79AFFE2
:10F9C000D0E7637EDB07D7D46FF067022146384665
:10F9D000FFF790FFCBE786F8B150E6E72DB108229C
:10F9E000294604F10C00FCF79CFB00222146384616
:10F9F000FFF780FFD9E72DE9F8430546D0F80890D6
:10FA0000884614461F46FFF730FF0646002835D0CB
:10FA1000D9F83C302846984741463B882246304634
:10FA2000FFF7DDFE804690B18BB92B6993F88030EB
:10FA3000DB0758BF402204F0030446BF4FF4806246
:10FA40004FF400711146022C0DD0032C11D0284622
:10FA5000D9F840309847B8F1000F14BF00206FF07C
:10FA60008500BDE8F883338A8B4228BF0B463B8074
:10FA7000EDE7338A934228BF1346F8E76FF0120090
:10FA8000EFE72DE9F3411F464B06D0F80880044606
:10FA90000D4616461BD0D8F83C3098472069FFF732
:10FAA000DBFE88B19DF82030009329463B46324664
:10FAB0002046F3F71FF90546D8F84030204698470E
:10FAC000284602B0BDE8F0814FF0FF35F4E76FF053
:10FAD0001505F5E770B54B06866804460D4612D04D
:10FAE000F36B98472069FFF7AEFE48B129462046E0
:10FAF000F3F744F90546336C20469847284670BD15
:10FB00004FF0FF35F7E76FF01505F7E770B586683A
:10FB10000546F36B0C4698472869FFF79DFEB0B188
:10FB200021462846FFF7A1FE014698B1037DDB0779
:10FB300010D5437E03F00303012B0ED0F368284653
:10FB4000984704462846336C9847204670BD4FF0CE
:10FB5000FF34F7E76FF01204F4E76FF08504F1E784
:10FB6000F8B587680646FB6B0C4698473069FFF787
:10FB700073FEE0B121463046FFF777FE0546C8B177
:10FB8000037DDB0716D5437E03F00303012B14D05E
:10FB900001463B6930469847044618B92B7D60F30F
:10FBA00041032B7530463B6C98472046F8BD4FF01B
:10FBB000FF34F7E76FF01204F4E76FF08504F1E724
:10FBC0002DE9F04186680769F36B05460C469847B6
:10FBD0002869FFF741FE98B394F8188028464146FB
:10FBE000FFF743FE014670B3037DDA072BD518F00B
:10FBF0007F0F20D197F8B030EBB1637EDB0717D5CC
:10FC000097F8B13033B1082207F1A80104F10C00D4
:10FC1000FCF787FA002287F8B02021462846FFF734
:10FC200069FE04462846336C98472046BDE8F081BB
:10FC30006FF06702F1E77368224628469847F0E7BD
:10FC40004FF0FF34EEE76FF01204EBE770B5866813
:10FC500005460C46F36B984721462846FFF705FEFC
:10FC600048B101F058FAB0FA80F464092846336CC0
:10FC70009847204670BD0124F8E708B503691B6862
:10FC800000215A8BF3F7D4F828B1437E23F0070301
:10FC900043F00103437608BD08B539B903691B6811
:10FCA0005B8B013A1A44B2FBF3F25A43F3F7C0F804
:10FCB00028B1437E23F0070343F00203437608BDD7
:10FCC00008B561B903691B685A8BF3F7B1F828B11D
:10FCD000437E23F0070343F00403437608BD00226C
:10FCE000F3E770B586680D46F36B044698472846DF
:10FCF000DCF7C6FB2046336C9847002070BD70B51A
:10FD000086680546F36B98472869FFF7A5FD04460A
:10FD100020B133683BB12846984704462846336CE7
:10FD20009847204670BD0124F8E7F8B58768066952
:10FD3000FB6B044698472069FFF785FDD8B1206921
:10FD4000FFF78AFDD0B9FB6A20469847054668B997
:10FD5000BFF35B8F06F1A00353E8001F41F00201DF
:10FD600043E80012002AF7D1BFF35B8F20463B6CBB
:10FD700098472846F8BD4FF0FF35F7E76FF0770555
:10FD8000F4E7F8B587680669FB6B04469847206975
:10FD9000FFF762FDB0B13B6B20469847BFF35B8F26
:10FDA000054606F1A00353E8001F21F0020143E8D5
:10FDB0000012002AF7D1BFF35B8F20463B6C9847B7
:10FDC0002846F8BD6FF07705F7E72DE9F0410546C5
:10FDD000D0F80880066914460F4631B32AB3D8F824
:10FDE0003C3098472869FFF72EFDD8B9C6E926743C
:10FDF0002846D8F834309847044660B9BFF35B8F83
:10FE0000A03656E8003F43F0010346E80032002ADE
:10FE1000F7D1BFF35B8FD8F840302846984720468B
:10FE2000BDE8F0816FF07704F5E76FF01504F6E7B1
:10FE3000F8B587680669FB6B044698472069FFF7A9
:10FE40000BFDD0B92069FFF7FEFCC8B1BB6B2046A3
:10FE50009847BFF35B8F054606F1A00353E8001FE8
:10FE600021F0010143E80012002AF7D1BFF35B8FB4
:10FE700020463B6C98472846F8BD6FF00F05F7E722
:10FE80006FF07705F4E74FF08053D3F83021082A5C
:10FE900005D1D3F83401003818BF01207047002085
:10FEA0007047C343C3F3C01300F00F0000EB03100F
:10FEB0007047FBF7DCBD01238B40BFF35B8F50E83D
:10FEC000002F1A4340E800210029F8D1BFF35B8FCF
:10FED000704700698430F7F719BA006984304FF031
:10FEE000FF324FF0FF33F7F79FB910B5807A0C4619
:10FEF000DCF71EFAC36921465868BDE8104000F0DF
:10FF0000A1BFF7B50D46807A17461E46DCF710FAFA
:10FF10002C68C369033424F0030258682A60042162
:10FF2000CDE90076F7F766F800B9286003B0F0BDB8
:10FF30000369C9B20C2202FB0133186C00F0070000
:10FF4000704770B50346C9B20069EFF311862024EB
:10FF500084F31288BFF36F8F0C2505FB0104246C1A
:10FF600014F0C00401D0A24211D105FB010001220E
:10FF70000264002086F31188BFF36F8F30B95B688D
:10FF80000C2202FB01335B689847002070BD4FF0E4
:10FF9000FF30EFE78022FFF7D4BFF8B5069F046972
:10FFA0000546C9B2EFF3118C202080F31288BFF30D
:10FFB0006F8F0C2606FB0146306C00F0070EBEF179
:10FFC000010F10D1376400268CF31188BFF36F8FB7
:10FFD0003EB90C2041430C44C4E90E236B685B58C6
:10FFE00098473046F8BD00F0C00087420CBF6FF064
:10FFF00077064FF0FF36E7E713B580240094FFF74C
:020000025000AC
:10000000CCFF02B010BD10B40069CBB21C2404FBBD
:100010000300002110BC10471046F7F7F9B900F0B3
:1000200096BBF6F703B8F7B51C4616460023826860
:100030002360A36053690D4601AA69469847019B56
:100040005A1E01921BB96FF0150003B0F0BD009865
:10005000A26847682168676085B9B31AD0F800C004
:10006000634528BF63461A4403FB07112160A26061
:1000700002689A4206D808300090E0E76B1AB3FB9A
:10008000F7F3EBE70020E0E713460022FFF7CBBFD2
:100090002DE9F047836886B05B698846914601A9DF
:1000A00002AA98470024A2462546029BAB4202D8EA
:1000B00006B0BDE8F087019F07EBC50700267B6807
:1000C00004933A68B2420AEB060302D801359A4615
:1000D000EBE703940593494603A8C0470028E7D0FF
:1000E000049B01361C44ECE74FF400120023C1E9E5
:1000F00000230020704718B901F11000F7F788B904
:10010000704731B94FF0FF324FF0FF331030F7F73F
:10011000B3B9704710B50169BFF35B8F044601F1B5
:10012000200353E8002F013A43E800200028F8D1CB
:10013000BFF35B8F4B6A1A4301D1F6F7EBFC2069E2
:10014000BDE81040F7F764B90369BFF35B8F203354
:1001500053E8001F013143E80012002AF8D1BFF331
:100160005B8F00694FF0FF324FF0FF33F7F784B930
:100170007FB5FF2202288DF803200DF103020CBF8A
:1001800035230523002101920122CDE9022103A894
:100190008DF80C3001AB04910593F4F741FB002876
:1001A000A8BF9DF8030007B05DF804FB1FB5002150
:1001B00088420CBF0623042301A8CDE90111039155
:1001C0008DF80430F4F72CFB002818BF6FF0040002
:1001D00005B05DF804FB10B50C4600F079FD002376
:1001E000C4E90003184610BD38B505460C4600F0BA
:1001F0006FFD002D07DBA84205D9401B84428CBF50
:100200000020012038BD0020FCE770B50D462846CF
:10021000194616461C46FFF7E7FF30B92146284627
:10022000F4F74AFE6FF0150070BD24B1224629464E
:10023000304602F0A8FC0020F6E743685B68D3F87C
:1002400010350B600020704743685B6802EA0100CC
:1002500021EA0201C3F80805C3F80C150020704715
:1002600043685B680020C3F80815704743685B6803
:100270000020C3F80C15704743685B68D3F8042569
:1002800021EA02001140C3F80805C3F80C1500204C
:10029000704730B50369586800B30024884219D10B
:1002A00008688CB99C685860A14200D19860002011
:1002B00008602AB15A680A609A68596002B9996060
:1002C00000200FE02846E9E720609868814208BFD7
:1002D0009C60ECE705680446002DF3D1002AE9D1C3
:1002E0006FF0150030BDF5F7B1BF13B54FF0805278
:1002F0000829136E526E28BF082112BA00921BBA49
:100300000C460A466946019302F03DFC204602B0C5
:1003100010BD30B543681360057A446804EBC5042A
:10032000A34202D36FF0010030BD5C798C4203F12F
:100330000803F0D10020F7E743681B68D3F8800476
:10034000C3F88004704742681368D3F8100150B1B5
:10035000D269002012780A70C3F81001D3F8102176
:1003600001221A6070474FF0FF307047002A0FDDFE
:1003700042681368D3F8100158B10020C3F8100187
:10038000D269D3F8100112780A7001201860704702
:100390000020704710B543681C680369EFF31180B3
:1003A000202282F31288BFF36F8F1A68D17B39B98C
:1003B00091731B680122DA734FF48003C4F804338D
:1003C00080F31188BFF36F8F10BD03691A68D17B6A
:1003D00021B1012191731B680022DA737047026911
:1003E00011680346C87B40B15B681B68D3F85801AD
:1003F00018B100230B6113689889704743681B6824
:10040000D3F81001003818BF0120704743681B68FB
:10041000D3F80423D2065CBF1022C3F8042370472C
:1004200043681B68D3F80423D20644BF1022C3F8E4
:100430000823704743681B684FF40072C3F8042315
:10044000704743681B684FF40072C3F80823704775
:1004500038B543681D68D5F804335B02044605D4FB
:10046000D5F8040310F0100006D138BDFFF7B7FF30
:100470000028F5D00120F8E72046BDE83840FFF716
:10048000BDBF012070470369186801601B685A608E
:10049000704702680346D2F8580140B95B68DB0731
:1004A00006D4D2F82001003818BF0120704701207F
:1004B000704710B4436802691B68D3F80413C90578
:1004C00017D5D3F82011A1B1EFF31181202484F3C3
:1004D0001288BFF36F8FD3F8204134B10024C3F8E2
:1004E0002041D3F820410124DC6081F31188BFF35F
:1004F0006F8F1168D3F8584171B17CB100240C6141
:100500001168C97B19B94FF48001C3F80813116849
:100510008C7B1CB100238B7310BC7047D3F8241163
:1005200021B10021C3F82411D3F8243112681368D3
:10053000002BF1D0516810BC184713B501AA04462E
:10054000FFF7E7FE002805DB019B22681979186890
:10055000F4F7D2FF02B010BD2DE9F041066933680F
:100560009C89BFF35B8F94420546A8BF14461033A5
:10057000012753E8002F002A03D143E80070002828
:10058000F7D1BFF35B8F0CBF3B4600232BD1336801
:100590002246986802F0F7FAEFF31188202383F3DC
:1005A0001288BFF36F8F69680846FFF772FF3268E1
:1005B00040B91061044688F31188BFF36F8F20465D
:1005C000BDE8F0810B689268C3F844250022C3F8A7
:1005D0004845C3F82021D3F82011C3F85821D3F897
:1005E00058219F60E7E71C46E9E700F150039B00B4
:1005F0009BB203F1804303F5883300221A601B6825
:10060000704708B5F5F798F908BD4FF08053D3F857
:100610003021082A03BFD3F83401B0FA80F0400932
:100620000020704703460020184700F092BB10B529
:1006300002461168B1B1BFF35B8FB1FA81F3C3F128
:100640001F000123834021EA030352E8004F8C423C
:1006500004D142E8003CBCF1000FF6D1BFF35B8F40
:10066000E7D110BD6FF00B00FBE710B50368CB407E
:10067000DB0714D401238B400268BFF35B8F43EA8E
:10068000020150E8004F944204D140E8001CBCF144
:10069000000FF6D1BFF35B8FEED1002010BD6FF0DD
:1006A0001500FBE770B50C460021054608461646C6
:1006B000F5F7E0FB48B93378DB0003F1804303F53D
:1006C000F833C3F81055C3F8144570BD10B10128B4
:1006D00002D07047F5F7AABCF5F75ABC18B101284B
:1006E00003D100F019B800F032B8704708B5F5F73B
:1006F0006BFCBDE80840F5F7D9BC4FF08053D3F848
:100700003021082A06D1D3F8340102288CBF0020FA
:100710000120704700207047F5F700BC38B54FF056
:1007200080440223C4F808330123E3600023C4F8A3
:100730000431D4F8043142F21075D4F81834DB03D4
:1007400004D50120FFF771FF013DF6D138BDFFF759
:10075000E5BFF7B5019001A8DDE9084716461D463B
:10076000F5F7DCFC019BB6F1000C18BF4FF0010C53
:1007700000EB83000B1E18BF0123002D43EA4C033E
:100780000CBF4FF0000C4FF00C0C002C43EA0C0394
:100790000CBF4FF0000C4FF4E06C002F43EA0C0349
:1007A000D0F800270CBF4FF0000C4FF4403C43EA58
:1007B0000C0322EA030301B109780EB13678760002
:1007C00019430DB12D78AD0031430CB124782402CA
:1007D00029430FB13F783F040C433C43C0F8004726
:1007E00003B0F0BD1FB50DF10F03019300238DF889
:1007F0000F1000931A461946FFF7ABFF05B05DF8DE
:1008000004FB10B504460846F5F798FC04EB4004D9
:10081000207DC0F3401010BD10B504460846F5F722
:100820008DFC04EB4004207DC0F3400010BD10B5EA
:1008300004460846F5F782FC04EB4004A08A400B0E
:1008400010BD70B5044608461646F5F777FC08302B
:100850000D4634F81030DA0509D5C3F3432304EB11
:10086000C302314654F83330526828469847A3688B
:100870002BB1E26831462846BDE87040184770BD8C
:1008800010B504460846F5F759FC04EB4000838A8E
:10089000DA051DD5C3F3432123F4F853838204F111
:1008A000120204F1720032F8023F13F4807F03D089
:1008B000C3F3432399420BD08242F4D104EBC1032A
:1008C00000225A6004F17800BDE81040FFF7CDBE69
:1008D00010BDF0B5034600F58074002005460127E1
:1008E000844695420AD1D3F87C2132B10022C3F864
:1008F0007C21D3F87C3140F00040F0BD25F040462B
:1009000007FA06F6314209D0D4F800E0BEF1000F34
:1009100004D0C4F800C0D4F800E0304301350434FA
:10092000DFE738B504460D46FFF76BFFA8B1204658
:10093000FFF772FF88B92046FFF779FF226801238D
:100940008340C2F80833236803EB8000D0F81035E9
:1009500023F00303C0F8103538BD28460021BDE858
:100960003840FFF73FBF2DE9F043174685B00446F6
:100970000846F5F7E3FBD7F800800E460546B8F1C8
:10098000000F1ED02046FFF747FF18B12046FFF7A3
:1009900038FF20BB0023CDE900338DF80E308DF8F1
:1009A0000F300DF10F0243460DF10E013046FFF7F7
:1009B000D0FE04EB4502938A23F0020343F00103C7
:1009C00093827B689BB33146204693F80080D3F82E
:1009D0000490FFF721FF28B1B9F1000F1FD06FF08D
:1009E000150027E004EB4500838A23F4604323F0DD
:1009F00020038382B9F1000F11D0B8F1030FEED8B4
:100A00007B6821685B6893F800C04FEA8C03194447
:100A1000B8F1000F11D1C1F81085C1F8108504EBB1
:100A20004502938A23F01C0343EA88039382BB6840
:100A300043BB002005B0BDE8F083D1F8102522F0BB
:100A40000302C1F8102522681344D3F8102522F4BC
:100A50004F3222F44072C3F810253202D3F8101539
:100A600002F47C5242EA08420A43C3F8102504EB20
:100A70004C03A3F87C60838A43EA4C3343F02003A1
:100A80008382CCE7D3E9007831462046FFF7F8FEB1
:100A9000002FCED063689F4206D004F17800FFF7A4
:100AA000C6FD002804DAC5E7A3689845F5D1002003
:100AB00004EBC003C3E9017804EB4505C0B2AB8A7F
:100AC00043EA402343F48073AB82B2E72DE9F0435D
:100AD000054685B0084616461F46F5F72FFB0C461F
:100AE000804626B32846FFF797FE18B92846FFF739
:100AF00088FE18BB05EB4809B9F8143003F01C0355
:100B000013B17378012B19D001238DF80F30002316
:100B1000CDE90063721CB31C0DF10F012046FFF7F5
:100B200018FEB9F8143043F00303A9F81430002F6D
:100B30003FD021462846FFF76FFE20B96FF0150021
:100B400005B0BDE8F0833E782B6803EB86030022F6
:100B5000C3F81025C3F8102505EB48024FEA860CB0
:100B6000938A23F4604323F020039382787800B3C0
:100B70002968BF7861440004D1F8103523F4991333
:100B800023F4F853C1F81035230200F4403003F485
:100B90007C5303433805D1F8105500F4801003430B
:100BA0002B43C1F81035938A43EA463343F02003C0
:100BB00093820020C4E7C0E90312704770B5044671
:100BC0001546FFF71EFE48B10846F5F7B7FA04EBE5
:100BD00040040020A38A5B0B2B7070BD6FF01500E2
:100BE000FBE738B590F88C4005469CB96022214659
:100BF000143001F0EFFF2868C0F87C41D0F87C3158
:100C000040F30730DBF722F8012385F88C30AB671F
:100C1000204638BD6FF07700FBE790F88C00003875
:100C200018BF01207047F5F7C3BA2DE9F341044618
:100C30001746FFF7E6FD0D462668F0B12046FFF7A0
:100C4000EBFD8046C8B92046FFF7F1FD820002F5B2
:100C5000807346F80380F35823681344D3F81025B3
:100C600042F00102C3F8102527B122680123834016
:100C7000C2F8043302B0BDE8F081D6F80433002B8B
:100C8000A4BF4FF00043C6F804332846F5F756FAE0
:100C900004EB4004A38AC3F38203042B12D0052B78
:100CA00012D001A80195F5F739FA019BD0F810157B
:100CB000D94001F001010231284602B0BDE8F041FF
:100CC000FFF790BD0321F7E70221F5E7FFF729BE03
:100CD0004FF080531A695869504370474FF0805362
:100CE000186970474FF080535869704700F180438E
:100CF0001A68002A1FBF00221A601B68012008BF63
:100D0000002070474FF080434FF46072C3F8042313
:100D100070474FF080434FF46072C3F80823704768
:100D200008B5F5F7F7FBBDE80840FFF7DFBC022385
:100D3000F5F782BC0323F5F77FBC00210220F5F70D
:100D400003BF08B5F7F764FF002818BF6FF0040071
:100D500008BD08B1DBF7CEBB704710B54369044648
:100D60003BB90020E268537843F0010353704042DE
:100D700010BD98470028F4D00028B8BF4042E3686F
:100D8000FF28A8BFFF201870ECE740B1C36858786F
:100D900010F001001EBF1878B0FA80F040097047CB
:100DA000EFF31183202383F31288BFF36F8FFEE7E5
:100DB0002DE9F04F89B0DDE91268059243460546FA
:100DC000324606A80F4600F07FFCDDE90634CDE987
:100DD0000234EFF311844FF0200989F31288BFF336
:100DE0006F8F05F10C0A05F1140B059A149B394617
:100DF0002846984730B184F31188BFF36F8F09B04C
:100E0000BDE8F08F56EA0806F5D0DDE9022306A812
:100E100000F07FFCDDE906685246CDE90068214616
:100E20005846F6F76DFFEFF3118489F31288BFF38C
:100E30006F8FDAE710B400F10C04C0E9034410BC72
:100E4000F9F717BD38B50446EFF31185202383F376
:100E50001288BFF36F8FD8F703FB04F10C0000F08A
:100E600042FB30B1294604F11400BDE8384000F0DF
:100E70001FBB85F31188BFF36F8F38BD10B5426972
:100E80006AB1836842EA0301890708D10169A2FBBC
:100E9000011424B95B182CBF0121002102D36FF08B
:100EA000150005E0C1609B1A02698A4201D8002042
:100EB00010BDC2681A604269C36001319B1AF3E732
:100EC0002DE9F04105460F46EFF31188202383F307
:100ED0001288BFF36F8FC668FEB90468A0421CD0A9
:100EE000DCB1D4E9003213605A60237CA66023F0A1
:100EF00002032374C4E9006604F1180000F0A9FBA2
:100F00002046C4F88060676100F078FA414605F138
:100F10000800BDE8F04100F0CBBA3E60AB69EF607D
:100F2000013BAB6188F31188BFF36F8FBDE8F0819F
:100F300008B52024EFF3118384F31288BFF36F8F79
:100F4000FBF740F8F6E7D0E9003213605A60027C04
:100F5000002322F00202C0E900330274836070476C
:100F600013B501240094F6F795F802B010BD90F97E
:100F70000E308B4201D0F6F7E5BE002070470346E5
:100F80000020C3E90200C3E900337047D0E9003212
:100F900013605A60027C002322F00202C0E9003391
:100FA0000274836070472DE9F843904604469DF82B
:100FB00020200D46EFF31187202181F31288BFF323
:100FC0006F8F02B14568A66804F10809B14516D0D3
:100FD000AEB13046FFF7DAFF002406F1180000F04A
:100FE00038FB3046C6F88040C6F8148000F006FA98
:100FF0004846394600F05CFA2046BDE8F883A3B1C4
:101000000820F7F785FB002832D00122C0F80480C1
:101010000260016801F003015DB922680A430260C1
:10102000626820606AB960600BE0C8F80030404632
:10103000EFE72A68032A10D80160616839B9C4E96A
:101040000000002087F31188BFF36F8FD5E70A688F
:1010500002F0030202430A60E5E722F003020A43BA
:1010600002602A6802F0030240EA02032B60E8E70C
:101070006FF00B00E6E710B5044630B10268930745
:1010800003D0446809B100F0DDFB204610BD002309
:10109000C0E9003300F10803C0E90233704770B5BE
:1010A000EFF31185202383F31288BFF36F8F8468D9
:1010B00000F10806A64214D09CB12046FFF766FF57
:1010C00004F1180000F0C5FA00232046C4F880306F
:1010D000636100F093F929463046BDE8704000F0A6
:1010E000E7B985F31188BFF36F8F70BD07B5012392
:1010F000009300230A461946FFF755FF03B05DF839
:1011000004FB07B500230A4600931946FFF74BFF7F
:1011100003B05DF804FB00680021FFF7ACBF3AB1F3
:101120008A4205D3C0E90212C0E9000000207047DE
:101130006FF015007047026801238B4022EA030319
:10114000036022FA01F000F001007047704710B50B
:10115000032104460C30FFF7EEFF30B104F110001C
:1011600000F077FAB0FA80F0400910BD20B10022FB
:101170001146943000F0FFB9704770B5C368C3F3EF
:1011800040069B07044616D4856802210C30FFF701
:10119000D2FF80B1D5F88C206AB194421DD122686B
:1011A0009EB9D5F89030C5F88C209C4201D1C5F885
:1011B000902000232360E36813F01F001EBF43F05C
:1011C0000203E36040F0020070BD3260D5F8902069
:1011D000944208BFC5F89060EBE716461268DBE75B
:1011E00073B50446EFF31185202383F31288BFF310
:1011F0006F8F00230193D0E90423B3F1004F08BFA0
:10120000012A05D085F31188BFF36F8F02B070BD3E
:10121000A0F1100603210438FFF78DFF0028F1D05C
:10122000A369019301A93046F6F768FAEAE738B5F1
:1012300004460D461022002101F0CCFC656038BD4B
:1012400013B501900846EFF31184202383F312882D
:10125000BFF36F8F01A9F6F751FA84F31188BFF33A
:101260006F8F02B010BD10B5FFF7EAFF041E08DD56
:10127000EFF31180202383F31288BFF36F8FF6F70B
:10128000CDFD204610BD70B50D46EFF3118620232D
:1012900083F31288BFF36F8FF6F782FA044686F362
:1012A0001188BFF36F8F38B14FF0FF324FF0FF332B
:1012B00005F11000F6F7E0F8204670BD08B5A82249
:1012C000002101F087FC08BD38B5302204460D46E8
:1012D000002101F07FFC4FF480736560E36038BD4E
:1012E00038B50446EFF31185202383F31288BFF34A
:1012F0006F8FFFF72CFF2046FFF73FFF85F3118824
:10130000BFF36F8F38BDF8B504460D46EFF3118774
:10131000202383F31288BFF36F8FC36803F01F038A
:10132000002B14BF0126002609D0FFF710FF20462E
:10133000FFF723FF29462046F6F7C2F9034687F355
:101340001188BFF36F8F3BB14FF0FF324FF0FF3387
:1013500005F10800F6F790F83046F8BDD0E9003204
:1013600013605A60027C002322F00202C0E90033BD
:10137000027483607047EFF30580003818BF0120C6
:1013800070476FF05700704700207047D0E9003277
:1013900013605A600023C0E90033704708B5FFF7B7
:1013A000F5FF037C23F0020303740023836008BD70
:1013B00038B504460D46F6F721FC237C43F00203C2
:1013C0002374D5B1A5602B689D4209D16B68C4E92F
:1013D00000531C606C6010E06A689A42F6D01B688B
:1013E000002BF3D093F90E1094F90E209142F3DD07
:1013F0005A68C4E9003214605C6038BD10B5EFF380
:101400001184202383F31288BFF36F8FF6F7B6FBA6
:1014100084F31188BFF36F8F10BD08B5EFF311810E
:10142000202282F31288BFF36F8F83680BB1FFF71E
:10143000B5FF81F31188BFF36F8F08BD08B5037C3A
:1014400013F0280F01460CD183680BB1FFF7A6FFFC
:101450000B7C23F004030B740846BDE80840F6F744
:101460008DBB08BD10B5EFF31184202383F31288E0
:10147000BFF36F8F1838FFF7E1FF84F31188BFF3D4
:101480006F8F10BD08B50346EFF31181202282F360
:101490001288BFF36F8F0068834207D008B1FFF74F
:1014A0007DFF81F31188BFF36F8F08BD0020F8E73F
:1014B0000846F6F7DBBB38B504680546AC424FF08A
:1014C000000000D138BD002CFCD02046FFF766FF9D
:1014D00004F1180000F0BDF82046F6F74FFB2C6829
:1014E0000120A542EDE710B5EFF31184202383F32B
:1014F0001288BFF36F8FFFF7DEFF84F31188BFF30D
:101500006F8F10BD38B50C460546F6F723FDB4F1D4
:10151000FF3F08BFB5F1FF3F1FBF47F6FF73002233
:101520004FF47A71E0FB01321ABFD80B40EA424017
:101530004FF0FF3038BD38B50446EFF31185202356
:1015400083F31288BFF36F8F037C5B070ED51830CF
:1015500000F07FF8237C23F0040320462374F6F781
:101560000DFB2846BDE83840F6F780BB85F31188AF
:10157000BFF36F8F38BD38B5EFF31185202383F3A8
:101580001288BFF36F8F0468A04213D0A4B1C4F8CF
:10159000801062612046FFF701FF04F1180000F09F
:1015A00058F82046F6F7EAFA012085F31188BFF3D0
:1015B0006F8F38BD0020F8E72046F6E72DE9F047A9
:1015C00006460F4691469A46EFF31188202383F38F
:1015D0001288BFF36F8F0068864206D028B1736807
:1015E000984214BF0568002568B90024B9F1000FBE
:1015F00002D051462046C84788F31188BFF36F8F49
:101600002046BDE8F0875146B84704460028EDD192
:1016100035B17368AB4200D02C6828462546E3E715
:101620002C46FAE708B50246F6F706FE70B1D0E997
:1016300004319B1A61EBE272B3F1004F72F10001C9
:1016400004DA002AACBF1846002008BD6FF0004045
:10165000FBE738B50246EFF31185202383F31288A8
:10166000BFF36F8F0368D3B1F6F7E6FD044610466B
:10167000F6F7F4FD00224FF000438442C0E9042352
:1016800005D0002085F31188BFF36F8F38BDF6F7C2
:10169000DBFDFFF7C7FF0021F4F7B8FAF1E7D0E967
:1016A0000413B3F1004F08BF012904D100204FF00B
:1016B0000041C2E904016FF01500E3E708B5F6F751
:1016C000D5FE08BDF6F7D2BEB3F1FF3F08BFB2F1B9
:1016D000FF3F70B506461D46144614D01A4316D077
:1016E000002B08DBF6F7C2FE041941EB0501C6E941
:1016F0000041304670BD6FF001031C1B4FF0FF33FB
:1017000063EB0501F3E74FF0FF342146EFE70024D8
:10171000FBE7B3F1FF3F08BFB2F1FF3FF8B5074663
:1017200016461C4610D054EA020311D0F6F79EFE6E
:10173000B0420A46A14103460AD2F31A64EB0204FE
:10174000C7E900343846F8BD4FF0FF331C46F7E7D1
:101750000023FBE70023C0E9081200F11802C0E9EA
:101760000622C0E900330363436370472DE9F34762
:101770000446DDE90A9815460E4659B302F0010AFF
:10178000F6F724FC0746EFF31181202383F3128838
:10179000BFF36F8FA80744BF0023A360A36803EAC9
:1017A0000600BAF1000F0CD086420CD16A0744BF84
:1017B0008343A36081F31188BFF36F8F02B0BDE84C
:1017C000F0870028F2D159EA080305D181F3118886
:1017D000BFF36F8F0020F1E7C7E918652246CDE916
:1017E000009804F10C00F6F78BFA0028F2D1386E5D
:1017F000E4E710B50446D0E918020B6812F0010FB7
:1018000003EA000301D0984210D17BB1236652074E
:1018100042BF4A681A434A6004F11800FFF719FFF3
:101820000023C4F880302046FFF708FE002010BDDA
:101830000A46F6F721BF0A460021F6F71DBF5200FF
:10184000FFF794BF20B1011F50F8040CFFF7FABA5C
:10185000704700F4E040B0F5805F04D0A0F500537D
:10186000584258417047012070473AB1002918BFCB
:101870000023D21A2121184401F0ACB9704738B5C1
:1018800013464FF480420D46F7F7C2F8044640B9BC
:10189000286843681B0A04D000F0B6FC2C606FF087
:1018A0008504204638BD2DE9F04F89B09B460023C2
:1018B0008DF81B30159BDDF85080002B91460B46B0
:1018C0000E460CBF4FF400624FF4806207A9DDE9B9
:1018D00012A7F7F79DF80446F0B9079D0DF11B021A
:1018E00029883046F7F7FEF80446A8B99DF81B3062
:1018F000BB4223D868686A6E000A05F1200120D136
:10190000CDE90338CDE901BACDF800903346284639
:1019100000F0D9FC044608B1C8F80070D8F80030CF
:101920003A4621465046FFF7A0FF079800F06CFCAE
:10193000002C18BF204609B0BDE8F08F6FF0890475
:10194000EAE76FF08604E7E72DE9F341D0F8048079
:101950004769044640460E4600F058FC054660BB09
:101960005FFA88F31BB93FB16FF0860525E0013FB0
:101970006FF040439F42F7D2A06820F47F4020F0F0
:1019800003000028F0D162884FF6F8739A4218D805
:10199000277907B901A83146F7F7CEF9054660B9AE
:1019A0000FCCD6F800C066460FC694E8030086E860
:1019B000030017B9019BCCF81430284602B0BDE8EB
:1019C000F0816FF08505F8E700F6FF7240F67E7350
:1019D0009A4243D9434213F07F0306D0202BC3F130
:1019E000000015D16FF08500704710F1920F0FDAEB
:1019F00010F5994F2AD02CDC10F5C54F26D010F5E4
:101A0000C14FEFD010F5C74F23D16FF0960070474C
:101A100010F11F0F15DA10F13D0F1DD010F13C0F22
:101A200007DA10F1400F14BF6FF083006FF09300DE
:101A3000704710F1220F14BF6FF083006FF0850024
:101A40007047002818BF6FF0830070476FF0860062
:101A500070476FF0830070476FF09300704741F25A
:101A6000052398421AD8B0F5905F09D241F20103DC
:101A700098420CD0B0F5885F09D06FF085007047B0
:101A8000A0F5905080B22923C340DB07F5D511F0B3
:101A9000070F14BF6FF0860000207047B0F5105F8D
:101AA000EBD121F04003802B06D0B1F5807F14BF2D
:101AB0006FF086000020704700207047F8B504469C
:101AC0000F4600881E46154692B1FFF7C2FE78B158
:101AD000089BD10019602088FFF7C1FF044628B990
:101AE0003946304601F04FF8079B1D602046F8BD8F
:101AF0006FF08504FAE710B5436E04461BB141212F
:101B00002030F7F771FC0020606610BD38B5044640
:101B1000FFF7F1FF237E012B0FD0023B012B0FD8E3
:101B2000E369012B14BF6FF09605002568220021A0
:101B3000204601F04FF8284638BDE369002BF1E755
:101B40006FF09605F2E708B1FFF7E0BF704713B5F5
:101B5000A0B101A9F7F738F980B90198037E022BEB
:101B60000ED1032303760379FF2B0CBF6FF084049F
:101B7000002400F034FB002808BF204602B010BD4E
:101B80006FF09604F5E770B514460288049E10467F
:101B90001D46FFF75EFE68B922F4405044F201038F
:101BA000984207D002F44F42B2F5824F02D0B2F50C
:101BB000844F0ED1B4420FD82246284600F0E3FFEE
:101BC000321B0021281901F005F8059B00201C603C
:101BD00070BD6FF08500FBE76FF08900F8E72DE935
:101BE000FF4188461F46164612B300233B60012280
:101BF00003A9F6F70DFF044698B9039D6B686A6E5A
:101C00001B0A05F1200110D1CDE9006743462846A3
:101C1000FFF7B9FF0446284600F0F6FA002C08BF8B
:101C20000446204604B0BDE8F0816FF08604F2E778
:101C30006FF08904F5E770B514460288049D02F43C
:101C4000E040B0F5804F1CD122F4405644F2010030
:101C5000864207D002F44F42B2F5824F02D0B2F56D
:101C6000844F0ED1AC420FD81846224600F08BFFAD
:101C70002A1B0021204400F0ADFF059B00201C60C2
:101C800070BD6FF08500FBE76FF08900F8E7F0B5F5
:101C90000F4685B01E46154602B3002333601A4630
:101CA00003A9F6F7B5FE044690B9039803885B04D0
:101CB00011D5CDE900563B46426E00F1200100F0FF
:101CC000B1FA0446039800F09FFA002C08BF0446BE
:101CD000204605B0F0BD6FF08604F3E76FF089048D
:101CE000F6E72DE9F04F984689B00023064689466D
:101CF0000693C8F800301546002A6DD0B2F1005F97
:101D00006DD206A9FFF720FE044650B9069FD7F80A
:101D100064A0BAF1000F0FD173681B0A05D06FF0F1
:101D200086040698FFF70FFF52E0412D02D96FF0AD
:101D30008504F6E77D66AA4672687B880793120AD7
:101D400007F1200307F16407E9D10DF11C0BCDE980
:101D5000017BCDF800A02A4649463046059300F0A5
:101D6000E5FA10F1860F059B044609D1CDE9017B08
:101D7000CDF800A02A4649463046FFF79FFE0446AC
:101D8000002CCED10699079B4A88E2B94B80079A6E
:101D90004FF6F8739A42CAD83388069A13B111885D
:101DA0009942BCD1738813B151889942B7D1536914
:101DB000C8F80030137E012B08D00023C8F800308B
:101DC0006FF09604ADE79A42A9D1E0E702231376BB
:101DD000204609B0BDE8F08F6FF08604F8E76FF099
:101DE0008504F5E710B50446006858B101280AD10A
:101DF00004F10800F7F740F800232360A3886FF38D
:101E00000803A38010BD6FF08600F5E72DE9F043CD
:101E10000C4685B001689846002305461746039393
:101E2000002941D100F108094022484600F0D2FEC5
:101E3000B8F1000F20463B460CBF4FF400624FF450
:101E4000806203A9F6F7E4FD044678BB039C2A1DD3
:101E500021883846F6F746FE064660BB6B7968F384
:101E600000036B716168636E090A04F12002B8F126
:101E7000000F12D009BB00972146484600F010FA27
:101E8000044698B901232B60039800F0BDF9002E99
:101E900018BF304605B0BDE8F08371B90097214600
:101EA000484600F000FAEBE76FF088042846FFF799
:101EB00099FF2646E8E70446F8E76FF08604F5E761
:101EC0000123FFF7A3BF38B50546006898B112B9E2
:101ED0000024204638BD01280AD105F10800F7F793
:101EE00025F804460028F3D02846FFF77BFFF0E7EB
:101EF0006FF08604F8E76FF08804EAE72DE9F04117
:101F0000054600680F461646984610B36A79D20710
:101F10001FD52A79EAB1B2421ED801281FD105F196
:101F2000080000F0C3F9044618B10023C8F80060A7
:101F30002B7137B1D8F80030324621463846FFF7CA
:101F400094FC2846FFF74EFF002C18BF2046BDE842
:101F5000F0816FF08804E8E76FF08904E5E76FF03F
:101F60008604E2E71FB501240394089C0294079CB1
:101F70000194069C0094FFF796FC04B010BD036822
:101F80001943B1FA81F0400970472DE9F04786B056
:101F900005469A460023059305F0FE43B3F1106F02
:101FA000DDE90E67DDF840800846914634D12A46C7
:101FB00005A9FFF764FC044680BB0599088820F05A
:101FC000FF00B0F5E24F02D0B0F5E44F04D14B88EA
:101FD0000733B7EBD30F24D3CDE9017800965346EE
:101FE0004A462846F6F7DCFC044666B90023C8F8E2
:101FF0000030059800F008F9002C08BF0446204680
:1020000006B0BDE8F0870028F3D039463046F6F731
:10201000ABFCC8F80070ECE76FF08604002EE5D04A
:10202000F3E76FF08904F9E7F6F79EBC08B500887E
:10203000DDE90221FFF70DFC20B1BDE808401046A4
:10204000F6F792BC6FF0850008BD2DE9F04F89B01E
:102050001F46DDF848900023C9F8003006934388F6
:1020600005460E469046002B00F0B280038803F42C
:10207000E043B3F5804F00F0AB8039463046FFF7C0
:102080007EFF002800F0A48006A92846FFF75CFC2C
:102090000446002851D1069BD3F864A0BAF1000F82
:1020A00021D16B681B0A66D12A8869881046FFF720
:1020B000D0FB00283AD01046FFF7D1FC0446002898
:1020C0003BD147F201039A424ED14C080134E40857
:1020D00004EBC4043B340794DDE9063ABAF1410F3E
:1020E00029D8C3F864A06A68120A03F1200B03F12F
:1020F000640367D12A88510445D4CDE901A3CDF802
:1021000000B03B46424631462846FFF78FFF044663
:10211000002C59D1069B5A69C9F800201A7E012A61
:102120004AD0C9F800406FF0960406E002F44F432D
:10213000B3F5824F05D06FF085040698FFF703FDD5
:102140003CE002F4E043B3F5E04FF4D147F2010381
:102150009A42BAD0CC1D22F0FF02E408B2F5824FB9
:1021600004BF64000134B6E744F201039A42F1D19E
:10217000CC081034AFE707A9284600F04EF8044613
:102180000028A9D0D9E702F44F41B1F5824FB4D16C
:1021900047F212118A42B0D16A88B2F5807FACD181
:1021A000524659462846059300F01FF910F1860F54
:1021B000059B0446ACD1A0E702221A76204609B05E
:1021C000BDE8F08F6FF086040698FFF794FCB4E743
:1021D0006FF08604F2E71822002100F0FBBC0346F2
:1021E00068B1017E8A1E012A0BD80329C26903D176
:1021F000012A01D1FFF78ABC1AB1013ADA61002045
:1022000070476FF096007047FFF7E9BFC0B2002833
:1022100014BF6FF085000020704700230B606FF043
:10222000860070472DE9F34747683F0ADDE90A9ABF
:1022300004460D461646984611D1CDE9009A00F0A5
:10224000ADF810F1860F0CD14346324629462046A0
:10225000CDE90A9A02B0BDE8F047FFF7ECBC6FF099
:10226000860002B0BDE8F08773B515461C4600260F
:102270000DF107030DF106028DF80760F6F7BAFDC0
:1022800058B99DF8070004B120709DF80620294632
:1022900002B0BDE87040F7F7B3B8304602B070BD89
:1022A000009BF6F703BE009BF6F700BE38B51C4650
:1022B0000368154623B1F6F7BDFD00B9256038BDAA
:1022C0006FF08800FBE72DE9F04190B004460D4621
:1022D0001E46402200216846DDF85C80199F00F010
:1022E00079FC214633462A466846F6F7DFFD044668
:1022F00048B9B8F1000F0DD118993A466846F6F77B
:1023000099FD044678B16846F6F7B6FD204610B050
:10231000BDE8F081169942466846F6F707FE044686
:102320000028E9D0EFE71A9B1F60ECE7F8B5089F9B
:102330001E463B68144633F480720D462BD102884A
:1023400044F212118A4213D1412C03D01BB36FF017
:102350008600F8BD681C00F041FA0028F7D14FF460
:1023600080733B60069B9C420CD96FF08900F0E7BC
:1023700047F212118A420ED1202CE7D1284600F0F4
:102380003BFAEAE722462946304600F0FCFB079B71
:1023900000201C60DDE76FF08500DAE770B50446C9
:1023A000184626886488B4F5807FDDE9043513D1AA
:1023B00047F21214A6420FD1202A10D1402B11D976
:1023C000042300F8013BF6F7D7FF08B941232B603F
:1023D000BDE87040F6F7BEBD6FF0850070BD6FF0D0
:1023E0008600FBE76FF08900F8E730B5202A91B04E
:1023F000084614461D4609D16946F6F76FFF00B935
:102400002C6011B0BDE83040F6F7A4BD6FF0890034
:1024100011B030BD70B51446202CDDE90426DDE98D
:102420000603089D0CD1412E0AD11F2B0BD9013276
:10243000F6F776FF00B92C60BDE87040F6F78ABD6C
:102440006FF0860070BD6FF08900FBE740F8041B59
:102450001C22002100F0BEBBF0B500240546264634
:10246000204652F8247051F82430DB1946EB060759
:102470001B1845F8243004F1010447F10000082C32
:10248000EFD1F0BD002370B50646184652F8235030
:1024900051F82340641B65EB0505241A46F82340D8
:1024A00003F1010365F10005082BC5F10000EDD132
:1024B00070BD70B504395642041F013A1C3054F8FF
:1024C000043F51F8045F134035402B43844223609E
:1024D000F5D170BD002330B50446184654F82320CA
:1024E00051F8235001336A40082B40EA0200F5D12D
:1024F00030BD70B504460568166800200346E1FB50
:102500006653256056686568E1FB665365609668AA
:10251000A568E1FB6653A560D668E568E1FB6653F4
:10252000E56016692569E1FB6653256156696569B1
:10253000E1FB665365619669A569E1FB6653A56198
:10254000D569E269E1FB6523E261226A9B18236297
:10255000404170BD10B50438A1F120024B7F0C7FC3
:102560001B0443EA0463CC7F23438C7F043943EA92
:1025700004238A4240F8043FF0D110BD0B1F1C31E8
:1025800053F8042F120E02775A8842771A68120AFB
:1025900082771A68C2778B42A0F10400F0D17047AD
:1025A00070B588B01E460446FFF756FF3246054612
:1025B00021466846FFF766FFC0F101022A436946DB
:1025C0002046FFF776FF08B070BD2DE9F04F8BB0C5
:1025D0000D46064691460021242201A8D3F840A0CA
:1025E0001F4600F0F7FAA5F1040B1C355BF8041F39
:1025F000D9F80020019B01A802FB01334A460AFBDF
:1026000003F8FFF776FF3A460446414601A8FFF774
:1026100070FF2022044402A901A800F0C2FA5D451F
:102620000994E3D13A4601A93046FFF72BFFC0F1E8
:1026300001022243C2F101023046FFF73AFF0BB01C
:10264000BDE8F08F0B4601F120020146FFF7BDBF48
:1026500030B589B004460D4668460121FFF7F6FE05
:102660002B466A4621462046FFF7AFFF09B030BD32
:1026700038B504461546FFF7E9FE29462046BDE871
:102680003840FFF7DFBF2DE9F04389B01446064616
:1026900001226846FFF70DFF224601213046FFF771
:1026A000E7FF25682746023D04F11C094FF020088A
:1026B000EB0705D523466A4631463046FFF785FFCE
:1026C00023466A4669466846FFF77FFFB8F101086E
:1026D0004FEA5505ECD14F4502D057F8045FE5E7C6
:1026E00009B0BDE8F08330B589B0044615466846A8
:1026F0000122FFF7DEFE29466846FFF7A9FF69467B
:102700002046FFF73BFF09B030BDF0B599B0044655
:102710000D461646114668461F46F6F727FC324618
:10272000694608A8F6F722FC3A4669466846F6F775
:102730001DFC08A91E9A0846F6F718FC22466946B1
:102740006846F6F75BFC08A92A460846F6F756FCE9
:102750006A4631463046F6F709FC6A46694610A8D3
:10276000F6F704FC6A4610A96846F6F7FFFB10A9C5
:1027700022460846F6F7FAFB08AA11462046F6F765
:10278000F5FB10AA21462046F6F738FC10AA214690
:102790002046F6F733FC6A4621462046F6F72EFC23
:1027A00010A922460846F6F729FC10A908AA0846EF
:1027B000F6F7DCFB2A4669466846F6F7D7FB6A4619
:1027C00010A92846F6F71AFC19B0F0BD08B5FFF7B6
:1027D0002BFC003818BF0120404208BD00B591B065
:1027E000024608A96846F6F71DFC002818BF6FF0DE
:1027F000010011B05DF804FB10B588B001466846D1
:10280000F6F7DCFB202104466846F6F7EDFD002CC8
:102810000CBF20466FF0020008B010BD10B5044692
:1028200008B1F6F7E1FD2046BDE81040F6F7D6BD49
:102830003C22002100F0CEB910B5044600F09DF90D
:102840002046BDE81040F6F7C9BD10B54FF48C71B5
:102850000120F6F7BDFD044608B100F089F92046D5
:1028600010BDF6F783BFF6F7B7BEF7F703B838B574
:10287000054618B96FF08604204638BD0468002C60
:10288000F8D00029F6D00123F6F714FE04460028FC
:10289000F2D12B68002BEDD09B79023B022BE9D8BB
:1028A00024210120F6F794FD20B1A8631021F6F74A
:1028B0009BFDE1E76FF08C04DEE72DE9F04F0F465A
:1028C00085B016468046002879D00368002B76D064
:1028D000002974D0846B002C71D01D79206A05F01A
:1028E0001F05F8B12A1AB2421CD21030204400F061
:1028F0004AF904F110020023191DA9422CD92344DE
:102900001A1B954231D803AB00932A462346214631
:102910004046F6F7FFFDE0B9236A2062EA1A334425
:1029200017445E1B05F1FF394FF0010A0DF10C0B46
:10293000B144B9FBF5F9CA4538D34EB1206A10301D
:1029400032463946204400F01EF9236A334423629C
:10295000002005B0BDE8F08F52F8100C136843401A
:1029600042F8103C04320B46C6E71A7C19784A40FC
:1029700003F8012BC4E7FA58E0584240E2500B46F6
:10298000191D8D4204EB0302F5D2AB4210D3CDF8F2
:1029900000B023462A4621464046F6F7BBFD0028F4
:1029A000D7D1761B2F440AF1010AC4E70023E7E7D9
:1029B000F85C1178414002F8011B0133E5E76FF044
:1029C0008600C6E72DE9F04F93B006460391002834
:1029D00000F0CB800368002B00F0C780856B002DD2
:1029E00000F0C380002900F0C08006AF10213846F7
:1029F0000DF128081C790DF13809F6F7F5FC1021C6
:102A00004046F6F7F1FC10214846F6F7EDFC326837
:102A100004F01F0492B392F804A00AF01F0A0DF10B
:102A2000140BCDF800B04B46524649463046F6F7F7
:102A300071FD50B9BAF1100F07D149463846F6F783
:102A4000A9FD39464046F6F7A5FD10214846F6F7A0
:102A5000CBFC2B6AA34205F1100A11D33846CC46B1
:102A60000022111DA14265D9A2421ED21AF80210FD
:102A7000B85C414009F802100132F5E79246CEE712
:102A80004846CC46002293423ED91AF802100CF870
:102A9000011B01329442F6D8C4460022111DA14206
:102AA00037D909EB0201A2423BD348460022A5F1E7
:102AB000040C111DA14246D9A918A2424CD330469C
:102AC000CDF800B02B4622462946F6F723FD0646F0
:102AD00020B903982246294600F055F810213846BF
:102AE000F6F782FC10214046F6F77EFC0023102109
:102AF00050462B62F6F778FC10212846F6F774FC56
:102B0000304613B0BDE8F08F0CBF01210021C90190
:102B1000BDE702685CF8043B5A4040F8042B0A46C3
:102B2000BCE7087818F802C080EA0C0001F8010B35
:102B30000132B8E76A1850F8043BD2685A404CF8A2
:102B4000042B0A468DE75CF8012050F8043B5A40FC
:102B50004CF801200A46ACE719F802C0087880EA70
:102B60000C0001F8010B0132A7E76FF08606C7E7FA
:102B70004FF48C72002100F02DB818B14FF48C7115
:102B8000F6F732BC70470A44914200F1FF3300D19E
:102B9000704710B511F8014B03F8014F9142F9D17C
:102BA00010BD884210B501EB020402D984422346CD
:102BB00007D8431EA14207D011F8012B03F8012FBB
:102BC000F8E70244824200D110BD13F8011D02F85B
:102BD000011DF7E702440346934200D1704703F812
:102BE000011BF9E710B501390244904201D10020E0
:102BF00005E0037811F8014FA34201D0181B10BD66
:102C00000130F2E710B5024601448A42134603D070
:102C10001C780132002CF8D1181A10BDF0B5C3F1A0
:102C200037070446FFB203F01F031046082BE6B235
:102C300033D0102B3ED06508A40844EA817445EADD
:102C4000C1752D194FEA910242EB5102290941EA5F
:102C500002716D1842EB1212290A41EA02616D18E5
:102C600042EB1222290C41EA02416D1842EB12425A
:102C7000AD1842F10002EC0844EA4274D10804EBBA
:102C80008402A6EB4205EDB2092D0CD90134A5F161
:102C90000A0541F10001EDB212E0E40844EA417492
:102CA00006F00705C908303554EA010200F8015B57
:102CB000BCD1F0BD240944EA017406F00F050909EE
:102CC000092D84BFED19EDB2EDE7D1E9043293424D
:0C2CD0001EBF5A1C0A61187070470000FB
:082CDC008C44FD7F01000000A3
:102CE4003DC5020000000000BDC402000000000059
:102CF40000000000AC2D0500D16F040000000000AE
:102D0400117004000000000000000000E42D050024
:102D140000000000C82D0500000000001C2E050066
:102D240000000000382E050000000000002E050001
:102D34001545040000000000AD5A04000000000026
:102D4400E5A502000000000031C2020000000000FE
:102D5400430D05000000000035750400000000006C
:102D640000000000542E050000000000A82E0500FD
:102D740000000000702E0500000000008C2E0500ED
:102D8400A5D802000000000019D1020000000000D4
:102D940071DB02000000000065B0020000000000CA
:082DA4006BBD040000000000FB
:102DAC00E979050060400500AC3005000A090020F7
:102DBC00B84400200D420400000000007E7C050099
:102DCC00F44005007C300500120900206845002005
:102DDC00A1530400000000008C7C05000841050094
:102DEC007C3005001409002074450020A153040018
:102DFC0000000000BE57050048380500C83005002B
:102E0C00040900203000002025D40200000000003E
:102E1C00127A050000000000443005000C09002067
:102E2C000C4500202947040000000000B97C050077
:102E3C001C4105000C310500160900205408002027
:102E4C004957040000000000ED7B050080400500A0
:102E5C00643005000E0900202C0800209548040061
:102E6C0000000000243C050000000000A03005001C
:102E7C0006090020203600200000000000000000A1
:102E8C00C37905003C400500F83F05000809002007
:102E9C007807002061330400000000005A7C050014
:102EAC00000000004C30050010090020000000005C
:082EBC00DD4E040000000000DF
:102EC400210D05002506050000000000A9BF04002F
:102ED400382E0500B304050000000000A9BF04005B
:102EE40000000000A9BF040000000000A9BF040006
:102EF400CC030020E702050000000000A9BF040085
:102F040000000000A9BF040000000000A9BF0400E5
:102F140000000000A9BF040000000000090504002F
:102F240000000000A9BF04000C45002095470400E0
:102F340000000000A12B040000000000A9BF040051
:102F440000000000A9BF0400000000003D5B040075
:102F540000000000A9BF040000000000A9BF040095
:102F640000000000A9BF040000000000A9BF040085
:102F740000000000A9BF040000000000A9BF040075
:102F8400000000003905040000000000A9BF04008F
:102F940000000000A9BF040000000000A9BF040055
:102FA40000000000A9BF040000000000A9BF040045
:102FB40000000000A9BF040000000000A9BF040035
:102FC40000000000A9BF040000000000A9BF040025
:102FD40000000000A9BF040000000000A9BF040015
:102FE40000000000A9BF040000000000A9BF040005
:102FF40000000000A9BF0400B93A0400250605003A
:1030040000000000A9BF0400D16B040025060500E0
:1030140000000000A9BF040000000000A9BF0400D4
:1030240000000000A9BF040000000000A9BF0400C4
:1030340000000000A9BF040000000000A9BF0400B4
:08304400D546040025460400F6
:10304C000B020500315104006D500400B14E040018
:10305C00D7010500A14E0400494B0400714C04003B
:10306C00754D040019480400E900050009480400E6
:10307C00D15104003B020500490205006102050024
:10308C006D02050079020500DD5304009302050072
:04309C000000000030
:0C30A0006D8903008D870300ED8603009E
:1030AC006542040095FF0400F9FF040000000000D5
:0C30BC0031FF04000000000000000000D4
:1030C8004FD00400B1D302000000000079D0040002
:1030D8003BD004005BD40400FFD00400CFCF040031
:1030E80091D40400F5D0040000000000E7CF0400EC
:1030F8000000000000000000EFCF040015D4040019
:1031080001D0040047030500915604003903050067
:10311800590505006D03050095030500CB0305005F
:10312800DF0305000D04050021040500DF03050089
:10313800FD0305003504050043040500510405009E
:08314800830405008704050063
:10315000050000002511030006000000F9480300E7
:08316000040000007D210300C2
:1031680051910200E99002000000000000000000F8
:103178000000000000000000000000000000000047
:103188000000000000000000000000000000000037
:1031980000000000ED370300000000000000000000
:1031A800803A050008000000043705000700000009
:1031B800903705000500000078360500070000007C
:0831C8009C3405000E0000001C
:1031D0002A53050003000000AD6505000300000050
:1031E0000E6E0500030000004E59050003000000AC
:1031F000CC690500030000005877050003000000BB
:10320000283E050003000000643D050003000000A7
:10321000383C050003000000003E050003000000EC
:10322000143E05000300000055590500030000008E
:103230000E53050003000000F366050003000000C4
:10324000FF71050003000000DD62050003000000BF
:1032500054650500030000005077050003000000DE
:10326000566B05000300000016580500030000001F
:103270003959050003000000007605000300000036
:103280003D50050003000000047A05000300000023
:103290005C58050003000000747C0500030000007A
:1032A000C351050003000000D251050003000000D7
:1032B000D651050003000000D652050003000000AF
:1032C0001B4F0500030000003F57050003000000EE
:1032D0009E57050003000000A657050003000000EC
:1032E000D9790500030000009F7D05000300000060
:1032F000924F050003000000F77B0500030000006B
:103300003C59050003000000B5570500030000000C
:103310007750050003000000C77C05000300000093
:103320005278050003000000D17905000300000079
:1033300018360500B4020020C55205000100000047
:1033400036590500000000000000000031D50200E1
:10335000F1D7020000000000167105000100000016
:10336000000000006FE90400000000000000000001
:10337000F371050001000000000000005931030056
:103380000000000000000000EB71050001000000DB
:103390000000000011280300753603000000000043
:1033A000487705000100000000000000E55B030015
:1033B000A15A030000000000F9710500010000009F
:1033C00000000000552D0300792C030000000000D0
:1033D000C8610500CD610500D1610500D56105001A
:1033E000D9610500DD610500E1610500E5610500C9
:1033F000E9610500ED610500F1610500F561050079
:10340000F9610500FD610500016205000562050026
:10341000096205000001060201000000000102012E
:1034200004040404FF000000FF000000FF0000008F
:10343000FF000000FF000000FF0000000103006229
:10344000746C650000000000000000000000000037
:10345000000000000000000000000000000000006C
:10346000000000000000000000000000000000005C
:10347000000100000000000000000000000000004B
:103480000338FDD8704700000302000094080020B4
:10349000F14E0500FF4E05000D4F0500504B050095
:1034A0006DEB0400000000004C4B05000000010023
:1034B000484B05000FED040000000000A4020020AE
:1034C00000000100404B05002194020000000000B4
:1034D00000000000000001003C4B05000FED04005F
:1034E000000000009C02002000000100344B050099
:1034F0000594020000000000000000000000010030
:10350000304B05000FED0400000000009402002085
:1035100000000100284B0500E993020000000000B4
:103520000000000000000100244B05003FEB0400F8
:10353000212F03007002002000000300204B050033
:1035400097A5040000000000087E050000000100AF
:103550001C4B05000FED0400000000006802002075
:1035600000000100144B0500000000005DA50400F0
:103570006E4D002000000200104B050097A50400CE
:1035800000000000067E0500000001000C4B050055
:103590000FED0400000000006002002000000100A8
:1035A000044B05000000000083A504006D4D0020C1
:1035B00000000200080D00200001000085B9040091
:1035C00027B904000200000035BB04000000000021
:1035D000000000000000000000000000A5520500EF
:1035E000AD520500000000000000000000000000D7
:1035F000B5520500B9520500BD520500C152050083
:103600000836050030230020B5AF02004823002013
:10361000794D002001000000F5BB0400EBBB040065
:10362000B9BB0400ADBB040000000000A1BB040056
:103630000000000004000000000000000000000086
:1036400000700200A82E05000100000000700200BA
:1036500000500C00A82E05000200000000C00E0063
:1036600000800000A82E05000300000000400F00AD
:1036700000C00000A82E05007E4B05006DEB040085
:10368000000000007A4B050000000100764B0500A9
:103690000FED0400000000005C03002000000100AA
:1036A0006E4B0500CFBC040000000000F85205007E
:1036B000000001006A4B05000FED0400000000004F
:1036C0005403002000000100624B0500CFBC040041
:1036D0000000000001530500000001005E4B0500E2
:1036E0000FED0400000000004C030020000001006A
:1036F000564B0500F1B0020000000000B4080020A5
:1037000000000100AA4B05006DEB04000000000062
:10371000A64B050000000100A24B05000FED0400C0
:103720000000000074030020000001009A4B050017
:1037300037BD040000000000000000000000010090
:10374000964B05000FED0400000000006C03002004
:10375000000001008E4B050003BD040000000000C6
:1037600000000000000001008A4B05000FED04007E
:10377000000000006403002000000100824B0500EF
:103780000DB1020000000000000000000000010078
:10379000C64B05006DEB040000000000C24B0500A5
:1037A00000000100BE4B05000FED0400000000000A
:1037B000A003002000000100B64B050039B1020053
:1037C000000000000000000000000100B24B0500F6
:1037D0003FEB0400212F03007C03002000000300C6
:1037E000AE4B05002BEE040000000000CA4B0500A4
:1037F00000000100E1B40200000000000000000031
:103800000000000005BE040000000000E9BD040047
:10381000000000200000000000000B060200000075
:1038200024380500000000008F5705002600020222
:10383000000000209757050022000B1161C3020011
:103840000000000033C004008404002000000000D9
:10385000BC08002098040020000000003C3805004F
:103860006C3805004A00000000000000389200207B
:103870003C380500803805002E00000000000000E4
:10388000689700203C3805009438050002010000CC
:10389000000000003C9800200D6205002B6205002E
:1038A0004662050056620500636205006C62050011
:1038B000736205007A620500816205008962050075
:1038C0006362050091620500A3620500B86205000D
:1038D000CB6205000E030000C9EE02000F040000D9
:1038E00095EE02001A010000FDD902000504000057
:1038F00015DA0200130100007DDC02003E01000029
:10390000F5DE02000112000065D804000A1E000066
:1039100093D80400FF01000069E002003E010000AE
:1039200049E002000504000069DA02000804000012
:10393000E9E40200300300005DE402001001000031
:1039400011DB0200011200009DEB02000A1E0000C4
:103950004FD904000309000005E20200040B000037
:1039600029DC0200060A0000D1ED0200070A00006F
:10397000E1DA02000C050000ADDA0200050C0000DF
:103980000DED02003C3805009439050047000000A9
:1039900000000000589900204B6905005869050097
:1039A000786905006C690500836905009A6905005E
:1039B000AA690500136D0500BE6905003C380500C5
:1039C000CC3905000000000000000000789A0020BB
:1039D0003C380500E03905004A0000000000000006
:1039E000C89A002049DF04009BDF040000000000AB
:1039F000000000000000000035140300000000007B
:103A000000000000000000000000000002020100B1
:103A1000EBE40400040401003D1E0300060601005F
:103A20007D1D030008040100691C03000A02010057
:103A3000D3E404000C040100BBE404000E04010004
:103A4000451B030020040100B11A0300100401000B
:103A5000C1190300120201003DE404001E0004002D
:103A600041E804005202000063E404003C38050011
:103A70007C3A05004C00000000000000209C002063
:103A8000FE4B05006DEB040000000000FA4B050042
:103A900000000100F64B05000FED040000000000DF
:103AA000C005002000000100EE4B050000000000F2
:103AB000000000000000000000000000EA4B0500CC
:103AC0003FEB0400212F0300C80500200000030085
:103AD000E64B05000FED040000000000B8050020D3
:103AE00000000100DE4B0500A5EB0400713003006F
:103AF0000000000000000300DA4B05000FED040099
:103B000000000000B005002000000100D24B0500BD
:103B100085350300000000000000000000000100E7
:103B2000AD450300AFF5040001560300000000009E
:103B300000000000355203000000000000000000FB
:103B40000000000000000000000000000000000075
:103B5000C54A030006000000F1EF04000600000063
:103B6000014603001000000085460300100000001D
:103B7000A155030001000000CD4903001000000022
:103B8000ED5403000A0000003D490300100000004E
:103B90001953030007000000F5F1040010000000B5
:103BA000BFF0040001000000654303004000000076
:103BB00099F1040010000000DFF004000100000093
:103BC000456D70747920484349207061636B65745A
:103BD00000000000556E6B6E6F776E2048434920E1
:103BE00074797065202575004C4C20696E69746984
:103BF000616C697A6174696F6E206661696C656475
:103C00003A2025640000000042542043544C5220C6
:103C1000525820707269000042542043544C522084
:103C20005258000062745F6863695F636F6E7472FC
:103C30006F6C6C657200000062745F63746C725F1D
:103C40006863695F64726976657200005A657068BE
:103C50007972204F532076342E342E31000000002C
:103C60004E6F2048434920436F6D6D616E6420683C
:103C70006561646572000000496E76616C6964205C
:103C800048434920434D44207061636B6574206C48
:103C9000656E6774680000004E6F204843492041FC
:103CA000434C20686561646572000000496E76616E
:103CB0006C6964204843492041434C207061636B28
:103CC0006574206C656E677468000000496E7661EB
:103CD0006C6964204843492041434C20446174612D
:103CE000206C656E6774680054782042756666655E
:103CF00072204F766572666C6F770000496E766150
:103D00006C696420547820456E7175657565000096
:103D100068616E646C653A203078253034782C20E8
:103D20007374617475733A2025782C2074783A2066
:103D300025782C2072783A2025782E0074797065C9
:103D40003A203078253032780000000072656A65CC
:103D50006374206F70636F64653A20307825303269
:103D60007800000062745F63746C725F686369005E
:103D7000574553545F544F504449522F7A657068E9
:103D800079722F7375627379732F626C7565746FB6
:103D90006F74682F636F6E74726F6C6C65722F6CCA
:103DA0006C5F73772F756C6C5F636F6E6E2E630044
:103DB000657272203D3D2030207C7C20657272202F
:103DC0003D3D202D31323000415353455254494F2F
:103DD0004E204641494C205B25735D2040202573D1
:103DE0003A25640A0000000009706172616D313A81
:103DF00020257520706172616D323A2025750A00A8
:103E000062745F63746C725F756C6C5F636F6E6E0F
:103E10000000000062745F63746C725F756C6C5FAD
:103E200066696C746572000062745F63746C725FC3
:103E300063727970746F0000574553545F544F504C
:103E40004449522F7A65706879722F73756273795D
:103E5000732F626C7565746F6F74682F636F6E7407
:103E6000726F6C6C65722F6C6C5F73772F6E6F72F4
:103E70006469632F6C6C6C2F6C6C6C5F6164762E64
:103E800063000000300000000925733A204163748C
:103E900075616C204556454E545F4F564552484516
:103EA00041445F53544152545F5553203D20257582
:103EB0000A000000574553545F544F504449522F55
:103EC0007A65706879722F7375627379732F626C7B
:103ED0007565746F6F74682F636F6E74726F6C6C3E
:103EE00065722F6C6C5F73772F6E6F726469632FCE
:103EF0006C6C6C2F6C6C6C5F70657269706865724D
:103F0000616C2E630000000061C5030071C50300F1
:103F100081C5030091C503000000000000000000FF
:103F2000A1C5030039C60300B1C5030000000000AD
:103F300069C6030000000000C1C5030049C60300B4
:103F400000000000D1C50300B9C60300E1C50300AD
:103F500079C6030089C6030099C60300A9C60300F9
:103F6000C9C60300D9C60300F1C503000000000064
:103F70000000000000000000000000000000000041
:103F800059C6030008020B020A03050200000000E4
:103F9000000000000202000006020000040300000E
:103FA0000000090300000000010300000C030000F2
:103FB000070300000000000000000000F401FA0008
:103FC000960064004B0032001E0014007072657091
:103FD0006172655F63620000707265706172655F37
:103FE000636200000103040548400500C409002085
:103FF000000000000000000000000000E1340400A8
:104000001D330400FD3004000935040000000000E9
:104010009D30040029350400593F0400FD3204009E
:1040200000000000D13F040079390400153204007B
:10403000F5310400DBFE0400D3FE040000000000A4
:10404000030000007532040003FF040000000000BC
:10405000EBFE0400C9410400994104000000000087
:104060001543040095420400F8790500230005007B
:104070001F000500FE7905000400000000FF00009D
:104080000000000000000000000000000000000030
:104090000000000000000000000000000000000020
:1040A00000000000F40100000001010000002000F9
:1040B00085601500B840050000900240C44005002E
:1040C00001000000CC400500060000001500001DA6
:1040D0001400001F18000020160000211700002205
:1040E0001900001E20000000000001000400000074
:1040F00000FF0000FFFF000000030050CC03002081
:104100000000000001000000FFFFFFFF0000005062
:10411000CC03002000000000000000000020004050
:1041200001000000000000003C4105000000D60135
:1041300000000000E24E0020E14E00200020004080
:104140004841050001000000504105000200000048
:104150002B0000002C0600010800000003000000F6
:10416000557D0500637D0500777D0500867D050092
:10417000927D0500E42C0500EC2C05003C2D05008B
:10418000442D05009C2D0500AC2D0500A27D0500E9
:104190000001000000000000000000000A5695CE5B
:1041A0005753F2DD5CE419BAE4B84A8B25F321DDFC
:1041B0008886E8D2855D882518FF71853C14A9188A
:1041C000D430E77901B6ED5FFC95BA7510256277BA
:1041D0002B73FB79C65537A5765F9018DFBDC429D0
:1041E00062DF9CD890308478CD05F0ACD62E21F7D4
:1041F000AB20A2E5344887041D0630DC512563FC62
:10420000C2CAB9F3849E17A7ADFAE6BCFFFFFFFF51
:10421000FFFFFFFF00000000FFFFFFFFA2EE79BEDF
:10422000954C2483A66FBD499C79994659EC6B2B1C
:1042300039B245282056D9F3942DE1664FBC00EEE3
:10424000FFFFFFFFFFFFFFFFFFFFFFFF000000007A
:10425000000000000000000001000000FFFFFFFF61
:104260000300000000000000FFFFFFFFFBFFFFFF57
:10427000FEFFFFFFFFFFFFFFFDFFFFFF0400000049
:1042800001000000D52B0500C4420500020000001B
:10429000BC42050003000000B44205000400000019
:1042A000AC4205000000000000000000D37D0500C6
:1042B00010140400DF7D050010130300EB7D0500E2
:1042C00010120200020000006B280500672805009C
:1042D000632805004B28050039280500010000006F
:1042E00002000000040000000800000010000000B0
:1042F0002000000040000000800000001B000000C3
:104300003600000051F4A7507E4165531A17A4C32C
:104310003A275E963BAB6BCB1F9D45F1ACFA58AB91
:104320004BE303932030FA55AD766DF688CC769149
:10433000F5024C254FE5D7FCC52ACBD7263544805E
:10434000B562A38FDEB15A4925BA1B6745EA0E98BC
:104350005DFEC0E1C32F7502814CF0128D4697A31C
:104360006BD3F9C6038F5FE715929C95BF6D7AEB0F
:10437000955259DAD4BE832D587421D349E0692966
:104380008EC9C84475C2896AF48E797899583E6B93
:1043900027B971DDBEE14FB6F088AD17C920AC6614
:1043A0007DCE3AB463DF4A18E51A31829751336003
:1043B00062537F45B16477E0BB6BAE84FE81A01C85
:1043C000F9082B94704868588F45FD1994DE6C8766
:1043D000527BF8B7AB73D323724B02E2E31F8F57C4
:1043E0006655AB2AB2EB28072FB5C20386C57B9A68
:1043F000D33708A5302887F223BFA5B202036ABAD3
:10440000ED16825C8ACF1C2BA779B492F307F2F0E9
:104410004E69E2A165DAF4CD0605BED5D134621F3E
:10442000C4A6FE8A342E539DA2F355A0058AE1321C
:10443000A4F6EB750B83EC394060EFAA5E719F0622
:10444000BD6E10513E218AF996DD063DDD3E05AE7A
:104450004DE6BD4691548DB571C45D050406D46F1B
:10446000605015FF1998FB24D6BDE997894043CCCD
:1044700067D99E77B0E842BD07898B88E7195B381A
:1044800079C8EEDBA17C0A477C420FE9F8841EC99B
:104490000000000009808683322BED481E1170ACAD
:1044A0006C5A724EFD0EFFFB0F8538563DAED51E81
:1044B000362D39270A0FD964685CA6219B5B54D13D
:1044C00024362E3A0C0A67B19357E70FB4EE96D212
:1044D0001B9B919E80C0C54F61DC20A25A774B691F
:1044E0001C121A16E293BA0AC0A02AE53C22E04345
:1044F000121B171D0E090D0BF28BC7AD2DB6A8B9F7
:10450000141EA9C857F11985AF75074CEE99DDBB8C
:10451000A37F60FDF701269F5C72F5BC44663BC536
:104520005BFB7E348B432976CB23C6DCB6EDFC687F
:10453000B8E4F163D731DCCA426385101397224097
:1045400084C61120854A247DD2BB3DF8AEF93211D4
:10455000C729A16D1D9E2F4BDCB230F30D8652ECA6
:1045600077C1E3D02BB3166CA970B999119448FAAE
:1045700047E96422A8FC8CC4A0F03F1A567D2CD8D1
:10458000223390EF87494EC7D938D1C18CCAA2FED9
:1045900098D40B36A6F581CFA57ADE28DAB78E2619
:1045A0003FADBFA42C3A9DE45078920D6A5FCC9B3E
:1045B000547E4662F68D13C290D8B8E82E39F75E65
:1045C00082C3AFF59F5D80BE69D0937C6FD52DA966
:1045D000CF2512B3C8AC993B10187DA7E89C636E39
:1045E000DB3BBB7BCD2678096E5918F4EC9AB701FA
:1045F000834F9AA8E6956E65AAFFE67E21BCCF0898
:10460000EF15E8E6BAE79BD94A6F36CEEA9F09D4A0
:1046100029B07CD631A4B2AF2A3F2331C6A594304D
:1046200035A266C0744EBC37FC82CAA6E090D0B0FA
:1046300033A7D815F104984A41ECDAF77FCD500E34
:104640001791F62F764DD68D43EFB04DCCAA4D5431
:10465000E49604DF9ED1B5E34C6A881BC12C1FB8D9
:104660004665517F9D5EEA04018C355DFA8774735F
:10467000FB0B412EB3671D5A92DBD252E910563321
:104680006DD647139AD7618C37A10C7A59F8148EDE
:10469000EB133C89CEA927EEB761C935E11CE5EDE6
:1046A0007A47B13C9CD2DF5955F2733F1814CE794A
:1046B00073C737BF53F7CDEA5FFDAA5BDF3D6F14C9
:1046C0007844DB86CAAFF381B968C43E3824342C01
:1046D000C2A3405F161DC372BCE2250C283C498B67
:1046E000FF0D954139A80171080CB3DED8B4E49CE4
:1046F0006456C1907BCB8461D532B670486C5C74D3
:10470000D0B85742C66363A5F87C7C84EE7777996E
:10471000F67B7B8DFFF2F20DD66B6BBDDE6F6FB15A
:1047200091C5C5546030305002010103CE6767A9BE
:10473000562B2B7DE7FEFE19B5D7D7624DABABE606
:10474000EC76769A8FCACA451F82829D89C9C94074
:10475000FA7D7D87EFFAFA15B25959EB8E4747C9B2
:10476000FBF0F00B41ADADECB3D4D4675FA2A2FD7A
:1047700045AFAFEA239C9CBF53A4A4F7E4727296A2
:104780009BC0C05B75B7B7C2E1FDFD1C3D9393AE06
:104790004C26266A6C36365A7E3F3F41F5F7F702C3
:1047A00083CCCC4F6834345C51A5A5F4D1E5E53415
:1047B000F9F1F108E2717193ABD8D87362313153DA
:1047C0002A15153F0804040C95C7C75246232365D4
:1047D0009DC3C35E30181828379696A10A05050FA9
:1047E0002F9A9AB50E070709241212361B80809B58
:1047F000DFE2E23DCDEBEB264E2727697FB2B2CD5B
:10480000EA75759F1209091B1D83839E582C2C7411
:10481000341A1A2E361B1B2DDC6E6EB2B45A5AEEA9
:104820005BA0A0FBA45252F6763B3B4DB7D6D661B7
:104830007DB3B3CE5229297BDDE3E33E5E2F2F719A
:1048400013848497A65353F5B9D1D16800000000B2
:10485000C1EDED2C40202060E3FCFC1F79B1B1C814
:10486000B65B5BEDD46A6ABE8DCBCB4667BEBED964
:104870007239394B944A4ADE984C4CD4B05858E8B7
:1048800085CFCF4ABBD0D06BC5EFEF2A4FAAAAE5A0
:10489000EDFBFB16864343C59A4D4DD76633335522
:1048A000118585948A4545CFE9F9F910040202067D
:1048B000FE7F7F81A05050F0783C3C44259F9FBAFA
:1048C0004BA8A8E3A25151F35DA3A3FE804040C0D2
:1048D000058F8F8A3F9292AD219D9DBC70383848DC
:1048E000F1F5F50463BCBCDF77B6B6C1AFDADA75B3
:1048F0004221216320101030E5FFFF1AFDF3F30E73
:10490000BFD2D26D81CDCD4C180C0C1426131335AB
:10491000C3ECEC2FBE5F5FE1359797A2884444CC8F
:104920002E17173993C4C45755A7A7F2FC7E7E8271
:104930007A3D3D47C86464ACBA5D5DE73219192B16
:10494000E6737395C06060A0198181989E4F4FD126
:10495000A3DCDC7F44222266542A2A7E3B9090AB63
:104960000B8888838C4646CAC7EEEE296BB8B8D34D
:104970002814143CA7DEDE79BC5E5EE2160B0B1D2C
:10498000ADDBDB76DBE0E03B64323256743A3A4E24
:10499000140A0A1E924949DB0C06060A4824246CB4
:1049A000B85C5CE49FC2C25DBDD3D36E43ACACEFD8
:1049B000C46262A6399191A8319595A4D3E4E437F5
:1049C000F279798BD5E7E7328BC8C8436E37375910
:1049D000DA6D6DB7018D8D8CB1D5D5649C4E4ED2FC
:1049E00049A9A9E0D86C6CB4AC5656FAF3F4F407B4
:1049F000CFEAEA25CA6565AFF47A7A8E47AEAEE9AA
:104A0000100808186FBABAD5F07878884A25256F4B
:104A10005C2E2E72381C1C2457A6A6F173B4B4C7A2
:104A200097C6C651CBE8E823A1DDDD7CE874749C11
:104A30003E1F1F21964B4BDD61BDBDDC0D8B8B8670
:104A40000F8A8A85E07070907C3E3E4271B5B5C495
:104A5000CC6666AA904848D806030305F7F6F60127
:104A60001C0E0E12C26161A36A35355FAE5757F94D
:104A700069B9B9D01786869199C1C1583A1D1D27C9
:104A8000279E9EB9D9E1E138EBF8F8132B9898B33B
:104A900022111133D26969BBA9D9D970078E8E89C9
:104AA000339494A72D9B9BB63C1E1E22158787929C
:104AB000C9E9E92087CECE49AA5555FF5028287864
:104AC000A5DFDF7A038C8C8F59A1A1F80989898031
:104AD0001A0D0D1765BFBFDAD7E6E631844242C62C
:104AE000D06868B8824141C3299999B05A2D2D7771
:104AF0001E0F0F117BB0B0CBA85454FC6DBBBBD6BE
:104B00002C16163A00004C2A00004C2A00000328FC
:104B10000000082900004D2A00004D2A000003284B
:104B2000000008290000022900004D2A00004D2A3B
:104B30000000032800004B2A00004B2A0000032835
:104B400000004A2A00004A2A000003280000121828
:104B50000000002809040000502A0000502A00002C
:104B600003280000292A0000292A00000328000049
:104B7000242A0000242A0000032800000A1800004C
:104B800000280000042A0000042A00000328000076
:104B9000012A0000012A000003280000002A00006A
:104BA000002A000003280000001800000028000070
:104BB0000429000002290000192A0000192A000017
:104BC000032800000F18000000280400AD27010092
:104BD000060100002A2B00002A2B000003280000F9
:104BE000292B0000292B00000328000002290000C7
:104BF000052A0000052A0000032800000118000013
:104C000000286BFF79FF79FF7CFF00004E6F206664
:104C100072656520636F6E6E656374696F6E206F79
:104C2000626A6563742079657420666F72206368B8
:104C3000616E6E656C2025642C20726574727969D2
:104C40006E672E2E2E004164766572746973696EEC
:104C500067206661696C656420746F20737461728B
:104C60007420666F72206368616E6E656C202564C7
:104C7000202865727220256429000A3D3D3D3D3D96
:104C80003D3D3D3D3D3D3D3D3D3D3D3D3D3D3D3D54
:104C90003D3D3D3D3D3D3D3D3D3D3D3D0A00E6AD9B
:104CA000A3E59CA8E5BBA3E692ADE9A0BBE981938F
:104CB00020256420282573292E2E2E0A00E68C89B3
:104CC000E98895E5B7B2E8A7B8E799BCEFBC8CE5F1
:104CD0008887E68F9BE9A0BBE98193E4B8AD2E2ECF
:104CE0002E0A00E8A39DE7BDAEE5B7B2E696B7E7AA
:104CF000B79A2028E58E9FE59BA03A202575290AC2
:104D000000436F6E6E656374696F6E206661696CD7
:104D1000656420286572722025752900E8A39DE747
:104D2000BDAEE5B7B2E980A3E7B79A2028E9A0BBFA
:104D3000E98193202564290A002A2A2A204D756CCE
:104D400074692D4368616E6E656C20424C45204B42
:104D50006579626F617264202A2A2A0A00475049E5
:104D60004F20646576696365206E6F74207265619B
:104D70006479004750494F207365747570206661EF
:104D8000696C656420282564290062745F656E6122
:104D9000626C65206661696C656420282564290061
:104DA000E581B5E6B8ACE588B0E9968BE6A99FE663
:104DB0009982E68C89E4BD8FE68C89E98895EFBC01
:104DC0008CE8AB8BE7B9BCE7BA8CE68C89E4BD8F85
:104DD00020256420E7A792E4BBA5E6B885E999A45D
:104DE000E68980E69C89E9858DE5B08DE8B387E6A4
:104DF00096992E2E2E0A00E68C89E4BD8FE69982C4
:104E0000E99693E4B88DE8B6B3EFBC8CE58F96E6EF
:104E1000B688E6B885E999A4EFBC8CE6ADA3E5B801
:104E2000B8E9968BE6A99FE380820A00E6B885E997
:104E300099A4E4B8ADEFBC8CE8AB8BE58BBFE696EC
:104E4000B7E99BBB2E2E2E0A00666C6173685F610A
:104E50007265615F6F70656E206661696C65642064
:104E60002825642900666C6173685F617265615F03
:104E70006572617365206661696C656420282564CC
:104E80002900E8A898E686B6E5B7B2E6B885E999BC
:104E9000A4EFBC813320E7A792E5BE8CE887AAE5A2
:104EA0008B95E9878DE696B0E9968BE6A99FEFBCD6
:104EB0008CE8AB8BE694BEE9968BE68C89E9889505
:104EC0002E2E2E0A0062745F69645F6372656174DE
:104ED00065206661696C656420666F722063686135
:104EE0006E6E656C20256420286572722025642909
:104EF00000425453776974636849524B5F310042F2
:104F00005453776974636849524B5F32004254537B
:104F1000776974636849524B5F33006D61696E0055
:104F20006865617020636F7272757074696F6E204E
:104F3000286E6F7420696E207573653F2920617437
:104F4000202570006865617020636F7272757074DF
:104F5000696F6E2028627566666572206F7665726D
:104F6000666C6F773F292061742025700068656149
:104F70007020636F7272757074696F6E2028646F31
:104F800075626C6520667265653F29206174202515
:104F900070006F735F686561700028756E73696774
:104FA0006E6564292063686172202A2075736564C8
:104FB00020666F722025257020617267756D656EA1
:104FC000742E2049742773207265636F6D6D656E52
:104FD00064656420746F2063617374206974207445
:104FE0006F20766F6964202A20626563617573653E
:104FF000206974206D6179206361757365206D6926
:10500000736265686176696F7220696E206365728C
:105010007461696E20636F6E666967757261746929
:105020006F6E732E20537472696E673A2225732255
:1050300020617267756D656E743A256400636270F5
:1050400072696E74665F7061636B6167650046616B
:10505000696C656420746F207265626F6F743A20AA
:105060007370696E6E696E6720656E646C657373CC
:105070006C792E2E2E0A007379735F6765746F70DA
:1050800074004E5653206E6F7420696E69746961A6
:105090006C697A656400436F756C64206E6F742070
:1050A0006F627461696E20666C61736820706172F2
:1050B000616D657465727300556E737570706F7293
:1050C00074656420777269746520626C6F636B200D
:1050D00073697A6500536563746F722073697A65CA
:1050E00020257520746F6F206C617267652C206DB0
:1050F0006178696D756D20697320257A7500556E2C
:1051000061626C6520746F206765742070616765EB
:1051100020696E666F00496E76616C696420736504
:1051200063746F722073697A6500436F6E66696796
:1051300075726174696F6E206572726F72202D20B6
:10514000736563746F7220636F756E7400256420DD
:10515000536563746F7273206F66202564206279D3
:1051600074657300616C6C6F63207772613A2025FF
:10517000642C2025780064617461207772613A2084
:1051800025642C20257800474320446F6E65206DF0
:1051900061726B657220666F756E64004E6F20479A
:1051A0004320446F6E65206D61726B657220666F7F
:1051B000756E643A2072657374617274696E6720EB
:1051C00067630066735F6E7673006C6F6767696E06
:1051D00067006C6F67006C6F675F6D676D74004D83
:1051E0006573736167652028222573222920647204
:1051F0006F707065642062656361757365206974A2
:1052000020657863656564732073697A65206C69CD
:105210006D69746174696F6E2028257529004D656C
:1052200073736167652064726F7070656420626576
:10523000636175736520697420657863656564735F
:105240002073697A65206C696D69746174696F6E29
:105250002028257529000D0A001B5B306D00257381
:1052600020005B2530386C755D20005B2530327581
:105270003A253032753A253032752E253033752C6B
:10528000253033755D20003C25733E200025732FAB
:105290000025733A2000253032782000202020009D
:1052A0007C002563001B5B313B33316D001B5B31A0
:1052B0003B33336D006572720077726E00696E6603
:1052C00000646267006C6F675F6261636B656E6448
:1052D0005F75617274006C6F675F756172740063F3
:1052E00064635F61636D5F30006364635F61636D1E
:1052F0005F73657269616C006E7266353238343086
:10530000004D616E756661637475726572006274DA
:105310005F64697300424153204E6F74696669632C
:105320006174696F6E732025730062617300736529
:10533000742D76616C7565206661696C7572652E79
:10534000206B65793A202573206572726F7228256B
:1053500064290072302F61313A20203078253038AE
:1053600078202072312F61323A2020307825303871
:1053700078202072322F61333A202030782530385F
:10538000780072332F61343A202030782530387815
:10539000207231322F69703A2020307825303878E9
:1053A000207231342F6C723A2020307825303878D2
:1053B0000020787073723A202030782530387800D9
:1053C0004661756C74696E6720696E73747275637B
:1053D00074696F6E20616464726573732028723122
:1053E000352F7063293A2030782530387800556E93
:1053F00068616E646C6564204952516E3A20256480
:10540000002A2A2A2A2A2055534147452046415539
:105410004C54202A2A2A2A2A0020204469766973BB
:10542000696F6E206279207A65726F002020556E58
:10543000616C69676E6564206D656D6F727920615E
:1054400063636573730020204E6F20636F70726F0B
:10545000636573736F7220696E73747275637469B8
:105460006F6E73002020496C6C6567616C206C6FF7
:105470006164206F66204558435F52455455524E33
:1054800020696E746F205043002020496C6C656762
:10549000616C20757365206F6620746865204550C7
:1054A0005352002020417474656D707420746F2015
:1054B0006578656375746520756E646566696E658B
:1054C0006420696E737472756374696F6E002A2A42
:1054D0002A2A2A20425553204641554C54202A2A34
:1054E0002A2A2A002020537461636B696E67206545
:1054F00072726F72002020556E737461636B696EF7
:1055000067206572726F7200202050726563697344
:1055100065206461746120627573206572726F72B8
:105520000020204246415220416464726573733A00
:105530002030782578002020496D7072656369738A
:1055400065206461746120627573206572726F7288
:10555000002020496E737472756374696F6E2062E7
:105560007573206572726F72002020466C6F6174D3
:10557000696E672D706F696E74206C617A79207323
:105580007461746520707265736572766174696F99
:105590006E206572726F72002A2A2A2A2A204D50C4
:1055A00055204641554C54202A2A2A2A2A002020D8
:1055B000537461636B696E67206572726F72202825
:1055C000636F6E746578742061726561206D6967C0
:1055D0006874206265206E6F742076616C6964293E
:1055E0000020204461746120416363657373205619
:1055F000696F6C6174696F6E0020204D4D46415299
:1056000020416464726573733A20307825780020F5
:1056100020496E737472756374696F6E20416363A1
:105620006573732056696F6C6174696F6E005265A3
:1056300073657276656420457863657074696F6E12
:1056400020280053707572696F757320696E7465D8
:10565000727275707420284952512000535053457E
:105660004C20696E20746872656164206D6F64659A
:1056700020646F6573206E6F7420696E6469636166
:10568000746520505350002A2A2A2A2A2048415261
:1056900044204641554C54202A2A2A2A2A002020F8
:1056A000427573206661756C74206F6E2076656339
:1056B000746F72207461626C652072656164002091
:1056C000204465627567206576656E74002020460B
:1056D00061756C7420657363616C6174696F6E20B1
:1056E000287365652062656C6F77290041524348D5
:1056F0005F4558434550542077697468207265614E
:10570000736F6E2025780A002A2A2A2A2A204465E7
:10571000627567206D6F6E69746F7220657863655E
:105720007074696F6E202A2A2A2A2A002A2A2A2AB5
:105730002A20257320256429202A2A2A2A2A006D56
:105740007075004661696C656420746F20616C6CD3
:105750006F63617465206E6577204D5055207265CA
:1057600067696F6E2025750A0050617274697469EB
:105770006F6E2025753A20636F686572656E63658C
:1057800020636865636B206661696C65642E004602
:105790004C4153485F30005352414D5F30006E65BD
:1057A000745F627566006E65745F6275665F7369CB
:1057B0006D706C6500736F63007573626400626F77
:1057C0006172645F6364635F61636D5F756172746E
:1057D000007075626C69630072616E646F6D007059
:1057E00075626C69632D69640072616E646F6D2D02
:1057F000696400253032583A253032583A25303223
:10580000583A253032583A253032583A25303258F5
:1058100020282573290062745F72706100496E73DD
:10582000756666696369656E74206E756D62657212
:10583000206F6620617267756D656E7473004967CD
:105840006E6F72696E67206964656E7469746965EC
:10585000732073746F72656420696E20666C617367
:105860006800496E76616C6964206C656E67746867
:10587000204944206164647265737320696E2073EB
:10588000746F726167650062742F25732F25303243
:10589000782530327825303278253032782530320C
:1058A000782530327825752F25730062742F257383
:1058B0002F25303278253032782530327825303235
:1058C0007825303278253032782575007365747408
:1058D000696E67735F7375627379735F696E6974FC
:1058E000206661696C6564202865727220256429D0
:1058F0000062742F2573004661696C656420746FC3
:1059000020736176652049442028657272202564E1
:105910002900556E61626C6520746F207365747523
:105920007020616E206964656E74697479206164A9
:1059300064726573730062740062745F736574747B
:10594000696E6773004254204C57205751006274AF
:105950005F6275660062745F6461746100446174C3
:105960006120627566666572206F766572666C6F1F
:105970007720286C696E6B207479706520307825EB
:105980003032782900556E61626C6520746F206C2E
:105990006F6F6B20757020636F6E6E20776974680F
:1059A0002068616E646C6520257500556E61626CBF
:1059B0006520746F206C6F6F6B757020636F6E6EF7
:1059C00020666F722068616E646C652025750048E2
:1059D00061726477617265206572726F722C2068E3
:1059E0006172647761726520636F64653A20256433
:1059F00000436F756C64206E6F74207375626D69FF
:105A0000742072785F776F726B3A20256400556E50
:105A100061626C6520746F20616C6C6F636174658A
:105A20002062756666657200556E68616E646C65AD
:105A300064206576656E7420307825303278206C6D
:105A4000656E2025753A20257300657674206E7585
:105A50006D5F68616E646C657320283D2575292033
:105A6000746F6F206C617267652028257A75203EFF
:105A700020257529004E6F20636F6E6E6563746913
:105A80006F6E20666F722068616E646C652025758C
:105A9000007061636B65747320636F756E74206D45
:105AA00069736D6174636800546F6F20736D616C0E
:105AB0006C202825752062797465732920657665C8
:105AC0006E742030782530327800496E76616C69CA
:105AD0006420484349206576656E742073697A6551
:105AE000202825752900496E76616C6964204C4533
:105AF000206D657461206576656E742073697A65C2
:105B0000202825752900574553545F544F50444968
:105B1000522F7A65706879722F7375627379732F5B
:105B2000626C7565746F6F74682F686F73742F681B
:105B300063695F636F72652E63006576745F666C80
:105B40006167732026202831554C203C3C202830AA
:105B5000292900415353455254494F4E204641494B
:105B60004C205B25735D20402025733A25640A0094
:105B7000496E76616C69642062756620747970651F
:105B800020257500496E76616C6964204843492080
:105B900041434C207061636B65742073697A6520A2
:105BA000282575290041434C2064617461206C658F
:105BB0006E677468206D69736D6174636820282551
:105BC0007520213D2025752900556E61626C652088
:105BD000746F2066696E6420636F6E6E20666F72EC
:105BE0002068616E646C652025750062745F68636F
:105BF000695F6576745F6765745F666C616773285B
:105C00006864722D3E657674292026202831554C13
:105C1000203C3C202831292900556E6B6E6F776E31
:105C200020627566207479706520257500556E6850
:105C3000616E646C65642076656E646F722D73703E
:105C4000656369666963206576656E7420307825C2
:105C5000303278206C656E2025753A202573004E11
:105C60006F20636F6D6D616E642073656E74206666
:105C70006F7220636D6420636F6D706C6574652056
:105C8000307825303478004F70436F646520307869
:105C90002530347820636F6D706C6574656420699D
:105CA0006E7374656164206F6620657870656374D7
:105CB00065642030782530347800696E74657276BA
:105CC000616C20657863656564732074686520760F
:105CD000616C69642072616E67652025752075733B
:105CE000006C6174656E63792065786365656473C3
:105CF000207468652076616C69642072616E6765E6
:105D00002030782530347800737570765F74696D53
:105D1000656F757420657863656564732074686564
:105D20002076616C69642072616E67652030782529
:105D3000303478004E6F2070656E64696E67207035
:105D400065726970686572616C20636F6E6E656301
:105D500074696F6E00556E65787065637465642054
:105D60007374617475732030782530327820257310
:105D7000004661696C656420746F207365742072DD
:105D8000657175697265642073656375726974798C
:105D9000206C6576656C004E6F206368616E676588
:105DA00020746F20656E6372797074696F6E2073F2
:105DB000746174652028656E637279707420307820
:105DC000253032782900756E6B6E6F776E005B3010
:105DD0005D00484349207472616E73706F72743A4B
:105DE00020257300436F6E74726F6C6C657200498E
:105DF00064656E7469747925733A2025730049646B
:105E0000656E746974795B25645D3A20257300487A
:105E100043493A2076657273696F6E202573202896
:105E200030782530327829207265766973696F6E13
:105E3000203078253034782C206D616E7566616372
:105E4000747572657220307825303478004C4D506E
:105E50003A2076657273696F6E202573202830783A
:105E60002530327829207375627665722030782566
:105E7000303478004E6F2049442061646472657349
:105E8000732E20417070206D7573742063616C6C8B
:105E90002073657474696E67735F6C6F6164282921
:105EA00000425453776974636849524B00556E61E0
:105EB000626C6520746F2073656E6420746F20645B
:105EC00072697665722028657272202564290065E2
:105ED0007272203D3D20300009436F6E74726F6C0A
:105EE0006C657220756E726573706F6E736976651E
:105EF0002C20636F6D6D616E64206F70636F6465DD
:105F0000203078253034782074696D656F75742081
:105F100077697468206572722025640A006F706367
:105F20006F6465203078253034782073746174751F
:105F30007320307825303278202573004661696CF3
:105F4000656420746F207265616420444C45206D47
:105F500061782064617461206C656E0074785F6F95
:105F60006374657473206578636565647320746811
:105F7000652076616C69642072616E6765202575A5
:105F80000074785F74696D65206578636565647316
:105F9000207468652076616C69642072616E676543
:105FA000202575004E6F2070656E64696E672063F2
:105FB0006F6E6E20666F72207065657220257300AB
:105FC0004E6F6E2D4C452063617061626C6520637D
:105FD0006F6E74726F6C6C65722064657465637447
:105FE000656421004E756D206F6620436F6E74727C
:105FF0006F6C6C657227732041434C207061636B3A
:1060000065747320213D2041434C2062745F636FAF
:106010006E6E5F747820636F6E7465787473202879
:10602000257520213D202575290041434C204252F1
:106030002F4544522062756666657273206E6F74D8
:1060400020696E697469616C697A65640056656E71
:10605000646F722048434920657874656E73696F78
:106060006E73206E6F7420617661696C61626C651D
:1060700000485720506C6174666F726D3A2025732A
:10608000202830782530347829004857205661720E
:1060900069616E743A202573202830782530347871
:1060A00029004669726D776172653A202573202850
:1060B000307825303278292056657273696F6E20EA
:1060C00025752E2575204275696C6420257500465E
:1060D00061696C656420746F2072656164207375FA
:1060E00070706F727465642076656E646F72206381
:1060F0006F6D6D616E6473004661696C65642074D8
:106100006F207265616420737570706F727465645E
:106110002076656E646F7220666561747572657352
:106120000048434920647269766572206973206E65
:106130006F74207265616479004254205258205770
:10614000510048434920647269766572206F70651A
:106150006E206661696C65642028256429004F758E
:1061600074206F6620636F6D6D616E64206275666A
:106170006665727300556E6578706563746564203A
:10618000484F53545F4E554D5F434F4D504C45540F
:1061900045445F5041434B4554532C207374617404
:1061A00075732030782530327820257300556E6362
:1061B0006C65617265642070656E64696E672073DA
:1061C000656E745F636D6400312E306200312E3174
:1061D00000312E3200322E3000322E3100332E307C
:1061E00000342E3000342E3100342E3200352E3063
:1061F00000352E3100352E3200352E3300352E3449
:1062000000362E3000362E3100362E3200537461A7
:106210006E6461726420426C7565746F6F7468207F
:10622000636F6E74726F6C6C65720056656E646F2E
:106230007220737065636966696320636F6E747240
:106240006F6C6C6572004669726D77617265206C67
:106250006F616465720052657363756520696D6175
:106260006765007265736572766564006E524635C7
:106270003178006E5246353278006E5246353378AA
:10628000006E524635344878006E524635344C78AC
:1062900000496E74656C20436F72706F726174692F
:1062A0006F6E004E6F726469632053656D69636F32
:1062B0006E647563746F72004E58502053656D693B
:1062C000636F6E647563746F72730045737072658B
:1062D000737369662053797374656D730062745FBC
:1062E0006863695F636F726500574553545F544F2D
:1062F000504449522F7A65706879722F73756273B2
:1063000079732F626C7565746F6F74682F686F7323
:10631000742F6863695F636F6D6D6F6E2E630063CA
:106320006D6420646973616C6C6F776564004661AD
:10633000696C656420746F2064697361626C6520A8
:1063400061646472657373207265736F6C757469D0
:106350006F6E005265736F6C76696E67206C69733F
:10636000742073697A652065786365656465642E59
:1063700020537769746368696E6720746F20686F53
:1063800073742E004661696C656420746F20636CC1
:10639000656172207265736F6C7574696F6E206CC5
:1063A000697374004661696C656420746F20616470
:1063B000642049524B20746F20636F6E74726F6C4F
:1063C0006C65720053657420707269766163792020
:1063D0006D6F646520636F6D6D616E6420697320FD
:1063E0006E6F7420737570706F72746564004661AF
:1063F000696C656420746F207365742070726976AF
:10640000616379206D6F64650044697361626C69D2
:106410006E672061646472657373207265736F6C5C
:106420007574696F6E206661696C65642028657299
:106430007220256429004661696C656420746F20B0
:1064400072656D6F76652049524B2066726F6D20C4
:10645000636F6E74726F6C6C6572004F6E6C792036
:1064600072616E646F6D2073746174696320696416
:10647000656E7469747920616464726573732073E6
:106480007570706F7274656400496E76616C6964D2
:1064900020696E70757420706172616D65746572CB
:1064A00073004661696C656420746F207265616475
:1064B000207075626C696320616464726573730037
:1064C000526561642053746174696320416464722D
:1064D000657373657320636F6D6D616E64206E6F9D
:1064E0007420617661696C61626C65004661696CFB
:1064F000656420746F2072656164207374617469CF
:106500006320616464726573736573004E6F2073FA
:106510007461746963206164647265737365732068
:1065200073746F72656420696E20636F6E74726F2E
:106530006C6C65720043616E277420736574206211
:106540006F7468204944454E544954592026204EC2
:106550005250410062745F696400546F6F20626939
:1065600067206164766572746973696E672064611F
:106570007461004661696C656420746F2073746196
:106580007274206164766572746973657200466125
:10659000696C656420746F2073746F702061647619
:1065A0006572746973696E673A2025640062745F6E
:1065B000616476004661696C656420746F2067656C
:1065C0006E657261746520454343206B65792025B3
:1065D00064004661696C656420746F206578706F33
:1065E000727420454343207075626C6963206B654B
:1065F00079202564004661696C656420746F2065AC
:1066000078706F72742045434320707269766174AC
:1066100065206B6579202564004661696C6564209E
:10662000746F2064657374726F7920454343206BE7
:106630006579204944202564004661696C656420C1
:10664000746F20696D706F72742074686520707249
:106650006976617465206B657920666F72206B6561
:10666000792061677265656D656E742025640052DE
:106670006177206B65792061677265656D656E7401
:10668000206661696C6564202564004661696C65FB
:106690006420746F2064657374726F792074686508
:1066A000206B6579202564007073615F696D706F80
:1066B00072745F6B657928292072657475726E65D6
:1066C0006420737461747573202564004275737956
:1066D00020706572666F726D696E6720616E6F748F
:1066E0006865722045434448206F70657261746923
:1066F0006F6E0062745F656363004661696C656418
:1067000020726561642072656D6F746520666561D5
:10671000747572657320282564290050485920300B
:106720007825303278206E6F7420737570706F72B8
:10673000746564004661696C656420746F207365DC
:10674000742064617461206C656E202825642900C2
:10675000556E6578706563746564206669727374DC
:10676000204C32434150206672616D6500556E6564
:1067700078706563746564204C3243415020636FC8
:106780006E74696E756174696F6E004E6F7420650A
:106790006E6F7567682062756666657220737061DA
:1067A000636520666F72204C3243415020646174EF
:1067B0006100556E65787065637465642041434C73
:1067C00020666C6167732028307825303278290084
:1067D00041434C206C656E206D69736D6174636814
:1067E00020282575203E202575290028756E6B6EA2
:1067F0006F776E29006E6F207472616E73697469B1
:106800006F6E20257300496E76616C6964202825BF
:106810007529206F6C6420737461746500636F6EFA
:106820006E202570206661696C656420746F206538
:10683000737461626C6973682E205246206E6F69B2
:1068400073653F006E6F2076616C69642028257542
:1068500029207374617465207761732073657400F7
:10686000696E636F6D70617469626C652068616EDA
:10687000646C652025750054696D656F75742064BE
:1068800069736361726465642E204E6F20626C6F61
:10689000636B696E6720696E2073797377712E0060
:1068A000466174616C206572726F722028256429BC
:1068B0002E20446973636F6E6E656374696E672022
:1068C000257000466F756E642076616C6964206384
:1068D0006F6E6E656374696F6E202825702920774E
:1068E000697468206164647265737320257320691C
:1068F0006E202573207374617465200053656E6487
:10690000204C4520706172616D2075706461746502
:10691000206661696C65642028657272202564298F
:106920000053656E64206175746F204C4520706162
:1069300072616D20757064617465206661696C6553
:106940006420286572722025642900646973636F6E
:106950006E6E656374656400646973636F6E6E6503
:1069600063742D636F6D706C657465007363616E25
:106970002D6265666F72652D696E697469617469EF
:106980006E6700696E6974696174696E672D666906
:106990006C7465722D6C697374006164762D636F1D
:1069A0006E6E65637461626C65006164762D646906
:1069B000722D636F6E6E65637461626C65006469ED
:1069C00073636F6E6E656374696E670062745F6394
:1069D0006F6E6E00556E61626C6520746F20616C25
:1069E0006C6F636174652062756666657220666FA0
:1069F00072206F7020307825303278004E6F206121
:106A00007661696C61626C65204C32434150206351
:106A10006F6E7465787420666F7220636F6E6E207F
:106A2000257000457870656374696E672031207247
:106A300065662C20676F7420256400616C72656147
:106A4000647920686176652076696577206F6E20AD
:106A50002570004C32434150206C656E677468208D
:106A60006D69736D617463682028257520213D2050
:106A700025752900496E76616C6964206964656ECC
:106A8000742076616C756520696E204C32434150EC
:106A90002050445500496E76616C6964204C452055
:106AA000636F6E6E20706172616D207273702073FF
:106AB000697A652028257520213D20257A752900D1
:106AC00052656A656374696E6720756E6B6E6F7769
:106AD0006E204C324341502050445520636F646512
:106AE0002030782530327800546F6F20736D616CE0
:106AF0006C204C32434150207369676E616C696E43
:106B0000672050445500546F6F20736D616C6C208A
:106B10004C3243415020504455207265636569767C
:106B200065640049676E6F72696E672064617461A5
:106B300020666F7220756E6B6E6F776E2063686172
:106B40006E6E656C204944203078253034780063BF
:106B50006F6E6669670062745F6C326361700041DA
:106B60005454206368616E6E656C206E6F74206390
:106B70006F6E6E6563746564004572726F72207328
:106B800069676E696E6720646174610052616E208E
:106B90006F7574206F662054582062756666657242
:106BA00073206F7220636F6E74657874732E004665
:106BB00061696C656420746F207375626D697420FF
:106BC0006174745F74785F64657374726F795F77F2
:106BD0006F726B3A20256400556E61626C6520749B
:106BE0006F206372656174652065727220727370C4
:106BF0002050445500415454204D5455206578632D
:106C000065656465642C206D61782025752C20777E
:106C1000616E74656420257A7500556E61626C65DD
:106C200020746F20637265617465207273702050E8
:106C3000445500546F6F20736D616C6C2041545447
:106C40002050445520726563656976656400556E11
:106C500068616E646C65642041545420636F6465A0
:106C60002030782530327800496E76616C69642076
:106C70006C656E20257520666F7220636F646520D9
:106C800030782530327800556E61626C6520746F03
:106C90002063726561746520555549443A207369D3
:106CA0007A6520257500556E61626C6520746F20D1
:106CB00063726561746520555549443A2073697A59
:106CC00065202564004E6F20617661696C61626C9D
:106CD000652041545420636F6E7465787420666F2C
:106CE0007220636F6E6E202570004E6F206176619A
:106CF000696C61626C6520415454206368616E6EFA
:106D0000656C20666F7220636F6E6E202570004E7A
:106D10006F7420636F6E6E656374656400556E6199
:106D2000626C6520746F2066696E64204154542043
:106D30006368616E6E656C00476F742065727220C7
:106D400025642C206E6F742063616C6C696E672003
:106D5000415454206362004661696C656420746F1D
:106D60002072652D7375626D69742025733A202534
:106D700064004E6F20415454206368616E6E656CF0
:106D800020666F72204D545520257A75004E6F2075
:106D900070656E64696E6720415454207265717528
:106DA00065737400446973636F6E6E656374696EB6
:106DB00067206661696C65642028657272202564AD
:106DC00029004154542054696D656F757420666FB5
:106DD00072206465766963652025732E204469738B
:106DE000636F6E6E656374696E672E2E2E00556E2E
:106DF00061626C6520746F206372656174652072D6
:106E000065747279205044552028257529006274D4
:106E10005F61747400434D41432075706461746513
:106E2000206661696C6564202564004661696C6553
:106E30006420746F206465636F64652076616C758F
:106E400065202865727220257A6429004661696C84
:106E5000656420746F20736176652044617461629B
:106E6000617365204861736820286572722025640B
:106E700029006661696C656420746F2073746F7299
:106E80006520534320286572722025642900756EA1
:106E900061626C6520746F20736176652053433A9C
:106EA000206E6F20636667206C65667400546F6F98
:106EB000206D616E7920436C69656E742043686152
:106EC000726163746572697374696320436F6E667F
:106ED000696775726174696F6E2E20536565204312
:106EE0004F4E4649475F42545F53455454494E47BD
:106EF000535F4343435F53544F52455F4D41580ADC
:106F000000496E76616C6964206B65790066616921
:106F10006C656420746F2064656C657465205343F0
:106F2000202865727220256429004661696C6564B9
:106F300020746F2073746F726520436C69656E7482
:106F4000204665617475726573202865727220250C
:106F5000642900556E61626C6520746F20646563FE
:106F60006F646520616464726573732025730049E2
:106F70006E76616C6964206C6F63616C2069646516
:106F80006E7469747920256C7500556E61626C654C
:106F900020746F20726573746F72652053433A20BA
:106FA0006E6F20636667206C656674004E6F207399
:106FB0007061636520746F2073746F726520434342
:106FC0004320636667004E6F2073706163652074B1
:106FD0006F2073746F726520436C69656E74205303
:106FE0007570706F72746564204665617475726542
:106FF0007300556E61626C6520746F2072657374E6
:107000006F72652043463A206E6F20636667206C7E
:10701000656674004368616E67652D6177617265AE
:1070200020737461747573206E6F7420666F756E53
:107030006420696E2073657474696E67732C2064B4
:10704000656661756C74696E672070656572207322
:10705000746174757320746F206368616E67652D49
:10706000756E61776172650052656164206261636B
:107070006B20626164206368616E67652D61776172
:1070800072652076616C75653A20307825782C2001
:1070900064656661756C74696E67207065657220E1
:1070A00073746174757320746F206368616E6765B3
:1070B0002D756E617761726500556E61626C652039
:1070C000746F20696D706F727420746865206B65D1
:1070D0007920666F722041455320434D414320255E
:1070E0006400434D4143206F7065726174696F6E37
:1070F00020696E6974206661696C6564202564008E
:10710000434D41432066696E697368206661696C0E
:1071100065642025640062742F63636300466169BF
:107120006C656420746F2073746F726520434343F1
:1071300073202865727220256429005265616420DD
:107140006D6574686F64206E6F742073657400469B
:1071500061696C656420746F20726561642061747C
:1071600074726962757465202570202865727220BA
:10717000257A642900496E76616C696420726561C4
:1071800064206C656E6774683A20257A6400434316
:1071900043202570206E6F74207772697461626C71
:1071A0006500534320726573746F726520696E6465
:1071B00069636174696F6E206661696C656400461D
:1071C00061696C656420746F2073657420736563F6
:1071D000757269747920666F7220626F6E6465647F
:1071E000207065657220282564290062742F68610B
:1071F00073680062742F63660062742F73630062A9
:10720000745F6761747400556E61626C6520746FA1
:107210002066696E6420534D50206368616E6E6510
:107220006C005075626C6963206B6579206E6F74B9
:1072300020617661696C61626C65004661696C65AC
:107240006420746F2067656E6572617465204448C0
:107250004B657900556E6B6E6F776E207061697249
:10726000696E67206D6574686F6420282575290034
:1072700052656D6F7465207075626C6963206B6513
:10728000792072656A65637465640052656D6F7418
:1072900065206973207573696E6720446562756740
:1072A000205075626C6963206B6579005265636577
:1072B0006976656420696E76616C696420707562B8
:1072C0006C6963206B65790043616C63756C6174F4
:1072D00065204C544B206661696C65640043616CA9
:1072E00063756C617465206C6F63616C2044484BFE
:1072F000657920636865636B206661696C6564000D
:1073000043616C63756C6174652072656D6F746543
:107310002044484B657920636865636B206661692A
:107320006C65640043616C63756C617465205354D3
:107330004B206661696C65640043616C63756C61C8
:10734000746520636F6E6669726D206661696C6535
:1073500064004E6F20617661696C61626C652053D8
:107360004D5020636F6E7465787420666F72206371
:107370006F6E6E20257000556E61626C6520746FB3
:1073800020676574206B65797320666F72202573A2
:107390000050616972696E67206661696C65642C72
:1073A0002061757468656E74696361746564206BCF
:1073B0006579732070726573656E7400546865201A
:1073C000696E2D70726F6772657373207061697278
:1073D000696E6720686173206265656E2064656C04
:1073E000657465642100534D5020646F6573206E91
:1073F0006F7420616C6C6F772061207061697269B5
:107400006E67206661696C757265206174207468AE
:10741000697320706F696E742E204B6E6F776E20CB
:1074200069737375652E20446973636F6E6E65634F
:1074300074696E6720696E73746561642E00546FA1
:107440006F20736D616C6C20534D5020504455205B
:10745000726563656976656400534D5020636F6D96
:107460006D616E642028636F64652030782530324A
:107470007829207265636569766564206166746544
:10748000722074696D656F75740052656365697605
:10749000656420726573657276656420534D502073
:1074A000636F64652030782530327800556E6861EE
:1074B0006E646C656420534D5020636F64652030AA
:1074C000782530327800556E657870656374656430
:1074D00020534D5020636F6465203078253032781A
:1074E00000496E76616C6964206964656E746974C4
:1074F00079202573005265667573696E67206E6525
:10750000772070616972696E672E20546865206FFC
:107510006C6420626F6E64206D75737420626520E8
:10752000756E7061697265642066697273742E008D
:1075300070616972696E67206661696C6564202894
:107540007065657220726561736F6E203078257882
:1075500029004E6F206B657973207370616365201D
:10756000666F7220257300556E61626C6520746FC2
:10757000206765742072616E646F6D206279746536
:107580007300556E61626C6520746F20616C6C6F66
:107590006361746520456E637279707420496E660C
:1075A0006F2062756666657200556E61626C65205B
:1075B000746F20616C6C6F636174652043656E74D9
:1075C00072616C204964656E7420627566666572CE
:1075D00000534D502054696D656F75742028666C9A
:1075E0006167733A30782530387820616C6C6F773A
:1075F00065645F636D64733A3078253038782900AC
:1076000062745F736D70004661696C656420746FAD
:1076100020726561642076616C75652028657272E0
:1076200020257A642900556E61626C6520746F2094
:1076300066696E642064656C65746564206B657949
:107640007320666F72202573004661696C65642043
:10765000746F20616C6C6F63617465206B65797306
:1076600020666F7220257300496E76616C69642014
:107670006B6579206C656E67746820257A642021BB
:107680003D20257A750053746F726564206B6579AF
:107690007320666F7220257320646F206E6F7420D4
:1076A0006D617463682063757272656E7420636FB8
:1076B0006E66696720666C616773206F72207665FD
:1076C0007273696F6E00546865206B65797320660C
:1076D0006F722025732061726520646F776E677208
:1076E0006164656420746F20756E61757468656E81
:1076F00074696361746564206173207468657920BE
:107700006E6F206C6F6E676572206D6565742061A9
:10771000757468656E7469636174696F6E207265F3
:1077200071756972656D656E7473004661696C652B
:107730006420746F2073617665206B6579732028EF
:10774000657272202564290062742F6B657973005D
:1077500062745F6B6579730062745F6372797074D1
:107760006F004661696C656420746F20696D706F8D
:10777000727420414553206B657920256400466171
:10778000696C656420746F20636F6D70757465201B
:107790004D414320256400726573756D650053701B
:1077A0007572696F7573202573206576656E740038
:1077B00065702030782530327820616C72656164A4
:1077C0007920656E61626C656400456E64706F69F6
:1077D0006E74203078253032782076616C6964616F
:1077E00074696F6E206661696C6564006570203035
:1077F000782530327820616C726561647920646923
:107800007361626C65640065702030782530327871
:10781000206973206E6F742068616C7465647C6489
:10782000697361626C6564004661696C65642074AB
:107830006F20616C6C6F63617465206E65745F624C
:10784000756620257A642C206570203078253032CA
:1078500078007564630073687574646F776E0049AF
:107860006E697469616C697A656400556E6B6E6FE0
:10787000776E20706F776572206576656E7420254F
:107880006400507265696E6974007564635F6E723E
:107890006678004661696C656420746F2072656764
:1078A000697374657220656E64706F696E740053DD
:1078B000555350454E44207374617465206465745B
:1078C000656374656400524553554D494E472066C3
:1078D000726F6D2073757370656E640052656D6FA5
:1078E00074652077616B65757020696E6974696174
:1078F00074656400657020307825303278207175A9
:1079000065756520697320656D70747900657020F8
:10791000307825303278206F6B2C20717565756555
:1079200020697320656D707479004661696C6564C7
:1079300020746F2064697361626C6520636F6E747C
:10794000726F6C20656E64706F696E740046616959
:107950006C656420746F2073746F70204846584FB4
:1079600020256400526573657400627566666572F1
:1079700020746F6F20736D616C6C3A20723A202511
:10798000752C206C3A202575004661696C65642071
:10799000746F20656E61626C6520636F6E74726FC8
:1079A0006C20656E64706F696E74004661696C6509
:1079B0006420746F207374617274204846584F209D
:1079C00025640075736264403430303237303030B3
:1079D000007564635F6E7266006E72665F757362D7
:1079E000645F636F6D6D6F6E00636C6F636B4034CB
:1079F00030303030303030006866636C6B006C665D
:107A0000636C6B00636C6F636B5F636F6E74726F3C
:107A10006C0072616E646F6D4034303030643030B1
:107A2000300063696E73747220253032782074726E
:107A3000616E7366657220746F6F206C6F6E673A4B
:107A400020257A7500636C656172004A45444543A0
:107A5000206964205B25303278202530327820255B
:107A60003032785D20657870656374205B25303234
:107A700078202530327820253032785D005244530A
:107A800052206661696C65643A2025640052445353
:107A90005220666F722057525352206661696C659E
:107AA000643A202564005145202573206661696C85
:107AB00065643A2025640072656164206572726FA6
:107AC000723A2061646472657373206F7220736907
:107AD0007A65206578636565647320657870656391
:107AE0007465642076616C7565732E416464723AC6
:107AF000203078256C782073697A6520257A7500A6
:107B00007772697465206572726F723A206164647D
:107B100072657373206F722073697A65206578636C
:107B2000656564732065787065637465642076614B
:107B30006C7565732E416464723A203078256C78D8
:107B40002073697A6520257A7500657261736520F6
:107B50006572726F723A2061646472657373206F2C
:107B6000722073697A652065786365656473206542
:107B7000787065637465642076616C7565732E41F9
:107B80006464723A203078256C782073697A6520B5
:107B9000257A7500756E737570706F7274656420E8
:107BA0006174203078256C782073697A6520257A95
:107BB000750077616974206572726F72206174203C
:107BC0003078256C782073697A6520257A75006590
:107BD00072617365206572726F72206174203078F3
:107BE000256C782073697A6520257A7500703235A6
:107BF00071313668403000717370695F6E6F72006A
:107C0000696E76616C696420616464726573733A4D
:107C10002030782530386C783A257A7500756E6199
:107C20006C69676E656420616464726573733A2081
:107C300030782530386C783A257A75006E6F74206C
:107C4000776F72642D616C69676E65643A20307875
:107C50002530386C783A257A7500666C6173682D2A
:107C6000636F6E74726F6C6C657240343030316566
:107C700030303000666C6173685F6E7266006770EA
:107C8000696F403530303030333030006770696FA5
:107C9000403530303030303030004661696C6564DA
:107CA00020746F20616C6C6F636174652050504963
:107CB000204368616E6E656C00756172744034308B
:107CC00030303230303000756172745F6E726678B9
:107CD0005F75617274650048616C74696E672073CA
:107CE000797374656D00556E6B6E6F776E2065727B
:107CF000726F72003E3E3E205A455048595220460F
:107D00004154414C204552524F522025643A20257F
:107D100073206F6E20435055202564004661756CBA
:107D20007420647572696E6720696E74657272750D
:107D300070742068616E646C696E670A00437572C6
:107D400072656E74207468726561643A20257020D3
:107D50002825732900435055206578636570746940
:107D60006F6E00556E68616E646C656420696E7438
:107D700065727275707400537461636B206F766501
:107D800072666C6F77004B65726E656C206F6F70FA
:107D900073004B65726E656C2070616E6963006F75
:107DA0007300737973776F726B71002A2A2A2042ED
:107DB0006F6F74696E67205A6570687972204F53CF
:107DC000206275696C642076342E342E31202A2A84
:107DD0002A0A004145532D3235362D454342004194
:107DE00045532D3139322D454342004145532D3104
:107DF00032382D45434200286E756C6C29002A6686
:107E00006C6F61742A00010201010000000205018B
:107E10000906A1018501050719E029E715002501DB
:107E20007501950881029501750881019505750117
:107E3000050819012905910295017503910195061F
:107E40007508150025650507190029658100C02002
:107E50006D657373616765732064726F70706564BC
:107E6000202D2D2D0D0A1B5B306D001B5B313B332C
:107E7000316D2D2D2D2000465320436F6E666967AE
:107E800075726174696F6E004344432041434D2015
:107E900073657269616C206261636B656E64005A20
:107EA00065706879722050726F6A65637400303152
:107EB0003233343536373839414243444546000081
:107EC000FFFFFFFFFFFF00000000000000FFFFFFBB
:107ED000FFFFFF0000000000003031323334353640
:107EE0003738396162636465660000000000000095
:107EF0001000800000805F9B34FB01040002000042
:107F0000000200000000000000050000000000006A
:107F10000000000000000000000500090909090137
:107F200002090909090909090909090907090909CA
:107F300009090609090909090909090909090909B4
:107F400009090905E69D350E480103CCDBFDF4ACBB
:107F50001191F4EFB9A5F9E9A7832C5E2CBE97F235
:107F6000D203B0208BD28915D08E1C742430ED8FB3
:107F7000C24563765C15525ABF9A32636DEB2A652F
:107F8000499C80DC6174745F74785F64657374729B
:107F90006F795F776F726B5F68616E646C6572009A
:107FA0000005061F1F2918120308020305080A000E
:107FB0000801030401050405090607010106060876
:107FC00000000100010003010003020201000200A1
:107FD0000000000002030100030000010001000096
:107FE0000100010202010002000000000002020183
:107FF00000046C888391AAF5A53860370BDB5A60C2
:1080000083BE00070E091C1B1215383F363124238E
:108010002A2D00010203040506070020303030300D
:108020003030303030303030303000011014140037
:10803000001C2030401C2000001C20304052096AE7
:10804000D53036A538BF40A39E81F3D7FB7CE339FA
:10805000829B2FFF87348E4344C4DEE9CB547B944C
:1080600032A6C2233DEE4C950B42FAC34E082EA118
:108070006628D924B2765BA2496D8BD12572F8F6B9
:108080006486689816D4A45CCC5D65B6926C704822
:1080900050FDEDB9DA5E154657A78D9D8490D8AB9B
:1080A000008CBCD30AF7E45805B8B34506D02C1EA3
:1080B0008FCA3F0F02C1AFBD0301138A6B3A911102
:1080C000414F67DCEA97F2CFCEF0B4E67396AC741A
:1080D00022E7AD3585E2F937E81C75DF6E47F11A06
:1080E000711D29C5896FB7620EAA18BE1BFC563ECA
:1080F0004BC6D279209ADBC0FE78CD5AF41FDDA89A
:10810000338807C731B11210592780EC5F60517F67
:10811000A919B54A0D2DE57A9F93C99CEFA0E03BC4
:108120004DAE2AF5B0C8EBBB3C83539961172B04C5
:108130007EBA77D626E169146355210C7D637C777E
:108140007BF26B6FC53001672BFED7AB76CA82C955
:108150007DFA5947F0ADD4A2AF9CA472C0B7FD938D
:1081600026363FF7CC34A5E5F171D8311504C72385
:10817000C31896059A071280E2EB27B27509832C83
:108180001A1B6E5AA0523BD6B329E32F8453D10059
:10819000ED20FCB15B6ACBBE394A4C58CFD0EFAA78
:1081A000FB434D338545F9027F503C9FA851A340C6
:1081B0008F929D38F5BCB6DA2110FFF3D2CD0C13A7
:1081C000EC5F974417C4A77E3D645D197360814FCF
:1081D000DC222A908846EEB814DE5E0BDBE0323AF1
:1081E0000A4906245CC2D3AC629195E479E7C837AA
:1081F0006D8DD54EA96C56F4EA657AAE08BA78252D
:108200002E1CA6B4C6E8DD741F4BBD8B8A703EB52C
:10821000664803F60E613557B986C11D9EE1F89890
:108220001169D98E949B1E87E9CE5528DF8CA189D0
:108230000DBFE6426841992D0FB054BB16000000F7
:108240000000000019D20200000000000001000040
:10825000000000000000000000000000000000001E
:10826000000000000000000000000000000000000E
:10827000002E050000C20100000008000000000000
:1082800000000000000000000000000000000000EE
:1082900000000000000000000000000000000000DE
:1082A0000000000070040020000000005C040020BA
:1082B00000000000000000000000000000000000BE
:1082C00000000000000000000000000000000000AE
:1082D000000000000000000000000000000000009E
:1082E000000000000000000000000000000000008E
:1082F000000000000000000000000000BC000020A2
:10830000BC00002000000000010000000000000090
:10831000000000000000000000000000000000005D
:10832000000000000000000000000000000000004D
:10833000000000000000000000000000000000003D
:10834000000000000000000000000000000000002D
:10835000000000000000000000000000000000001D
:10836000000000000000000000000000000000000D
:1083700000000000000000000000000000000000FD
:1083800000000000000000000000000000000000ED
:1083900000000000000000000000000000000000DD
:1083A00000000000000000000000000000000000CD
:1083B00000000000000000000000000000000000BD
:1083C00000000000000000000000000000000000AD
:1083D000000000000000000000000000000000009D
:1083E000000000000000000000000000000000008D
:1083F00019EC020000000000000000000000000076
:10840000000000000000000000000000000000006C
:10841000000000000000000000000000000000005C
:10842000000000000000000000000000000000004C
:10843000000000000000000000000000000000003C
:10844000000000000000000000000000000000002C
:10845000000000000000000000000000000000001C
:10846000000000000000000000000000000000000C
:1084700000000000702E05001F000000000000003A
:10848000FFFFFFFFFF1F0000010100009808002010
:10849000190200009608002009000000484D002045
:1084A000084B050000000400184B050000000C00FC
:1084B00000000000000000000000000000000000BC
:1084C0000000000000000000D9930200000000003E
:1084D000000000002C4B050000001200384B050086
:1084E00000000200444B05000000020091A90400B6
:1084F00047B90400003605000000000038360500CA
:108500000000000099080020D402002000000000B4
:108510000000000000000000000000000004010056
:1085200000000000777E050022030000000000002C
:108530000000000000030300000000000000000035
:108540000003000000000000000000000002010025
:1085500000000000887E05002E03000000000000DF
:108560000000000000010100000000009F7E0500E7
:108570001E030000000000000000000000000000DA
:1085800000000000544B0500040300005A4B050096
:1085900000000200664B050000000200724B05005F
:1085A00000000200864B050000000200924B05000F
:1085B000000002009E4B05000000020000000000C9
:1085C00000000000000000000000000000000000AB
:1085D0000000000061B10200000000000000000087
:1085E000BA4B0500000012000000000029C0040082
:1085F0000000000000000000B8030020B8030020C5
:1086000000000000000000000E00000000600040BC
:10861000000000000000000000000000000000005A
:10862000000000000000000000000000000000004A
:10863000000000000000000000000000000000003A
:10864000000000000000000000000000000000002A
:10865000000000000000000000000000000000001A
:10866000000000000000000000000000000000000A
:1086700000000000000000000000000000000000FA
:1086800000000000000000000000000000000000EA
:1086900000000000000000000000000058A40020BE
:1086A00000000000000000000000000000040000C6
:1086B00058A800200000000000000000000000009A
:1086C00000040000DF52050000000000C404002088
:1086D00000000000002E0500BC080020C408002097
:1086E000CD080020D2080020D7080020DB08002099
:1086F000E0080020E7080020F0080020F70800202C
:10870000FE0800200000000079CF04000DD3020015
:108710006DD30200F3D104001BD0040021D104006A
:1087200000000000DBD4040009D10400A3D0040041
:10873000000000007BCF040000000000D5D602003E
:1087400000000000000000000000000045EF0200F3
:1087500000000000000000000000000015DF020023
:108760000000000000000000000000006DFE02009C
:108770000000000000000000000000002DFD0200CD
:108780000000000000000000000000006907030076
:10879000000000000000000000000000990203003B
:1087A0000000000000000000DD160300ED250300BE
:1087B00039270300000000000000000099180300A2
:1087C00031E70400FBE70400BD16030000000000D1
:1087D00000000000F1220300000000000000000083
:1087E0007DED04000000000000000000000000001B
:1087F000D64B050000000200E24B050000000A0015
:10880000F24B050000002000000000000000000006
:108810000000000000000000000000000000000058
:108820000000000009EC040000000000EC0500203E
:10883000EC05002000000000000000000E00000019
:108840000006002000060020B151030000000000D7
:1088500000000000D82A002000000000A5860300C8
:1088600000000000E02A002000000000C57A03009C
:1088700000000000E82A002000000000D9090400E0
:1088800000000000F02A002000000000D9090400C8
:1088900000000000F82A002000000000ED7703002F
:1088A00000000000483600200000000055130400BE
:1088B000000000005036002000000000D90904002C
:1088C000000000005836002000000000A19E0300B8
:1088D00000000000D83600200000000075A603004C
:1088E00000000000E036002000000000D90904006C
:1088F00000000000E83600200000000025A803006A
:1089000000000000F03600200000000039B1030034
:10891000000000005438002000000000F43800205F
:1089200000000000D43A002000000000343C002089
:1089300000000000711E040000000000B83D00208F
:1089400000000000FD06040000000000D83D0020EB
:1089500000000000D909040000000000EC410020E4
:1089600000000000456B030000000000E44100200F
:1089700000000000456B030000000000DC41002007
:10898000000000007167030000000000D4410020D7
:1089900000000000456B030000000000CC410020F7
:1089A000000000007167030000000000C4410020C7
:1089B00000000000456B0300000000000000000004
:1089C00000000000000000000000000000000000A7
:1089D0000000000000000000000000000000000097
:1089E0000000000000000000000000000000000087
:1089F0000000000000000000000000000000000077
:108A00000000000000000000000000000000000066
:108A10000000000000000000000000000000000056
:108A20000000000000000000000000000000000046
:108A3000000000000000000000000000FC07002013
:108A4000FC07002000000000000000000E000000F5
:108A50000000000000000000000000000000000016
:108A60000000000000000000000000002C080020B2
:108A70002C08002001000000010000003C0800203C
:108A80003C08002000000000010000000000000081
:108A9000000000006408002000000000000000004A
:108AA000000000000000000000000000E34E002075
:108AB00020000000000000000090D003FF00000034
:108AC000900200008408002084080020A9C202004F
:108AD000C5C202001218C10306090200000001000D
:108AE000807D12010002EF020140E32F0400040424
:108AF000000000000100000000010064080B0002FB
:108B00000202000009040000010202000005240026
:108B100010010524010001042402020524060001BD
:108B20000705810310000A09040100020A00000081
:108B30000705820240000007050102400000000016
:018B40000133
:108B41000000000000000000000000000000000024
:078B5100000000000000001D
:108B5800000000000000000000000000000000000D
:108B680000000000000000000000000000000000FD
:108B780000000000000000000000000000000000ED
:088B88000000000000000000E5
:048B900000000000E1
:108B940054090020540900207C9D0020000000009E
:108BA4000200000024000000000000007009002002
:108BB4007009002000900020000000000200000066
:108BC400A0000000000000008C0900208C09002097
:108BD400C49D002000000000030000001C000000F1
:108BE40000000000A8090020A8090020B891002076
:108BF4000000000008000000100000000000000059
:108C040000000000189E0020000400000000000086
:048C1400000000005C
:108C1800D8090020D809002000000000000000004A
:048C28000E0000003A
:108C2C00EC090020EC0900200C0000000A000000F8
:108C3C0040910020B89100204091002040910020EC
:088C4C00000000000000000020
:108C5400140A0020140A0020010000000100000092
:108C6400240A0020240A0020000000000100000063
:108C7400340A0020340A002000000000FFFFFFFF38
:0C8C8400440A0020440A00200000000008
:108C90000000000000000000580A0020580A0020D0
:088CA000600A0020600A0020B8
:108CA8000000000000000000700A0020700A002088
:108CB800030003001000000000000000D039050088
:108CC800A89B00200000000000000000940A00207B
:108CD800940A002003000300100000005916030046
:108CE8006C3A0500049D0020000000000000000010
:108CF800B80A0020B80A00200300030000000000A2
:108D08000000000070380500F49700200000000003
:108D180000000000DC0A0020DC0A0020020002003B
:108D280010000000AD010300BC390500789A00204E
:108D38000000000000000000000B0020000B0020D5
:108D48000300030000000000000000008439050053
:108D5800309A00200000000000000000240B0020D2
:108D6800240B00200D000D00040000005DD9020056
:108D78005C380500FC9500200000000000000000A1
:108D8800480B0020480B00200100010000000000F3
:108D98000000000084380500409900200000000011
:108DA800000000006C0B00206C0B0020100010006D
:108DB8000A000000AFF70400E83F050018A20020F1
:108DC800E95205000000000000000000000000005B
:108DD80000000000000000008C2E050000000000CC
:108DE800000000000000000000000000000000007B
:108DF800000000000000000000000000000000006B
:108E0800000000000000000000000000000000005A
:108E1800000000000000000000000000000000004A
:108E2800000000000000000000000000000000003A
:0C8E3800A2080020000000000000000064
:108E44000000000084040020000000000000000076
:088E5400000000000000000016
:048E5C0015E015E028
:040000032000BBF12D
:00000001FF
